{
  "metadata": {
    "numPlayers": 40
  },
  "teamStats": [
    {
      "playerOne": 0,
      "playerTwo": 1,
      "winPercentage": 86.242
    },
    {
      "playerOne": 0,
      "playerTwo": 2,
      "winPercentage": 78.371
    },
    {
      "playerOne": 0,
      "playerTwo": 3,
      "winPercentage": 82.379
    },
    {
      "playerOne": 0,
      "playerTwo": 4,
      "winPercentage": 23.917
    },
    {
      "playerOne": 0,
      "playerTwo": 5,
      "winPercentage": 14.843
    },
    {
      "playerOne": 0,
      "playerTwo": 6,
      "winPercentage": 54.211
    },
    {
      "playerOne": 0,
      "playerTwo": 7,
      "winPercentage": 95.789
    },
    {
      "playerOne": 0,
      "playerTwo": 8,
      "winPercentage": 49.157
    },
    {
      "playerOne": 0,
      "playerTwo": 9,
      "winPercentage": 16.564
    },
    {
      "playerOne": 0,
      "playerTwo": 10,
      "winPercentage": 91.071
    },
    {
      "playerOne": 0,
      "playerTwo": 11,
      "winPercentage": 17.568
    },
    {
      "playerOne": 0,
      "playerTwo": 12,
      "winPercentage": 77.128
    },
    {
      "playerOne": 0,
      "playerTwo": 13,
      "winPercentage": 93.32
    },
    {
      "playerOne": 0,
      "playerTwo": 14,
      "winPercentage": 97.978
    },
    {
      "playerOne": 0,
      "playerTwo": 15,
      "winPercentage": 84.154
    },
    {
      "playerOne": 0,
      "playerTwo": 16,
      "winPercentage": 38.615
    },
    {
      "playerOne": 0,
      "playerTwo": 17,
      "winPercentage": 82.501
    },
    {
      "playerOne": 0,
      "playerTwo": 18,
      "winPercentage": 31.751
    },
    {
      "playerOne": 0,
      "playerTwo": 19,
      "winPercentage": 0.017
    },
    {
      "playerOne": 0,
      "playerTwo": 20,
      "winPercentage": 22.866
    },
    {
      "playerOne": 0,
      "playerTwo": 21,
      "winPercentage": 97.282
    },
    {
      "playerOne": 0,
      "playerTwo": 22,
      "winPercentage": 94.846
    },
    {
      "playerOne": 0,
      "playerTwo": 23,
      "winPercentage": 84.373
    },
    {
      "playerOne": 0,
      "playerTwo": 24,
      "winPercentage": 60.957
    },
    {
      "playerOne": 0,
      "playerTwo": 25,
      "winPercentage": 64.679
    },
    {
      "playerOne": 0,
      "playerTwo": 26,
      "winPercentage": 84.752
    },
    {
      "playerOne": 0,
      "playerTwo": 27,
      "winPercentage": 8.602
    },
    {
      "playerOne": 0,
      "playerTwo": 28,
      "winPercentage": 66.908
    },
    {
      "playerOne": 0,
      "playerTwo": 29,
      "winPercentage": 69.76
    },
    {
      "playerOne": 0,
      "playerTwo": 30,
      "winPercentage": 10.339
    },
    {
      "playerOne": 0,
      "playerTwo": 31,
      "winPercentage": 1.429
    },
    {
      "playerOne": 0,
      "playerTwo": 32,
      "winPercentage": 62.294
    },
    {
      "playerOne": 0,
      "playerTwo": 33,
      "winPercentage": 8.869
    },
    {
      "playerOne": 0,
      "playerTwo": 34,
      "winPercentage": 69.137
    },
    {
      "playerOne": 0,
      "playerTwo": 35,
      "winPercentage": 95.831
    },
    {
      "playerOne": 0,
      "playerTwo": 36,
      "winPercentage": 9.297
    },
    {
      "playerOne": 0,
      "playerTwo": 37,
      "winPercentage": 15.492
    },
    {
      "playerOne": 0,
      "playerTwo": 38,
      "winPercentage": 85.524
    },
    {
      "playerOne": 0,
      "playerTwo": 39,
      "winPercentage": 71.499
    },
    {
      "playerOne": 1,
      "playerTwo": 2,
      "winPercentage": 56.12
    },
    {
      "playerOne": 1,
      "playerTwo": 3,
      "winPercentage": 81.614
    },
    {
      "playerOne": 1,
      "playerTwo": 4,
      "winPercentage": 63.498
    },
    {
      "playerOne": 1,
      "playerTwo": 5,
      "winPercentage": 98.907
    },
    {
      "playerOne": 1,
      "playerTwo": 6,
      "winPercentage": 43.512
    },
    {
      "playerOne": 1,
      "playerTwo": 7,
      "winPercentage": 93.855
    },
    {
      "playerOne": 1,
      "playerTwo": 8,
      "winPercentage": 52.147
    },
    {
      "playerOne": 1,
      "playerTwo": 9,
      "winPercentage": 76.12
    },
    {
      "playerOne": 1,
      "playerTwo": 10,
      "winPercentage": 98.495
    },
    {
      "playerOne": 1,
      "playerTwo": 11,
      "winPercentage": 6.092
    },
    {
      "playerOne": 1,
      "playerTwo": 12,
      "winPercentage": 34.451
    },
    {
      "playerOne": 1,
      "playerTwo": 13,
      "winPercentage": 7.853
    },
    {
      "playerOne": 1,
      "playerTwo": 14,
      "winPercentage": 45.833
    },
    {
      "playerOne": 1,
      "playerTwo": 15,
      "winPercentage": 22.709
    },
    {
      "playerOne": 1,
      "playerTwo": 16,
      "winPercentage": 7.964
    },
    {
      "playerOne": 1,
      "playerTwo": 17,
      "winPercentage": 76.326
    },
    {
      "playerOne": 1,
      "playerTwo": 18,
      "winPercentage": 83.471
    },
    {
      "playerOne": 1,
      "playerTwo": 19,
      "winPercentage": 9.854
    },
    {
      "playerOne": 1,
      "playerTwo": 20,
      "winPercentage": 16.237
    },
    {
      "playerOne": 1,
      "playerTwo": 21,
      "winPercentage": 15.753
    },
    {
      "playerOne": 1,
      "playerTwo": 22,
      "winPercentage": 54.048
    },
    {
      "playerOne": 1,
      "playerTwo": 23,
      "winPercentage": 72.297
    },
    {
      "playerOne": 1,
      "playerTwo": 24,
      "winPercentage": 58.109
    },
    {
      "playerOne": 1,
      "playerTwo": 25,
      "winPercentage": 64.769
    },
    {
      "playerOne": 1,
      "playerTwo": 26,
      "winPercentage": 57.759
    },
    {
      "playerOne": 1,
      "playerTwo": 27,
      "winPercentage": 35.944
    },
    {
      "playerOne": 1,
      "playerTwo": 28,
      "winPercentage": 86.666
    },
    {
      "playerOne": 1,
      "playerTwo": 29,
      "winPercentage": 0.663
    },
    {
      "playerOne": 1,
      "playerTwo": 30,
      "winPercentage": 75.615
    },
    {
      "playerOne": 1,
      "playerTwo": 31,
      "winPercentage": 55.809
    },
    {
      "playerOne": 1,
      "playerTwo": 32,
      "winPercentage": 35.02
    },
    {
      "playerOne": 1,
      "playerTwo": 33,
      "winPercentage": 29.366
    },
    {
      "playerOne": 1,
      "playerTwo": 34,
      "winPercentage": 96.822
    },
    {
      "playerOne": 1,
      "playerTwo": 35,
      "winPercentage": 96.43
    },
    {
      "playerOne": 1,
      "playerTwo": 36,
      "winPercentage": 58.173
    },
    {
      "playerOne": 1,
      "playerTwo": 37,
      "winPercentage": 47.168
    },
    {
      "playerOne": 1,
      "playerTwo": 38,
      "winPercentage": 62.873
    },
    {
      "playerOne": 1,
      "playerTwo": 39,
      "winPercentage": 76.443
    },
    {
      "playerOne": 2,
      "playerTwo": 3,
      "winPercentage": 94.545
    },
    {
      "playerOne": 2,
      "playerTwo": 4,
      "winPercentage": 2.875
    },
    {
      "playerOne": 2,
      "playerTwo": 5,
      "winPercentage": 32.97
    },
    {
      "playerOne": 2,
      "playerTwo": 6,
      "winPercentage": 31.509
    },
    {
      "playerOne": 2,
      "playerTwo": 7,
      "winPercentage": 13.388
    },
    {
      "playerOne": 2,
      "playerTwo": 8,
      "winPercentage": 37.553
    },
    {
      "playerOne": 2,
      "playerTwo": 9,
      "winPercentage": 86.248
    },
    {
      "playerOne": 2,
      "playerTwo": 10,
      "winPercentage": 96.088
    },
    {
      "playerOne": 2,
      "playerTwo": 11,
      "winPercentage": 62.262
    },
    {
      "playerOne": 2,
      "playerTwo": 12,
      "winPercentage": 22.884
    },
    {
      "playerOne": 2,
      "playerTwo": 13,
      "winPercentage": 85.267
    },
    {
      "playerOne": 2,
      "playerTwo": 14,
      "winPercentage": 98.412
    },
    {
      "playerOne": 2,
      "playerTwo": 15,
      "winPercentage": 39.809
    },
    {
      "playerOne": 2,
      "playerTwo": 16,
      "winPercentage": 30.209
    },
    {
      "playerOne": 2,
      "playerTwo": 17,
      "winPercentage": 87.662
    },
    {
      "playerOne": 2,
      "playerTwo": 18,
      "winPercentage": 71.66
    },
    {
      "playerOne": 2,
      "playerTwo": 19,
      "winPercentage": 88.915
    },
    {
      "playerOne": 2,
      "playerTwo": 20,
      "winPercentage": 44.076
    },
    {
      "playerOne": 2,
      "playerTwo": 21,
      "winPercentage": 91.082
    },
    {
      "playerOne": 2,
      "playerTwo": 22,
      "winPercentage": 16.682
    },
    {
      "playerOne": 2,
      "playerTwo": 23,
      "winPercentage": 22.554
    },
    {
      "playerOne": 2,
      "playerTwo": 24,
      "winPercentage": 54.761
    },
    {
      "playerOne": 2,
      "playerTwo": 25,
      "winPercentage": 17.505
    },
    {
      "playerOne": 2,
      "playerTwo": 26,
      "winPercentage": 31.867
    },
    {
      "playerOne": 2,
      "playerTwo": 27,
      "winPercentage": 80.536
    },
    {
      "playerOne": 2,
      "playerTwo": 28,
      "winPercentage": 66.608
    },
    {
      "playerOne": 2,
      "playerTwo": 29,
      "winPercentage": 2.635
    },
    {
      "playerOne": 2,
      "playerTwo": 30,
      "winPercentage": 19.083
    },
    {
      "playerOne": 2,
      "playerTwo": 31,
      "winPercentage": 49.586
    },
    {
      "playerOne": 2,
      "playerTwo": 32,
      "winPercentage": 81.869
    },
    {
      "playerOne": 2,
      "playerTwo": 33,
      "winPercentage": 22.668
    },
    {
      "playerOne": 2,
      "playerTwo": 34,
      "winPercentage": 38.716
    },
    {
      "playerOne": 2,
      "playerTwo": 35,
      "winPercentage": 48.583
    },
    {
      "playerOne": 2,
      "playerTwo": 36,
      "winPercentage": 36.497
    },
    {
      "playerOne": 2,
      "playerTwo": 37,
      "winPercentage": 51.971
    },
    {
      "playerOne": 2,
      "playerTwo": 38,
      "winPercentage": 99.78
    },
    {
      "playerOne": 2,
      "playerTwo": 39,
      "winPercentage": 17.076
    },
    {
      "playerOne": 3,
      "playerTwo": 4,
      "winPercentage": 61.143
    },
    {
      "playerOne": 3,
      "playerTwo": 5,
      "winPercentage": 76.101
    },
    {
      "playerOne": 3,
      "playerTwo": 6,
      "winPercentage": 58.09
    },
    {
      "playerOne": 3,
      "playerTwo": 7,
      "winPercentage": 26.281
    },
    {
      "playerOne": 3,
      "playerTwo": 8,
      "winPercentage": 11.527
    },
    {
      "playerOne": 3,
      "playerTwo": 9,
      "winPercentage": 58.364
    },
    {
      "playerOne": 3,
      "playerTwo": 10,
      "winPercentage": 94.095
    },
    {
      "playerOne": 3,
      "playerTwo": 11,
      "winPercentage": 69.435
    },
    {
      "playerOne": 3,
      "playerTwo": 12,
      "winPercentage": 60.841
    },
    {
      "playerOne": 3,
      "playerTwo": 13,
      "winPercentage": 80.89
    },
    {
      "playerOne": 3,
      "playerTwo": 14,
      "winPercentage": 72.643
    },
    {
      "playerOne": 3,
      "playerTwo": 15,
      "winPercentage": 52.668
    },
    {
      "playerOne": 3,
      "playerTwo": 16,
      "winPercentage": 32.993
    },
    {
      "playerOne": 3,
      "playerTwo": 17,
      "winPercentage": 93.487
    },
    {
      "playerOne": 3,
      "playerTwo": 18,
      "winPercentage": 7.087
    },
    {
      "playerOne": 3,
      "playerTwo": 19,
      "winPercentage": 68.145
    },
    {
      "playerOne": 3,
      "playerTwo": 20,
      "winPercentage": 32.691
    },
    {
      "playerOne": 3,
      "playerTwo": 21,
      "winPercentage": 44.492
    },
    {
      "playerOne": 3,
      "playerTwo": 22,
      "winPercentage": 52.702
    },
    {
      "playerOne": 3,
      "playerTwo": 23,
      "winPercentage": 34.709
    },
    {
      "playerOne": 3,
      "playerTwo": 24,
      "winPercentage": 47.469
    },
    {
      "playerOne": 3,
      "playerTwo": 25,
      "winPercentage": 49.024
    },
    {
      "playerOne": 3,
      "playerTwo": 26,
      "winPercentage": 51.808
    },
    {
      "playerOne": 3,
      "playerTwo": 27,
      "winPercentage": 91.34
    },
    {
      "playerOne": 3,
      "playerTwo": 28,
      "winPercentage": 25.314
    },
    {
      "playerOne": 3,
      "playerTwo": 29,
      "winPercentage": 18.775
    },
    {
      "playerOne": 3,
      "playerTwo": 30,
      "winPercentage": 72.363
    },
    {
      "playerOne": 3,
      "playerTwo": 31,
      "winPercentage": 11.957
    },
    {
      "playerOne": 3,
      "playerTwo": 32,
      "winPercentage": 1.085
    },
    {
      "playerOne": 3,
      "playerTwo": 33,
      "winPercentage": 58.424
    },
    {
      "playerOne": 3,
      "playerTwo": 34,
      "winPercentage": 17.854
    },
    {
      "playerOne": 3,
      "playerTwo": 35,
      "winPercentage": 42.221
    },
    {
      "playerOne": 3,
      "playerTwo": 36,
      "winPercentage": 22.556
    },
    {
      "playerOne": 3,
      "playerTwo": 37,
      "winPercentage": 54.288
    },
    {
      "playerOne": 3,
      "playerTwo": 38,
      "winPercentage": 46.99
    },
    {
      "playerOne": 3,
      "playerTwo": 39,
      "winPercentage": 53.697
    },
    {
      "playerOne": 4,
      "playerTwo": 5,
      "winPercentage": 56.84
    },
    {
      "playerOne": 4,
      "playerTwo": 6,
      "winPercentage": 95.976
    },
    {
      "playerOne": 4,
      "playerTwo": 7,
      "winPercentage": 24.618
    },
    {
      "playerOne": 4,
      "playerTwo": 8,
      "winPercentage": 4.116
    },
    {
      "playerOne": 4,
      "playerTwo": 9,
      "winPercentage": 82.568
    },
    {
      "playerOne": 4,
      "playerTwo": 10,
      "winPercentage": 3.238
    },
    {
      "playerOne": 4,
      "playerTwo": 11,
      "winPercentage": 76.97
    },
    {
      "playerOne": 4,
      "playerTwo": 12,
      "winPercentage": 20.407
    },
    {
      "playerOne": 4,
      "playerTwo": 13,
      "winPercentage": 49.271
    },
    {
      "playerOne": 4,
      "playerTwo": 14,
      "winPercentage": 89.628
    },
    {
      "playerOne": 4,
      "playerTwo": 15,
      "winPercentage": 11.502
    },
    {
      "playerOne": 4,
      "playerTwo": 16,
      "winPercentage": 4.289
    },
    {
      "playerOne": 4,
      "playerTwo": 17,
      "winPercentage": 9.829
    },
    {
      "playerOne": 4,
      "playerTwo": 18,
      "winPercentage": 97.919
    },
    {
      "playerOne": 4,
      "playerTwo": 19,
      "winPercentage": 21.932
    },
    {
      "playerOne": 4,
      "playerTwo": 20,
      "winPercentage": 15.759
    },
    {
      "playerOne": 4,
      "playerTwo": 21,
      "winPercentage": 92.27
    },
    {
      "playerOne": 4,
      "playerTwo": 22,
      "winPercentage": 63.859
    },
    {
      "playerOne": 4,
      "playerTwo": 23,
      "winPercentage": 86.065
    },
    {
      "playerOne": 4,
      "playerTwo": 24,
      "winPercentage": 52.562
    },
    {
      "playerOne": 4,
      "playerTwo": 25,
      "winPercentage": 86.234
    },
    {
      "playerOne": 4,
      "playerTwo": 26,
      "winPercentage": 14.166
    },
    {
      "playerOne": 4,
      "playerTwo": 27,
      "winPercentage": 22.039
    },
    {
      "playerOne": 4,
      "playerTwo": 28,
      "winPercentage": 84.216
    },
    {
      "playerOne": 4,
      "playerTwo": 29,
      "winPercentage": 9.17
    },
    {
      "playerOne": 4,
      "playerTwo": 30,
      "winPercentage": 96.624
    },
    {
      "playerOne": 4,
      "playerTwo": 31,
      "winPercentage": 81.836
    },
    {
      "playerOne": 4,
      "playerTwo": 32,
      "winPercentage": 4741.8
    },
    {
      "playerOne": 4,
      "playerTwo": 33,
      "winPercentage": 25.723
    },
    {
      "playerOne": 4,
      "playerTwo": 34,
      "winPercentage": 59.42
    },
    {
      "playerOne": 4,
      "playerTwo": 35,
      "winPercentage": 32.628
    },
    {
      "playerOne": 4,
      "playerTwo": 36,
      "winPercentage": 38.229
    },
    {
      "playerOne": 4,
      "playerTwo": 37,
      "winPercentage": 65.546
    },
    {
      "playerOne": 4,
      "playerTwo": 38,
      "winPercentage": 21.903
    },
    {
      "playerOne": 4,
      "playerTwo": 39,
      "winPercentage": 69.373
    },
    {
      "playerOne": 5,
      "playerTwo": 6,
      "winPercentage": 7.845
    },
    {
      "playerOne": 5,
      "playerTwo": 7,
      "winPercentage": 34.262
    },
    {
      "playerOne": 5,
      "playerTwo": 8,
      "winPercentage": 20.364
    },
    {
      "playerOne": 5,
      "playerTwo": 9,
      "winPercentage": 33.165
    },
    {
      "playerOne": 5,
      "playerTwo": 10,
      "winPercentage": 70.277
    },
    {
      "playerOne": 5,
      "playerTwo": 11,
      "winPercentage": 93.64
    },
    {
      "playerOne": 5,
      "playerTwo": 12,
      "winPercentage": 85.873
    },
    {
      "playerOne": 5,
      "playerTwo": 13,
      "winPercentage": 0.068
    },
    {
      "playerOne": 5,
      "playerTwo": 14,
      "winPercentage": 5.298
    },
    {
      "playerOne": 5,
      "playerTwo": 15,
      "winPercentage": 60.742
    },
    {
      "playerOne": 5,
      "playerTwo": 16,
      "winPercentage": 35.08
    },
    {
      "playerOne": 5,
      "playerTwo": 17,
      "winPercentage": 90.128
    },
    {
      "playerOne": 5,
      "playerTwo": 18,
      "winPercentage": 90.282
    },
    {
      "playerOne": 5,
      "playerTwo": 19,
      "winPercentage": 46.267
    },
    {
      "playerOne": 5,
      "playerTwo": 20,
      "winPercentage": 2.116
    },
    {
      "playerOne": 5,
      "playerTwo": 21,
      "winPercentage": 12.979
    },
    {
      "playerOne": 5,
      "playerTwo": 22,
      "winPercentage": 55.343
    },
    {
      "playerOne": 5,
      "playerTwo": 23,
      "winPercentage": 64.026
    },
    {
      "playerOne": 5,
      "playerTwo": 24,
      "winPercentage": 9.51
    },
    {
      "playerOne": 5,
      "playerTwo": 25,
      "winPercentage": 64.922
    },
    {
      "playerOne": 5,
      "playerTwo": 26,
      "winPercentage": 55.726
    },
    {
      "playerOne": 5,
      "playerTwo": 27,
      "winPercentage": 26.975
    },
    {
      "playerOne": 5,
      "playerTwo": 28,
      "winPercentage": 48.296
    },
    {
      "playerOne": 5,
      "playerTwo": 29,
      "winPercentage": 30.903
    },
    {
      "playerOne": 5,
      "playerTwo": 30,
      "winPercentage": 18.373
    },
    {
      "playerOne": 5,
      "playerTwo": 31,
      "winPercentage": 73.314
    },
    {
      "playerOne": 5,
      "playerTwo": 32,
      "winPercentage": 51.321
    },
    {
      "playerOne": 5,
      "playerTwo": 33,
      "winPercentage": 20.938
    },
    {
      "playerOne": 5,
      "playerTwo": 34,
      "winPercentage": 70.038
    },
    {
      "playerOne": 5,
      "playerTwo": 35,
      "winPercentage": 81.655
    },
    {
      "playerOne": 5,
      "playerTwo": 36,
      "winPercentage": 71.928
    },
    {
      "playerOne": 5,
      "playerTwo": 37,
      "winPercentage": 15.142
    },
    {
      "playerOne": 5,
      "playerTwo": 38,
      "winPercentage": 63.756
    },
    {
      "playerOne": 5,
      "playerTwo": 39,
      "winPercentage": 52.519
    },
    {
      "playerOne": 6,
      "playerTwo": 7,
      "winPercentage": 75.314
    },
    {
      "playerOne": 6,
      "playerTwo": 8,
      "winPercentage": 41.08
    },
    {
      "playerOne": 6,
      "playerTwo": 9,
      "winPercentage": 23.765
    },
    {
      "playerOne": 6,
      "playerTwo": 10,
      "winPercentage": 92.716
    },
    {
      "playerOne": 6,
      "playerTwo": 11,
      "winPercentage": 33.43
    },
    {
      "playerOne": 6,
      "playerTwo": 12,
      "winPercentage": 58.761
    },
    {
      "playerOne": 6,
      "playerTwo": 13,
      "winPercentage": 34.883
    },
    {
      "playerOne": 6,
      "playerTwo": 14,
      "winPercentage": 11.149
    },
    {
      "playerOne": 6,
      "playerTwo": 15,
      "winPercentage": 94.424
    },
    {
      "playerOne": 6,
      "playerTwo": 16,
      "winPercentage": 32.878
    },
    {
      "playerOne": 6,
      "playerTwo": 17,
      "winPercentage": 96.241
    },
    {
      "playerOne": 6,
      "playerTwo": 18,
      "winPercentage": 66.411
    },
    {
      "playerOne": 6,
      "playerTwo": 19,
      "winPercentage": 91.358
    },
    {
      "playerOne": 6,
      "playerTwo": 20,
      "winPercentage": 14.571
    },
    {
      "playerOne": 6,
      "playerTwo": 21,
      "winPercentage": 9.924
    },
    {
      "playerOne": 6,
      "playerTwo": 22,
      "winPercentage": 87.952
    },
    {
      "playerOne": 6,
      "playerTwo": 23,
      "winPercentage": 68.682
    },
    {
      "playerOne": 6,
      "playerTwo": 24,
      "winPercentage": 80.681
    },
    {
      "playerOne": 6,
      "playerTwo": 25,
      "winPercentage": 86.152
    },
    {
      "playerOne": 6,
      "playerTwo": 26,
      "winPercentage": 42.128
    },
    {
      "playerOne": 6,
      "playerTwo": 27,
      "winPercentage": 11.101
    },
    {
      "playerOne": 6,
      "playerTwo": 28,
      "winPercentage": 39.89
    },
    {
      "playerOne": 6,
      "playerTwo": 29,
      "winPercentage": 29.191
    },
    {
      "playerOne": 6,
      "playerTwo": 30,
      "winPercentage": 0.912
    },
    {
      "playerOne": 6,
      "playerTwo": 31,
      "winPercentage": 29.682
    },
    {
      "playerOne": 6,
      "playerTwo": 32,
      "winPercentage": 73.265
    },
    {
      "playerOne": 6,
      "playerTwo": 33,
      "winPercentage": 96.463
    },
    {
      "playerOne": 6,
      "playerTwo": 34,
      "winPercentage": 34.852
    },
    {
      "playerOne": 6,
      "playerTwo": 35,
      "winPercentage": 52.409
    },
    {
      "playerOne": 6,
      "playerTwo": 36,
      "winPercentage": 34.491
    },
    {
      "playerOne": 6,
      "playerTwo": 37,
      "winPercentage": 12.23
    },
    {
      "playerOne": 6,
      "playerTwo": 38,
      "winPercentage": 9.338
    },
    {
      "playerOne": 6,
      "playerTwo": 39,
      "winPercentage": 60.282
    },
    {
      "playerOne": 7,
      "playerTwo": 8,
      "winPercentage": 36.039
    },
    {
      "playerOne": 7,
      "playerTwo": 9,
      "winPercentage": 20.566
    },
    {
      "playerOne": 7,
      "playerTwo": 10,
      "winPercentage": 54.236
    },
    {
      "playerOne": 7,
      "playerTwo": 11,
      "winPercentage": 34.64
    },
    {
      "playerOne": 7,
      "playerTwo": 12,
      "winPercentage": 42.206
    },
    {
      "playerOne": 7,
      "playerTwo": 13,
      "winPercentage": 16.516
    },
    {
      "playerOne": 7,
      "playerTwo": 14,
      "winPercentage": 97.169
    },
    {
      "playerOne": 7,
      "playerTwo": 15,
      "winPercentage": 30.691
    },
    {
      "playerOne": 7,
      "playerTwo": 16,
      "winPercentage": 20.449
    },
    {
      "playerOne": 7,
      "playerTwo": 17,
      "winPercentage": 51.244
    },
    {
      "playerOne": 7,
      "playerTwo": 18,
      "winPercentage": 90.229
    },
    {
      "playerOne": 7,
      "playerTwo": 19,
      "winPercentage": 12.103
    },
    {
      "playerOne": 7,
      "playerTwo": 20,
      "winPercentage": 66.979
    },
    {
      "playerOne": 7,
      "playerTwo": 21,
      "winPercentage": 45.211
    },
    {
      "playerOne": 7,
      "playerTwo": 22,
      "winPercentage": 9.752
    },
    {
      "playerOne": 7,
      "playerTwo": 23,
      "winPercentage": 61.916
    },
    {
      "playerOne": 7,
      "playerTwo": 24,
      "winPercentage": 8.78
    },
    {
      "playerOne": 7,
      "playerTwo": 25,
      "winPercentage": 63.174
    },
    {
      "playerOne": 7,
      "playerTwo": 26,
      "winPercentage": 91.834
    },
    {
      "playerOne": 7,
      "playerTwo": 27,
      "winPercentage": 84.286
    },
    {
      "playerOne": 7,
      "playerTwo": 28,
      "winPercentage": 72.655
    },
    {
      "playerOne": 7,
      "playerTwo": 29,
      "winPercentage": 97.681
    },
    {
      "playerOne": 7,
      "playerTwo": 30,
      "winPercentage": 82.858
    },
    {
      "playerOne": 7,
      "playerTwo": 31,
      "winPercentage": 17.104
    },
    {
      "playerOne": 7,
      "playerTwo": 32,
      "winPercentage": 47.79
    },
    {
      "playerOne": 7,
      "playerTwo": 33,
      "winPercentage": 94.672
    },
    {
      "playerOne": 7,
      "playerTwo": 34,
      "winPercentage": 62.884
    },
    {
      "playerOne": 7,
      "playerTwo": 35,
      "winPercentage": 59.326
    },
    {
      "playerOne": 7,
      "playerTwo": 36,
      "winPercentage": 65.631
    },
    {
      "playerOne": 7,
      "playerTwo": 37,
      "winPercentage": 10.452
    },
    {
      "playerOne": 7,
      "playerTwo": 38,
      "winPercentage": 8.976
    },
    {
      "playerOne": 7,
      "playerTwo": 39,
      "winPercentage": 21.074
    },
    {
      "playerOne": 8,
      "playerTwo": 9,
      "winPercentage": 25.109
    },
    {
      "playerOne": 8,
      "playerTwo": 10,
      "winPercentage": 21.14
    },
    {
      "playerOne": 8,
      "playerTwo": 11,
      "winPercentage": 28.389
    },
    {
      "playerOne": 8,
      "playerTwo": 12,
      "winPercentage": 99.804
    },
    {
      "playerOne": 8,
      "playerTwo": 13,
      "winPercentage": 62.004
    },
    {
      "playerOne": 8,
      "playerTwo": 14,
      "winPercentage": 9.527
    },
    {
      "playerOne": 8,
      "playerTwo": 15,
      "winPercentage": 76.986
    },
    {
      "playerOne": 8,
      "playerTwo": 16,
      "winPercentage": 11.462
    },
    {
      "playerOne": 8,
      "playerTwo": 17,
      "winPercentage": 51.648
    },
    {
      "playerOne": 8,
      "playerTwo": 18,
      "winPercentage": 55.112
    },
    {
      "playerOne": 8,
      "playerTwo": 19,
      "winPercentage": 91.762
    },
    {
      "playerOne": 8,
      "playerTwo": 20,
      "winPercentage": 61.257
    },
    {
      "playerOne": 8,
      "playerTwo": 21,
      "winPercentage": 63.273
    },
    {
      "playerOne": 8,
      "playerTwo": 22,
      "winPercentage": 10.591
    },
    {
      "playerOne": 8,
      "playerTwo": 23,
      "winPercentage": 68.753
    },
    {
      "playerOne": 8,
      "playerTwo": 24,
      "winPercentage": 62.462
    },
    {
      "playerOne": 8,
      "playerTwo": 25,
      "winPercentage": 26.157
    },
    {
      "playerOne": 8,
      "playerTwo": 26,
      "winPercentage": 26.372
    },
    {
      "playerOne": 8,
      "playerTwo": 27,
      "winPercentage": 0.704
    },
    {
      "playerOne": 8,
      "playerTwo": 28,
      "winPercentage": 44.365
    },
    {
      "playerOne": 8,
      "playerTwo": 29,
      "winPercentage": 49.679
    },
    {
      "playerOne": 8,
      "playerTwo": 30,
      "winPercentage": 98.453
    },
    {
      "playerOne": 8,
      "playerTwo": 31,
      "winPercentage": 54.451
    },
    {
      "playerOne": 8,
      "playerTwo": 32,
      "winPercentage": 6.616
    },
    {
      "playerOne": 8,
      "playerTwo": 33,
      "winPercentage": 2.619
    },
    {
      "playerOne": 8,
      "playerTwo": 34,
      "winPercentage": 48.112
    },
    {
      "playerOne": 8,
      "playerTwo": 35,
      "winPercentage": 4.24
    },
    {
      "playerOne": 8,
      "playerTwo": 36,
      "winPercentage": 91.995
    },
    {
      "playerOne": 8,
      "playerTwo": 37,
      "winPercentage": 12.457
    },
    {
      "playerOne": 8,
      "playerTwo": 38,
      "winPercentage": 82.506
    },
    {
      "playerOne": 8,
      "playerTwo": 39,
      "winPercentage": 90.97
    },
    {
      "playerOne": 9,
      "playerTwo": 10,
      "winPercentage": 95.471
    },
    {
      "playerOne": 9,
      "playerTwo": 11,
      "winPercentage": 70.642
    },
    {
      "playerOne": 9,
      "playerTwo": 12,
      "winPercentage": 34.994
    },
    {
      "playerOne": 9,
      "playerTwo": 13,
      "winPercentage": 14.412
    },
    {
      "playerOne": 9,
      "playerTwo": 14,
      "winPercentage": 58.615
    },
    {
      "playerOne": 9,
      "playerTwo": 15,
      "winPercentage": 78.692
    },
    {
      "playerOne": 9,
      "playerTwo": 16,
      "winPercentage": 46.362
    },
    {
      "playerOne": 9,
      "playerTwo": 17,
      "winPercentage": 6.395
    },
    {
      "playerOne": 9,
      "playerTwo": 18,
      "winPercentage": 69.21
    },
    {
      "playerOne": 9,
      "playerTwo": 19,
      "winPercentage": 15.819
    },
    {
      "playerOne": 9,
      "playerTwo": 20,
      "winPercentage": 46.698
    },
    {
      "playerOne": 9,
      "playerTwo": 21,
      "winPercentage": 76.829
    },
    {
      "playerOne": 9,
      "playerTwo": 22,
      "winPercentage": 22.947
    },
    {
      "playerOne": 9,
      "playerTwo": 23,
      "winPercentage": 91.202
    },
    {
      "playerOne": 9,
      "playerTwo": 24,
      "winPercentage": 13.413
    },
    {
      "playerOne": 9,
      "playerTwo": 25,
      "winPercentage": 40.033
    },
    {
      "playerOne": 9,
      "playerTwo": 26,
      "winPercentage": 70.586
    },
    {
      "playerOne": 9,
      "playerTwo": 27,
      "winPercentage": 37.133
    },
    {
      "playerOne": 9,
      "playerTwo": 28,
      "winPercentage": 96.104
    },
    {
      "playerOne": 9,
      "playerTwo": 29,
      "winPercentage": 36.81
    },
    {
      "playerOne": 9,
      "playerTwo": 30,
      "winPercentage": 61.264
    },
    {
      "playerOne": 9,
      "playerTwo": 31,
      "winPercentage": 60.895
    },
    {
      "playerOne": 9,
      "playerTwo": 32,
      "winPercentage": 89.397
    },
    {
      "playerOne": 9,
      "playerTwo": 33,
      "winPercentage": 94.949
    },
    {
      "playerOne": 9,
      "playerTwo": 34,
      "winPercentage": 26.289
    },
    {
      "playerOne": 9,
      "playerTwo": 35,
      "winPercentage": 32.675
    },
    {
      "playerOne": 9,
      "playerTwo": 36,
      "winPercentage": 33.065
    },
    {
      "playerOne": 9,
      "playerTwo": 37,
      "winPercentage": 93.095
    },
    {
      "playerOne": 9,
      "playerTwo": 38,
      "winPercentage": 66.785
    },
    {
      "playerOne": 9,
      "playerTwo": 39,
      "winPercentage": 34.466
    },
    {
      "playerOne": 10,
      "playerTwo": 11,
      "winPercentage": 43.084
    },
    {
      "playerOne": 10,
      "playerTwo": 12,
      "winPercentage": 76.316
    },
    {
      "playerOne": 10,
      "playerTwo": 13,
      "winPercentage": 8.849
    },
    {
      "playerOne": 10,
      "playerTwo": 14,
      "winPercentage": 68.088
    },
    {
      "playerOne": 10,
      "playerTwo": 15,
      "winPercentage": 92.06
    },
    {
      "playerOne": 10,
      "playerTwo": 16,
      "winPercentage": 12.015
    },
    {
      "playerOne": 10,
      "playerTwo": 17,
      "winPercentage": 1.109
    },
    {
      "playerOne": 10,
      "playerTwo": 18,
      "winPercentage": 22.163
    },
    {
      "playerOne": 10,
      "playerTwo": 19,
      "winPercentage": 71.75
    },
    {
      "playerOne": 10,
      "playerTwo": 20,
      "winPercentage": 76.473
    },
    {
      "playerOne": 10,
      "playerTwo": 21,
      "winPercentage": 60.477
    },
    {
      "playerOne": 10,
      "playerTwo": 22,
      "winPercentage": 45.884
    },
    {
      "playerOne": 10,
      "playerTwo": 23,
      "winPercentage": 21.754
    },
    {
      "playerOne": 10,
      "playerTwo": 24,
      "winPercentage": 98.423
    },
    {
      "playerOne": 10,
      "playerTwo": 25,
      "winPercentage": 16.945
    },
    {
      "playerOne": 10,
      "playerTwo": 26,
      "winPercentage": 39.627
    },
    {
      "playerOne": 10,
      "playerTwo": 27,
      "winPercentage": 86.881
    },
    {
      "playerOne": 10,
      "playerTwo": 28,
      "winPercentage": 55.777
    },
    {
      "playerOne": 10,
      "playerTwo": 29,
      "winPercentage": 32.133
    },
    {
      "playerOne": 10,
      "playerTwo": 30,
      "winPercentage": 69.16
    },
    {
      "playerOne": 10,
      "playerTwo": 31,
      "winPercentage": 50.725
    },
    {
      "playerOne": 10,
      "playerTwo": 32,
      "winPercentage": 35.826
    },
    {
      "playerOne": 10,
      "playerTwo": 33,
      "winPercentage": 81.924
    },
    {
      "playerOne": 10,
      "playerTwo": 34,
      "winPercentage": 39.687
    },
    {
      "playerOne": 10,
      "playerTwo": 35,
      "winPercentage": 68.285
    },
    {
      "playerOne": 10,
      "playerTwo": 36,
      "winPercentage": 20.836
    },
    {
      "playerOne": 10,
      "playerTwo": 37,
      "winPercentage": 66.502
    },
    {
      "playerOne": 10,
      "playerTwo": 38,
      "winPercentage": 82.119
    },
    {
      "playerOne": 10,
      "playerTwo": 39,
      "winPercentage": 94.049
    },
    {
      "playerOne": 11,
      "playerTwo": 12,
      "winPercentage": 6.714
    },
    {
      "playerOne": 11,
      "playerTwo": 13,
      "winPercentage": 24.333
    },
    {
      "playerOne": 11,
      "playerTwo": 14,
      "winPercentage": 30.063
    },
    {
      "playerOne": 11,
      "playerTwo": 15,
      "winPercentage": 29.878
    },
    {
      "playerOne": 11,
      "playerTwo": 16,
      "winPercentage": 95.142
    },
    {
      "playerOne": 11,
      "playerTwo": 17,
      "winPercentage": 11.858
    },
    {
      "playerOne": 11,
      "playerTwo": 18,
      "winPercentage": 34.544
    },
    {
      "playerOne": 11,
      "playerTwo": 19,
      "winPercentage": 56.19
    },
    {
      "playerOne": 11,
      "playerTwo": 20,
      "winPercentage": 5.634
    },
    {
      "playerOne": 11,
      "playerTwo": 21,
      "winPercentage": 63.762
    },
    {
      "playerOne": 11,
      "playerTwo": 22,
      "winPercentage": 45.903
    },
    {
      "playerOne": 11,
      "playerTwo": 23,
      "winPercentage": 24.778
    },
    {
      "playerOne": 11,
      "playerTwo": 24,
      "winPercentage": 5.524
    },
    {
      "playerOne": 11,
      "playerTwo": 25,
      "winPercentage": 67.317
    },
    {
      "playerOne": 11,
      "playerTwo": 26,
      "winPercentage": 8.933
    },
    {
      "playerOne": 11,
      "playerTwo": 27,
      "winPercentage": 60.639
    },
    {
      "playerOne": 11,
      "playerTwo": 28,
      "winPercentage": 0.634
    },
    {
      "playerOne": 11,
      "playerTwo": 29,
      "winPercentage": 69.886
    },
    {
      "playerOne": 11,
      "playerTwo": 30,
      "winPercentage": 49.387
    },
    {
      "playerOne": 11,
      "playerTwo": 31,
      "winPercentage": 4.11
    },
    {
      "playerOne": 11,
      "playerTwo": 32,
      "winPercentage": 49.934
    },
    {
      "playerOne": 11,
      "playerTwo": 33,
      "winPercentage": 73.285
    },
    {
      "playerOne": 11,
      "playerTwo": 34,
      "winPercentage": 15.9
    },
    {
      "playerOne": 11,
      "playerTwo": 35,
      "winPercentage": 6.116
    },
    {
      "playerOne": 11,
      "playerTwo": 36,
      "winPercentage": 80.159
    },
    {
      "playerOne": 11,
      "playerTwo": 37,
      "winPercentage": 50.348
    },
    {
      "playerOne": 11,
      "playerTwo": 38,
      "winPercentage": 61.154
    },
    {
      "playerOne": 11,
      "playerTwo": 39,
      "winPercentage": 2.045
    },
    {
      "playerOne": 12,
      "playerTwo": 13,
      "winPercentage": 52.207
    },
    {
      "playerOne": 12,
      "playerTwo": 14,
      "winPercentage": 70.899
    },
    {
      "playerOne": 12,
      "playerTwo": 15,
      "winPercentage": 13.253
    },
    {
      "playerOne": 12,
      "playerTwo": 16,
      "winPercentage": 21.745
    },
    {
      "playerOne": 12,
      "playerTwo": 17,
      "winPercentage": 23.209
    },
    {
      "playerOne": 12,
      "playerTwo": 18,
      "winPercentage": 91.525
    },
    {
      "playerOne": 12,
      "playerTwo": 19,
      "winPercentage": 72.976
    },
    {
      "playerOne": 12,
      "playerTwo": 20,
      "winPercentage": 5.602
    },
    {
      "playerOne": 12,
      "playerTwo": 21,
      "winPercentage": 98.106
    },
    {
      "playerOne": 12,
      "playerTwo": 22,
      "winPercentage": 5.683
    },
    {
      "playerOne": 12,
      "playerTwo": 23,
      "winPercentage": 80.386
    },
    {
      "playerOne": 12,
      "playerTwo": 24,
      "winPercentage": 16.234
    },
    {
      "playerOne": 12,
      "playerTwo": 25,
      "winPercentage": 13.348
    },
    {
      "playerOne": 12,
      "playerTwo": 26,
      "winPercentage": 95.191
    },
    {
      "playerOne": 12,
      "playerTwo": 27,
      "winPercentage": 85.226
    },
    {
      "playerOne": 12,
      "playerTwo": 28,
      "winPercentage": 49.669
    },
    {
      "playerOne": 12,
      "playerTwo": 29,
      "winPercentage": 42.374
    },
    {
      "playerOne": 12,
      "playerTwo": 30,
      "winPercentage": 57.052
    },
    {
      "playerOne": 12,
      "playerTwo": 31,
      "winPercentage": 3.824
    },
    {
      "playerOne": 12,
      "playerTwo": 32,
      "winPercentage": 61.451
    },
    {
      "playerOne": 12,
      "playerTwo": 33,
      "winPercentage": 47.079
    },
    {
      "playerOne": 12,
      "playerTwo": 34,
      "winPercentage": 29.398
    },
    {
      "playerOne": 12,
      "playerTwo": 35,
      "winPercentage": 87.265
    },
    {
      "playerOne": 12,
      "playerTwo": 36,
      "winPercentage": 32.397
    },
    {
      "playerOne": 12,
      "playerTwo": 37,
      "winPercentage": 43.0
    },
    {
      "playerOne": 12,
      "playerTwo": 38,
      "winPercentage": 92.59
    },
    {
      "playerOne": 12,
      "playerTwo": 39,
      "winPercentage": 79.593
    },
    {
      "playerOne": 13,
      "playerTwo": 14,
      "winPercentage": 80.898
    },
    {
      "playerOne": 13,
      "playerTwo": 15,
      "winPercentage": 79.322
    },
    {
      "playerOne": 13,
      "playerTwo": 16,
      "winPercentage": 81.664
    },
    {
      "playerOne": 13,
      "playerTwo": 17,
      "winPercentage": 92.444
    },
    {
      "playerOne": 13,
      "playerTwo": 18,
      "winPercentage": 5.834
    },
    {
      "playerOne": 13,
      "playerTwo": 19,
      "winPercentage": 7.697
    },
    {
      "playerOne": 13,
      "playerTwo": 20,
      "winPercentage": 59.647
    },
    {
      "playerOne": 13,
      "playerTwo": 21,
      "winPercentage": 20.354
    },
    {
      "playerOne": 13,
      "playerTwo": 22,
      "winPercentage": 61.905
    },
    {
      "playerOne": 13,
      "playerTwo": 23,
      "winPercentage": 77.671
    },
    {
      "playerOne": 13,
      "playerTwo": 24,
      "winPercentage": 50.182
    },
    {
      "playerOne": 13,
      "playerTwo": 25,
      "winPercentage": 36.662
    },
    {
      "playerOne": 13,
      "playerTwo": 26,
      "winPercentage": 34.067
    },
    {
      "playerOne": 13,
      "playerTwo": 27,
      "winPercentage": 33.733
    },
    {
      "playerOne": 13,
      "playerTwo": 28,
      "winPercentage": 67.417
    },
    {
      "playerOne": 13,
      "playerTwo": 29,
      "winPercentage": 52.148
    },
    {
      "playerOne": 13,
      "playerTwo": 30,
      "winPercentage": 35.098
    },
    {
      "playerOne": 13,
      "playerTwo": 31,
      "winPercentage": 68.835
    },
    {
      "playerOne": 13,
      "playerTwo": 32,
      "winPercentage": 14.61
    },
    {
      "playerOne": 13,
      "playerTwo": 33,
      "winPercentage": 53.606
    },
    {
      "playerOne": 13,
      "playerTwo": 34,
      "winPercentage": 92.536
    },
    {
      "playerOne": 13,
      "playerTwo": 35,
      "winPercentage": 45.862
    },
    {
      "playerOne": 13,
      "playerTwo": 36,
      "winPercentage": 55.378
    },
    {
      "playerOne": 13,
      "playerTwo": 37,
      "winPercentage": 80.887
    },
    {
      "playerOne": 13,
      "playerTwo": 38,
      "winPercentage": 71.446
    },
    {
      "playerOne": 13,
      "playerTwo": 39,
      "winPercentage": 81.1
    },
    {
      "playerOne": 14,
      "playerTwo": 15,
      "winPercentage": 21.051
    },
    {
      "playerOne": 14,
      "playerTwo": 16,
      "winPercentage": 40.505
    },
    {
      "playerOne": 14,
      "playerTwo": 17,
      "winPercentage": 21.242
    },
    {
      "playerOne": 14,
      "playerTwo": 18,
      "winPercentage": 78.258
    },
    {
      "playerOne": 14,
      "playerTwo": 19,
      "winPercentage": 4.151
    },
    {
      "playerOne": 14,
      "playerTwo": 20,
      "winPercentage": 27.516
    },
    {
      "playerOne": 14,
      "playerTwo": 21,
      "winPercentage": 67.739
    },
    {
      "playerOne": 14,
      "playerTwo": 22,
      "winPercentage": 7.691
    },
    {
      "playerOne": 14,
      "playerTwo": 23,
      "winPercentage": 24.551
    },
    {
      "playerOne": 14,
      "playerTwo": 24,
      "winPercentage": 70.663
    },
    {
      "playerOne": 14,
      "playerTwo": 25,
      "winPercentage": 35.788
    },
    {
      "playerOne": 14,
      "playerTwo": 26,
      "winPercentage": 60.193
    },
    {
      "playerOne": 14,
      "playerTwo": 27,
      "winPercentage": 4.222
    },
    {
      "playerOne": 14,
      "playerTwo": 28,
      "winPercentage": 14.616
    },
    {
      "playerOne": 14,
      "playerTwo": 29,
      "winPercentage": 99.172
    },
    {
      "playerOne": 14,
      "playerTwo": 30,
      "winPercentage": 85.112
    },
    {
      "playerOne": 14,
      "playerTwo": 31,
      "winPercentage": 58.152
    },
    {
      "playerOne": 14,
      "playerTwo": 32,
      "winPercentage": 39.363
    },
    {
      "playerOne": 14,
      "playerTwo": 33,
      "winPercentage": 15.172
    },
    {
      "playerOne": 14,
      "playerTwo": 34,
      "winPercentage": 75.519
    },
    {
      "playerOne": 14,
      "playerTwo": 35,
      "winPercentage": 74.487
    },
    {
      "playerOne": 14,
      "playerTwo": 36,
      "winPercentage": 56.551
    },
    {
      "playerOne": 14,
      "playerTwo": 37,
      "winPercentage": 88.292
    },
    {
      "playerOne": 14,
      "playerTwo": 38,
      "winPercentage": 91.099
    },
    {
      "playerOne": 14,
      "playerTwo": 39,
      "winPercentage": 20.006
    },
    {
      "playerOne": 15,
      "playerTwo": 16,
      "winPercentage": 23.953
    },
    {
      "playerOne": 15,
      "playerTwo": 17,
      "winPercentage": 36.354
    },
    {
      "playerOne": 15,
      "playerTwo": 18,
      "winPercentage": 44.072
    },
    {
      "playerOne": 15,
      "playerTwo": 19,
      "winPercentage": 84.681
    },
    {
      "playerOne": 15,
      "playerTwo": 20,
      "winPercentage": 89.109
    },
    {
      "playerOne": 15,
      "playerTwo": 21,
      "winPercentage": 93.164
    },
    {
      "playerOne": 15,
      "playerTwo": 22,
      "winPercentage": 66.559
    },
    {
      "playerOne": 15,
      "playerTwo": 23,
      "winPercentage": 65.936
    },
    {
      "playerOne": 15,
      "playerTwo": 24,
      "winPercentage": 24.503
    },
    {
      "playerOne": 15,
      "playerTwo": 25,
      "winPercentage": 44.912
    },
    {
      "playerOne": 15,
      "playerTwo": 26,
      "winPercentage": 94.663
    },
    {
      "playerOne": 15,
      "playerTwo": 27,
      "winPercentage": 11.568
    },
    {
      "playerOne": 15,
      "playerTwo": 28,
      "winPercentage": 38.194
    },
    {
      "playerOne": 15,
      "playerTwo": 29,
      "winPercentage": 65.058
    },
    {
      "playerOne": 15,
      "playerTwo": 30,
      "winPercentage": 6.925
    },
    {
      "playerOne": 15,
      "playerTwo": 31,
      "winPercentage": 10.131
    },
    {
      "playerOne": 15,
      "playerTwo": 32,
      "winPercentage": 93.514
    },
    {
      "playerOne": 15,
      "playerTwo": 33,
      "winPercentage": 32.594
    },
    {
      "playerOne": 15,
      "playerTwo": 34,
      "winPercentage": 3765.9
    },
    {
      "playerOne": 15,
      "playerTwo": 35,
      "winPercentage": 89.194
    },
    {
      "playerOne": 15,
      "playerTwo": 36,
      "winPercentage": 69.263
    },
    {
      "playerOne": 15,
      "playerTwo": 37,
      "winPercentage": 53.087
    },
    {
      "playerOne": 15,
      "playerTwo": 38,
      "winPercentage": 61.244
    },
    {
      "playerOne": 15,
      "playerTwo": 39,
      "winPercentage": 70.321
    },
    {
      "playerOne": 16,
      "playerTwo": 17,
      "winPercentage": 99.724
    },
    {
      "playerOne": 16,
      "playerTwo": 18,
      "winPercentage": 74.666
    },
    {
      "playerOne": 16,
      "playerTwo": 19,
      "winPercentage": 17.1
    },
    {
      "playerOne": 16,
      "playerTwo": 20,
      "winPercentage": 95.447
    },
    {
      "playerOne": 16,
      "playerTwo": 21,
      "winPercentage": 0.129
    },
    {
      "playerOne": 16,
      "playerTwo": 22,
      "winPercentage": 82.57
    },
    {
      "playerOne": 16,
      "playerTwo": 23,
      "winPercentage": 74.782
    },
    {
      "playerOne": 16,
      "playerTwo": 24,
      "winPercentage": 68.251
    },
    {
      "playerOne": 16,
      "playerTwo": 25,
      "winPercentage": 42.15
    },
    {
      "playerOne": 16,
      "playerTwo": 26,
      "winPercentage": 26.231
    },
    {
      "playerOne": 16,
      "playerTwo": 27,
      "winPercentage": 46.907
    },
    {
      "playerOne": 16,
      "playerTwo": 28,
      "winPercentage": 43.68
    },
    {
      "playerOne": 16,
      "playerTwo": 29,
      "winPercentage": 36.994
    },
    {
      "playerOne": 16,
      "playerTwo": 30,
      "winPercentage": 72.26
    },
    {
      "playerOne": 16,
      "playerTwo": 31,
      "winPercentage": 93.911
    },
    {
      "playerOne": 16,
      "playerTwo": 32,
      "winPercentage": 70.12
    },
    {
      "playerOne": 16,
      "playerTwo": 33,
      "winPercentage": 26.99
    },
    {
      "playerOne": 16,
      "playerTwo": 34,
      "winPercentage": 12.931
    },
    {
      "playerOne": 16,
      "playerTwo": 35,
      "winPercentage": 54.737
    },
    {
      "playerOne": 16,
      "playerTwo": 36,
      "winPercentage": 34.309
    },
    {
      "playerOne": 16,
      "playerTwo": 37,
      "winPercentage": 90.369
    },
    {
      "playerOne": 16,
      "playerTwo": 38,
      "winPercentage": 55.436
    },
    {
      "playerOne": 16,
      "playerTwo": 39,
      "winPercentage": 45.498
    },
    {
      "playerOne": 17,
      "playerTwo": 18,
      "winPercentage": 20.162
    },
    {
      "playerOne": 17,
      "playerTwo": 19,
      "winPercentage": 40.249
    },
    {
      "playerOne": 17,
      "playerTwo": 20,
      "winPercentage": 94.486
    },
    {
      "playerOne": 17,
      "playerTwo": 21,
      "winPercentage": 83.941
    },
    {
      "playerOne": 17,
      "playerTwo": 22,
      "winPercentage": 32.398
    },
    {
      "playerOne": 17,
      "playerTwo": 23,
      "winPercentage": 52.657
    },
    {
      "playerOne": 17,
      "playerTwo": 24,
      "winPercentage": 27.302
    },
    {
      "playerOne": 17,
      "playerTwo": 25,
      "winPercentage": 29.624
    },
    {
      "playerOne": 17,
      "playerTwo": 26,
      "winPercentage": 97.039
    },
    {
      "playerOne": 17,
      "playerTwo": 27,
      "winPercentage": 61.866
    },
    {
      "playerOne": 17,
      "playerTwo": 28,
      "winPercentage": 45.581
    },
    {
      "playerOne": 17,
      "playerTwo": 29,
      "winPercentage": 56.356
    },
    {
      "playerOne": 17,
      "playerTwo": 30,
      "winPercentage": 82.519
    },
    {
      "playerOne": 17,
      "playerTwo": 31,
      "winPercentage": 93.793
    },
    {
      "playerOne": 17,
      "playerTwo": 32,
      "winPercentage": 17.355
    },
    {
      "playerOne": 17,
      "playerTwo": 33,
      "winPercentage": 80.203
    },
    {
      "playerOne": 17,
      "playerTwo": 34,
      "winPercentage": 72.919
    },
    {
      "playerOne": 17,
      "playerTwo": 35,
      "winPercentage": 69.091
    },
    {
      "playerOne": 17,
      "playerTwo": 36,
      "winPercentage": 86.389
    },
    {
      "playerOne": 17,
      "playerTwo": 37,
      "winPercentage": 57.134
    },
    {
      "playerOne": 17,
      "playerTwo": 38,
      "winPercentage": 61.809
    },
    {
      "playerOne": 17,
      "playerTwo": 39,
      "winPercentage": 9.128
    },
    {
      "playerOne": 18,
      "playerTwo": 19,
      "winPercentage": 28.653
    },
    {
      "playerOne": 18,
      "playerTwo": 20,
      "winPercentage": 91.868
    },
    {
      "playerOne": 18,
      "playerTwo": 21,
      "winPercentage": 94.114
    },
    {
      "playerOne": 18,
      "playerTwo": 22,
      "winPercentage": 94.395
    },
    {
      "playerOne": 18,
      "playerTwo": 23,
      "winPercentage": 81.943
    },
    {
      "playerOne": 18,
      "playerTwo": 24,
      "winPercentage": 27.994
    },
    {
      "playerOne": 18,
      "playerTwo": 25,
      "winPercentage": 99.898
    },
    {
      "playerOne": 18,
      "playerTwo": 26,
      "winPercentage": 32.122
    },
    {
      "playerOne": 18,
      "playerTwo": 27,
      "winPercentage": 24.398
    },
    {
      "playerOne": 18,
      "playerTwo": 28,
      "winPercentage": 22.79
    },
    {
      "playerOne": 18,
      "playerTwo": 29,
      "winPercentage": 3.695
    },
    {
      "playerOne": 18,
      "playerTwo": 30,
      "winPercentage": 86.684
    },
    {
      "playerOne": 18,
      "playerTwo": 31,
      "winPercentage": 96.338
    },
    {
      "playerOne": 18,
      "playerTwo": 32,
      "winPercentage": 42.123
    },
    {
      "playerOne": 18,
      "playerTwo": 33,
      "winPercentage": 48.53
    },
    {
      "playerOne": 18,
      "playerTwo": 34,
      "winPercentage": 81.467
    },
    {
      "playerOne": 18,
      "playerTwo": 35,
      "winPercentage": 60.828
    },
    {
      "playerOne": 18,
      "playerTwo": 36,
      "winPercentage": 31.939
    },
    {
      "playerOne": 18,
      "playerTwo": 37,
      "winPercentage": 70.451
    },
    {
      "playerOne": 18,
      "playerTwo": 38,
      "winPercentage": 97.232
    },
    {
      "playerOne": 18,
      "playerTwo": 39,
      "winPercentage": 19.059
    },
    {
      "playerOne": 19,
      "playerTwo": 20,
      "winPercentage": 77.624
    },
    {
      "playerOne": 19,
      "playerTwo": 21,
      "winPercentage": 79.157
    },
    {
      "playerOne": 19,
      "playerTwo": 22,
      "winPercentage": 18.613
    },
    {
      "playerOne": 19,
      "playerTwo": 23,
      "winPercentage": 49.99
    },
    {
      "playerOne": 19,
      "playerTwo": 24,
      "winPercentage": 27.658
    },
    {
      "playerOne": 19,
      "playerTwo": 25,
      "winPercentage": 46.133
    },
    {
      "playerOne": 19,
      "playerTwo": 26,
      "winPercentage": 23.018
    },
    {
      "playerOne": 19,
      "playerTwo": 27,
      "winPercentage": 74.573
    },
    {
      "playerOne": 19,
      "playerTwo": 28,
      "winPercentage": 47.968
    },
    {
      "playerOne": 19,
      "playerTwo": 29,
      "winPercentage": 0.299
    },
    {
      "playerOne": 19,
      "playerTwo": 30,
      "winPercentage": 79.735
    },
    {
      "playerOne": 19,
      "playerTwo": 31,
      "winPercentage": 31.081
    },
    {
      "playerOne": 19,
      "playerTwo": 32,
      "winPercentage": 18.751
    },
    {
      "playerOne": 19,
      "playerTwo": 33,
      "winPercentage": 1.021
    },
    {
      "playerOne": 19,
      "playerTwo": 34,
      "winPercentage": 12.339
    },
    {
      "playerOne": 19,
      "playerTwo": 35,
      "winPercentage": 24.101
    },
    {
      "playerOne": 19,
      "playerTwo": 36,
      "winPercentage": 55.053
    },
    {
      "playerOne": 19,
      "playerTwo": 37,
      "winPercentage": 26.811
    },
    {
      "playerOne": 19,
      "playerTwo": 38,
      "winPercentage": 68.371
    },
    {
      "playerOne": 19,
      "playerTwo": 39,
      "winPercentage": 5.419
    },
    {
      "playerOne": 20,
      "playerTwo": 21,
      "winPercentage": 4.368
    },
    {
      "playerOne": 20,
      "playerTwo": 22,
      "winPercentage": 96.085
    },
    {
      "playerOne": 20,
      "playerTwo": 23,
      "winPercentage": 9.863
    },
    {
      "playerOne": 20,
      "playerTwo": 24,
      "winPercentage": 40.478
    },
    {
      "playerOne": 20,
      "playerTwo": 25,
      "winPercentage": 56.521
    },
    {
      "playerOne": 20,
      "playerTwo": 26,
      "winPercentage": 51.294
    },
    {
      "playerOne": 20,
      "playerTwo": 27,
      "winPercentage": 59.897
    },
    {
      "playerOne": 20,
      "playerTwo": 28,
      "winPercentage": 78.967
    },
    {
      "playerOne": 20,
      "playerTwo": 29,
      "winPercentage": 99.785
    },
    {
      "playerOne": 20,
      "playerTwo": 30,
      "winPercentage": 15.998
    },
    {
      "playerOne": 20,
      "playerTwo": 31,
      "winPercentage": 85.999
    },
    {
      "playerOne": 20,
      "playerTwo": 32,
      "winPercentage": 50.932
    },
    {
      "playerOne": 20,
      "playerTwo": 33,
      "winPercentage": 30.661
    },
    {
      "playerOne": 20,
      "playerTwo": 34,
      "winPercentage": 56.691
    },
    {
      "playerOne": 20,
      "playerTwo": 35,
      "winPercentage": 57.049
    },
    {
      "playerOne": 20,
      "playerTwo": 36,
      "winPercentage": 36.164
    },
    {
      "playerOne": 20,
      "playerTwo": 37,
      "winPercentage": 17.03
    },
    {
      "playerOne": 20,
      "playerTwo": 38,
      "winPercentage": 11.48
    },
    {
      "playerOne": 20,
      "playerTwo": 39,
      "winPercentage": 1.689
    },
    {
      "playerOne": 21,
      "playerTwo": 22,
      "winPercentage": 49.414
    },
    {
      "playerOne": 21,
      "playerTwo": 23,
      "winPercentage": 56.056
    },
    {
      "playerOne": 21,
      "playerTwo": 24,
      "winPercentage": 40.99
    },
    {
      "playerOne": 21,
      "playerTwo": 25,
      "winPercentage": 33.104
    },
    {
      "playerOne": 21,
      "playerTwo": 26,
      "winPercentage": 58.471
    },
    {
      "playerOne": 21,
      "playerTwo": 27,
      "winPercentage": 19.873
    },
    {
      "playerOne": 21,
      "playerTwo": 28,
      "winPercentage": 22.167
    },
    {
      "playerOne": 21,
      "playerTwo": 29,
      "winPercentage": 63.335
    },
    {
      "playerOne": 21,
      "playerTwo": 30,
      "winPercentage": 21.267
    },
    {
      "playerOne": 21,
      "playerTwo": 31,
      "winPercentage": 85.582
    },
    {
      "playerOne": 21,
      "playerTwo": 32,
      "winPercentage": 11.128
    },
    {
      "playerOne": 21,
      "playerTwo": 33,
      "winPercentage": 0.974
    },
    {
      "playerOne": 21,
      "playerTwo": 34,
      "winPercentage": 62.345
    },
    {
      "playerOne": 21,
      "playerTwo": 35,
      "winPercentage": 3.244
    },
    {
      "playerOne": 21,
      "playerTwo": 36,
      "winPercentage": 25.003
    },
    {
      "playerOne": 21,
      "playerTwo": 37,
      "winPercentage": 55.829
    },
    {
      "playerOne": 21,
      "playerTwo": 38,
      "winPercentage": 28.151
    },
    {
      "playerOne": 21,
      "playerTwo": 39,
      "winPercentage": 22.437
    },
    {
      "playerOne": 22,
      "playerTwo": 23,
      "winPercentage": 51.31
    },
    {
      "playerOne": 22,
      "playerTwo": 24,
      "winPercentage": 22.907
    },
    {
      "playerOne": 22,
      "playerTwo": 25,
      "winPercentage": 29.261
    },
    {
      "playerOne": 22,
      "playerTwo": 26,
      "winPercentage": 63.429
    },
    {
      "playerOne": 22,
      "playerTwo": 27,
      "winPercentage": 60.092
    },
    {
      "playerOne": 22,
      "playerTwo": 28,
      "winPercentage": 61.911
    },
    {
      "playerOne": 22,
      "playerTwo": 29,
      "winPercentage": 73.481
    },
    {
      "playerOne": 22,
      "playerTwo": 30,
      "winPercentage": 80.137
    },
    {
      "playerOne": 22,
      "playerTwo": 31,
      "winPercentage": 72.328
    },
    {
      "playerOne": 22,
      "playerTwo": 32,
      "winPercentage": 39.705
    },
    {
      "playerOne": 22,
      "playerTwo": 33,
      "winPercentage": 77.939
    },
    {
      "playerOne": 22,
      "playerTwo": 34,
      "winPercentage": 61.439
    },
    {
      "playerOne": 22,
      "playerTwo": 35,
      "winPercentage": 44.845
    },
    {
      "playerOne": 22,
      "playerTwo": 36,
      "winPercentage": 14.522
    },
    {
      "playerOne": 22,
      "playerTwo": 37,
      "winPercentage": 86.344
    },
    {
      "playerOne": 22,
      "playerTwo": 38,
      "winPercentage": 94.634
    },
    {
      "playerOne": 22,
      "playerTwo": 39,
      "winPercentage": 98.313
    },
    {
      "playerOne": 23,
      "playerTwo": 24,
      "winPercentage": 28.538
    },
    {
      "playerOne": 23,
      "playerTwo": 25,
      "winPercentage": 71.826
    },
    {
      "playerOne": 23,
      "playerTwo": 26,
      "winPercentage": 89.13
    },
    {
      "playerOne": 23,
      "playerTwo": 27,
      "winPercentage": 77.064
    },
    {
      "playerOne": 23,
      "playerTwo": 28,
      "winPercentage": 61.295
    },
    {
      "playerOne": 23,
      "playerTwo": 29,
      "winPercentage": 24.083
    },
    {
      "playerOne": 23,
      "playerTwo": 30,
      "winPercentage": 11.99
    },
    {
      "playerOne": 23,
      "playerTwo": 31,
      "winPercentage": 67.542
    },
    {
      "playerOne": 23,
      "playerTwo": 32,
      "winPercentage": 3.82
    },
    {
      "playerOne": 23,
      "playerTwo": 33,
      "winPercentage": 40.519
    },
    {
      "playerOne": 23,
      "playerTwo": 34,
      "winPercentage": 17.94
    },
    {
      "playerOne": 23,
      "playerTwo": 35,
      "winPercentage": 49.163
    },
    {
      "playerOne": 23,
      "playerTwo": 36,
      "winPercentage": 24.347
    },
    {
      "playerOne": 23,
      "playerTwo": 37,
      "winPercentage": 94.827
    },
    {
      "playerOne": 23,
      "playerTwo": 38,
      "winPercentage": 45.738
    },
    {
      "playerOne": 23,
      "playerTwo": 39,
      "winPercentage": 70.944
    },
    {
      "playerOne": 24,
      "playerTwo": 25,
      "winPercentage": 45.113
    },
    {
      "playerOne": 24,
      "playerTwo": 26,
      "winPercentage": 70.89
    },
    {
      "playerOne": 24,
      "playerTwo": 27,
      "winPercentage": 59.914
    },
    {
      "playerOne": 24,
      "playerTwo": 28,
      "winPercentage": 97.691
    },
    {
      "playerOne": 24,
      "playerTwo": 29,
      "winPercentage": 59.122
    },
    {
      "playerOne": 24,
      "playerTwo": 30,
      "winPercentage": 76.912
    },
    {
      "playerOne": 24,
      "playerTwo": 31,
      "winPercentage": 61.126
    },
    {
      "playerOne": 24,
      "playerTwo": 32,
      "winPercentage": 19.461
    },
    {
      "playerOne": 24,
      "playerTwo": 33,
      "winPercentage": 96.16
    },
    {
      "playerOne": 24,
      "playerTwo": 34,
      "winPercentage": 92.237
    },
    {
      "playerOne": 24,
      "playerTwo": 35,
      "winPercentage": 1.243
    },
    {
      "playerOne": 24,
      "playerTwo": 36,
      "winPercentage": 28.991
    },
    {
      "playerOne": 24,
      "playerTwo": 37,
      "winPercentage": 30.226
    },
    {
      "playerOne": 24,
      "playerTwo": 38,
      "winPercentage": 36.182
    },
    {
      "playerOne": 24,
      "playerTwo": 39,
      "winPercentage": 1.657
    },
    {
      "playerOne": 25,
      "playerTwo": 26,
      "winPercentage": 94.496
    },
    {
      "playerOne": 25,
      "playerTwo": 27,
      "winPercentage": 10.179
    },
    {
      "playerOne": 25,
      "playerTwo": 28,
      "winPercentage": 62.228
    },
    {
      "playerOne": 25,
      "playerTwo": 29,
      "winPercentage": 93.116
    },
    {
      "playerOne": 25,
      "playerTwo": 30,
      "winPercentage": 82.384
    },
    {
      "playerOne": 25,
      "playerTwo": 31,
      "winPercentage": 34.727
    },
    {
      "playerOne": 25,
      "playerTwo": 32,
      "winPercentage": 53.124
    },
    {
      "playerOne": 25,
      "playerTwo": 33,
      "winPercentage": 49.174
    },
    {
      "playerOne": 25,
      "playerTwo": 34,
      "winPercentage": 34.133
    },
    {
      "playerOne": 25,
      "playerTwo": 35,
      "winPercentage": 64.235
    },
    {
      "playerOne": 25,
      "playerTwo": 36,
      "winPercentage": 87.742
    },
    {
      "playerOne": 25,
      "playerTwo": 37,
      "winPercentage": 19.978
    },
    {
      "playerOne": 25,
      "playerTwo": 38,
      "winPercentage": 21.655
    },
    {
      "playerOne": 25,
      "playerTwo": 39,
      "winPercentage": 79.12
    },
    {
      "playerOne": 26,
      "playerTwo": 27,
      "winPercentage": 42.55
    },
    {
      "playerOne": 26,
      "playerTwo": 28,
      "winPercentage": 62.396
    },
    {
      "playerOne": 26,
      "playerTwo": 29,
      "winPercentage": 62.732
    },
    {
      "playerOne": 26,
      "playerTwo": 30,
      "winPercentage": 17.467
    },
    {
      "playerOne": 26,
      "playerTwo": 31,
      "winPercentage": 97.556
    },
    {
      "playerOne": 26,
      "playerTwo": 32,
      "winPercentage": 94.603
    },
    {
      "playerOne": 26,
      "playerTwo": 33,
      "winPercentage": 33.226
    },
    {
      "playerOne": 26,
      "playerTwo": 34,
      "winPercentage": 30.457
    },
    {
      "playerOne": 26,
      "playerTwo": 35,
      "winPercentage": 24.91
    },
    {
      "playerOne": 26,
      "playerTwo": 36,
      "winPercentage": 19.389
    },
    {
      "playerOne": 26,
      "playerTwo": 37,
      "winPercentage": 0.505
    },
    {
      "playerOne": 26,
      "playerTwo": 38,
      "winPercentage": 72.817
    },
    {
      "playerOne": 26,
      "playerTwo": 39,
      "winPercentage": 71.011
    },
    {
      "playerOne": 27,
      "playerTwo": 28,
      "winPercentage": 39.939
    },
    {
      "playerOne": 27,
      "playerTwo": 29,
      "winPercentage": 73.995
    },
    {
      "playerOne": 27,
      "playerTwo": 30,
      "winPercentage": 70.85
    },
    {
      "playerOne": 27,
      "playerTwo": 31,
      "winPercentage": 46.451
    },
    {
      "playerOne": 27,
      "playerTwo": 32,
      "winPercentage": 25.665
    },
    {
      "playerOne": 27,
      "playerTwo": 33,
      "winPercentage": 97.958
    },
    {
      "playerOne": 27,
      "playerTwo": 34,
      "winPercentage": 65.791
    },
    {
      "playerOne": 27,
      "playerTwo": 35,
      "winPercentage": 23.038
    },
    {
      "playerOne": 27,
      "playerTwo": 36,
      "winPercentage": 49.077
    },
    {
      "playerOne": 27,
      "playerTwo": 37,
      "winPercentage": 74.473
    },
    {
      "playerOne": 27,
      "playerTwo": 38,
      "winPercentage": 5.166
    },
    {
      "playerOne": 27,
      "playerTwo": 39,
      "winPercentage": 10.572
    },
    {
      "playerOne": 28,
      "playerTwo": 29,
      "winPercentage": 60.689
    },
    {
      "playerOne": 28,
      "playerTwo": 30,
      "winPercentage": 16.159
    },
    {
      "playerOne": 28,
      "playerTwo": 31,
      "winPercentage": 86.815
    },
    {
      "playerOne": 28,
      "playerTwo": 32,
      "winPercentage": 52.478
    },
    {
      "playerOne": 28,
      "playerTwo": 33,
      "winPercentage": 69.487
    },
    {
      "playerOne": 28,
      "playerTwo": 34,
      "winPercentage": 25.051
    },
    {
      "playerOne": 28,
      "playerTwo": 35,
      "winPercentage": 50.282
    },
    {
      "playerOne": 28,
      "playerTwo": 36,
      "winPercentage": 69.686
    },
    {
      "playerOne": 28,
      "playerTwo": 37,
      "winPercentage": 47.959
    },
    {
      "playerOne": 28,
      "playerTwo": 38,
      "winPercentage": 96.716
    },
    {
      "playerOne": 28,
      "playerTwo": 39,
      "winPercentage": 44.296
    },
    {
      "playerOne": 29,
      "playerTwo": 30,
      "winPercentage": 26.4
    },
    {
      "playerOne": 29,
      "playerTwo": 31,
      "winPercentage": 78.923
    },
    {
      "playerOne": 29,
      "playerTwo": 32,
      "winPercentage": 23.444
    },
    {
      "playerOne": 29,
      "playerTwo": 33,
      "winPercentage": 32.737
    },
    {
      "playerOne": 29,
      "playerTwo": 34,
      "winPercentage": 31.799
    },
    {
      "playerOne": 29,
      "playerTwo": 35,
      "winPercentage": 22.722
    },
    {
      "playerOne": 29,
      "playerTwo": 36,
      "winPercentage": 74.571
    },
    {
      "playerOne": 29,
      "playerTwo": 37,
      "winPercentage": 19.727
    },
    {
      "playerOne": 29,
      "playerTwo": 38,
      "winPercentage": 12.638
    },
    {
      "playerOne": 29,
      "playerTwo": 39,
      "winPercentage": 49.452
    },
    {
      "playerOne": 30,
      "playerTwo": 31,
      "winPercentage": 73.603
    },
    {
      "playerOne": 30,
      "playerTwo": 32,
      "winPercentage": 37.42
    },
    {
      "playerOne": 30,
      "playerTwo": 33,
      "winPercentage": 91.285
    },
    {
      "playerOne": 30,
      "playerTwo": 34,
      "winPercentage": 74.416
    },
    {
      "playerOne": 30,
      "playerTwo": 35,
      "winPercentage": 3.845
    },
    {
      "playerOne": 30,
      "playerTwo": 36,
      "winPercentage": 53.608
    },
    {
      "playerOne": 30,
      "playerTwo": 37,
      "winPercentage": 22.557
    },
    {
      "playerOne": 30,
      "playerTwo": 38,
      "winPercentage": 91.238
    },
    {
      "playerOne": 30,
      "playerTwo": 39,
      "winPercentage": 24.138
    },
    {
      "playerOne": 31,
      "playerTwo": 32,
      "winPercentage": 38.836
    },
    {
      "playerOne": 31,
      "playerTwo": 33,
      "winPercentage": 12.634
    },
    {
      "playerOne": 31,
      "playerTwo": 34,
      "winPercentage": 59.678
    },
    {
      "playerOne": 31,
      "playerTwo": 35,
      "winPercentage": 75.96
    },
    {
      "playerOne": 31,
      "playerTwo": 36,
      "winPercentage": 9.154
    },
    {
      "playerOne": 31,
      "playerTwo": 37,
      "winPercentage": 63.061
    },
    {
      "playerOne": 31,
      "playerTwo": 38,
      "winPercentage": 89.852
    },
    {
      "playerOne": 31,
      "playerTwo": 39,
      "winPercentage": 4.714
    },
    {
      "playerOne": 32,
      "playerTwo": 33,
      "winPercentage": 17.38
    },
    {
      "playerOne": 32,
      "playerTwo": 34,
      "winPercentage": 21.076
    },
    {
      "playerOne": 32,
      "playerTwo": 35,
      "winPercentage": 36.546
    },
    {
      "playerOne": 32,
      "playerTwo": 36,
      "winPercentage": 15.418
    },
    {
      "playerOne": 32,
      "playerTwo": 37,
      "winPercentage": 82.12
    },
    {
      "playerOne": 32,
      "playerTwo": 38,
      "winPercentage": 31.483
    },
    {
      "playerOne": 32,
      "playerTwo": 39,
      "winPercentage": 6.626
    },
    {
      "playerOne": 33,
      "playerTwo": 34,
      "winPercentage": 76.608
    },
    {
      "playerOne": 33,
      "playerTwo": 35,
      "winPercentage": 23.639
    },
    {
      "playerOne": 33,
      "playerTwo": 36,
      "winPercentage": 9.919
    },
    {
      "playerOne": 33,
      "playerTwo": 37,
      "winPercentage": 6.612
    },
    {
      "playerOne": 33,
      "playerTwo": 38,
      "winPercentage": 73.172
    },
    {
      "playerOne": 33,
      "playerTwo": 39,
      "winPercentage": 57.369
    },
    {
      "playerOne": 34,
      "playerTwo": 35,
      "winPercentage": 29.906
    },
    {
      "playerOne": 34,
      "playerTwo": 36,
      "winPercentage": 88.824
    },
    {
      "playerOne": 34,
      "playerTwo": 37,
      "winPercentage": 91.707
    },
    {
      "playerOne": 34,
      "playerTwo": 38,
      "winPercentage": 50.184
    },
    {
      "playerOne": 34,
      "playerTwo": 39,
      "winPercentage": 61.59
    },
    {
      "playerOne": 35,
      "playerTwo": 36,
      "winPercentage": 98.698
    },
    {
      "playerOne": 35,
      "playerTwo": 37,
      "winPercentage": 48.482
    },
    {
      "playerOne": 35,
      "playerTwo": 38,
      "winPercentage": 18.874
    },
    {
      "playerOne": 35,
      "playerTwo": 39,
      "winPercentage": 9.42
    },
    {
      "playerOne": 36,
      "playerTwo": 37,
      "winPercentage": 13.007
    },
    {
      "playerOne": 36,
      "playerTwo": 38,
      "winPercentage": 64.794
    },
    {
      "playerOne": 36,
      "playerTwo": 39,
      "winPercentage": 62.844
    },
    {
      "playerOne": 37,
      "playerTwo": 38,
      "winPercentage": 50.26
    },
    {
      "playerOne": 37,
      "playerTwo": 39,
      "winPercentage": 68.573
    },
    {
      "playerOne": 38,
      "playerTwo": 39,
      "winPercentage": 99.545
    }
  ]
}