{
  "metadata": {
    "numPlayers": 40
  },
  "teamStats": [
    {
      "playerOne": 0,
      "playerTwo": 1,
      "winPercentage": 61.583
    },
    {
      "playerOne": 0,
      "playerTwo": 2,
      "winPercentage": 47.439
    },
    {
      "playerOne": 0,
      "playerTwo": 3,
      "winPercentage": 96.217
    },
    {
      "playerOne": 0,
      "playerTwo": 4,
      "winPercentage": 8.218
    },
    {
      "playerOne": 0,
      "playerTwo": 5,
      "winPercentage": 73.33
    },
    {
      "playerOne": 0,
      "playerTwo": 6,
      "winPercentage": 41.064
    },
    {
      "playerOne": 0,
      "playerTwo": 7,
      "winPercentage": 83.486
    },
    {
      "playerOne": 0,
      "playerTwo": 8,
      "winPercentage": 10.556
    },
    {
      "playerOne": 0,
      "playerTwo": 9,
      "winPercentage": 72.58
    },
    {
      "playerOne": 0,
      "playerTwo": 10,
      "winPercentage": 11.752
    },
    {
      "playerOne": 0,
      "playerTwo": 11,
      "winPercentage": 28.176
    },
    {
      "playerOne": 0,
      "playerTwo": 12,
      "winPercentage": 41.526
    },
    {
      "playerOne": 0,
      "playerTwo": 13,
      "winPercentage": 36.136
    },
    {
      "playerOne": 0,
      "playerTwo": 14,
      "winPercentage": 73.618
    },
    {
      "playerOne": 0,
      "playerTwo": 15,
      "winPercentage": 67.747
    },
    {
      "playerOne": 0,
      "playerTwo": 16,
      "winPercentage": 67.292
    },
    {
      "playerOne": 0,
      "playerTwo": 17,
      "winPercentage": 31.927
    },
    {
      "playerOne": 0,
      "playerTwo": 18,
      "winPercentage": 72.002
    },
    {
      "playerOne": 0,
      "playerTwo": 19,
      "winPercentage": 21.4
    },
    {
      "playerOne": 0,
      "playerTwo": 20,
      "winPercentage": 15.728
    },
    {
      "playerOne": 0,
      "playerTwo": 21,
      "winPercentage": 93.213
    },
    {
      "playerOne": 0,
      "playerTwo": 22,
      "winPercentage": 69.426
    },
    {
      "playerOne": 0,
      "playerTwo": 23,
      "winPercentage": 71.813
    },
    {
      "playerOne": 0,
      "playerTwo": 24,
      "winPercentage": 76.637
    },
    {
      "playerOne": 0,
      "playerTwo": 25,
      "winPercentage": 22.435
    },
    {
      "playerOne": 0,
      "playerTwo": 26,
      "winPercentage": 70.71
    },
    {
      "playerOne": 0,
      "playerTwo": 27,
      "winPercentage": 47.61
    },
    {
      "playerOne": 0,
      "playerTwo": 28,
      "winPercentage": 90.521
    },
    {
      "playerOne": 0,
      "playerTwo": 29,
      "winPercentage": 54.343
    },
    {
      "playerOne": 0,
      "playerTwo": 30,
      "winPercentage": 10.018
    },
    {
      "playerOne": 0,
      "playerTwo": 31,
      "winPercentage": 36.666
    },
    {
      "playerOne": 0,
      "playerTwo": 32,
      "winPercentage": 58.732
    },
    {
      "playerOne": 0,
      "playerTwo": 33,
      "winPercentage": 2.95
    },
    {
      "playerOne": 0,
      "playerTwo": 34,
      "winPercentage": 67.391
    },
    {
      "playerOne": 0,
      "playerTwo": 35,
      "winPercentage": 65.85
    },
    {
      "playerOne": 0,
      "playerTwo": 36,
      "winPercentage": 87.838
    },
    {
      "playerOne": 0,
      "playerTwo": 37,
      "winPercentage": 36.368
    },
    {
      "playerOne": 0,
      "playerTwo": 38,
      "winPercentage": 96.811
    },
    {
      "playerOne": 0,
      "playerTwo": 39,
      "winPercentage": 85.581
    },
    {
      "playerOne": 1,
      "playerTwo": 2,
      "winPercentage": 79.641
    },
    {
      "playerOne": 1,
      "playerTwo": 3,
      "winPercentage": 30.177
    },
    {
      "playerOne": 1,
      "playerTwo": 4,
      "winPercentage": 89.956
    },
    {
      "playerOne": 1,
      "playerTwo": 5,
      "winPercentage": 29.119
    },
    {
      "playerOne": 1,
      "playerTwo": 6,
      "winPercentage": 22.198
    },
    {
      "playerOne": 1,
      "playerTwo": 7,
      "winPercentage": 55.66
    },
    {
      "playerOne": 1,
      "playerTwo": 8,
      "winPercentage": 31.424
    },
    {
      "playerOne": 1,
      "playerTwo": 9,
      "winPercentage": 2.347
    },
    {
      "playerOne": 1,
      "playerTwo": 10,
      "winPercentage": 36.758
    },
    {
      "playerOne": 1,
      "playerTwo": 11,
      "winPercentage": 98.92
    },
    {
      "playerOne": 1,
      "playerTwo": 12,
      "winPercentage": 36.948
    },
    {
      "playerOne": 1,
      "playerTwo": 13,
      "winPercentage": 96.755
    },
    {
      "playerOne": 1,
      "playerTwo": 14,
      "winPercentage": 27.631
    },
    {
      "playerOne": 1,
      "playerTwo": 15,
      "winPercentage": 42.144
    },
    {
      "playerOne": 1,
      "playerTwo": 16,
      "winPercentage": 73.369
    },
    {
      "playerOne": 1,
      "playerTwo": 17,
      "winPercentage": 38.33
    },
    {
      "playerOne": 1,
      "playerTwo": 18,
      "winPercentage": 59.515
    },
    {
      "playerOne": 1,
      "playerTwo": 19,
      "winPercentage": 16.455
    },
    {
      "playerOne": 1,
      "playerTwo": 20,
      "winPercentage": 51.86
    },
    {
      "playerOne": 1,
      "playerTwo": 21,
      "winPercentage": 45.477
    },
    {
      "playerOne": 1,
      "playerTwo": 22,
      "winPercentage": 37.422
    },
    {
      "playerOne": 1,
      "playerTwo": 23,
      "winPercentage": 95.307
    },
    {
      "playerOne": 1,
      "playerTwo": 24,
      "winPercentage": 23.297
    },
    {
      "playerOne": 1,
      "playerTwo": 25,
      "winPercentage": 77.016
    },
    {
      "playerOne": 1,
      "playerTwo": 26,
      "winPercentage": 96.505
    },
    {
      "playerOne": 1,
      "playerTwo": 27,
      "winPercentage": 59.544
    },
    {
      "playerOne": 1,
      "playerTwo": 28,
      "winPercentage": 83.613
    },
    {
      "playerOne": 1,
      "playerTwo": 29,
      "winPercentage": 16.341
    },
    {
      "playerOne": 1,
      "playerTwo": 30,
      "winPercentage": 33.578
    },
    {
      "playerOne": 1,
      "playerTwo": 31,
      "winPercentage": 97.924
    },
    {
      "playerOne": 1,
      "playerTwo": 32,
      "winPercentage": 32.868
    },
    {
      "playerOne": 1,
      "playerTwo": 33,
      "winPercentage": 8.023
    },
    {
      "playerOne": 1,
      "playerTwo": 34,
      "winPercentage": 42.802
    },
    {
      "playerOne": 1,
      "playerTwo": 35,
      "winPercentage": 82.252
    },
    {
      "playerOne": 1,
      "playerTwo": 36,
      "winPercentage": 93.006
    },
    {
      "playerOne": 1,
      "playerTwo": 37,
      "winPercentage": 71.707
    },
    {
      "playerOne": 1,
      "playerTwo": 38,
      "winPercentage": 69.18
    },
    {
      "playerOne": 1,
      "playerTwo": 39,
      "winPercentage": 94.625
    },
    {
      "playerOne": 2,
      "playerTwo": 3,
      "winPercentage": 30.936
    },
    {
      "playerOne": 2,
      "playerTwo": 4,
      "winPercentage": 66.845
    },
    {
      "playerOne": 2,
      "playerTwo": 5,
      "winPercentage": 64.222
    },
    {
      "playerOne": 2,
      "playerTwo": 6,
      "winPercentage": 64.93
    },
    {
      "playerOne": 2,
      "playerTwo": 7,
      "winPercentage": 46.702
    },
    {
      "playerOne": 2,
      "playerTwo": 8,
      "winPercentage": 88.292
    },
    {
      "playerOne": 2,
      "playerTwo": 9,
      "winPercentage": 24.247
    },
    {
      "playerOne": 2,
      "playerTwo": 10,
      "winPercentage": 62.65
    },
    {
      "playerOne": 2,
      "playerTwo": 11,
      "winPercentage": 34.143
    },
    {
      "playerOne": 2,
      "playerTwo": 12,
      "winPercentage": 24.872
    },
    {
      "playerOne": 2,
      "playerTwo": 13,
      "winPercentage": 63.87
    },
    {
      "playerOne": 2,
      "playerTwo": 14,
      "winPercentage": 54.66
    },
    {
      "playerOne": 2,
      "playerTwo": 15,
      "winPercentage": 72.98
    },
    {
      "playerOne": 2,
      "playerTwo": 16,
      "winPercentage": 15.838
    },
    {
      "playerOne": 2,
      "playerTwo": 17,
      "winPercentage": 47.943
    },
    {
      "playerOne": 2,
      "playerTwo": 18,
      "winPercentage": 97.636
    },
    {
      "playerOne": 2,
      "playerTwo": 19,
      "winPercentage": 77.442
    },
    {
      "playerOne": 2,
      "playerTwo": 20,
      "winPercentage": 39.981
    },
    {
      "playerOne": 2,
      "playerTwo": 21,
      "winPercentage": 98.148
    },
    {
      "playerOne": 2,
      "playerTwo": 22,
      "winPercentage": 70.755
    },
    {
      "playerOne": 2,
      "playerTwo": 23,
      "winPercentage": 81.478
    },
    {
      "playerOne": 2,
      "playerTwo": 24,
      "winPercentage": 69.648
    },
    {
      "playerOne": 2,
      "playerTwo": 25,
      "winPercentage": 10.115
    },
    {
      "playerOne": 2,
      "playerTwo": 26,
      "winPercentage": 68.827
    },
    {
      "playerOne": 2,
      "playerTwo": 27,
      "winPercentage": 37.276
    },
    {
      "playerOne": 2,
      "playerTwo": 28,
      "winPercentage": 68.525
    },
    {
      "playerOne": 2,
      "playerTwo": 29,
      "winPercentage": 93.461
    },
    {
      "playerOne": 2,
      "playerTwo": 30,
      "winPercentage": 0.703
    },
    {
      "playerOne": 2,
      "playerTwo": 31,
      "winPercentage": 54.43
    },
    {
      "playerOne": 2,
      "playerTwo": 32,
      "winPercentage": 2.954
    },
    {
      "playerOne": 2,
      "playerTwo": 33,
      "winPercentage": 8.225
    },
    {
      "playerOne": 2,
      "playerTwo": 34,
      "winPercentage": 95.955
    },
    {
      "playerOne": 2,
      "playerTwo": 35,
      "winPercentage": 18.002
    },
    {
      "playerOne": 2,
      "playerTwo": 36,
      "winPercentage": 36.805
    },
    {
      "playerOne": 2,
      "playerTwo": 37,
      "winPercentage": 20.992
    },
    {
      "playerOne": 2,
      "playerTwo": 38,
      "winPercentage": 73.191
    },
    {
      "playerOne": 2,
      "playerTwo": 39,
      "winPercentage": 22.001
    },
    {
      "playerOne": 3,
      "playerTwo": 4,
      "winPercentage": 55.029
    },
    {
      "playerOne": 3,
      "playerTwo": 5,
      "winPercentage": 92.84
    },
    {
      "playerOne": 3,
      "playerTwo": 6,
      "winPercentage": 89.582
    },
    {
      "playerOne": 3,
      "playerTwo": 7,
      "winPercentage": 14.148
    },
    {
      "playerOne": 3,
      "playerTwo": 8,
      "winPercentage": 40.188
    },
    {
      "playerOne": 3,
      "playerTwo": 9,
      "winPercentage": 54.26
    },
    {
      "playerOne": 3,
      "playerTwo": 10,
      "winPercentage": 2.585
    },
    {
      "playerOne": 3,
      "playerTwo": 11,
      "winPercentage": 18.793
    },
    {
      "playerOne": 3,
      "playerTwo": 12,
      "winPercentage": 46.895
    },
    {
      "playerOne": 3,
      "playerTwo": 13,
      "winPercentage": 57.992
    },
    {
      "playerOne": 3,
      "playerTwo": 14,
      "winPercentage": 73.504
    },
    {
      "playerOne": 3,
      "playerTwo": 15,
      "winPercentage": 13.896
    },
    {
      "playerOne": 3,
      "playerTwo": 16,
      "winPercentage": 93.035
    },
    {
      "playerOne": 3,
      "playerTwo": 17,
      "winPercentage": 36.984
    },
    {
      "playerOne": 3,
      "playerTwo": 18,
      "winPercentage": 27.302
    },
    {
      "playerOne": 3,
      "playerTwo": 19,
      "winPercentage": 55.254
    },
    {
      "playerOne": 3,
      "playerTwo": 20,
      "winPercentage": 77.272
    },
    {
      "playerOne": 3,
      "playerTwo": 21,
      "winPercentage": 66.085
    },
    {
      "playerOne": 3,
      "playerTwo": 22,
      "winPercentage": 64.615
    },
    {
      "playerOne": 3,
      "playerTwo": 23,
      "winPercentage": 13.868
    },
    {
      "playerOne": 3,
      "playerTwo": 24,
      "winPercentage": 12.529
    },
    {
      "playerOne": 3,
      "playerTwo": 25,
      "winPercentage": 99.048
    },
    {
      "playerOne": 3,
      "playerTwo": 26,
      "winPercentage": 73.246
    },
    {
      "playerOne": 3,
      "playerTwo": 27,
      "winPercentage": 90.832
    },
    {
      "playerOne": 3,
      "playerTwo": 28,
      "winPercentage": 84.087
    },
    {
      "playerOne": 3,
      "playerTwo": 29,
      "winPercentage": 50.737
    },
    {
      "playerOne": 3,
      "playerTwo": 30,
      "winPercentage": 14.799
    },
    {
      "playerOne": 3,
      "playerTwo": 31,
      "winPercentage": 48.669
    },
    {
      "playerOne": 3,
      "playerTwo": 32,
      "winPercentage": 72.638
    },
    {
      "playerOne": 3,
      "playerTwo": 33,
      "winPercentage": 25.484
    },
    {
      "playerOne": 3,
      "playerTwo": 34,
      "winPercentage": 58.631
    },
    {
      "playerOne": 3,
      "playerTwo": 35,
      "winPercentage": 82.301
    },
    {
      "playerOne": 3,
      "playerTwo": 36,
      "winPercentage": 61.442
    },
    {
      "playerOne": 3,
      "playerTwo": 37,
      "winPercentage": 61.872
    },
    {
      "playerOne": 3,
      "playerTwo": 38,
      "winPercentage": 2.349
    },
    {
      "playerOne": 3,
      "playerTwo": 39,
      "winPercentage": 52.959
    },
    {
      "playerOne": 4,
      "playerTwo": 5,
      "winPercentage": 81.412
    },
    {
      "playerOne": 4,
      "playerTwo": 6,
      "winPercentage": 70.608
    },
    {
      "playerOne": 4,
      "playerTwo": 7,
      "winPercentage": 61.68
    },
    {
      "playerOne": 4,
      "playerTwo": 8,
      "winPercentage": 53.26
    },
    {
      "playerOne": 4,
      "playerTwo": 9,
      "winPercentage": 38.729
    },
    {
      "playerOne": 4,
      "playerTwo": 10,
      "winPercentage": 50.415
    },
    {
      "playerOne": 4,
      "playerTwo": 11,
      "winPercentage": 48.136
    },
    {
      "playerOne": 4,
      "playerTwo": 12,
      "winPercentage": 48.883
    },
    {
      "playerOne": 4,
      "playerTwo": 13,
      "winPercentage": 84.885
    },
    {
      "playerOne": 4,
      "playerTwo": 14,
      "winPercentage": 18.666
    },
    {
      "playerOne": 4,
      "playerTwo": 15,
      "winPercentage": 30.908
    },
    {
      "playerOne": 4,
      "playerTwo": 16,
      "winPercentage": 38.245
    },
    {
      "playerOne": 4,
      "playerTwo": 17,
      "winPercentage": 11.832
    },
    {
      "playerOne": 4,
      "playerTwo": 18,
      "winPercentage": 13.37
    },
    {
      "playerOne": 4,
      "playerTwo": 19,
      "winPercentage": 11.952
    },
    {
      "playerOne": 4,
      "playerTwo": 20,
      "winPercentage": 66.335
    },
    {
      "playerOne": 4,
      "playerTwo": 21,
      "winPercentage": 75.875
    },
    {
      "playerOne": 4,
      "playerTwo": 22,
      "winPercentage": 91.934
    },
    {
      "playerOne": 4,
      "playerTwo": 23,
      "winPercentage": 14.268
    },
    {
      "playerOne": 4,
      "playerTwo": 24,
      "winPercentage": 76.236
    },
    {
      "playerOne": 4,
      "playerTwo": 25,
      "winPercentage": 8.6
    },
    {
      "playerOne": 4,
      "playerTwo": 26,
      "winPercentage": 0.665
    },
    {
      "playerOne": 4,
      "playerTwo": 27,
      "winPercentage": 81.729
    },
    {
      "playerOne": 4,
      "playerTwo": 28,
      "winPercentage": 22.026
    },
    {
      "playerOne": 4,
      "playerTwo": 29,
      "winPercentage": 29.828
    },
    {
      "playerOne": 4,
      "playerTwo": 30,
      "winPercentage": 94.513
    },
    {
      "playerOne": 4,
      "playerTwo": 31,
      "winPercentage": 59.858
    },
    {
      "playerOne": 4,
      "playerTwo": 32,
      "winPercentage": 10.581
    },
    {
      "playerOne": 4,
      "playerTwo": 33,
      "winPercentage": 81.231
    },
    {
      "playerOne": 4,
      "playerTwo": 34,
      "winPercentage": 33.467
    },
    {
      "playerOne": 4,
      "playerTwo": 35,
      "winPercentage": 69.523
    },
    {
      "playerOne": 4,
      "playerTwo": 36,
      "winPercentage": 38.505
    },
    {
      "playerOne": 4,
      "playerTwo": 37,
      "winPercentage": 21.851
    },
    {
      "playerOne": 4,
      "playerTwo": 38,
      "winPercentage": 7.551
    },
    {
      "playerOne": 4,
      "playerTwo": 39,
      "winPercentage": 24.688
    },
    {
      "playerOne": 5,
      "playerTwo": 6,
      "winPercentage": 80.783
    },
    {
      "playerOne": 5,
      "playerTwo": 7,
      "winPercentage": 9.956
    },
    {
      "playerOne": 5,
      "playerTwo": 8,
      "winPercentage": 82.686
    },
    {
      "playerOne": 5,
      "playerTwo": 9,
      "winPercentage": 49.897
    },
    {
      "playerOne": 5,
      "playerTwo": 10,
      "winPercentage": 50.419
    },
    {
      "playerOne": 5,
      "playerTwo": 11,
      "winPercentage": 54.954
    },
    {
      "playerOne": 5,
      "playerTwo": 12,
      "winPercentage": 49.188
    },
    {
      "playerOne": 5,
      "playerTwo": 13,
      "winPercentage": 28.592
    },
    {
      "playerOne": 5,
      "playerTwo": 14,
      "winPercentage": 92.426
    },
    {
      "playerOne": 5,
      "playerTwo": 15,
      "winPercentage": 32.274
    },
    {
      "playerOne": 5,
      "playerTwo": 16,
      "winPercentage": 61.207
    },
    {
      "playerOne": 5,
      "playerTwo": 17,
      "winPercentage": 71.906
    },
    {
      "playerOne": 5,
      "playerTwo": 18,
      "winPercentage": 89.116
    },
    {
      "playerOne": 5,
      "playerTwo": 19,
      "winPercentage": 19.26
    },
    {
      "playerOne": 5,
      "playerTwo": 20,
      "winPercentage": 37.886
    },
    {
      "playerOne": 5,
      "playerTwo": 21,
      "winPercentage": 80.523
    },
    {
      "playerOne": 5,
      "playerTwo": 22,
      "winPercentage": 53.2
    },
    {
      "playerOne": 5,
      "playerTwo": 23,
      "winPercentage": 30.371
    },
    {
      "playerOne": 5,
      "playerTwo": 24,
      "winPercentage": 79.48
    },
    {
      "playerOne": 5,
      "playerTwo": 25,
      "winPercentage": 0.856
    },
    {
      "playerOne": 5,
      "playerTwo": 26,
      "winPercentage": 86.458
    },
    {
      "playerOne": 5,
      "playerTwo": 27,
      "winPercentage": 45.166
    },
    {
      "playerOne": 5,
      "playerTwo": 28,
      "winPercentage": 41.733
    },
    {
      "playerOne": 5,
      "playerTwo": 29,
      "winPercentage": 31.407
    },
    {
      "playerOne": 5,
      "playerTwo": 30,
      "winPercentage": 98.426
    },
    {
      "playerOne": 5,
      "playerTwo": 31,
      "winPercentage": 55.59
    },
    {
      "playerOne": 5,
      "playerTwo": 32,
      "winPercentage": 79.423
    },
    {
      "playerOne": 5,
      "playerTwo": 33,
      "winPercentage": 82.911
    },
    {
      "playerOne": 5,
      "playerTwo": 34,
      "winPercentage": 5.767
    },
    {
      "playerOne": 5,
      "playerTwo": 35,
      "winPercentage": 67.731
    },
    {
      "playerOne": 5,
      "playerTwo": 36,
      "winPercentage": 23.355
    },
    {
      "playerOne": 5,
      "playerTwo": 37,
      "winPercentage": 7.276
    },
    {
      "playerOne": 5,
      "playerTwo": 38,
      "winPercentage": 27.216
    },
    {
      "playerOne": 5,
      "playerTwo": 39,
      "winPercentage": 70.935
    },
    {
      "playerOne": 6,
      "playerTwo": 7,
      "winPercentage": 50.186
    },
    {
      "playerOne": 6,
      "playerTwo": 8,
      "winPercentage": 82.129
    },
    {
      "playerOne": 6,
      "playerTwo": 9,
      "winPercentage": 31.909
    },
    {
      "playerOne": 6,
      "playerTwo": 10,
      "winPercentage": 8.641
    },
    {
      "playerOne": 6,
      "playerTwo": 11,
      "winPercentage": 94.577
    },
    {
      "playerOne": 6,
      "playerTwo": 12,
      "winPercentage": 6.4
    },
    {
      "playerOne": 6,
      "playerTwo": 13,
      "winPercentage": 69.573
    },
    {
      "playerOne": 6,
      "playerTwo": 14,
      "winPercentage": 3.765
    },
    {
      "playerOne": 6,
      "playerTwo": 15,
      "winPercentage": 41.941
    },
    {
      "playerOne": 6,
      "playerTwo": 16,
      "winPercentage": 84.466
    },
    {
      "playerOne": 6,
      "playerTwo": 17,
      "winPercentage": 27.929
    },
    {
      "playerOne": 6,
      "playerTwo": 18,
      "winPercentage": 78.093
    },
    {
      "playerOne": 6,
      "playerTwo": 19,
      "winPercentage": 73.709
    },
    {
      "playerOne": 6,
      "playerTwo": 20,
      "winPercentage": 36.94
    },
    {
      "playerOne": 6,
      "playerTwo": 21,
      "winPercentage": 30.234
    },
    {
      "playerOne": 6,
      "playerTwo": 22,
      "winPercentage": 62.574
    },
    {
      "playerOne": 6,
      "playerTwo": 23,
      "winPercentage": 81.015
    },
    {
      "playerOne": 6,
      "playerTwo": 24,
      "winPercentage": 94.462
    },
    {
      "playerOne": 6,
      "playerTwo": 25,
      "winPercentage": 45.406
    },
    {
      "playerOne": 6,
      "playerTwo": 26,
      "winPercentage": 73.739
    },
    {
      "playerOne": 6,
      "playerTwo": 27,
      "winPercentage": 89.936
    },
    {
      "playerOne": 6,
      "playerTwo": 28,
      "winPercentage": 72.054
    },
    {
      "playerOne": 6,
      "playerTwo": 29,
      "winPercentage": 58.654
    },
    {
      "playerOne": 6,
      "playerTwo": 30,
      "winPercentage": 77.721
    },
    {
      "playerOne": 6,
      "playerTwo": 31,
      "winPercentage": 87.428
    },
    {
      "playerOne": 6,
      "playerTwo": 32,
      "winPercentage": 19.121
    },
    {
      "playerOne": 6,
      "playerTwo": 33,
      "winPercentage": 10.165
    },
    {
      "playerOne": 6,
      "playerTwo": 34,
      "winPercentage": 41.588
    },
    {
      "playerOne": 6,
      "playerTwo": 35,
      "winPercentage": 41.276
    },
    {
      "playerOne": 6,
      "playerTwo": 36,
      "winPercentage": 58.933
    },
    {
      "playerOne": 6,
      "playerTwo": 37,
      "winPercentage": 22.582
    },
    {
      "playerOne": 6,
      "playerTwo": 38,
      "winPercentage": 11.149
    },
    {
      "playerOne": 6,
      "playerTwo": 39,
      "winPercentage": 45.935
    },
    {
      "playerOne": 7,
      "playerTwo": 8,
      "winPercentage": 40.45
    },
    {
      "playerOne": 7,
      "playerTwo": 9,
      "winPercentage": 98.136
    },
    {
      "playerOne": 7,
      "playerTwo": 10,
      "winPercentage": 29.982
    },
    {
      "playerOne": 7,
      "playerTwo": 11,
      "winPercentage": 12.489
    },
    {
      "playerOne": 7,
      "playerTwo": 12,
      "winPercentage": 27.62
    },
    {
      "playerOne": 7,
      "playerTwo": 13,
      "winPercentage": 75.356
    },
    {
      "playerOne": 7,
      "playerTwo": 14,
      "winPercentage": 68.706
    },
    {
      "playerOne": 7,
      "playerTwo": 15,
      "winPercentage": 8.31
    },
    {
      "playerOne": 7,
      "playerTwo": 16,
      "winPercentage": 94.865
    },
    {
      "playerOne": 7,
      "playerTwo": 17,
      "winPercentage": 60.157
    },
    {
      "playerOne": 7,
      "playerTwo": 18,
      "winPercentage": 95.362
    },
    {
      "playerOne": 7,
      "playerTwo": 19,
      "winPercentage": 33.316
    },
    {
      "playerOne": 7,
      "playerTwo": 20,
      "winPercentage": 27.971
    },
    {
      "playerOne": 7,
      "playerTwo": 21,
      "winPercentage": 17.081
    },
    {
      "playerOne": 7,
      "playerTwo": 22,
      "winPercentage": 38.168
    },
    {
      "playerOne": 7,
      "playerTwo": 23,
      "winPercentage": 54.237
    },
    {
      "playerOne": 7,
      "playerTwo": 24,
      "winPercentage": 7.413
    },
    {
      "playerOne": 7,
      "playerTwo": 25,
      "winPercentage": 73.031
    },
    {
      "playerOne": 7,
      "playerTwo": 26,
      "winPercentage": 73.561
    },
    {
      "playerOne": 7,
      "playerTwo": 27,
      "winPercentage": 77.847
    },
    {
      "playerOne": 7,
      "playerTwo": 28,
      "winPercentage": 32.024
    },
    {
      "playerOne": 7,
      "playerTwo": 29,
      "winPercentage": 8.238
    },
    {
      "playerOne": 7,
      "playerTwo": 30,
      "winPercentage": 22.381
    },
    {
      "playerOne": 7,
      "playerTwo": 31,
      "winPercentage": 89.513
    },
    {
      "playerOne": 7,
      "playerTwo": 32,
      "winPercentage": 40.997
    },
    {
      "playerOne": 7,
      "playerTwo": 33,
      "winPercentage": 9.337
    },
    {
      "playerOne": 7,
      "playerTwo": 34,
      "winPercentage": 51.942
    },
    {
      "playerOne": 7,
      "playerTwo": 35,
      "winPercentage": 99.378
    },
    {
      "playerOne": 7,
      "playerTwo": 36,
      "winPercentage": 64.668
    },
    {
      "playerOne": 7,
      "playerTwo": 37,
      "winPercentage": 32.335
    },
    {
      "playerOne": 7,
      "playerTwo": 38,
      "winPercentage": 3.517
    },
    {
      "playerOne": 7,
      "playerTwo": 39,
      "winPercentage": 39.445
    },
    {
      "playerOne": 8,
      "playerTwo": 9,
      "winPercentage": 79.815
    },
    {
      "playerOne": 8,
      "playerTwo": 10,
      "winPercentage": 67.171
    },
    {
      "playerOne": 8,
      "playerTwo": 11,
      "winPercentage": 92.848
    },
    {
      "playerOne": 8,
      "playerTwo": 12,
      "winPercentage": 11.753
    },
    {
      "playerOne": 8,
      "playerTwo": 13,
      "winPercentage": 61.892
    },
    {
      "playerOne": 8,
      "playerTwo": 14,
      "winPercentage": 2.701
    },
    {
      "playerOne": 8,
      "playerTwo": 15,
      "winPercentage": 39.3
    },
    {
      "playerOne": 8,
      "playerTwo": 16,
      "winPercentage": 99.591
    },
    {
      "playerOne": 8,
      "playerTwo": 17,
      "winPercentage": 38.814
    },
    {
      "playerOne": 8,
      "playerTwo": 18,
      "winPercentage": 54.573
    },
    {
      "playerOne": 8,
      "playerTwo": 19,
      "winPercentage": 4.554
    },
    {
      "playerOne": 8,
      "playerTwo": 20,
      "winPercentage": 87.638
    },
    {
      "playerOne": 8,
      "playerTwo": 21,
      "winPercentage": 70.596
    },
    {
      "playerOne": 8,
      "playerTwo": 22,
      "winPercentage": 39.177
    },
    {
      "playerOne": 8,
      "playerTwo": 23,
      "winPercentage": 99.268
    },
    {
      "playerOne": 8,
      "playerTwo": 24,
      "winPercentage": 31.974
    },
    {
      "playerOne": 8,
      "playerTwo": 25,
      "winPercentage": 81.882
    },
    {
      "playerOne": 8,
      "playerTwo": 26,
      "winPercentage": 22.627
    },
    {
      "playerOne": 8,
      "playerTwo": 27,
      "winPercentage": 37.664
    },
    {
      "playerOne": 8,
      "playerTwo": 28,
      "winPercentage": 6.45
    },
    {
      "playerOne": 8,
      "playerTwo": 29,
      "winPercentage": 92.211
    },
    {
      "playerOne": 8,
      "playerTwo": 30,
      "winPercentage": 18.033
    },
    {
      "playerOne": 8,
      "playerTwo": 31,
      "winPercentage": 61.568
    },
    {
      "playerOne": 8,
      "playerTwo": 32,
      "winPercentage": 1.973
    },
    {
      "playerOne": 8,
      "playerTwo": 33,
      "winPercentage": 1.338
    },
    {
      "playerOne": 8,
      "playerTwo": 34,
      "winPercentage": 43.338
    },
    {
      "playerOne": 8,
      "playerTwo": 35,
      "winPercentage": 15.677
    },
    {
      "playerOne": 8,
      "playerTwo": 36,
      "winPercentage": 26.217
    },
    {
      "playerOne": 8,
      "playerTwo": 37,
      "winPercentage": 15.519
    },
    {
      "playerOne": 8,
      "playerTwo": 38,
      "winPercentage": 58.887
    },
    {
      "playerOne": 8,
      "playerTwo": 39,
      "winPercentage": 7.054
    },
    {
      "playerOne": 9,
      "playerTwo": 10,
      "winPercentage": 57.423
    },
    {
      "playerOne": 9,
      "playerTwo": 11,
      "winPercentage": 59.657
    },
    {
      "playerOne": 9,
      "playerTwo": 12,
      "winPercentage": 96.465
    },
    {
      "playerOne": 9,
      "playerTwo": 13,
      "winPercentage": 74.98
    },
    {
      "playerOne": 9,
      "playerTwo": 14,
      "winPercentage": 36.199
    },
    {
      "playerOne": 9,
      "playerTwo": 15,
      "winPercentage": 17.969
    },
    {
      "playerOne": 9,
      "playerTwo": 16,
      "winPercentage": 79.541
    },
    {
      "playerOne": 9,
      "playerTwo": 17,
      "winPercentage": 80.294
    },
    {
      "playerOne": 9,
      "playerTwo": 18,
      "winPercentage": 34.663
    },
    {
      "playerOne": 9,
      "playerTwo": 19,
      "winPercentage": 1.564
    },
    {
      "playerOne": 9,
      "playerTwo": 20,
      "winPercentage": 24.174
    },
    {
      "playerOne": 9,
      "playerTwo": 21,
      "winPercentage": 83.092
    },
    {
      "playerOne": 9,
      "playerTwo": 22,
      "winPercentage": 46.781
    },
    {
      "playerOne": 9,
      "playerTwo": 23,
      "winPercentage": 42.64
    },
    {
      "playerOne": 9,
      "playerTwo": 24,
      "winPercentage": 38.95
    },
    {
      "playerOne": 9,
      "playerTwo": 25,
      "winPercentage": 92.827
    },
    {
      "playerOne": 9,
      "playerTwo": 26,
      "winPercentage": 81.298
    },
    {
      "playerOne": 9,
      "playerTwo": 27,
      "winPercentage": 11.948
    },
    {
      "playerOne": 9,
      "playerTwo": 28,
      "winPercentage": 52.007
    },
    {
      "playerOne": 9,
      "playerTwo": 29,
      "winPercentage": 71.482
    },
    {
      "playerOne": 9,
      "playerTwo": 30,
      "winPercentage": 83.778
    },
    {
      "playerOne": 9,
      "playerTwo": 31,
      "winPercentage": 83.531
    },
    {
      "playerOne": 9,
      "playerTwo": 32,
      "winPercentage": 31.253
    },
    {
      "playerOne": 9,
      "playerTwo": 33,
      "winPercentage": 44.19
    },
    {
      "playerOne": 9,
      "playerTwo": 34,
      "winPercentage": 93.256
    },
    {
      "playerOne": 9,
      "playerTwo": 35,
      "winPercentage": 26.65
    },
    {
      "playerOne": 9,
      "playerTwo": 36,
      "winPercentage": 25.603
    },
    {
      "playerOne": 9,
      "playerTwo": 37,
      "winPercentage": 82.572
    },
    {
      "playerOne": 9,
      "playerTwo": 38,
      "winPercentage": 8.8
    },
    {
      "playerOne": 9,
      "playerTwo": 39,
      "winPercentage": 5.505
    },
    {
      "playerOne": 10,
      "playerTwo": 11,
      "winPercentage": 1.24
    },
    {
      "playerOne": 10,
      "playerTwo": 12,
      "winPercentage": 41.166
    },
    {
      "playerOne": 10,
      "playerTwo": 13,
      "winPercentage": 4.212
    },
    {
      "playerOne": 10,
      "playerTwo": 14,
      "winPercentage": 52.306
    },
    {
      "playerOne": 10,
      "playerTwo": 15,
      "winPercentage": 25.691
    },
    {
      "playerOne": 10,
      "playerTwo": 16,
      "winPercentage": 40.289
    },
    {
      "playerOne": 10,
      "playerTwo": 17,
      "winPercentage": 51.858
    },
    {
      "playerOne": 10,
      "playerTwo": 18,
      "winPercentage": 42.949
    },
    {
      "playerOne": 10,
      "playerTwo": 19,
      "winPercentage": 66.642
    },
    {
      "playerOne": 10,
      "playerTwo": 20,
      "winPercentage": 63.591
    },
    {
      "playerOne": 10,
      "playerTwo": 21,
      "winPercentage": 24.319
    },
    {
      "playerOne": 10,
      "playerTwo": 22,
      "winPercentage": 34.761
    },
    {
      "playerOne": 10,
      "playerTwo": 23,
      "winPercentage": 51.01
    },
    {
      "playerOne": 10,
      "playerTwo": 24,
      "winPercentage": 18.231
    },
    {
      "playerOne": 10,
      "playerTwo": 25,
      "winPercentage": 31.273
    },
    {
      "playerOne": 10,
      "playerTwo": 26,
      "winPercentage": 76.084
    },
    {
      "playerOne": 10,
      "playerTwo": 27,
      "winPercentage": 25.371
    },
    {
      "playerOne": 10,
      "playerTwo": 28,
      "winPercentage": 96.225
    },
    {
      "playerOne": 10,
      "playerTwo": 29,
      "winPercentage": 65.782
    },
    {
      "playerOne": 10,
      "playerTwo": 30,
      "winPercentage": 33.493
    },
    {
      "playerOne": 10,
      "playerTwo": 31,
      "winPercentage": 14.896
    },
    {
      "playerOne": 10,
      "playerTwo": 32,
      "winPercentage": 98.965
    },
    {
      "playerOne": 10,
      "playerTwo": 33,
      "winPercentage": 46.336
    },
    {
      "playerOne": 10,
      "playerTwo": 34,
      "winPercentage": 26.659
    },
    {
      "playerOne": 10,
      "playerTwo": 35,
      "winPercentage": 83.015
    },
    {
      "playerOne": 10,
      "playerTwo": 36,
      "winPercentage": 75.208
    },
    {
      "playerOne": 10,
      "playerTwo": 37,
      "winPercentage": 34.293
    },
    {
      "playerOne": 10,
      "playerTwo": 38,
      "winPercentage": 22.286
    },
    {
      "playerOne": 10,
      "playerTwo": 39,
      "winPercentage": 52.238
    },
    {
      "playerOne": 11,
      "playerTwo": 12,
      "winPercentage": 67.817
    },
    {
      "playerOne": 11,
      "playerTwo": 13,
      "winPercentage": 57.505
    },
    {
      "playerOne": 11,
      "playerTwo": 14,
      "winPercentage": 63.089
    },
    {
      "playerOne": 11,
      "playerTwo": 15,
      "winPercentage": 36.614
    },
    {
      "playerOne": 11,
      "playerTwo": 16,
      "winPercentage": 35.072
    },
    {
      "playerOne": 11,
      "playerTwo": 17,
      "winPercentage": 22.408
    },
    {
      "playerOne": 11,
      "playerTwo": 18,
      "winPercentage": 29.692
    },
    {
      "playerOne": 11,
      "playerTwo": 19,
      "winPercentage": 87.118
    },
    {
      "playerOne": 11,
      "playerTwo": 20,
      "winPercentage": 80.041
    },
    {
      "playerOne": 11,
      "playerTwo": 21,
      "winPercentage": 53.87
    },
    {
      "playerOne": 11,
      "playerTwo": 22,
      "winPercentage": 58.846
    },
    {
      "playerOne": 11,
      "playerTwo": 23,
      "winPercentage": 26.806
    },
    {
      "playerOne": 11,
      "playerTwo": 24,
      "winPercentage": 71.51
    },
    {
      "playerOne": 11,
      "playerTwo": 25,
      "winPercentage": 30.394
    },
    {
      "playerOne": 11,
      "playerTwo": 26,
      "winPercentage": 19.966
    },
    {
      "playerOne": 11,
      "playerTwo": 27,
      "winPercentage": 50.166
    },
    {
      "playerOne": 11,
      "playerTwo": 28,
      "winPercentage": 18.137
    },
    {
      "playerOne": 11,
      "playerTwo": 29,
      "winPercentage": 72.429
    },
    {
      "playerOne": 11,
      "playerTwo": 30,
      "winPercentage": 12.645
    },
    {
      "playerOne": 11,
      "playerTwo": 31,
      "winPercentage": 75.103
    },
    {
      "playerOne": 11,
      "playerTwo": 32,
      "winPercentage": 28.133
    },
    {
      "playerOne": 11,
      "playerTwo": 33,
      "winPercentage": 11.103
    },
    {
      "playerOne": 11,
      "playerTwo": 34,
      "winPercentage": 86.346
    },
    {
      "playerOne": 11,
      "playerTwo": 35,
      "winPercentage": 88.407
    },
    {
      "playerOne": 11,
      "playerTwo": 36,
      "winPercentage": 83.541
    },
    {
      "playerOne": 11,
      "playerTwo": 37,
      "winPercentage": 27.917
    },
    {
      "playerOne": 11,
      "playerTwo": 38,
      "winPercentage": 11.576
    },
    {
      "playerOne": 11,
      "playerTwo": 39,
      "winPercentage": 27.802
    },
    {
      "playerOne": 12,
      "playerTwo": 13,
      "winPercentage": 49.875
    },
    {
      "playerOne": 12,
      "playerTwo": 14,
      "winPercentage": 51.931
    },
    {
      "playerOne": 12,
      "playerTwo": 15,
      "winPercentage": 89.592
    },
    {
      "playerOne": 12,
      "playerTwo": 16,
      "winPercentage": 21.111
    },
    {
      "playerOne": 12,
      "playerTwo": 17,
      "winPercentage": 70.432
    },
    {
      "playerOne": 12,
      "playerTwo": 18,
      "winPercentage": 42.036
    },
    {
      "playerOne": 12,
      "playerTwo": 19,
      "winPercentage": 25.972
    },
    {
      "playerOne": 12,
      "playerTwo": 20,
      "winPercentage": 93.258
    },
    {
      "playerOne": 12,
      "playerTwo": 21,
      "winPercentage": 60.86
    },
    {
      "playerOne": 12,
      "playerTwo": 22,
      "winPercentage": 84.149
    },
    {
      "playerOne": 12,
      "playerTwo": 23,
      "winPercentage": 27.449
    },
    {
      "playerOne": 12,
      "playerTwo": 24,
      "winPercentage": 79.288
    },
    {
      "playerOne": 12,
      "playerTwo": 25,
      "winPercentage": 95.495
    },
    {
      "playerOne": 12,
      "playerTwo": 26,
      "winPercentage": 72.33
    },
    {
      "playerOne": 12,
      "playerTwo": 27,
      "winPercentage": 53.043
    },
    {
      "playerOne": 12,
      "playerTwo": 28,
      "winPercentage": 80.453
    },
    {
      "playerOne": 12,
      "playerTwo": 29,
      "winPercentage": 34.271
    },
    {
      "playerOne": 12,
      "playerTwo": 30,
      "winPercentage": 1.496
    },
    {
      "playerOne": 12,
      "playerTwo": 31,
      "winPercentage": 31.017
    },
    {
      "playerOne": 12,
      "playerTwo": 32,
      "winPercentage": 81.805
    },
    {
      "playerOne": 12,
      "playerTwo": 33,
      "winPercentage": 43.184
    },
    {
      "playerOne": 12,
      "playerTwo": 34,
      "winPercentage": 57.396
    },
    {
      "playerOne": 12,
      "playerTwo": 35,
      "winPercentage": 57.541
    },
    {
      "playerOne": 12,
      "playerTwo": 36,
      "winPercentage": 14.452
    },
    {
      "playerOne": 12,
      "playerTwo": 37,
      "winPercentage": 32.27
    },
    {
      "playerOne": 12,
      "playerTwo": 38,
      "winPercentage": 89.647
    },
    {
      "playerOne": 12,
      "playerTwo": 39,
      "winPercentage": 18.605
    },
    {
      "playerOne": 13,
      "playerTwo": 14,
      "winPercentage": 51.972
    },
    {
      "playerOne": 13,
      "playerTwo": 15,
      "winPercentage": 44.87
    },
    {
      "playerOne": 13,
      "playerTwo": 16,
      "winPercentage": 57.139
    },
    {
      "playerOne": 13,
      "playerTwo": 17,
      "winPercentage": 69.524
    },
    {
      "playerOne": 13,
      "playerTwo": 18,
      "winPercentage": 73.019
    },
    {
      "playerOne": 13,
      "playerTwo": 19,
      "winPercentage": 13.193
    },
    {
      "playerOne": 13,
      "playerTwo": 20,
      "winPercentage": 33.808
    },
    {
      "playerOne": 13,
      "playerTwo": 21,
      "winPercentage": 28.985
    },
    {
      "playerOne": 13,
      "playerTwo": 22,
      "winPercentage": 97.474
    },
    {
      "playerOne": 13,
      "playerTwo": 23,
      "winPercentage": 38.887
    },
    {
      "playerOne": 13,
      "playerTwo": 24,
      "winPercentage": 94.383
    },
    {
      "playerOne": 13,
      "playerTwo": 25,
      "winPercentage": 51.891
    },
    {
      "playerOne": 13,
      "playerTwo": 26,
      "winPercentage": 17.375
    },
    {
      "playerOne": 13,
      "playerTwo": 27,
      "winPercentage": 17.29
    },
    {
      "playerOne": 13,
      "playerTwo": 28,
      "winPercentage": 14.708
    },
    {
      "playerOne": 13,
      "playerTwo": 29,
      "winPercentage": 57.232
    },
    {
      "playerOne": 13,
      "playerTwo": 30,
      "winPercentage": 50.887
    },
    {
      "playerOne": 13,
      "playerTwo": 31,
      "winPercentage": 44.197
    },
    {
      "playerOne": 13,
      "playerTwo": 32,
      "winPercentage": 8.569
    },
    {
      "playerOne": 13,
      "playerTwo": 33,
      "winPercentage": 95.767
    },
    {
      "playerOne": 13,
      "playerTwo": 34,
      "winPercentage": 54.19
    },
    {
      "playerOne": 13,
      "playerTwo": 35,
      "winPercentage": 46.329
    },
    {
      "playerOne": 13,
      "playerTwo": 36,
      "winPercentage": 79.623
    },
    {
      "playerOne": 13,
      "playerTwo": 37,
      "winPercentage": 15.332
    },
    {
      "playerOne": 13,
      "playerTwo": 38,
      "winPercentage": 33.161
    },
    {
      "playerOne": 13,
      "playerTwo": 39,
      "winPercentage": 18.03
    },
    {
      "playerOne": 14,
      "playerTwo": 15,
      "winPercentage": 23.249
    },
    {
      "playerOne": 14,
      "playerTwo": 16,
      "winPercentage": 40.413
    },
    {
      "playerOne": 14,
      "playerTwo": 17,
      "winPercentage": 77.909
    },
    {
      "playerOne": 14,
      "playerTwo": 18,
      "winPercentage": 7.386
    },
    {
      "playerOne": 14,
      "playerTwo": 19,
      "winPercentage": 79.632
    },
    {
      "playerOne": 14,
      "playerTwo": 20,
      "winPercentage": 36.328
    },
    {
      "playerOne": 14,
      "playerTwo": 21,
      "winPercentage": 82.905
    },
    {
      "playerOne": 14,
      "playerTwo": 22,
      "winPercentage": 14.149
    },
    {
      "playerOne": 14,
      "playerTwo": 23,
      "winPercentage": 14.972
    },
    {
      "playerOne": 14,
      "playerTwo": 24,
      "winPercentage": 94.555
    },
    {
      "playerOne": 14,
      "playerTwo": 25,
      "winPercentage": 18.284
    },
    {
      "playerOne": 14,
      "playerTwo": 26,
      "winPercentage": 65.046
    },
    {
      "playerOne": 14,
      "playerTwo": 27,
      "winPercentage": 64.593
    },
    {
      "playerOne": 14,
      "playerTwo": 28,
      "winPercentage": 47.595
    },
    {
      "playerOne": 14,
      "playerTwo": 29,
      "winPercentage": 98.482
    },
    {
      "playerOne": 14,
      "playerTwo": 30,
      "winPercentage": 24.276
    },
    {
      "playerOne": 14,
      "playerTwo": 31,
      "winPercentage": 87.818
    },
    {
      "playerOne": 14,
      "playerTwo": 32,
      "winPercentage": 91.836
    },
    {
      "playerOne": 14,
      "playerTwo": 33,
      "winPercentage": 93.708
    },
    {
      "playerOne": 14,
      "playerTwo": 34,
      "winPercentage": 58.033
    },
    {
      "playerOne": 14,
      "playerTwo": 35,
      "winPercentage": 5.181
    },
    {
      "playerOne": 14,
      "playerTwo": 36,
      "winPercentage": 72.166
    },
    {
      "playerOne": 14,
      "playerTwo": 37,
      "winPercentage": 98.71
    },
    {
      "playerOne": 14,
      "playerTwo": 38,
      "winPercentage": 72.551
    },
    {
      "playerOne": 14,
      "playerTwo": 39,
      "winPercentage": 70.393
    },
    {
      "playerOne": 15,
      "playerTwo": 16,
      "winPercentage": 18.959
    },
    {
      "playerOne": 15,
      "playerTwo": 17,
      "winPercentage": 62.918
    },
    {
      "playerOne": 15,
      "playerTwo": 18,
      "winPercentage": 15.551
    },
    {
      "playerOne": 15,
      "playerTwo": 19,
      "winPercentage": 32.839
    },
    {
      "playerOne": 15,
      "playerTwo": 20,
      "winPercentage": 41.754
    },
    {
      "playerOne": 15,
      "playerTwo": 21,
      "winPercentage": 38.794
    },
    {
      "playerOne": 15,
      "playerTwo": 22,
      "winPercentage": 66.632
    },
    {
      "playerOne": 15,
      "playerTwo": 23,
      "winPercentage": 83.835
    },
    {
      "playerOne": 15,
      "playerTwo": 24,
      "winPercentage": 17.955
    },
    {
      "playerOne": 15,
      "playerTwo": 25,
      "winPercentage": 16.813
    },
    {
      "playerOne": 15,
      "playerTwo": 26,
      "winPercentage": 71.544
    },
    {
      "playerOne": 15,
      "playerTwo": 27,
      "winPercentage": 81.084
    },
    {
      "playerOne": 15,
      "playerTwo": 28,
      "winPercentage": 59.1
    },
    {
      "playerOne": 15,
      "playerTwo": 29,
      "winPercentage": 21.882
    },
    {
      "playerOne": 15,
      "playerTwo": 30,
      "winPercentage": 13.034
    },
    {
      "playerOne": 15,
      "playerTwo": 31,
      "winPercentage": 6.738
    },
    {
      "playerOne": 15,
      "playerTwo": 32,
      "winPercentage": 35.244
    },
    {
      "playerOne": 15,
      "playerTwo": 33,
      "winPercentage": 21.673
    },
    {
      "playerOne": 15,
      "playerTwo": 34,
      "winPercentage": 12.689
    },
    {
      "playerOne": 15,
      "playerTwo": 35,
      "winPercentage": 25.061
    },
    {
      "playerOne": 15,
      "playerTwo": 36,
      "winPercentage": 21.039
    },
    {
      "playerOne": 15,
      "playerTwo": 37,
      "winPercentage": 81.104
    },
    {
      "playerOne": 15,
      "playerTwo": 38,
      "winPercentage": 50.917
    },
    {
      "playerOne": 15,
      "playerTwo": 39,
      "winPercentage": 84.72
    },
    {
      "playerOne": 16,
      "playerTwo": 17,
      "winPercentage": 31.746
    },
    {
      "playerOne": 16,
      "playerTwo": 18,
      "winPercentage": 20.733
    },
    {
      "playerOne": 16,
      "playerTwo": 19,
      "winPercentage": 70.769
    },
    {
      "playerOne": 16,
      "playerTwo": 20,
      "winPercentage": 88.673
    },
    {
      "playerOne": 16,
      "playerTwo": 21,
      "winPercentage": 89.009
    },
    {
      "playerOne": 16,
      "playerTwo": 22,
      "winPercentage": 71.322
    },
    {
      "playerOne": 16,
      "playerTwo": 23,
      "winPercentage": 74.265
    },
    {
      "playerOne": 16,
      "playerTwo": 24,
      "winPercentage": 43.567
    },
    {
      "playerOne": 16,
      "playerTwo": 25,
      "winPercentage": 57.826
    },
    {
      "playerOne": 16,
      "playerTwo": 26,
      "winPercentage": 75.148
    },
    {
      "playerOne": 16,
      "playerTwo": 27,
      "winPercentage": 87.19
    },
    {
      "playerOne": 16,
      "playerTwo": 28,
      "winPercentage": 57.283
    },
    {
      "playerOne": 16,
      "playerTwo": 29,
      "winPercentage": 5.607
    },
    {
      "playerOne": 16,
      "playerTwo": 30,
      "winPercentage": 27.345
    },
    {
      "playerOne": 16,
      "playerTwo": 31,
      "winPercentage": 25.517
    },
    {
      "playerOne": 16,
      "playerTwo": 32,
      "winPercentage": 96.909
    },
    {
      "playerOne": 16,
      "playerTwo": 33,
      "winPercentage": 35.465
    },
    {
      "playerOne": 16,
      "playerTwo": 34,
      "winPercentage": 34.031
    },
    {
      "playerOne": 16,
      "playerTwo": 35,
      "winPercentage": 90.858
    },
    {
      "playerOne": 16,
      "playerTwo": 36,
      "winPercentage": 8.742
    },
    {
      "playerOne": 16,
      "playerTwo": 37,
      "winPercentage": 38.022
    },
    {
      "playerOne": 16,
      "playerTwo": 38,
      "winPercentage": 1.521
    },
    {
      "playerOne": 16,
      "playerTwo": 39,
      "winPercentage": 49.407
    },
    {
      "playerOne": 17,
      "playerTwo": 18,
      "winPercentage": 34.429
    },
    {
      "playerOne": 17,
      "playerTwo": 19,
      "winPercentage": 47.092
    },
    {
      "playerOne": 17,
      "playerTwo": 20,
      "winPercentage": 2.657
    },
    {
      "playerOne": 17,
      "playerTwo": 21,
      "winPercentage": 76.19
    },
    {
      "playerOne": 17,
      "playerTwo": 22,
      "winPercentage": 88.413
    },
    {
      "playerOne": 17,
      "playerTwo": 23,
      "winPercentage": 67.531
    },
    {
      "playerOne": 17,
      "playerTwo": 24,
      "winPercentage": 98.265
    },
    {
      "playerOne": 17,
      "playerTwo": 25,
      "winPercentage": 97.229
    },
    {
      "playerOne": 17,
      "playerTwo": 26,
      "winPercentage": 25.078
    },
    {
      "playerOne": 17,
      "playerTwo": 27,
      "winPercentage": 25.271
    },
    {
      "playerOne": 17,
      "playerTwo": 28,
      "winPercentage": 93.653
    },
    {
      "playerOne": 17,
      "playerTwo": 29,
      "winPercentage": 35.927
    },
    {
      "playerOne": 17,
      "playerTwo": 30,
      "winPercentage": 59.005
    },
    {
      "playerOne": 17,
      "playerTwo": 31,
      "winPercentage": 35.535
    },
    {
      "playerOne": 17,
      "playerTwo": 32,
      "winPercentage": 96.068
    },
    {
      "playerOne": 17,
      "playerTwo": 33,
      "winPercentage": 15.703
    },
    {
      "playerOne": 17,
      "playerTwo": 34,
      "winPercentage": 74.077
    },
    {
      "playerOne": 17,
      "playerTwo": 35,
      "winPercentage": 16.683
    },
    {
      "playerOne": 17,
      "playerTwo": 36,
      "winPercentage": 53.213
    },
    {
      "playerOne": 17,
      "playerTwo": 37,
      "winPercentage": 45.612
    },
    {
      "playerOne": 17,
      "playerTwo": 38,
      "winPercentage": 83.893
    },
    {
      "playerOne": 17,
      "playerTwo": 39,
      "winPercentage": 32.758
    },
    {
      "playerOne": 18,
      "playerTwo": 19,
      "winPercentage": 67.405
    },
    {
      "playerOne": 18,
      "playerTwo": 20,
      "winPercentage": 10.724
    },
    {
      "playerOne": 18,
      "playerTwo": 21,
      "winPercentage": 29.784
    },
    {
      "playerOne": 18,
      "playerTwo": 22,
      "winPercentage": 65.48
    },
    {
      "playerOne": 18,
      "playerTwo": 23,
      "winPercentage": 61.629
    },
    {
      "playerOne": 18,
      "playerTwo": 24,
      "winPercentage": 24.968
    },
    {
      "playerOne": 18,
      "playerTwo": 25,
      "winPercentage": 92.489
    },
    {
      "playerOne": 18,
      "playerTwo": 26,
      "winPercentage": 38.616
    },
    {
      "playerOne": 18,
      "playerTwo": 27,
      "winPercentage": 24.758
    },
    {
      "playerOne": 18,
      "playerTwo": 28,
      "winPercentage": 5162.3
    },
    {
      "playerOne": 18,
      "playerTwo": 29,
      "winPercentage": 70.352
    },
    {
      "playerOne": 18,
      "playerTwo": 30,
      "winPercentage": 89.051
    },
    {
      "playerOne": 18,
      "playerTwo": 31,
      "winPercentage": 47.525
    },
    {
      "playerOne": 18,
      "playerTwo": 32,
      "winPercentage": 97.865
    },
    {
      "playerOne": 18,
      "playerTwo": 33,
      "winPercentage": 78.63
    },
    {
      "playerOne": 18,
      "playerTwo": 34,
      "winPercentage": 45.037
    },
    {
      "playerOne": 18,
      "playerTwo": 35,
      "winPercentage": 36.852
    },
    {
      "playerOne": 18,
      "playerTwo": 36,
      "winPercentage": 79.868
    },
    {
      "playerOne": 18,
      "playerTwo": 37,
      "winPercentage": 28.376
    },
    {
      "playerOne": 18,
      "playerTwo": 38,
      "winPercentage": 35.694
    },
    {
      "playerOne": 18,
      "playerTwo": 39,
      "winPercentage": 58.839
    },
    {
      "playerOne": 19,
      "playerTwo": 20,
      "winPercentage": 10.58
    },
    {
      "playerOne": 19,
      "playerTwo": 21,
      "winPercentage": 8.366
    },
    {
      "playerOne": 19,
      "playerTwo": 22,
      "winPercentage": 79.295
    },
    {
      "playerOne": 19,
      "playerTwo": 23,
      "winPercentage": 47.397
    },
    {
      "playerOne": 19,
      "playerTwo": 24,
      "winPercentage": 84.616
    },
    {
      "playerOne": 19,
      "playerTwo": 25,
      "winPercentage": 1.408
    },
    {
      "playerOne": 19,
      "playerTwo": 26,
      "winPercentage": 17.498
    },
    {
      "playerOne": 19,
      "playerTwo": 27,
      "winPercentage": 22.238
    },
    {
      "playerOne": 19,
      "playerTwo": 28,
      "winPercentage": 7.396
    },
    {
      "playerOne": 19,
      "playerTwo": 29,
      "winPercentage": 83.469
    },
    {
      "playerOne": 19,
      "playerTwo": 30,
      "winPercentage": 89.163
    },
    {
      "playerOne": 19,
      "playerTwo": 31,
      "winPercentage": 23.209
    },
    {
      "playerOne": 19,
      "playerTwo": 32,
      "winPercentage": 25.681
    },
    {
      "playerOne": 19,
      "playerTwo": 33,
      "winPercentage": 87.643
    },
    {
      "playerOne": 19,
      "playerTwo": 34,
      "winPercentage": 82.968
    },
    {
      "playerOne": 19,
      "playerTwo": 35,
      "winPercentage": 56.512
    },
    {
      "playerOne": 19,
      "playerTwo": 36,
      "winPercentage": 34.28
    },
    {
      "playerOne": 19,
      "playerTwo": 37,
      "winPercentage": 13.556
    },
    {
      "playerOne": 19,
      "playerTwo": 38,
      "winPercentage": 10.033
    },
    {
      "playerOne": 19,
      "playerTwo": 39,
      "winPercentage": 40.75
    },
    {
      "playerOne": 20,
      "playerTwo": 21,
      "winPercentage": 30.923
    },
    {
      "playerOne": 20,
      "playerTwo": 22,
      "winPercentage": 37.04
    },
    {
      "playerOne": 20,
      "playerTwo": 23,
      "winPercentage": 97.043
    },
    {
      "playerOne": 20,
      "playerTwo": 24,
      "winPercentage": 79.016
    },
    {
      "playerOne": 20,
      "playerTwo": 25,
      "winPercentage": 20.803
    },
    {
      "playerOne": 20,
      "playerTwo": 26,
      "winPercentage": 88.72
    },
    {
      "playerOne": 20,
      "playerTwo": 27,
      "winPercentage": 18.182
    },
    {
      "playerOne": 20,
      "playerTwo": 28,
      "winPercentage": 34.713
    },
    {
      "playerOne": 20,
      "playerTwo": 29,
      "winPercentage": 36.773
    },
    {
      "playerOne": 20,
      "playerTwo": 30,
      "winPercentage": 29.741
    },
    {
      "playerOne": 20,
      "playerTwo": 31,
      "winPercentage": 3.239
    },
    {
      "playerOne": 20,
      "playerTwo": 32,
      "winPercentage": 92.359
    },
    {
      "playerOne": 20,
      "playerTwo": 33,
      "winPercentage": 4.109
    },
    {
      "playerOne": 20,
      "playerTwo": 34,
      "winPercentage": 52.467
    },
    {
      "playerOne": 20,
      "playerTwo": 35,
      "winPercentage": 7.936
    },
    {
      "playerOne": 20,
      "playerTwo": 36,
      "winPercentage": 15.661
    },
    {
      "playerOne": 20,
      "playerTwo": 37,
      "winPercentage": 16.207
    },
    {
      "playerOne": 20,
      "playerTwo": 38,
      "winPercentage": 80.329
    },
    {
      "playerOne": 20,
      "playerTwo": 39,
      "winPercentage": 63.31
    },
    {
      "playerOne": 21,
      "playerTwo": 22,
      "winPercentage": 18.976
    },
    {
      "playerOne": 21,
      "playerTwo": 23,
      "winPercentage": 70.346
    },
    {
      "playerOne": 21,
      "playerTwo": 24,
      "winPercentage": 53.741
    },
    {
      "playerOne": 21,
      "playerTwo": 25,
      "winPercentage": 14.637
    },
    {
      "playerOne": 21,
      "playerTwo": 26,
      "winPercentage": 53.079
    },
    {
      "playerOne": 21,
      "playerTwo": 27,
      "winPercentage": 31.736
    },
    {
      "playerOne": 21,
      "playerTwo": 28,
      "winPercentage": 92.42
    },
    {
      "playerOne": 21,
      "playerTwo": 29,
      "winPercentage": 81.43
    },
    {
      "playerOne": 21,
      "playerTwo": 30,
      "winPercentage": 91.513
    },
    {
      "playerOne": 21,
      "playerTwo": 31,
      "winPercentage": 28.595
    },
    {
      "playerOne": 21,
      "playerTwo": 32,
      "winPercentage": 44.547
    },
    {
      "playerOne": 21,
      "playerTwo": 33,
      "winPercentage": 1.815
    },
    {
      "playerOne": 21,
      "playerTwo": 34,
      "winPercentage": 57.577
    },
    {
      "playerOne": 21,
      "playerTwo": 35,
      "winPercentage": 36.512
    },
    {
      "playerOne": 21,
      "playerTwo": 36,
      "winPercentage": 69.928
    },
    {
      "playerOne": 21,
      "playerTwo": 37,
      "winPercentage": 21.021
    },
    {
      "playerOne": 21,
      "playerTwo": 38,
      "winPercentage": 37.848
    },
    {
      "playerOne": 21,
      "playerTwo": 39,
      "winPercentage": 20.263
    },
    {
      "playerOne": 22,
      "playerTwo": 23,
      "winPercentage": 34.946
    },
    {
      "playerOne": 22,
      "playerTwo": 24,
      "winPercentage": 27.097
    },
    {
      "playerOne": 22,
      "playerTwo": 25,
      "winPercentage": 4.775
    },
    {
      "playerOne": 22,
      "playerTwo": 26,
      "winPercentage": 84.128
    },
    {
      "playerOne": 22,
      "playerTwo": 27,
      "winPercentage": 1687.1
    },
    {
      "playerOne": 22,
      "playerTwo": 28,
      "winPercentage": 97.312
    },
    {
      "playerOne": 22,
      "playerTwo": 29,
      "winPercentage": 31.077
    },
    {
      "playerOne": 22,
      "playerTwo": 30,
      "winPercentage": 61.93
    },
    {
      "playerOne": 22,
      "playerTwo": 31,
      "winPercentage": 51.903
    },
    {
      "playerOne": 22,
      "playerTwo": 32,
      "winPercentage": 21.242
    },
    {
      "playerOne": 22,
      "playerTwo": 33,
      "winPercentage": 21.906
    },
    {
      "playerOne": 22,
      "playerTwo": 34,
      "winPercentage": 51.644
    },
    {
      "playerOne": 22,
      "playerTwo": 35,
      "winPercentage": 60.213
    },
    {
      "playerOne": 22,
      "playerTwo": 36,
      "winPercentage": 95.834
    },
    {
      "playerOne": 22,
      "playerTwo": 37,
      "winPercentage": 56.704
    },
    {
      "playerOne": 22,
      "playerTwo": 38,
      "winPercentage": 75.762
    },
    {
      "playerOne": 22,
      "playerTwo": 39,
      "winPercentage": 42.043
    },
    {
      "playerOne": 23,
      "playerTwo": 24,
      "winPercentage": 79.107
    },
    {
      "playerOne": 23,
      "playerTwo": 25,
      "winPercentage": 34.674
    },
    {
      "playerOne": 23,
      "playerTwo": 26,
      "winPercentage": 4.805
    },
    {
      "playerOne": 23,
      "playerTwo": 27,
      "winPercentage": 60.832
    },
    {
      "playerOne": 23,
      "playerTwo": 28,
      "winPercentage": 99.691
    },
    {
      "playerOne": 23,
      "playerTwo": 29,
      "winPercentage": 39.775
    },
    {
      "playerOne": 23,
      "playerTwo": 30,
      "winPercentage": 22.137
    },
    {
      "playerOne": 23,
      "playerTwo": 31,
      "winPercentage": 13.404
    },
    {
      "playerOne": 23,
      "playerTwo": 32,
      "winPercentage": 66.619
    },
    {
      "playerOne": 23,
      "playerTwo": 33,
      "winPercentage": 45.572
    },
    {
      "playerOne": 23,
      "playerTwo": 34,
      "winPercentage": 31.544
    },
    {
      "playerOne": 23,
      "playerTwo": 35,
      "winPercentage": 92.253
    },
    {
      "playerOne": 23,
      "playerTwo": 36,
      "winPercentage": 94.292
    },
    {
      "playerOne": 23,
      "playerTwo": 37,
      "winPercentage": 2.966
    },
    {
      "playerOne": 23,
      "playerTwo": 38,
      "winPercentage": 29.021
    },
    {
      "playerOne": 23,
      "playerTwo": 39,
      "winPercentage": 38.112
    },
    {
      "playerOne": 24,
      "playerTwo": 25,
      "winPercentage": 27.317
    },
    {
      "playerOne": 24,
      "playerTwo": 26,
      "winPercentage": 23.156
    },
    {
      "playerOne": 24,
      "playerTwo": 27,
      "winPercentage": 15.156
    },
    {
      "playerOne": 24,
      "playerTwo": 28,
      "winPercentage": 19.812
    },
    {
      "playerOne": 24,
      "playerTwo": 29,
      "winPercentage": 64.281
    },
    {
      "playerOne": 24,
      "playerTwo": 30,
      "winPercentage": 83.447
    },
    {
      "playerOne": 24,
      "playerTwo": 31,
      "winPercentage": 37.871
    },
    {
      "playerOne": 24,
      "playerTwo": 32,
      "winPercentage": 22.749
    },
    {
      "playerOne": 24,
      "playerTwo": 33,
      "winPercentage": 10.124
    },
    {
      "playerOne": 24,
      "playerTwo": 34,
      "winPercentage": 87.387
    },
    {
      "playerOne": 24,
      "playerTwo": 35,
      "winPercentage": 44.195
    },
    {
      "playerOne": 24,
      "playerTwo": 36,
      "winPercentage": 29.21
    },
    {
      "playerOne": 24,
      "playerTwo": 37,
      "winPercentage": 53.026
    },
    {
      "playerOne": 24,
      "playerTwo": 38,
      "winPercentage": 12.987
    },
    {
      "playerOne": 24,
      "playerTwo": 39,
      "winPercentage": 25.798
    },
    {
      "playerOne": 25,
      "playerTwo": 26,
      "winPercentage": 38.135
    },
    {
      "playerOne": 25,
      "playerTwo": 27,
      "winPercentage": 91.455
    },
    {
      "playerOne": 25,
      "playerTwo": 28,
      "winPercentage": 19.556
    },
    {
      "playerOne": 25,
      "playerTwo": 29,
      "winPercentage": 28.837
    },
    {
      "playerOne": 25,
      "playerTwo": 30,
      "winPercentage": 61.001
    },
    {
      "playerOne": 25,
      "playerTwo": 31,
      "winPercentage": 8.385
    },
    {
      "playerOne": 25,
      "playerTwo": 32,
      "winPercentage": 54.593
    },
    {
      "playerOne": 25,
      "playerTwo": 33,
      "winPercentage": 69.427
    },
    {
      "playerOne": 25,
      "playerTwo": 34,
      "winPercentage": 62.819
    },
    {
      "playerOne": 25,
      "playerTwo": 35,
      "winPercentage": 93.84
    },
    {
      "playerOne": 25,
      "playerTwo": 36,
      "winPercentage": 46.878
    },
    {
      "playerOne": 25,
      "playerTwo": 37,
      "winPercentage": 79.055
    },
    {
      "playerOne": 25,
      "playerTwo": 38,
      "winPercentage": 22.23
    },
    {
      "playerOne": 25,
      "playerTwo": 39,
      "winPercentage": 96.852
    },
    {
      "playerOne": 26,
      "playerTwo": 27,
      "winPercentage": 54.673
    },
    {
      "playerOne": 26,
      "playerTwo": 28,
      "winPercentage": 9.058
    },
    {
      "playerOne": 26,
      "playerTwo": 29,
      "winPercentage": 55.437
    },
    {
      "playerOne": 26,
      "playerTwo": 30,
      "winPercentage": 44.054
    },
    {
      "playerOne": 26,
      "playerTwo": 31,
      "winPercentage": 78.31
    },
    {
      "playerOne": 26,
      "playerTwo": 32,
      "winPercentage": 33.184
    },
    {
      "playerOne": 26,
      "playerTwo": 33,
      "winPercentage": 6.032
    },
    {
      "playerOne": 26,
      "playerTwo": 34,
      "winPercentage": 4.628
    },
    {
      "playerOne": 26,
      "playerTwo": 35,
      "winPercentage": 73.903
    },
    {
      "playerOne": 26,
      "playerTwo": 36,
      "winPercentage": 24.824
    },
    {
      "playerOne": 26,
      "playerTwo": 37,
      "winPercentage": 49.492
    },
    {
      "playerOne": 26,
      "playerTwo": 38,
      "winPercentage": 72.983
    },
    {
      "playerOne": 26,
      "playerTwo": 39,
      "winPercentage": 50.612
    },
    {
      "playerOne": 27,
      "playerTwo": 28,
      "winPercentage": 35.625
    },
    {
      "playerOne": 27,
      "playerTwo": 29,
      "winPercentage": 86.478
    },
    {
      "playerOne": 27,
      "playerTwo": 30,
      "winPercentage": 40.674
    },
    {
      "playerOne": 27,
      "playerTwo": 31,
      "winPercentage": 21.305
    },
    {
      "playerOne": 27,
      "playerTwo": 32,
      "winPercentage": 35.472
    },
    {
      "playerOne": 27,
      "playerTwo": 33,
      "winPercentage": 28.843
    },
    {
      "playerOne": 27,
      "playerTwo": 34,
      "winPercentage": 63.421
    },
    {
      "playerOne": 27,
      "playerTwo": 35,
      "winPercentage": 96.299
    },
    {
      "playerOne": 27,
      "playerTwo": 36,
      "winPercentage": 24.084
    },
    {
      "playerOne": 27,
      "playerTwo": 37,
      "winPercentage": 40.775
    },
    {
      "playerOne": 27,
      "playerTwo": 38,
      "winPercentage": 37.523
    },
    {
      "playerOne": 27,
      "playerTwo": 39,
      "winPercentage": 28.207
    },
    {
      "playerOne": 28,
      "playerTwo": 29,
      "winPercentage": 65.591
    },
    {
      "playerOne": 28,
      "playerTwo": 30,
      "winPercentage": 83.879
    },
    {
      "playerOne": 28,
      "playerTwo": 31,
      "winPercentage": 40.835
    },
    {
      "playerOne": 28,
      "playerTwo": 32,
      "winPercentage": 58.39
    },
    {
      "playerOne": 28,
      "playerTwo": 33,
      "winPercentage": 68.24
    },
    {
      "playerOne": 28,
      "playerTwo": 34,
      "winPercentage": 76.93
    },
    {
      "playerOne": 28,
      "playerTwo": 35,
      "winPercentage": 70.494
    },
    {
      "playerOne": 28,
      "playerTwo": 36,
      "winPercentage": 64.333
    },
    {
      "playerOne": 28,
      "playerTwo": 37,
      "winPercentage": 39.657
    },
    {
      "playerOne": 28,
      "playerTwo": 38,
      "winPercentage": 80.705
    },
    {
      "playerOne": 28,
      "playerTwo": 39,
      "winPercentage": 47.719
    },
    {
      "playerOne": 29,
      "playerTwo": 30,
      "winPercentage": 98.009
    },
    {
      "playerOne": 29,
      "playerTwo": 31,
      "winPercentage": 20.562
    },
    {
      "playerOne": 29,
      "playerTwo": 32,
      "winPercentage": 23.136
    },
    {
      "playerOne": 29,
      "playerTwo": 33,
      "winPercentage": 16.784
    },
    {
      "playerOne": 29,
      "playerTwo": 34,
      "winPercentage": 29.45
    },
    {
      "playerOne": 29,
      "playerTwo": 35,
      "winPercentage": 55.699
    },
    {
      "playerOne": 29,
      "playerTwo": 36,
      "winPercentage": 87.298
    },
    {
      "playerOne": 29,
      "playerTwo": 37,
      "winPercentage": 57.952
    },
    {
      "playerOne": 29,
      "playerTwo": 38,
      "winPercentage": 21.184
    },
    {
      "playerOne": 29,
      "playerTwo": 39,
      "winPercentage": 31.455
    },
    {
      "playerOne": 30,
      "playerTwo": 31,
      "winPercentage": 99.197
    },
    {
      "playerOne": 30,
      "playerTwo": 32,
      "winPercentage": 30.845
    },
    {
      "playerOne": 30,
      "playerTwo": 33,
      "winPercentage": 78.844
    },
    {
      "playerOne": 30,
      "playerTwo": 34,
      "winPercentage": 86.027
    },
    {
      "playerOne": 30,
      "playerTwo": 35,
      "winPercentage": 10.637
    },
    {
      "playerOne": 30,
      "playerTwo": 36,
      "winPercentage": 74.696
    },
    {
      "playerOne": 30,
      "playerTwo": 37,
      "winPercentage": 58.004
    },
    {
      "playerOne": 30,
      "playerTwo": 38,
      "winPercentage": 28.568
    },
    {
      "playerOne": 30,
      "playerTwo": 39,
      "winPercentage": 63.559
    },
    {
      "playerOne": 31,
      "playerTwo": 32,
      "winPercentage": 78.211
    },
    {
      "playerOne": 31,
      "playerTwo": 33,
      "winPercentage": 40.262
    },
    {
      "playerOne": 31,
      "playerTwo": 34,
      "winPercentage": 70.782
    },
    {
      "playerOne": 31,
      "playerTwo": 35,
      "winPercentage": 80.918
    },
    {
      "playerOne": 31,
      "playerTwo": 36,
      "winPercentage": 3.716
    },
    {
      "playerOne": 31,
      "playerTwo": 37,
      "winPercentage": 21.006
    },
    {
      "playerOne": 31,
      "playerTwo": 38,
      "winPercentage": 1764.2
    },
    {
      "playerOne": 31,
      "playerTwo": 39,
      "winPercentage": 43.56
    },
    {
      "playerOne": 32,
      "playerTwo": 33,
      "winPercentage": 29.77
    },
    {
      "playerOne": 32,
      "playerTwo": 34,
      "winPercentage": 55.759
    },
    {
      "playerOne": 32,
      "playerTwo": 35,
      "winPercentage": 1.342
    },
    {
      "playerOne": 32,
      "playerTwo": 36,
      "winPercentage": 54.775
    },
    {
      "playerOne": 32,
      "playerTwo": 37,
      "winPercentage": 36.838
    },
    {
      "playerOne": 32,
      "playerTwo": 38,
      "winPercentage": 52.559
    },
    {
      "playerOne": 32,
      "playerTwo": 39,
      "winPercentage": 23.721
    },
    {
      "playerOne": 33,
      "playerTwo": 34,
      "winPercentage": 68.984
    },
    {
      "playerOne": 33,
      "playerTwo": 35,
      "winPercentage": 56.707
    },
    {
      "playerOne": 33,
      "playerTwo": 36,
      "winPercentage": 64.744
    },
    {
      "playerOne": 33,
      "playerTwo": 37,
      "winPercentage": 23.681
    },
    {
      "playerOne": 33,
      "playerTwo": 38,
      "winPercentage": 16.332
    },
    {
      "playerOne": 33,
      "playerTwo": 39,
      "winPercentage": 4.38
    },
    {
      "playerOne": 34,
      "playerTwo": 35,
      "winPercentage": 18.312
    },
    {
      "playerOne": 34,
      "playerTwo": 36,
      "winPercentage": 71.594
    },
    {
      "playerOne": 34,
      "playerTwo": 37,
      "winPercentage": 99.586
    },
    {
      "playerOne": 34,
      "playerTwo": 38,
      "winPercentage": 72.935
    },
    {
      "playerOne": 34,
      "playerTwo": 39,
      "winPercentage": 6.411
    },
    {
      "playerOne": 35,
      "playerTwo": 36,
      "winPercentage": 15.948
    },
    {
      "playerOne": 35,
      "playerTwo": 37,
      "winPercentage": 29.886
    },
    {
      "playerOne": 35,
      "playerTwo": 38,
      "winPercentage": 55.857
    },
    {
      "playerOne": 35,
      "playerTwo": 39,
      "winPercentage": 95.325
    },
    {
      "playerOne": 36,
      "playerTwo": 37,
      "winPercentage": 69.977
    },
    {
      "playerOne": 36,
      "playerTwo": 38,
      "winPercentage": 84.673
    },
    {
      "playerOne": 36,
      "playerTwo": 39,
      "winPercentage": 52.634
    },
    {
      "playerOne": 37,
      "playerTwo": 38,
      "winPercentage": 49.849
    },
    {
      "playerOne": 37,
      "playerTwo": 39,
      "winPercentage": 6.877
    },
    {
      "playerOne": 38,
      "playerTwo": 39,
      "winPercentage": 21.547
    }
  ]
}