{
  "metadata": {
    "numPlayers": 40
  },
  "teamStats": [
    {
      "playerOne": 0,
      "playerTwo": 1,
      "winPercentage": 35.374
    },
    {
      "playerOne": 0,
      "playerTwo": 2,
      "winPercentage": 37.956
    },
    {
      "playerOne": 0,
      "playerTwo": 3,
      "winPercentage": 10.799
    },
    {
      "playerOne": 0,
      "playerTwo": 4,
      "winPercentage": 85.743
    },
    {
      "playerOne": 0,
      "playerTwo": 5,
      "winPercentage": 83.393
    },
    {
      "playerOne": 0,
      "playerTwo": 6,
      "winPercentage": 13.812
    },
    {
      "playerOne": 0,
      "playerTwo": 7,
      "winPercentage": 73.181
    },
    {
      "playerOne": 0,
      "playerTwo": 8,
      "winPercentage": 45.693
    },
    {
      "playerOne": 0,
      "playerTwo": 9,
      "winPercentage": 36.083
    },
    {
      "playerOne": 0,
      "playerTwo": 10,
      "winPercentage": 2.905
    },
    {
      "playerOne": 0,
      "playerTwo": 11,
      "winPercentage": 32.375
    },
    {
      "playerOne": 0,
      "playerTwo": 12,
      "winPercentage": 76.45
    },
    {
      "playerOne": 0,
      "playerTwo": 13,
      "winPercentage": 44.966
    },
    {
      "playerOne": 0,
      "playerTwo": 14,
      "winPercentage": 77.282
    },
    {
      "playerOne": 0,
      "playerTwo": 15,
      "winPercentage": 71.226
    },
    {
      "playerOne": 0,
      "playerTwo": 16,
      "winPercentage": 53.445
    },
    {
      "playerOne": 0,
      "playerTwo": 17,
      "winPercentage": 92.36
    },
    {
      "playerOne": 0,
      "playerTwo": 18,
      "winPercentage": 26.026
    },
    {
      "playerOne": 0,
      "playerTwo": 19,
      "winPercentage": 83.004
    },
    {
      "playerOne": 0,
      "playerTwo": 20,
      "winPercentage": 97.281
    },
    {
      "playerOne": 0,
      "playerTwo": 21,
      "winPercentage": 47.66
    },
    {
      "playerOne": 0,
      "playerTwo": 22,
      "winPercentage": 31.545
    },
    {
      "playerOne": 0,
      "playerTwo": 23,
      "winPercentage": 48.763
    },
    {
      "playerOne": 0,
      "playerTwo": 24,
      "winPercentage": 61.182
    },
    {
      "playerOne": 0,
      "playerTwo": 25,
      "winPercentage": 68.037
    },
    {
      "playerOne": 0,
      "playerTwo": 26,
      "winPercentage": 17.255
    },
    {
      "playerOne": 0,
      "playerTwo": 27,
      "winPercentage": 32.53
    },
    {
      "playerOne": 0,
      "playerTwo": 28,
      "winPercentage": 32.997
    },
    {
      "playerOne": 0,
      "playerTwo": 29,
      "winPercentage": 62.017
    },
    {
      "playerOne": 0,
      "playerTwo": 30,
      "winPercentage": 23.791
    },
    {
      "playerOne": 0,
      "playerTwo": 31,
      "winPercentage": 50.879
    },
    {
      "playerOne": 0,
      "playerTwo": 32,
      "winPercentage": 32.86
    },
    {
      "playerOne": 0,
      "playerTwo": 33,
      "winPercentage": 40.759
    },
    {
      "playerOne": 0,
      "playerTwo": 34,
      "winPercentage": 90.484
    },
    {
      "playerOne": 0,
      "playerTwo": 35,
      "winPercentage": 57.513
    },
    {
      "playerOne": 0,
      "playerTwo": 36,
      "winPercentage": 92.027
    },
    {
      "playerOne": 0,
      "playerTwo": 37,
      "winPercentage": 87.999
    },
    {
      "playerOne": 0,
      "playerTwo": 38,
      "winPercentage": 10.035
    },
    {
      "playerOne": 0,
      "playerTwo": 39,
      "winPercentage": 52.121
    },
    {
      "playerOne": 1,
      "playerTwo": 2,
      "winPercentage": 41.996
    },
    {
      "playerOne": 1,
      "playerTwo": 3,
      "winPercentage": 41.728
    },
    {
      "playerOne": 1,
      "playerTwo": 4,
      "winPercentage": 40.775
    },
    {
      "playerOne": 1,
      "playerTwo": 5,
      "winPercentage": 3.21
    },
    {
      "playerOne": 1,
      "playerTwo": 6,
      "winPercentage": 44.441
    },
    {
      "playerOne": 1,
      "playerTwo": 7,
      "winPercentage": 59.534
    },
    {
      "playerOne": 1,
      "playerTwo": 8,
      "winPercentage": 65.126
    },
    {
      "playerOne": 1,
      "playerTwo": 9,
      "winPercentage": 2.486
    },
    {
      "playerOne": 1,
      "playerTwo": 10,
      "winPercentage": 49.915
    },
    {
      "playerOne": 1,
      "playerTwo": 11,
      "winPercentage": 90.157
    },
    {
      "playerOne": 1,
      "playerTwo": 12,
      "winPercentage": 90.54
    },
    {
      "playerOne": 1,
      "playerTwo": 13,
      "winPercentage": 97.567
    },
    {
      "playerOne": 1,
      "playerTwo": 14,
      "winPercentage": 54.458
    },
    {
      "playerOne": 1,
      "playerTwo": 15,
      "winPercentage": 74.28
    },
    {
      "playerOne": 1,
      "playerTwo": 16,
      "winPercentage": 69.199
    },
    {
      "playerOne": 1,
      "playerTwo": 17,
      "winPercentage": 27.448
    },
    {
      "playerOne": 1,
      "playerTwo": 18,
      "winPercentage": 57.871
    },
    {
      "playerOne": 1,
      "playerTwo": 19,
      "winPercentage": 80.282
    },
    {
      "playerOne": 1,
      "playerTwo": 20,
      "winPercentage": 31.705
    },
    {
      "playerOne": 1,
      "playerTwo": 21,
      "winPercentage": 61.847
    },
    {
      "playerOne": 1,
      "playerTwo": 22,
      "winPercentage": 46.493
    },
    {
      "playerOne": 1,
      "playerTwo": 23,
      "winPercentage": 70.741
    },
    {
      "playerOne": 1,
      "playerTwo": 24,
      "winPercentage": 59.462
    },
    {
      "playerOne": 1,
      "playerTwo": 25,
      "winPercentage": 21.749
    },
    {
      "playerOne": 1,
      "playerTwo": 26,
      "winPercentage": 14.106
    },
    {
      "playerOne": 1,
      "playerTwo": 27,
      "winPercentage": 82.922
    },
    {
      "playerOne": 1,
      "playerTwo": 28,
      "winPercentage": 95.064
    },
    {
      "playerOne": 1,
      "playerTwo": 29,
      "winPercentage": 43.613
    },
    {
      "playerOne": 1,
      "playerTwo": 30,
      "winPercentage": 91.964
    },
    {
      "playerOne": 1,
      "playerTwo": 31,
      "winPercentage": 84.315
    },
    {
      "playerOne": 1,
      "playerTwo": 32,
      "winPercentage": 44.45
    },
    {
      "playerOne": 1,
      "playerTwo": 33,
      "winPercentage": 29.959
    },
    {
      "playerOne": 1,
      "playerTwo": 34,
      "winPercentage": 98.22
    },
    {
      "playerOne": 1,
      "playerTwo": 35,
      "winPercentage": 49.626
    },
    {
      "playerOne": 1,
      "playerTwo": 36,
      "winPercentage": 53.727
    },
    {
      "playerOne": 1,
      "playerTwo": 37,
      "winPercentage": 52.923
    },
    {
      "playerOne": 1,
      "playerTwo": 38,
      "winPercentage": 92.371
    },
    {
      "playerOne": 1,
      "playerTwo": 39,
      "winPercentage": 89.962
    },
    {
      "playerOne": 2,
      "playerTwo": 3,
      "winPercentage": 74.36
    },
    {
      "playerOne": 2,
      "playerTwo": 4,
      "winPercentage": 40.737
    },
    {
      "playerOne": 2,
      "playerTwo": 5,
      "winPercentage": 60.159
    },
    {
      "playerOne": 2,
      "playerTwo": 6,
      "winPercentage": 49.717
    },
    {
      "playerOne": 2,
      "playerTwo": 7,
      "winPercentage": 40.525
    },
    {
      "playerOne": 2,
      "playerTwo": 8,
      "winPercentage": 22.854
    },
    {
      "playerOne": 2,
      "playerTwo": 9,
      "winPercentage": 89.77
    },
    {
      "playerOne": 2,
      "playerTwo": 10,
      "winPercentage": 69.269
    },
    {
      "playerOne": 2,
      "playerTwo": 11,
      "winPercentage": 66.139
    },
    {
      "playerOne": 2,
      "playerTwo": 12,
      "winPercentage": 56.075
    },
    {
      "playerOne": 2,
      "playerTwo": 13,
      "winPercentage": 89.425
    },
    {
      "playerOne": 2,
      "playerTwo": 14,
      "winPercentage": 15.597
    },
    {
      "playerOne": 2,
      "playerTwo": 15,
      "winPercentage": 23.088
    },
    {
      "playerOne": 2,
      "playerTwo": 16,
      "winPercentage": 53.07
    },
    {
      "playerOne": 2,
      "playerTwo": 17,
      "winPercentage": 24.351
    },
    {
      "playerOne": 2,
      "playerTwo": 18,
      "winPercentage": 75.037
    },
    {
      "playerOne": 2,
      "playerTwo": 19,
      "winPercentage": 34.026
    },
    {
      "playerOne": 2,
      "playerTwo": 20,
      "winPercentage": 37.849
    },
    {
      "playerOne": 2,
      "playerTwo": 21,
      "winPercentage": 99.048
    },
    {
      "playerOne": 2,
      "playerTwo": 22,
      "winPercentage": 78.173
    },
    {
      "playerOne": 2,
      "playerTwo": 23,
      "winPercentage": 87.853
    },
    {
      "playerOne": 2,
      "playerTwo": 24,
      "winPercentage": 2.375
    },
    {
      "playerOne": 2,
      "playerTwo": 25,
      "winPercentage": 36.876
    },
    {
      "playerOne": 2,
      "playerTwo": 26,
      "winPercentage": 48.304
    },
    {
      "playerOne": 2,
      "playerTwo": 27,
      "winPercentage": 70.993
    },
    {
      "playerOne": 2,
      "playerTwo": 28,
      "winPercentage": 21.877
    },
    {
      "playerOne": 2,
      "playerTwo": 29,
      "winPercentage": 29.206
    },
    {
      "playerOne": 2,
      "playerTwo": 30,
      "winPercentage": 41.922
    },
    {
      "playerOne": 2,
      "playerTwo": 31,
      "winPercentage": 62.412
    },
    {
      "playerOne": 2,
      "playerTwo": 32,
      "winPercentage": 91.051
    },
    {
      "playerOne": 2,
      "playerTwo": 33,
      "winPercentage": 13.264
    },
    {
      "playerOne": 2,
      "playerTwo": 34,
      "winPercentage": 1.327
    },
    {
      "playerOne": 2,
      "playerTwo": 35,
      "winPercentage": 15.242
    },
    {
      "playerOne": 2,
      "playerTwo": 36,
      "winPercentage": 53.099
    },
    {
      "playerOne": 2,
      "playerTwo": 37,
      "winPercentage": 45.452
    },
    {
      "playerOne": 2,
      "playerTwo": 38,
      "winPercentage": 26.902
    },
    {
      "playerOne": 2,
      "playerTwo": 39,
      "winPercentage": 12.751
    },
    {
      "playerOne": 3,
      "playerTwo": 4,
      "winPercentage": 17.841
    },
    {
      "playerOne": 3,
      "playerTwo": 5,
      "winPercentage": 41.821
    },
    {
      "playerOne": 3,
      "playerTwo": 6,
      "winPercentage": 74.332
    },
    {
      "playerOne": 3,
      "playerTwo": 7,
      "winPercentage": 46.767
    },
    {
      "playerOne": 3,
      "playerTwo": 8,
      "winPercentage": 64.429
    },
    {
      "playerOne": 3,
      "playerTwo": 9,
      "winPercentage": 25.14
    },
    {
      "playerOne": 3,
      "playerTwo": 10,
      "winPercentage": 9.604
    },
    {
      "playerOne": 3,
      "playerTwo": 11,
      "winPercentage": 34.826
    },
    {
      "playerOne": 3,
      "playerTwo": 12,
      "winPercentage": 46.527
    },
    {
      "playerOne": 3,
      "playerTwo": 13,
      "winPercentage": 32.947
    },
    {
      "playerOne": 3,
      "playerTwo": 14,
      "winPercentage": 69.725
    },
    {
      "playerOne": 3,
      "playerTwo": 15,
      "winPercentage": 7.925
    },
    {
      "playerOne": 3,
      "playerTwo": 16,
      "winPercentage": 43.782
    },
    {
      "playerOne": 3,
      "playerTwo": 17,
      "winPercentage": 44.056
    },
    {
      "playerOne": 3,
      "playerTwo": 18,
      "winPercentage": 12.78
    },
    {
      "playerOne": 3,
      "playerTwo": 19,
      "winPercentage": 82.401
    },
    {
      "playerOne": 3,
      "playerTwo": 20,
      "winPercentage": 88.071
    },
    {
      "playerOne": 3,
      "playerTwo": 21,
      "winPercentage": 75.524
    },
    {
      "playerOne": 3,
      "playerTwo": 22,
      "winPercentage": 45.036
    },
    {
      "playerOne": 3,
      "playerTwo": 23,
      "winPercentage": 69.471
    },
    {
      "playerOne": 3,
      "playerTwo": 24,
      "winPercentage": 46.974
    },
    {
      "playerOne": 3,
      "playerTwo": 25,
      "winPercentage": 20.813
    },
    {
      "playerOne": 3,
      "playerTwo": 26,
      "winPercentage": 22.77
    },
    {
      "playerOne": 3,
      "playerTwo": 27,
      "winPercentage": 33.301
    },
    {
      "playerOne": 3,
      "playerTwo": 28,
      "winPercentage": 82.754
    },
    {
      "playerOne": 3,
      "playerTwo": 29,
      "winPercentage": 54.005
    },
    {
      "playerOne": 3,
      "playerTwo": 30,
      "winPercentage": 12.584
    },
    {
      "playerOne": 3,
      "playerTwo": 31,
      "winPercentage": 66.34
    },
    {
      "playerOne": 3,
      "playerTwo": 32,
      "winPercentage": 15.686
    },
    {
      "playerOne": 3,
      "playerTwo": 33,
      "winPercentage": 86.467
    },
    {
      "playerOne": 3,
      "playerTwo": 34,
      "winPercentage": 59.912
    },
    {
      "playerOne": 3,
      "playerTwo": 35,
      "winPercentage": 82.235
    },
    {
      "playerOne": 3,
      "playerTwo": 36,
      "winPercentage": 62.008
    },
    {
      "playerOne": 3,
      "playerTwo": 37,
      "winPercentage": 21.391
    },
    {
      "playerOne": 3,
      "playerTwo": 38,
      "winPercentage": 56.791
    },
    {
      "playerOne": 3,
      "playerTwo": 39,
      "winPercentage": 21.24
    },
    {
      "playerOne": 4,
      "playerTwo": 5,
      "winPercentage": 3.772
    },
    {
      "playerOne": 4,
      "playerTwo": 6,
      "winPercentage": 22.716
    },
    {
      "playerOne": 4,
      "playerTwo": 7,
      "winPercentage": 47.736
    },
    {
      "playerOne": 4,
      "playerTwo": 8,
      "winPercentage": 24.164
    },
    {
      "playerOne": 4,
      "playerTwo": 9,
      "winPercentage": 85.673
    },
    {
      "playerOne": 4,
      "playerTwo": 10,
      "winPercentage": 36.499
    },
    {
      "playerOne": 4,
      "playerTwo": 11,
      "winPercentage": 86.154
    },
    {
      "playerOne": 4,
      "playerTwo": 12,
      "winPercentage": 44.631
    },
    {
      "playerOne": 4,
      "playerTwo": 13,
      "winPercentage": 53.416
    },
    {
      "playerOne": 4,
      "playerTwo": 14,
      "winPercentage": 53.881
    },
    {
      "playerOne": 4,
      "playerTwo": 15,
      "winPercentage": 78.416
    },
    {
      "playerOne": 4,
      "playerTwo": 16,
      "winPercentage": 94.452
    },
    {
      "playerOne": 4,
      "playerTwo": 17,
      "winPercentage": 32.595
    },
    {
      "playerOne": 4,
      "playerTwo": 18,
      "winPercentage": 43.595
    },
    {
      "playerOne": 4,
      "playerTwo": 19,
      "winPercentage": 2.483
    },
    {
      "playerOne": 4,
      "playerTwo": 20,
      "winPercentage": 42.427
    },
    {
      "playerOne": 4,
      "playerTwo": 21,
      "winPercentage": 81.728
    },
    {
      "playerOne": 4,
      "playerTwo": 22,
      "winPercentage": 58.034
    },
    {
      "playerOne": 4,
      "playerTwo": 23,
      "winPercentage": 20.059
    },
    {
      "playerOne": 4,
      "playerTwo": 24,
      "winPercentage": 72.066
    },
    {
      "playerOne": 4,
      "playerTwo": 25,
      "winPercentage": 51.442
    },
    {
      "playerOne": 4,
      "playerTwo": 26,
      "winPercentage": 36.299
    },
    {
      "playerOne": 4,
      "playerTwo": 27,
      "winPercentage": 92.635
    },
    {
      "playerOne": 4,
      "playerTwo": 28,
      "winPercentage": 92.257
    },
    {
      "playerOne": 4,
      "playerTwo": 29,
      "winPercentage": 25.401
    },
    {
      "playerOne": 4,
      "playerTwo": 30,
      "winPercentage": 37.242
    },
    {
      "playerOne": 4,
      "playerTwo": 31,
      "winPercentage": 39.734
    },
    {
      "playerOne": 4,
      "playerTwo": 32,
      "winPercentage": 78.454
    },
    {
      "playerOne": 4,
      "playerTwo": 33,
      "winPercentage": 17.745
    },
    {
      "playerOne": 4,
      "playerTwo": 34,
      "winPercentage": 56.237
    },
    {
      "playerOne": 4,
      "playerTwo": 35,
      "winPercentage": 20.767
    },
    {
      "playerOne": 4,
      "playerTwo": 36,
      "winPercentage": 52.663
    },
    {
      "playerOne": 4,
      "playerTwo": 37,
      "winPercentage": 47.425
    },
    {
      "playerOne": 4,
      "playerTwo": 38,
      "winPercentage": 98.588
    },
    {
      "playerOne": 4,
      "playerTwo": 39,
      "winPercentage": 21.106
    },
    {
      "playerOne": 5,
      "playerTwo": 6,
      "winPercentage": 8166.4
    },
    {
      "playerOne": 5,
      "playerTwo": 7,
      "winPercentage": 39.834
    },
    {
      "playerOne": 5,
      "playerTwo": 8,
      "winPercentage": 21.425
    },
    {
      "playerOne": 5,
      "playerTwo": 9,
      "winPercentage": 89.066
    },
    {
      "playerOne": 5,
      "playerTwo": 10,
      "winPercentage": 17.843
    },
    {
      "playerOne": 5,
      "playerTwo": 11,
      "winPercentage": 38.507
    },
    {
      "playerOne": 5,
      "playerTwo": 12,
      "winPercentage": 31.311
    },
    {
      "playerOne": 5,
      "playerTwo": 13,
      "winPercentage": 5.364
    },
    {
      "playerOne": 5,
      "playerTwo": 14,
      "winPercentage": 23.199
    },
    {
      "playerOne": 5,
      "playerTwo": 15,
      "winPercentage": 52.786
    },
    {
      "playerOne": 5,
      "playerTwo": 16,
      "winPercentage": 9.238
    },
    {
      "playerOne": 5,
      "playerTwo": 17,
      "winPercentage": 9.92
    },
    {
      "playerOne": 5,
      "playerTwo": 18,
      "winPercentage": 40.136
    },
    {
      "playerOne": 5,
      "playerTwo": 19,
      "winPercentage": 71.418
    },
    {
      "playerOne": 5,
      "playerTwo": 20,
      "winPercentage": 22.806
    },
    {
      "playerOne": 5,
      "playerTwo": 21,
      "winPercentage": 37.216
    },
    {
      "playerOne": 5,
      "playerTwo": 22,
      "winPercentage": 18.078
    },
    {
      "playerOne": 5,
      "playerTwo": 23,
      "winPercentage": 79.686
    },
    {
      "playerOne": 5,
      "playerTwo": 24,
      "winPercentage": 17.652
    },
    {
      "playerOne": 5,
      "playerTwo": 25,
      "winPercentage": 36.6
    },
    {
      "playerOne": 5,
      "playerTwo": 26,
      "winPercentage": 89.136
    },
    {
      "playerOne": 5,
      "playerTwo": 27,
      "winPercentage": 1.082
    },
    {
      "playerOne": 5,
      "playerTwo": 28,
      "winPercentage": 67.034
    },
    {
      "playerOne": 5,
      "playerTwo": 29,
      "winPercentage": 59.688
    },
    {
      "playerOne": 5,
      "playerTwo": 30,
      "winPercentage": 31.205
    },
    {
      "playerOne": 5,
      "playerTwo": 31,
      "winPercentage": 53.459
    },
    {
      "playerOne": 5,
      "playerTwo": 32,
      "winPercentage": 55.323
    },
    {
      "playerOne": 5,
      "playerTwo": 33,
      "winPercentage": 55.63
    },
    {
      "playerOne": 5,
      "playerTwo": 34,
      "winPercentage": 99.083
    },
    {
      "playerOne": 5,
      "playerTwo": 35,
      "winPercentage": 52.402
    },
    {
      "playerOne": 5,
      "playerTwo": 36,
      "winPercentage": 88.836
    },
    {
      "playerOne": 5,
      "playerTwo": 37,
      "winPercentage": 76.098
    },
    {
      "playerOne": 5,
      "playerTwo": 38,
      "winPercentage": 47.962
    },
    {
      "playerOne": 5,
      "playerTwo": 39,
      "winPercentage": 71.855
    },
    {
      "playerOne": 6,
      "playerTwo": 7,
      "winPercentage": 55.71
    },
    {
      "playerOne": 6,
      "playerTwo": 8,
      "winPercentage": 51.881
    },
    {
      "playerOne": 6,
      "playerTwo": 9,
      "winPercentage": 15.52
    },
    {
      "playerOne": 6,
      "playerTwo": 10,
      "winPercentage": 28.611
    },
    {
      "playerOne": 6,
      "playerTwo": 11,
      "winPercentage": 21.257
    },
    {
      "playerOne": 6,
      "playerTwo": 12,
      "winPercentage": 96.048
    },
    {
      "playerOne": 6,
      "playerTwo": 13,
      "winPercentage": 54.491
    },
    {
      "playerOne": 6,
      "playerTwo": 14,
      "winPercentage": 88.214
    },
    {
      "playerOne": 6,
      "playerTwo": 15,
      "winPercentage": 5.223
    },
    {
      "playerOne": 6,
      "playerTwo": 16,
      "winPercentage": 77.944
    },
    {
      "playerOne": 6,
      "playerTwo": 17,
      "winPercentage": 29.194
    },
    {
      "playerOne": 6,
      "playerTwo": 18,
      "winPercentage": 3.779
    },
    {
      "playerOne": 6,
      "playerTwo": 19,
      "winPercentage": 62.379
    },
    {
      "playerOne": 6,
      "playerTwo": 20,
      "winPercentage": 23.887
    },
    {
      "playerOne": 6,
      "playerTwo": 21,
      "winPercentage": 74.871
    },
    {
      "playerOne": 6,
      "playerTwo": 22,
      "winPercentage": 29.016
    },
    {
      "playerOne": 6,
      "playerTwo": 23,
      "winPercentage": 72.912
    },
    {
      "playerOne": 6,
      "playerTwo": 24,
      "winPercentage": 9.255
    },
    {
      "playerOne": 6,
      "playerTwo": 25,
      "winPercentage": 22.837
    },
    {
      "playerOne": 6,
      "playerTwo": 26,
      "winPercentage": 27.673
    },
    {
      "playerOne": 6,
      "playerTwo": 27,
      "winPercentage": 56.555
    },
    {
      "playerOne": 6,
      "playerTwo": 28,
      "winPercentage": 15.172
    },
    {
      "playerOne": 6,
      "playerTwo": 29,
      "winPercentage": 90.417
    },
    {
      "playerOne": 6,
      "playerTwo": 30,
      "winPercentage": 62.068
    },
    {
      "playerOne": 6,
      "playerTwo": 31,
      "winPercentage": 63.104
    },
    {
      "playerOne": 6,
      "playerTwo": 32,
      "winPercentage": 45.539
    },
    {
      "playerOne": 6,
      "playerTwo": 33,
      "winPercentage": 64.888
    },
    {
      "playerOne": 6,
      "playerTwo": 34,
      "winPercentage": 10.374
    },
    {
      "playerOne": 6,
      "playerTwo": 35,
      "winPercentage": 4.74
    },
    {
      "playerOne": 6,
      "playerTwo": 36,
      "winPercentage": 64.233
    },
    {
      "playerOne": 6,
      "playerTwo": 37,
      "winPercentage": 3.569
    },
    {
      "playerOne": 6,
      "playerTwo": 38,
      "winPercentage": 86.129
    },
    {
      "playerOne": 6,
      "playerTwo": 39,
      "winPercentage": 51.652
    },
    {
      "playerOne": 7,
      "playerTwo": 8,
      "winPercentage": 22.023
    },
    {
      "playerOne": 7,
      "playerTwo": 9,
      "winPercentage": 34.753
    },
    {
      "playerOne": 7,
      "playerTwo": 10,
      "winPercentage": 44.366
    },
    {
      "playerOne": 7,
      "playerTwo": 11,
      "winPercentage": 49.337
    },
    {
      "playerOne": 7,
      "playerTwo": 12,
      "winPercentage": 33.718
    },
    {
      "playerOne": 7,
      "playerTwo": 13,
      "winPercentage": 34.508
    },
    {
      "playerOne": 7,
      "playerTwo": 14,
      "winPercentage": 87.256
    },
    {
      "playerOne": 7,
      "playerTwo": 15,
      "winPercentage": 84.996
    },
    {
      "playerOne": 7,
      "playerTwo": 16,
      "winPercentage": 4.865
    },
    {
      "playerOne": 7,
      "playerTwo": 17,
      "winPercentage": 69.009
    },
    {
      "playerOne": 7,
      "playerTwo": 18,
      "winPercentage": 53.242
    },
    {
      "playerOne": 7,
      "playerTwo": 19,
      "winPercentage": 78.82
    },
    {
      "playerOne": 7,
      "playerTwo": 20,
      "winPercentage": 22.003
    },
    {
      "playerOne": 7,
      "playerTwo": 21,
      "winPercentage": 58.426
    },
    {
      "playerOne": 7,
      "playerTwo": 22,
      "winPercentage": 23.165
    },
    {
      "playerOne": 7,
      "playerTwo": 23,
      "winPercentage": 7.771
    },
    {
      "playerOne": 7,
      "playerTwo": 24,
      "winPercentage": 83.427
    },
    {
      "playerOne": 7,
      "playerTwo": 25,
      "winPercentage": 71.174
    },
    {
      "playerOne": 7,
      "playerTwo": 26,
      "winPercentage": 5.853
    },
    {
      "playerOne": 7,
      "playerTwo": 27,
      "winPercentage": 29.362
    },
    {
      "playerOne": 7,
      "playerTwo": 28,
      "winPercentage": 68.417
    },
    {
      "playerOne": 7,
      "playerTwo": 29,
      "winPercentage": 10.534
    },
    {
      "playerOne": 7,
      "playerTwo": 30,
      "winPercentage": 75.143
    },
    {
      "playerOne": 7,
      "playerTwo": 31,
      "winPercentage": 97.198
    },
    {
      "playerOne": 7,
      "playerTwo": 32,
      "winPercentage": 2.594
    },
    {
      "playerOne": 7,
      "playerTwo": 33,
      "winPercentage": 37.894
    },
    {
      "playerOne": 7,
      "playerTwo": 34,
      "winPercentage": 81.553
    },
    {
      "playerOne": 7,
      "playerTwo": 35,
      "winPercentage": 83.503
    },
    {
      "playerOne": 7,
      "playerTwo": 36,
      "winPercentage": 13.091
    },
    {
      "playerOne": 7,
      "playerTwo": 37,
      "winPercentage": 97.571
    },
    {
      "playerOne": 7,
      "playerTwo": 38,
      "winPercentage": 65.274
    },
    {
      "playerOne": 7,
      "playerTwo": 39,
      "winPercentage": 81.302
    },
    {
      "playerOne": 8,
      "playerTwo": 9,
      "winPercentage": 26.134
    },
    {
      "playerOne": 8,
      "playerTwo": 10,
      "winPercentage": 41.904
    },
    {
      "playerOne": 8,
      "playerTwo": 11,
      "winPercentage": 17.708
    },
    {
      "playerOne": 8,
      "playerTwo": 12,
      "winPercentage": 13.613
    },
    {
      "playerOne": 8,
      "playerTwo": 13,
      "winPercentage": 51.029
    },
    {
      "playerOne": 8,
      "playerTwo": 14,
      "winPercentage": 6.086
    },
    {
      "playerOne": 8,
      "playerTwo": 15,
      "winPercentage": 69.703
    },
    {
      "playerOne": 8,
      "playerTwo": 16,
      "winPercentage": 47.489
    },
    {
      "playerOne": 8,
      "playerTwo": 17,
      "winPercentage": 71.01
    },
    {
      "playerOne": 8,
      "playerTwo": 18,
      "winPercentage": 54.759
    },
    {
      "playerOne": 8,
      "playerTwo": 19,
      "winPercentage": 18.909
    },
    {
      "playerOne": 8,
      "playerTwo": 20,
      "winPercentage": 45.195
    },
    {
      "playerOne": 8,
      "playerTwo": 21,
      "winPercentage": 4.921
    },
    {
      "playerOne": 8,
      "playerTwo": 22,
      "winPercentage": 71.928
    },
    {
      "playerOne": 8,
      "playerTwo": 23,
      "winPercentage": 67.6
    },
    {
      "playerOne": 8,
      "playerTwo": 24,
      "winPercentage": 90.488
    },
    {
      "playerOne": 8,
      "playerTwo": 25,
      "winPercentage": 90.284
    },
    {
      "playerOne": 8,
      "playerTwo": 26,
      "winPercentage": 47.45
    },
    {
      "playerOne": 8,
      "playerTwo": 27,
      "winPercentage": 19.396
    },
    {
      "playerOne": 8,
      "playerTwo": 28,
      "winPercentage": 49.879
    },
    {
      "playerOne": 8,
      "playerTwo": 29,
      "winPercentage": 77.363
    },
    {
      "playerOne": 8,
      "playerTwo": 30,
      "winPercentage": 37.767
    },
    {
      "playerOne": 8,
      "playerTwo": 31,
      "winPercentage": 49.63
    },
    {
      "playerOne": 8,
      "playerTwo": 32,
      "winPercentage": 49.677
    },
    {
      "playerOne": 8,
      "playerTwo": 33,
      "winPercentage": 81.201
    },
    {
      "playerOne": 8,
      "playerTwo": 34,
      "winPercentage": 69.888
    },
    {
      "playerOne": 8,
      "playerTwo": 35,
      "winPercentage": 77.177
    },
    {
      "playerOne": 8,
      "playerTwo": 36,
      "winPercentage": 41.611
    },
    {
      "playerOne": 8,
      "playerTwo": 37,
      "winPercentage": 56.141
    },
    {
      "playerOne": 8,
      "playerTwo": 38,
      "winPercentage": 18.685
    },
    {
      "playerOne": 8,
      "playerTwo": 39,
      "winPercentage": 9.522
    },
    {
      "playerOne": 9,
      "playerTwo": 10,
      "winPercentage": 80.993
    },
    {
      "playerOne": 9,
      "playerTwo": 11,
      "winPercentage": 10.498
    },
    {
      "playerOne": 9,
      "playerTwo": 12,
      "winPercentage": 82.577
    },
    {
      "playerOne": 9,
      "playerTwo": 13,
      "winPercentage": 56.73
    },
    {
      "playerOne": 9,
      "playerTwo": 14,
      "winPercentage": 91.101
    },
    {
      "playerOne": 9,
      "playerTwo": 15,
      "winPercentage": 35.17
    },
    {
      "playerOne": 9,
      "playerTwo": 16,
      "winPercentage": 12.407
    },
    {
      "playerOne": 9,
      "playerTwo": 17,
      "winPercentage": 72.548
    },
    {
      "playerOne": 9,
      "playerTwo": 18,
      "winPercentage": 39.003
    },
    {
      "playerOne": 9,
      "playerTwo": 19,
      "winPercentage": 5.479
    },
    {
      "playerOne": 9,
      "playerTwo": 20,
      "winPercentage": 77.341
    },
    {
      "playerOne": 9,
      "playerTwo": 21,
      "winPercentage": 49.386
    },
    {
      "playerOne": 9,
      "playerTwo": 22,
      "winPercentage": 24.367
    },
    {
      "playerOne": 9,
      "playerTwo": 23,
      "winPercentage": 92.589
    },
    {
      "playerOne": 9,
      "playerTwo": 24,
      "winPercentage": 88.898
    },
    {
      "playerOne": 9,
      "playerTwo": 25,
      "winPercentage": 85.734
    },
    {
      "playerOne": 9,
      "playerTwo": 26,
      "winPercentage": 12.867
    },
    {
      "playerOne": 9,
      "playerTwo": 27,
      "winPercentage": 1.735
    },
    {
      "playerOne": 9,
      "playerTwo": 28,
      "winPercentage": 47.127
    },
    {
      "playerOne": 9,
      "playerTwo": 29,
      "winPercentage": 46.628
    },
    {
      "playerOne": 9,
      "playerTwo": 30,
      "winPercentage": 23.73
    },
    {
      "playerOne": 9,
      "playerTwo": 31,
      "winPercentage": 92.919
    },
    {
      "playerOne": 9,
      "playerTwo": 32,
      "winPercentage": 16.515
    },
    {
      "playerOne": 9,
      "playerTwo": 33,
      "winPercentage": 5.208
    },
    {
      "playerOne": 9,
      "playerTwo": 34,
      "winPercentage": 14.843
    },
    {
      "playerOne": 9,
      "playerTwo": 35,
      "winPercentage": 35.455
    },
    {
      "playerOne": 9,
      "playerTwo": 36,
      "winPercentage": 49.053
    },
    {
      "playerOne": 9,
      "playerTwo": 37,
      "winPercentage": 84.344
    },
    {
      "playerOne": 9,
      "playerTwo": 38,
      "winPercentage": 48.271
    },
    {
      "playerOne": 9,
      "playerTwo": 39,
      "winPercentage": 24.13
    },
    {
      "playerOne": 10,
      "playerTwo": 11,
      "winPercentage": 36.239
    },
    {
      "playerOne": 10,
      "playerTwo": 12,
      "winPercentage": 56.623
    },
    {
      "playerOne": 10,
      "playerTwo": 13,
      "winPercentage": 78.379
    },
    {
      "playerOne": 10,
      "playerTwo": 14,
      "winPercentage": 42.291
    },
    {
      "playerOne": 10,
      "playerTwo": 15,
      "winPercentage": 32.105
    },
    {
      "playerOne": 10,
      "playerTwo": 16,
      "winPercentage": 25.245
    },
    {
      "playerOne": 10,
      "playerTwo": 17,
      "winPercentage": 98.297
    },
    {
      "playerOne": 10,
      "playerTwo": 18,
      "winPercentage": 73.449
    },
    {
      "playerOne": 10,
      "playerTwo": 19,
      "winPercentage": 55.341
    },
    {
      "playerOne": 10,
      "playerTwo": 20,
      "winPercentage": 97.235
    },
    {
      "playerOne": 10,
      "playerTwo": 21,
      "winPercentage": 8.766
    },
    {
      "playerOne": 10,
      "playerTwo": 22,
      "winPercentage": 65.506
    },
    {
      "playerOne": 10,
      "playerTwo": 23,
      "winPercentage": 25.133
    },
    {
      "playerOne": 10,
      "playerTwo": 24,
      "winPercentage": 87.91
    },
    {
      "playerOne": 10,
      "playerTwo": 25,
      "winPercentage": 86.684
    },
    {
      "playerOne": 10,
      "playerTwo": 26,
      "winPercentage": 62.129
    },
    {
      "playerOne": 10,
      "playerTwo": 27,
      "winPercentage": 69.974
    },
    {
      "playerOne": 10,
      "playerTwo": 28,
      "winPercentage": 21.837
    },
    {
      "playerOne": 10,
      "playerTwo": 29,
      "winPercentage": 58.246
    },
    {
      "playerOne": 10,
      "playerTwo": 30,
      "winPercentage": 89.83
    },
    {
      "playerOne": 10,
      "playerTwo": 31,
      "winPercentage": 7.945
    },
    {
      "playerOne": 10,
      "playerTwo": 32,
      "winPercentage": 99.436
    },
    {
      "playerOne": 10,
      "playerTwo": 33,
      "winPercentage": 36.208
    },
    {
      "playerOne": 10,
      "playerTwo": 34,
      "winPercentage": 51.601
    },
    {
      "playerOne": 10,
      "playerTwo": 35,
      "winPercentage": 10.371
    },
    {
      "playerOne": 10,
      "playerTwo": 36,
      "winPercentage": 8.117
    },
    {
      "playerOne": 10,
      "playerTwo": 37,
      "winPercentage": 36.046
    },
    {
      "playerOne": 10,
      "playerTwo": 38,
      "winPercentage": 74.955
    },
    {
      "playerOne": 10,
      "playerTwo": 39,
      "winPercentage": 84.221
    },
    {
      "playerOne": 11,
      "playerTwo": 12,
      "winPercentage": 99.82
    },
    {
      "playerOne": 11,
      "playerTwo": 13,
      "winPercentage": 13.044
    },
    {
      "playerOne": 11,
      "playerTwo": 14,
      "winPercentage": 38.067
    },
    {
      "playerOne": 11,
      "playerTwo": 15,
      "winPercentage": 59.736
    },
    {
      "playerOne": 11,
      "playerTwo": 16,
      "winPercentage": 70.148
    },
    {
      "playerOne": 11,
      "playerTwo": 17,
      "winPercentage": 0.434
    },
    {
      "playerOne": 11,
      "playerTwo": 18,
      "winPercentage": 93.423
    },
    {
      "playerOne": 11,
      "playerTwo": 19,
      "winPercentage": 41.716
    },
    {
      "playerOne": 11,
      "playerTwo": 20,
      "winPercentage": 62.043
    },
    {
      "playerOne": 11,
      "playerTwo": 21,
      "winPercentage": 55.473
    },
    {
      "playerOne": 11,
      "playerTwo": 22,
      "winPercentage": 46.866
    },
    {
      "playerOne": 11,
      "playerTwo": 23,
      "winPercentage": 6.445
    },
    {
      "playerOne": 11,
      "playerTwo": 24,
      "winPercentage": 24.522
    },
    {
      "playerOne": 11,
      "playerTwo": 25,
      "winPercentage": 8.26
    },
    {
      "playerOne": 11,
      "playerTwo": 26,
      "winPercentage": 15.951
    },
    {
      "playerOne": 11,
      "playerTwo": 27,
      "winPercentage": 30.71
    },
    {
      "playerOne": 11,
      "playerTwo": 28,
      "winPercentage": 86.827
    },
    {
      "playerOne": 11,
      "playerTwo": 29,
      "winPercentage": 16.733
    },
    {
      "playerOne": 11,
      "playerTwo": 30,
      "winPercentage": 33.778
    },
    {
      "playerOne": 11,
      "playerTwo": 31,
      "winPercentage": 37.953
    },
    {
      "playerOne": 11,
      "playerTwo": 32,
      "winPercentage": 2.329
    },
    {
      "playerOne": 11,
      "playerTwo": 33,
      "winPercentage": 87.869
    },
    {
      "playerOne": 11,
      "playerTwo": 34,
      "winPercentage": 85.983
    },
    {
      "playerOne": 11,
      "playerTwo": 35,
      "winPercentage": 11.257
    },
    {
      "playerOne": 11,
      "playerTwo": 36,
      "winPercentage": 57.842
    },
    {
      "playerOne": 11,
      "playerTwo": 37,
      "winPercentage": 66.818
    },
    {
      "playerOne": 11,
      "playerTwo": 38,
      "winPercentage": 38.581
    },
    {
      "playerOne": 11,
      "playerTwo": 39,
      "winPercentage": 81.508
    },
    {
      "playerOne": 12,
      "playerTwo": 13,
      "winPercentage": 17.278
    },
    {
      "playerOne": 12,
      "playerTwo": 14,
      "winPercentage": 34.701
    },
    {
      "playerOne": 12,
      "playerTwo": 15,
      "winPercentage": 87.504
    },
    {
      "playerOne": 12,
      "playerTwo": 16,
      "winPercentage": 29.185
    },
    {
      "playerOne": 12,
      "playerTwo": 17,
      "winPercentage": 69.013
    },
    {
      "playerOne": 12,
      "playerTwo": 18,
      "winPercentage": 76.09
    },
    {
      "playerOne": 12,
      "playerTwo": 19,
      "winPercentage": 18.961
    },
    {
      "playerOne": 12,
      "playerTwo": 20,
      "winPercentage": 40.597
    },
    {
      "playerOne": 12,
      "playerTwo": 21,
      "winPercentage": 85.916
    },
    {
      "playerOne": 12,
      "playerTwo": 22,
      "winPercentage": 52.004
    },
    {
      "playerOne": 12,
      "playerTwo": 23,
      "winPercentage": 90.083
    },
    {
      "playerOne": 12,
      "playerTwo": 24,
      "winPercentage": 68.214
    },
    {
      "playerOne": 12,
      "playerTwo": 25,
      "winPercentage": 8.936
    },
    {
      "playerOne": 12,
      "playerTwo": 26,
      "winPercentage": 65.181
    },
    {
      "playerOne": 12,
      "playerTwo": 27,
      "winPercentage": 5.715
    },
    {
      "playerOne": 12,
      "playerTwo": 28,
      "winPercentage": 10.734
    },
    {
      "playerOne": 12,
      "playerTwo": 29,
      "winPercentage": 49.182
    },
    {
      "playerOne": 12,
      "playerTwo": 30,
      "winPercentage": 77.856
    },
    {
      "playerOne": 12,
      "playerTwo": 31,
      "winPercentage": 73.328
    },
    {
      "playerOne": 12,
      "playerTwo": 32,
      "winPercentage": 32.574
    },
    {
      "playerOne": 12,
      "playerTwo": 33,
      "winPercentage": 17.203
    },
    {
      "playerOne": 12,
      "playerTwo": 34,
      "winPercentage": 48.226
    },
    {
      "playerOne": 12,
      "playerTwo": 35,
      "winPercentage": 86.837
    },
    {
      "playerOne": 12,
      "playerTwo": 36,
      "winPercentage": 16.85
    },
    {
      "playerOne": 12,
      "playerTwo": 37,
      "winPercentage": 16.123
    },
    {
      "playerOne": 12,
      "playerTwo": 38,
      "winPercentage": 54.564
    },
    {
      "playerOne": 12,
      "playerTwo": 39,
      "winPercentage": 10.531
    },
    {
      "playerOne": 13,
      "playerTwo": 14,
      "winPercentage": 57.975
    },
    {
      "playerOne": 13,
      "playerTwo": 15,
      "winPercentage": 41.26
    },
    {
      "playerOne": 13,
      "playerTwo": 16,
      "winPercentage": 42.934
    },
    {
      "playerOne": 13,
      "playerTwo": 17,
      "winPercentage": 24.766
    },
    {
      "playerOne": 13,
      "playerTwo": 18,
      "winPercentage": 71.722
    },
    {
      "playerOne": 13,
      "playerTwo": 19,
      "winPercentage": 92.442
    },
    {
      "playerOne": 13,
      "playerTwo": 20,
      "winPercentage": 20.786
    },
    {
      "playerOne": 13,
      "playerTwo": 21,
      "winPercentage": 92.977
    },
    {
      "playerOne": 13,
      "playerTwo": 22,
      "winPercentage": 72.656
    },
    {
      "playerOne": 13,
      "playerTwo": 23,
      "winPercentage": 0.008
    },
    {
      "playerOne": 13,
      "playerTwo": 24,
      "winPercentage": 35.621
    },
    {
      "playerOne": 13,
      "playerTwo": 25,
      "winPercentage": 31.44
    },
    {
      "playerOne": 13,
      "playerTwo": 26,
      "winPercentage": 67.335
    },
    {
      "playerOne": 13,
      "playerTwo": 27,
      "winPercentage": 56.561
    },
    {
      "playerOne": 13,
      "playerTwo": 28,
      "winPercentage": 14.297
    },
    {
      "playerOne": 13,
      "playerTwo": 29,
      "winPercentage": 46.31
    },
    {
      "playerOne": 13,
      "playerTwo": 30,
      "winPercentage": 48.454
    },
    {
      "playerOne": 13,
      "playerTwo": 31,
      "winPercentage": 39.124
    },
    {
      "playerOne": 13,
      "playerTwo": 32,
      "winPercentage": 74.815
    },
    {
      "playerOne": 13,
      "playerTwo": 33,
      "winPercentage": 81.348
    },
    {
      "playerOne": 13,
      "playerTwo": 34,
      "winPercentage": 23.406
    },
    {
      "playerOne": 13,
      "playerTwo": 35,
      "winPercentage": 58.424
    },
    {
      "playerOne": 13,
      "playerTwo": 36,
      "winPercentage": 22.318
    },
    {
      "playerOne": 13,
      "playerTwo": 37,
      "winPercentage": 17.791
    },
    {
      "playerOne": 13,
      "playerTwo": 38,
      "winPercentage": 55.632
    },
    {
      "playerOne": 13,
      "playerTwo": 39,
      "winPercentage": 98.464
    },
    {
      "playerOne": 14,
      "playerTwo": 15,
      "winPercentage": 90.714
    },
    {
      "playerOne": 14,
      "playerTwo": 16,
      "winPercentage": 49.305
    },
    {
      "playerOne": 14,
      "playerTwo": 17,
      "winPercentage": 1.667
    },
    {
      "playerOne": 14,
      "playerTwo": 18,
      "winPercentage": 64.707
    },
    {
      "playerOne": 14,
      "playerTwo": 19,
      "winPercentage": 81.986
    },
    {
      "playerOne": 14,
      "playerTwo": 20,
      "winPercentage": 72.264
    },
    {
      "playerOne": 14,
      "playerTwo": 21,
      "winPercentage": 41.882
    },
    {
      "playerOne": 14,
      "playerTwo": 22,
      "winPercentage": 58.628
    },
    {
      "playerOne": 14,
      "playerTwo": 23,
      "winPercentage": 75.733
    },
    {
      "playerOne": 14,
      "playerTwo": 24,
      "winPercentage": 15.791
    },
    {
      "playerOne": 14,
      "playerTwo": 25,
      "winPercentage": 14.393
    },
    {
      "playerOne": 14,
      "playerTwo": 26,
      "winPercentage": 52.424
    },
    {
      "playerOne": 14,
      "playerTwo": 27,
      "winPercentage": 68.608
    },
    {
      "playerOne": 14,
      "playerTwo": 28,
      "winPercentage": 21.174
    },
    {
      "playerOne": 14,
      "playerTwo": 29,
      "winPercentage": 26.881
    },
    {
      "playerOne": 14,
      "playerTwo": 30,
      "winPercentage": 7.637
    },
    {
      "playerOne": 14,
      "playerTwo": 31,
      "winPercentage": 2.186
    },
    {
      "playerOne": 14,
      "playerTwo": 32,
      "winPercentage": 11.117
    },
    {
      "playerOne": 14,
      "playerTwo": 33,
      "winPercentage": 38.037
    },
    {
      "playerOne": 14,
      "playerTwo": 34,
      "winPercentage": 84.592
    },
    {
      "playerOne": 14,
      "playerTwo": 35,
      "winPercentage": 49.827
    },
    {
      "playerOne": 14,
      "playerTwo": 36,
      "winPercentage": 32.215
    },
    {
      "playerOne": 14,
      "playerTwo": 37,
      "winPercentage": 26.393
    },
    {
      "playerOne": 14,
      "playerTwo": 38,
      "winPercentage": 57.194
    },
    {
      "playerOne": 14,
      "playerTwo": 39,
      "winPercentage": 77.038
    },
    {
      "playerOne": 15,
      "playerTwo": 16,
      "winPercentage": 81.38
    },
    {
      "playerOne": 15,
      "playerTwo": 17,
      "winPercentage": 3.091
    },
    {
      "playerOne": 15,
      "playerTwo": 18,
      "winPercentage": 10.226
    },
    {
      "playerOne": 15,
      "playerTwo": 19,
      "winPercentage": 14.442
    },
    {
      "playerOne": 15,
      "playerTwo": 20,
      "winPercentage": 46.281
    },
    {
      "playerOne": 15,
      "playerTwo": 21,
      "winPercentage": 78.349
    },
    {
      "playerOne": 15,
      "playerTwo": 22,
      "winPercentage": 23.831
    },
    {
      "playerOne": 15,
      "playerTwo": 23,
      "winPercentage": 29.042
    },
    {
      "playerOne": 15,
      "playerTwo": 24,
      "winPercentage": 45.598
    },
    {
      "playerOne": 15,
      "playerTwo": 25,
      "winPercentage": 88.503
    },
    {
      "playerOne": 15,
      "playerTwo": 26,
      "winPercentage": 97.243
    },
    {
      "playerOne": 15,
      "playerTwo": 27,
      "winPercentage": 30.358
    },
    {
      "playerOne": 15,
      "playerTwo": 28,
      "winPercentage": 83.238
    },
    {
      "playerOne": 15,
      "playerTwo": 29,
      "winPercentage": 5.965
    },
    {
      "playerOne": 15,
      "playerTwo": 30,
      "winPercentage": 52.317
    },
    {
      "playerOne": 15,
      "playerTwo": 31,
      "winPercentage": 12.297
    },
    {
      "playerOne": 15,
      "playerTwo": 32,
      "winPercentage": 60.148
    },
    {
      "playerOne": 15,
      "playerTwo": 33,
      "winPercentage": 78.949
    },
    {
      "playerOne": 15,
      "playerTwo": 34,
      "winPercentage": 52.965
    },
    {
      "playerOne": 15,
      "playerTwo": 35,
      "winPercentage": 60.304
    },
    {
      "playerOne": 15,
      "playerTwo": 36,
      "winPercentage": 15.463
    },
    {
      "playerOne": 15,
      "playerTwo": 37,
      "winPercentage": 51.04
    },
    {
      "playerOne": 15,
      "playerTwo": 38,
      "winPercentage": 89.53
    },
    {
      "playerOne": 15,
      "playerTwo": 39,
      "winPercentage": 85.36
    },
    {
      "playerOne": 16,
      "playerTwo": 17,
      "winPercentage": 65.451
    },
    {
      "playerOne": 16,
      "playerTwo": 18,
      "winPercentage": 34.59
    },
    {
      "playerOne": 16,
      "playerTwo": 19,
      "winPercentage": 53.115
    },
    {
      "playerOne": 16,
      "playerTwo": 20,
      "winPercentage": 63.298
    },
    {
      "playerOne": 16,
      "playerTwo": 21,
      "winPercentage": 38.048
    },
    {
      "playerOne": 16,
      "playerTwo": 22,
      "winPercentage": 89.179
    },
    {
      "playerOne": 16,
      "playerTwo": 23,
      "winPercentage": 17.214
    },
    {
      "playerOne": 16,
      "playerTwo": 24,
      "winPercentage": 66.457
    },
    {
      "playerOne": 16,
      "playerTwo": 25,
      "winPercentage": 22.528
    },
    {
      "playerOne": 16,
      "playerTwo": 26,
      "winPercentage": 8.35
    },
    {
      "playerOne": 16,
      "playerTwo": 27,
      "winPercentage": 35.53
    },
    {
      "playerOne": 16,
      "playerTwo": 28,
      "winPercentage": 16.488
    },
    {
      "playerOne": 16,
      "playerTwo": 29,
      "winPercentage": 0.601
    },
    {
      "playerOne": 16,
      "playerTwo": 30,
      "winPercentage": 91.212
    },
    {
      "playerOne": 16,
      "playerTwo": 31,
      "winPercentage": 34.322
    },
    {
      "playerOne": 16,
      "playerTwo": 32,
      "winPercentage": 29.688
    },
    {
      "playerOne": 16,
      "playerTwo": 33,
      "winPercentage": 67.647
    },
    {
      "playerOne": 16,
      "playerTwo": 34,
      "winPercentage": 0.486
    },
    {
      "playerOne": 16,
      "playerTwo": 35,
      "winPercentage": 73.361
    },
    {
      "playerOne": 16,
      "playerTwo": 36,
      "winPercentage": 7.819
    },
    {
      "playerOne": 16,
      "playerTwo": 37,
      "winPercentage": 71.719
    },
    {
      "playerOne": 16,
      "playerTwo": 38,
      "winPercentage": 33.894
    },
    {
      "playerOne": 16,
      "playerTwo": 39,
      "winPercentage": 32.976
    },
    {
      "playerOne": 17,
      "playerTwo": 18,
      "winPercentage": 4.634
    },
    {
      "playerOne": 17,
      "playerTwo": 19,
      "winPercentage": 47.282
    },
    {
      "playerOne": 17,
      "playerTwo": 20,
      "winPercentage": 0.62
    },
    {
      "playerOne": 17,
      "playerTwo": 21,
      "winPercentage": 93.161
    },
    {
      "playerOne": 17,
      "playerTwo": 22,
      "winPercentage": 83.707
    },
    {
      "playerOne": 17,
      "playerTwo": 23,
      "winPercentage": 11.609
    },
    {
      "playerOne": 17,
      "playerTwo": 24,
      "winPercentage": 33.753
    },
    {
      "playerOne": 17,
      "playerTwo": 25,
      "winPercentage": 98.288
    },
    {
      "playerOne": 17,
      "playerTwo": 26,
      "winPercentage": 19.154
    },
    {
      "playerOne": 17,
      "playerTwo": 27,
      "winPercentage": 33.136
    },
    {
      "playerOne": 17,
      "playerTwo": 28,
      "winPercentage": 53.141
    },
    {
      "playerOne": 17,
      "playerTwo": 29,
      "winPercentage": 72.041
    },
    {
      "playerOne": 17,
      "playerTwo": 30,
      "winPercentage": 58.044
    },
    {
      "playerOne": 17,
      "playerTwo": 31,
      "winPercentage": 49.236
    },
    {
      "playerOne": 17,
      "playerTwo": 32,
      "winPercentage": 65.026
    },
    {
      "playerOne": 17,
      "playerTwo": 33,
      "winPercentage": 87.429
    },
    {
      "playerOne": 17,
      "playerTwo": 34,
      "winPercentage": 27.733
    },
    {
      "playerOne": 17,
      "playerTwo": 35,
      "winPercentage": 4.687
    },
    {
      "playerOne": 17,
      "playerTwo": 36,
      "winPercentage": 68.248
    },
    {
      "playerOne": 17,
      "playerTwo": 37,
      "winPercentage": 83.006
    },
    {
      "playerOne": 17,
      "playerTwo": 38,
      "winPercentage": 14.435
    },
    {
      "playerOne": 17,
      "playerTwo": 39,
      "winPercentage": 81.936
    },
    {
      "playerOne": 18,
      "playerTwo": 19,
      "winPercentage": 10.971
    },
    {
      "playerOne": 18,
      "playerTwo": 20,
      "winPercentage": 88.991
    },
    {
      "playerOne": 18,
      "playerTwo": 21,
      "winPercentage": 84.805
    },
    {
      "playerOne": 18,
      "playerTwo": 22,
      "winPercentage": 11.18
    },
    {
      "playerOne": 18,
      "playerTwo": 23,
      "winPercentage": 2.932
    },
    {
      "playerOne": 18,
      "playerTwo": 24,
      "winPercentage": 8.255
    },
    {
      "playerOne": 18,
      "playerTwo": 25,
      "winPercentage": 26.042
    },
    {
      "playerOne": 18,
      "playerTwo": 26,
      "winPercentage": 64.561
    },
    {
      "playerOne": 18,
      "playerTwo": 27,
      "winPercentage": 16.9
    },
    {
      "playerOne": 18,
      "playerTwo": 28,
      "winPercentage": 75.615
    },
    {
      "playerOne": 18,
      "playerTwo": 29,
      "winPercentage": 34.082
    },
    {
      "playerOne": 18,
      "playerTwo": 30,
      "winPercentage": 38.615
    },
    {
      "playerOne": 18,
      "playerTwo": 31,
      "winPercentage": 5.747
    },
    {
      "playerOne": 18,
      "playerTwo": 32,
      "winPercentage": 12.852
    },
    {
      "playerOne": 18,
      "playerTwo": 33,
      "winPercentage": 20.981
    },
    {
      "playerOne": 18,
      "playerTwo": 34,
      "winPercentage": 85.708
    },
    {
      "playerOne": 18,
      "playerTwo": 35,
      "winPercentage": 55.181
    },
    {
      "playerOne": 18,
      "playerTwo": 36,
      "winPercentage": 81.827
    },
    {
      "playerOne": 18,
      "playerTwo": 37,
      "winPercentage": 55.929
    },
    {
      "playerOne": 18,
      "playerTwo": 38,
      "winPercentage": 0.614
    },
    {
      "playerOne": 18,
      "playerTwo": 39,
      "winPercentage": 90.277
    },
    {
      "playerOne": 19,
      "playerTwo": 20,
      "winPercentage": 72.417
    },
    {
      "playerOne": 19,
      "playerTwo": 21,
      "winPercentage": 54.004
    },
    {
      "playerOne": 19,
      "playerTwo": 22,
      "winPercentage": 18.241
    },
    {
      "playerOne": 19,
      "playerTwo": 23,
      "winPercentage": 56.251
    },
    {
      "playerOne": 19,
      "playerTwo": 24,
      "winPercentage": 41.465
    },
    {
      "playerOne": 19,
      "playerTwo": 25,
      "winPercentage": 9.495
    },
    {
      "playerOne": 19,
      "playerTwo": 26,
      "winPercentage": 89.451
    },
    {
      "playerOne": 19,
      "playerTwo": 27,
      "winPercentage": 47.128
    },
    {
      "playerOne": 19,
      "playerTwo": 28,
      "winPercentage": 84.073
    },
    {
      "playerOne": 19,
      "playerTwo": 29,
      "winPercentage": 65.124
    },
    {
      "playerOne": 19,
      "playerTwo": 30,
      "winPercentage": 72.176
    },
    {
      "playerOne": 19,
      "playerTwo": 31,
      "winPercentage": 13.743
    },
    {
      "playerOne": 19,
      "playerTwo": 32,
      "winPercentage": 59.902
    },
    {
      "playerOne": 19,
      "playerTwo": 33,
      "winPercentage": 40.609
    },
    {
      "playerOne": 19,
      "playerTwo": 34,
      "winPercentage": 9.188
    },
    {
      "playerOne": 19,
      "playerTwo": 35,
      "winPercentage": 57.583
    },
    {
      "playerOne": 19,
      "playerTwo": 36,
      "winPercentage": 78.848
    },
    {
      "playerOne": 19,
      "playerTwo": 37,
      "winPercentage": 37.295
    },
    {
      "playerOne": 19,
      "playerTwo": 38,
      "winPercentage": 11.939
    },
    {
      "playerOne": 19,
      "playerTwo": 39,
      "winPercentage": 43.968
    },
    {
      "playerOne": 20,
      "playerTwo": 21,
      "winPercentage": 12.125
    },
    {
      "playerOne": 20,
      "playerTwo": 22,
      "winPercentage": 90.23
    },
    {
      "playerOne": 20,
      "playerTwo": 23,
      "winPercentage": 47.394
    },
    {
      "playerOne": 20,
      "playerTwo": 24,
      "winPercentage": 58.192
    },
    {
      "playerOne": 20,
      "playerTwo": 25,
      "winPercentage": 40.159
    },
    {
      "playerOne": 20,
      "playerTwo": 26,
      "winPercentage": 94.371
    },
    {
      "playerOne": 20,
      "playerTwo": 27,
      "winPercentage": 52.558
    },
    {
      "playerOne": 20,
      "playerTwo": 28,
      "winPercentage": 91.463
    },
    {
      "playerOne": 20,
      "playerTwo": 29,
      "winPercentage": 15.934
    },
    {
      "playerOne": 20,
      "playerTwo": 30,
      "winPercentage": 20.983
    },
    {
      "playerOne": 20,
      "playerTwo": 31,
      "winPercentage": 26.141
    },
    {
      "playerOne": 20,
      "playerTwo": 32,
      "winPercentage": 22.076
    },
    {
      "playerOne": 20,
      "playerTwo": 33,
      "winPercentage": 27.526
    },
    {
      "playerOne": 20,
      "playerTwo": 34,
      "winPercentage": 89.636
    },
    {
      "playerOne": 20,
      "playerTwo": 35,
      "winPercentage": 92.897
    },
    {
      "playerOne": 20,
      "playerTwo": 36,
      "winPercentage": 56.234
    },
    {
      "playerOne": 20,
      "playerTwo": 37,
      "winPercentage": 46.665
    },
    {
      "playerOne": 20,
      "playerTwo": 38,
      "winPercentage": 37.155
    },
    {
      "playerOne": 20,
      "playerTwo": 39,
      "winPercentage": 66.549
    },
    {
      "playerOne": 21,
      "playerTwo": 22,
      "winPercentage": 41.099
    },
    {
      "playerOne": 21,
      "playerTwo": 23,
      "winPercentage": 24.919
    },
    {
      "playerOne": 21,
      "playerTwo": 24,
      "winPercentage": 52.426
    },
    {
      "playerOne": 21,
      "playerTwo": 25,
      "winPercentage": 16.67
    },
    {
      "playerOne": 21,
      "playerTwo": 26,
      "winPercentage": 16.063
    },
    {
      "playerOne": 21,
      "playerTwo": 27,
      "winPercentage": 7.429
    },
    {
      "playerOne": 21,
      "playerTwo": 28,
      "winPercentage": 4920.3
    },
    {
      "playerOne": 21,
      "playerTwo": 29,
      "winPercentage": 50.099
    },
    {
      "playerOne": 21,
      "playerTwo": 30,
      "winPercentage": 10.974
    },
    {
      "playerOne": 21,
      "playerTwo": 31,
      "winPercentage": 88.92
    },
    {
      "playerOne": 21,
      "playerTwo": 32,
      "winPercentage": 99.229
    },
    {
      "playerOne": 21,
      "playerTwo": 33,
      "winPercentage": 53.889
    },
    {
      "playerOne": 21,
      "playerTwo": 34,
      "winPercentage": 36.127
    },
    {
      "playerOne": 21,
      "playerTwo": 35,
      "winPercentage": 40.934
    },
    {
      "playerOne": 21,
      "playerTwo": 36,
      "winPercentage": 26.111
    },
    {
      "playerOne": 21,
      "playerTwo": 37,
      "winPercentage": 74.148
    },
    {
      "playerOne": 21,
      "playerTwo": 38,
      "winPercentage": 84.308
    },
    {
      "playerOne": 21,
      "playerTwo": 39,
      "winPercentage": 96.408
    },
    {
      "playerOne": 22,
      "playerTwo": 23,
      "winPercentage": 65.344
    },
    {
      "playerOne": 22,
      "playerTwo": 24,
      "winPercentage": 13.52
    },
    {
      "playerOne": 22,
      "playerTwo": 25,
      "winPercentage": 78.256
    },
    {
      "playerOne": 22,
      "playerTwo": 26,
      "winPercentage": 45.056
    },
    {
      "playerOne": 22,
      "playerTwo": 27,
      "winPercentage": 31.571
    },
    {
      "playerOne": 22,
      "playerTwo": 28,
      "winPercentage": 71.481
    },
    {
      "playerOne": 22,
      "playerTwo": 29,
      "winPercentage": 1.409
    },
    {
      "playerOne": 22,
      "playerTwo": 30,
      "winPercentage": 36.272
    },
    {
      "playerOne": 22,
      "playerTwo": 31,
      "winPercentage": 85.879
    },
    {
      "playerOne": 22,
      "playerTwo": 32,
      "winPercentage": 10.8
    },
    {
      "playerOne": 22,
      "playerTwo": 33,
      "winPercentage": 88.856
    },
    {
      "playerOne": 22,
      "playerTwo": 34,
      "winPercentage": 19.11
    },
    {
      "playerOne": 22,
      "playerTwo": 35,
      "winPercentage": 32.451
    },
    {
      "playerOne": 22,
      "playerTwo": 36,
      "winPercentage": 38.573
    },
    {
      "playerOne": 22,
      "playerTwo": 37,
      "winPercentage": 15.305
    },
    {
      "playerOne": 22,
      "playerTwo": 38,
      "winPercentage": 64.62
    },
    {
      "playerOne": 22,
      "playerTwo": 39,
      "winPercentage": 99.118
    },
    {
      "playerOne": 23,
      "playerTwo": 24,
      "winPercentage": 90.691
    },
    {
      "playerOne": 23,
      "playerTwo": 25,
      "winPercentage": 69.037
    },
    {
      "playerOne": 23,
      "playerTwo": 26,
      "winPercentage": 89.508
    },
    {
      "playerOne": 23,
      "playerTwo": 27,
      "winPercentage": 58.713
    },
    {
      "playerOne": 23,
      "playerTwo": 28,
      "winPercentage": 70.368
    },
    {
      "playerOne": 23,
      "playerTwo": 29,
      "winPercentage": 72.547
    },
    {
      "playerOne": 23,
      "playerTwo": 30,
      "winPercentage": 27.36
    },
    {
      "playerOne": 23,
      "playerTwo": 31,
      "winPercentage": 28.913
    },
    {
      "playerOne": 23,
      "playerTwo": 32,
      "winPercentage": 81.742
    },
    {
      "playerOne": 23,
      "playerTwo": 33,
      "winPercentage": 88.225
    },
    {
      "playerOne": 23,
      "playerTwo": 34,
      "winPercentage": 75.265
    },
    {
      "playerOne": 23,
      "playerTwo": 35,
      "winPercentage": 60.949
    },
    {
      "playerOne": 23,
      "playerTwo": 36,
      "winPercentage": 32.562
    },
    {
      "playerOne": 23,
      "playerTwo": 37,
      "winPercentage": 77.988
    },
    {
      "playerOne": 23,
      "playerTwo": 38,
      "winPercentage": 24.068
    },
    {
      "playerOne": 23,
      "playerTwo": 39,
      "winPercentage": 94.484
    },
    {
      "playerOne": 24,
      "playerTwo": 25,
      "winPercentage": 88.364
    },
    {
      "playerOne": 24,
      "playerTwo": 26,
      "winPercentage": 59.907
    },
    {
      "playerOne": 24,
      "playerTwo": 27,
      "winPercentage": 69.702
    },
    {
      "playerOne": 24,
      "playerTwo": 28,
      "winPercentage": 9833.4
    },
    {
      "playerOne": 24,
      "playerTwo": 29,
      "winPercentage": 31.435
    },
    {
      "playerOne": 24,
      "playerTwo": 30,
      "winPercentage": 83.782
    },
    {
      "playerOne": 24,
      "playerTwo": 31,
      "winPercentage": 555.2
    },
    {
      "playerOne": 24,
      "playerTwo": 32,
      "winPercentage": 21.354
    },
    {
      "playerOne": 24,
      "playerTwo": 33,
      "winPercentage": 51.557
    },
    {
      "playerOne": 24,
      "playerTwo": 34,
      "winPercentage": 63.79
    },
    {
      "playerOne": 24,
      "playerTwo": 35,
      "winPercentage": 33.615
    },
    {
      "playerOne": 24,
      "playerTwo": 36,
      "winPercentage": 11.902
    },
    {
      "playerOne": 24,
      "playerTwo": 37,
      "winPercentage": 18.261
    },
    {
      "playerOne": 24,
      "playerTwo": 38,
      "winPercentage": 10.46
    },
    {
      "playerOne": 24,
      "playerTwo": 39,
      "winPercentage": 98.712
    },
    {
      "playerOne": 25,
      "playerTwo": 26,
      "winPercentage": 32.298
    },
    {
      "playerOne": 25,
      "playerTwo": 27,
      "winPercentage": 99.912
    },
    {
      "playerOne": 25,
      "playerTwo": 28,
      "winPercentage": 46.058
    },
    {
      "playerOne": 25,
      "playerTwo": 29,
      "winPercentage": 70.511
    },
    {
      "playerOne": 25,
      "playerTwo": 30,
      "winPercentage": 95.649
    },
    {
      "playerOne": 25,
      "playerTwo": 31,
      "winPercentage": 16.765
    },
    {
      "playerOne": 25,
      "playerTwo": 32,
      "winPercentage": 54.139
    },
    {
      "playerOne": 25,
      "playerTwo": 33,
      "winPercentage": 66.732
    },
    {
      "playerOne": 25,
      "playerTwo": 34,
      "winPercentage": 78.188
    },
    {
      "playerOne": 25,
      "playerTwo": 35,
      "winPercentage": 3.377
    },
    {
      "playerOne": 25,
      "playerTwo": 36,
      "winPercentage": 50.734
    },
    {
      "playerOne": 25,
      "playerTwo": 37,
      "winPercentage": 12.256
    },
    {
      "playerOne": 25,
      "playerTwo": 38,
      "winPercentage": 36.334
    },
    {
      "playerOne": 25,
      "playerTwo": 39,
      "winPercentage": 28.585
    },
    {
      "playerOne": 26,
      "playerTwo": 27,
      "winPercentage": 24.719
    },
    {
      "playerOne": 26,
      "playerTwo": 28,
      "winPercentage": 15.798
    },
    {
      "playerOne": 26,
      "playerTwo": 29,
      "winPercentage": 79.379
    },
    {
      "playerOne": 26,
      "playerTwo": 30,
      "winPercentage": 83.676
    },
    {
      "playerOne": 26,
      "playerTwo": 31,
      "winPercentage": 4.286
    },
    {
      "playerOne": 26,
      "playerTwo": 32,
      "winPercentage": 93.111
    },
    {
      "playerOne": 26,
      "playerTwo": 33,
      "winPercentage": 85.83
    },
    {
      "playerOne": 26,
      "playerTwo": 34,
      "winPercentage": 29.749
    },
    {
      "playerOne": 26,
      "playerTwo": 35,
      "winPercentage": 27.183
    },
    {
      "playerOne": 26,
      "playerTwo": 36,
      "winPercentage": 49.562
    },
    {
      "playerOne": 26,
      "playerTwo": 37,
      "winPercentage": 93.73
    },
    {
      "playerOne": 26,
      "playerTwo": 38,
      "winPercentage": 93.537
    },
    {
      "playerOne": 26,
      "playerTwo": 39,
      "winPercentage": 37.014
    },
    {
      "playerOne": 27,
      "playerTwo": 28,
      "winPercentage": 52.825
    },
    {
      "playerOne": 27,
      "playerTwo": 29,
      "winPercentage": 38.366
    },
    {
      "playerOne": 27,
      "playerTwo": 30,
      "winPercentage": 49.307
    },
    {
      "playerOne": 27,
      "playerTwo": 31,
      "winPercentage": 3.357
    },
    {
      "playerOne": 27,
      "playerTwo": 32,
      "winPercentage": 29.132
    },
    {
      "playerOne": 27,
      "playerTwo": 33,
      "winPercentage": 10.925
    },
    {
      "playerOne": 27,
      "playerTwo": 34,
      "winPercentage": 66.743
    },
    {
      "playerOne": 27,
      "playerTwo": 35,
      "winPercentage": 66.801
    },
    {
      "playerOne": 27,
      "playerTwo": 36,
      "winPercentage": 81.053
    },
    {
      "playerOne": 27,
      "playerTwo": 37,
      "winPercentage": 99.28
    },
    {
      "playerOne": 27,
      "playerTwo": 38,
      "winPercentage": 98.695
    },
    {
      "playerOne": 27,
      "playerTwo": 39,
      "winPercentage": 59.349
    },
    {
      "playerOne": 28,
      "playerTwo": 29,
      "winPercentage": 45.627
    },
    {
      "playerOne": 28,
      "playerTwo": 30,
      "winPercentage": 40.02
    },
    {
      "playerOne": 28,
      "playerTwo": 31,
      "winPercentage": 54.112
    },
    {
      "playerOne": 28,
      "playerTwo": 32,
      "winPercentage": 23.401
    },
    {
      "playerOne": 28,
      "playerTwo": 33,
      "winPercentage": 35.51
    },
    {
      "playerOne": 28,
      "playerTwo": 34,
      "winPercentage": 1.732
    },
    {
      "playerOne": 28,
      "playerTwo": 35,
      "winPercentage": 27.335
    },
    {
      "playerOne": 28,
      "playerTwo": 36,
      "winPercentage": 34.172
    },
    {
      "playerOne": 28,
      "playerTwo": 37,
      "winPercentage": 44.513
    },
    {
      "playerOne": 28,
      "playerTwo": 38,
      "winPercentage": 90.084
    },
    {
      "playerOne": 28,
      "playerTwo": 39,
      "winPercentage": 36.764
    },
    {
      "playerOne": 29,
      "playerTwo": 30,
      "winPercentage": 82.118
    },
    {
      "playerOne": 29,
      "playerTwo": 31,
      "winPercentage": 78.676
    },
    {
      "playerOne": 29,
      "playerTwo": 32,
      "winPercentage": 2.04
    },
    {
      "playerOne": 29,
      "playerTwo": 33,
      "winPercentage": 16.703
    },
    {
      "playerOne": 29,
      "playerTwo": 34,
      "winPercentage": 65.437
    },
    {
      "playerOne": 29,
      "playerTwo": 35,
      "winPercentage": 21.246
    },
    {
      "playerOne": 29,
      "playerTwo": 36,
      "winPercentage": 77.119
    },
    {
      "playerOne": 29,
      "playerTwo": 37,
      "winPercentage": 12.423
    },
    {
      "playerOne": 29,
      "playerTwo": 38,
      "winPercentage": 81.154
    },
    {
      "playerOne": 29,
      "playerTwo": 39,
      "winPercentage": 4.864
    },
    {
      "playerOne": 30,
      "playerTwo": 31,
      "winPercentage": 21.429
    },
    {
      "playerOne": 30,
      "playerTwo": 32,
      "winPercentage": 94.45
    },
    {
      "playerOne": 30,
      "playerTwo": 33,
      "winPercentage": 36.517
    },
    {
      "playerOne": 30,
      "playerTwo": 34,
      "winPercentage": 68.607
    },
    {
      "playerOne": 30,
      "playerTwo": 35,
      "winPercentage": 40.403
    },
    {
      "playerOne": 30,
      "playerTwo": 36,
      "winPercentage": 4.514
    },
    {
      "playerOne": 30,
      "playerTwo": 37,
      "winPercentage": 84.856
    },
    {
      "playerOne": 30,
      "playerTwo": 38,
      "winPercentage": 40.336
    },
    {
      "playerOne": 30,
      "playerTwo": 39,
      "winPercentage": 23.945
    },
    {
      "playerOne": 31,
      "playerTwo": 32,
      "winPercentage": 55.998
    },
    {
      "playerOne": 31,
      "playerTwo": 33,
      "winPercentage": 96.186
    },
    {
      "playerOne": 31,
      "playerTwo": 34,
      "winPercentage": 47.318
    },
    {
      "playerOne": 31,
      "playerTwo": 35,
      "winPercentage": 98.545
    },
    {
      "playerOne": 31,
      "playerTwo": 36,
      "winPercentage": 3264.5
    },
    {
      "playerOne": 31,
      "playerTwo": 37,
      "winPercentage": 5.642
    },
    {
      "playerOne": 31,
      "playerTwo": 38,
      "winPercentage": 61.594
    },
    {
      "playerOne": 31,
      "playerTwo": 39,
      "winPercentage": 12.911
    },
    {
      "playerOne": 32,
      "playerTwo": 33,
      "winPercentage": 36.643
    },
    {
      "playerOne": 32,
      "playerTwo": 34,
      "winPercentage": 74.841
    },
    {
      "playerOne": 32,
      "playerTwo": 35,
      "winPercentage": 67.163
    },
    {
      "playerOne": 32,
      "playerTwo": 36,
      "winPercentage": 32.645
    },
    {
      "playerOne": 32,
      "playerTwo": 37,
      "winPercentage": 50.997
    },
    {
      "playerOne": 32,
      "playerTwo": 38,
      "winPercentage": 26.288
    },
    {
      "playerOne": 32,
      "playerTwo": 39,
      "winPercentage": 41.563
    },
    {
      "playerOne": 33,
      "playerTwo": 34,
      "winPercentage": 44.338
    },
    {
      "playerOne": 33,
      "playerTwo": 35,
      "winPercentage": 97.673
    },
    {
      "playerOne": 33,
      "playerTwo": 36,
      "winPercentage": 1.043
    },
    {
      "playerOne": 33,
      "playerTwo": 37,
      "winPercentage": 75.31
    },
    {
      "playerOne": 33,
      "playerTwo": 38,
      "winPercentage": 13.868
    },
    {
      "playerOne": 33,
      "playerTwo": 39,
      "winPercentage": 68.673
    },
    {
      "playerOne": 34,
      "playerTwo": 35,
      "winPercentage": 98.39
    },
    {
      "playerOne": 34,
      "playerTwo": 36,
      "winPercentage": 65.519
    },
    {
      "playerOne": 34,
      "playerTwo": 37,
      "winPercentage": 76.231
    },
    {
      "playerOne": 34,
      "playerTwo": 38,
      "winPercentage": 39.747
    },
    {
      "playerOne": 34,
      "playerTwo": 39,
      "winPercentage": 20.83
    },
    {
      "playerOne": 35,
      "playerTwo": 36,
      "winPercentage": 84.367
    },
    {
      "playerOne": 35,
      "playerTwo": 37,
      "winPercentage": 11.017
    },
    {
      "playerOne": 35,
      "playerTwo": 38,
      "winPercentage": 77.192
    },
    {
      "playerOne": 35,
      "playerTwo": 39,
      "winPercentage": 81.636
    },
    {
      "playerOne": 36,
      "playerTwo": 37,
      "winPercentage": 51.023
    },
    {
      "playerOne": 36,
      "playerTwo": 38,
      "winPercentage": 21.911
    },
    {
      "playerOne": 36,
      "playerTwo": 39,
      "winPercentage": 15.472
    },
    {
      "playerOne": 37,
      "playerTwo": 38,
      "winPercentage": 30.0
    },
    {
      "playerOne": 37,
      "playerTwo": 39,
      "winPercentage": 79.554
    },
    {
      "playerOne": 38,
      "playerTwo": 39,
      "winPercentage": 98.98
    }
  ]
}