{
  "metadata": {
    "numPlayers": 40
  },
  "teamStats": [
    {
      "playerOne": 0,
      "playerTwo": 1,
      "winPercentage": 42.5
    },
    {
      "playerOne": 0,
      "playerTwo": 2,
      "winPercentage": 79.304
    },
    {
      "playerOne": 0,
      "playerTwo": 3,
      "winPercentage": 39.828
    },
    {
      "playerOne": 0,
      "playerTwo": 4,
      "winPercentage": 70.022
    },
    {
      "playerOne": 0,
      "playerTwo": 5,
      "winPercentage": 17.058
    },
    {
      "playerOne": 0,
      "playerTwo": 6,
      "winPercentage": 94.928
    },
    {
      "playerOne": 0,
      "playerTwo": 7,
      "winPercentage": 79.284
    },
    {
      "playerOne": 0,
      "playerTwo": 8,
      "winPercentage": 71.036
    },
    {
      "playerOne": 0,
      "playerTwo": 9,
      "winPercentage": 31.077
    },
    {
      "playerOne": 0,
      "playerTwo": 10,
      "winPercentage": 55.071
    },
    {
      "playerOne": 0,
      "playerTwo": 11,
      "winPercentage": 53.99
    },
    {
      "playerOne": 0,
      "playerTwo": 12,
      "winPercentage": 63.486
    },
    {
      "playerOne": 0,
      "playerTwo": 13,
      "winPercentage": 36.244
    },
    {
      "playerOne": 0,
      "playerTwo": 14,
      "winPercentage": 35.391
    },
    {
      "playerOne": 0,
      "playerTwo": 15,
      "winPercentage": 66.454
    },
    {
      "playerOne": 0,
      "playerTwo": 16,
      "winPercentage": 74.839
    },
    {
      "playerOne": 0,
      "playerTwo": 17,
      "winPercentage": 56.973
    },
    {
      "playerOne": 0,
      "playerTwo": 18,
      "winPercentage": 97.843
    },
    {
      "playerOne": 0,
      "playerTwo": 19,
      "winPercentage": 4.092
    },
    {
      "playerOne": 0,
      "playerTwo": 20,
      "winPercentage": 63.192
    },
    {
      "playerOne": 0,
      "playerTwo": 21,
      "winPercentage": 4.448
    },
    {
      "playerOne": 0,
      "playerTwo": 22,
      "winPercentage": 11.658
    },
    {
      "playerOne": 0,
      "playerTwo": 23,
      "winPercentage": 95.658
    },
    {
      "playerOne": 0,
      "playerTwo": 24,
      "winPercentage": 6.739
    },
    {
      "playerOne": 0,
      "playerTwo": 25,
      "winPercentage": 5.043
    },
    {
      "playerOne": 0,
      "playerTwo": 26,
      "winPercentage": 24.547
    },
    {
      "playerOne": 0,
      "playerTwo": 27,
      "winPercentage": 80.106
    },
    {
      "playerOne": 0,
      "playerTwo": 28,
      "winPercentage": 55.412
    },
    {
      "playerOne": 0,
      "playerTwo": 29,
      "winPercentage": 33.889
    },
    {
      "playerOne": 0,
      "playerTwo": 30,
      "winPercentage": 78.853
    },
    {
      "playerOne": 0,
      "playerTwo": 31,
      "winPercentage": 67.992
    },
    {
      "playerOne": 0,
      "playerTwo": 32,
      "winPercentage": 31.425
    },
    {
      "playerOne": 0,
      "playerTwo": 33,
      "winPercentage": 14.536
    },
    {
      "playerOne": 0,
      "playerTwo": 34,
      "winPercentage": 15.221
    },
    {
      "playerOne": 0,
      "playerTwo": 35,
      "winPercentage": 79.587
    },
    {
      "playerOne": 0,
      "playerTwo": 36,
      "winPercentage": 80.255
    },
    {
      "playerOne": 0,
      "playerTwo": 37,
      "winPercentage": 54.475
    },
    {
      "playerOne": 0,
      "playerTwo": 38,
      "winPercentage": 64.968
    },
    {
      "playerOne": 0,
      "playerTwo": 39,
      "winPercentage": 17.771
    },
    {
      "playerOne": 1,
      "playerTwo": 2,
      "winPercentage": 51.964
    },
    {
      "playerOne": 1,
      "playerTwo": 3,
      "winPercentage": 36.554
    },
    {
      "playerOne": 1,
      "playerTwo": 4,
      "winPercentage": 23.822
    },
    {
      "playerOne": 1,
      "playerTwo": 5,
      "winPercentage": 64.061
    },
    {
      "playerOne": 1,
      "playerTwo": 6,
      "winPercentage": 12.186
    },
    {
      "playerOne": 1,
      "playerTwo": 7,
      "winPercentage": 28.649
    },
    {
      "playerOne": 1,
      "playerTwo": 8,
      "winPercentage": 76.708
    },
    {
      "playerOne": 1,
      "playerTwo": 9,
      "winPercentage": 7.18
    },
    {
      "playerOne": 1,
      "playerTwo": 10,
      "winPercentage": 62.136
    },
    {
      "playerOne": 1,
      "playerTwo": 11,
      "winPercentage": 96.432
    },
    {
      "playerOne": 1,
      "playerTwo": 12,
      "winPercentage": 75.891
    },
    {
      "playerOne": 1,
      "playerTwo": 13,
      "winPercentage": 41.919
    },
    {
      "playerOne": 1,
      "playerTwo": 14,
      "winPercentage": 96.554
    },
    {
      "playerOne": 1,
      "playerTwo": 15,
      "winPercentage": 23.126
    },
    {
      "playerOne": 1,
      "playerTwo": 16,
      "winPercentage": 47.043
    },
    {
      "playerOne": 1,
      "playerTwo": 17,
      "winPercentage": 64.317
    },
    {
      "playerOne": 1,
      "playerTwo": 18,
      "winPercentage": 81.802
    },
    {
      "playerOne": 1,
      "playerTwo": 19,
      "winPercentage": 14.511
    },
    {
      "playerOne": 1,
      "playerTwo": 20,
      "winPercentage": 8.019
    },
    {
      "playerOne": 1,
      "playerTwo": 21,
      "winPercentage": 55.013
    },
    {
      "playerOne": 1,
      "playerTwo": 22,
      "winPercentage": 32.819
    },
    {
      "playerOne": 1,
      "playerTwo": 23,
      "winPercentage": 50.124
    },
    {
      "playerOne": 1,
      "playerTwo": 24,
      "winPercentage": 63.698
    },
    {
      "playerOne": 1,
      "playerTwo": 25,
      "winPercentage": 20.539
    },
    {
      "playerOne": 1,
      "playerTwo": 26,
      "winPercentage": 18.28
    },
    {
      "playerOne": 1,
      "playerTwo": 27,
      "winPercentage": 83.471
    },
    {
      "playerOne": 1,
      "playerTwo": 28,
      "winPercentage": 79.803
    },
    {
      "playerOne": 1,
      "playerTwo": 29,
      "winPercentage": 90.797
    },
    {
      "playerOne": 1,
      "playerTwo": 30,
      "winPercentage": 18.982
    },
    {
      "playerOne": 1,
      "playerTwo": 31,
      "winPercentage": 99.095
    },
    {
      "playerOne": 1,
      "playerTwo": 32,
      "winPercentage": 80.08
    },
    {
      "playerOne": 1,
      "playerTwo": 33,
      "winPercentage": 62.202
    },
    {
      "playerOne": 1,
      "playerTwo": 34,
      "winPercentage": 6.339
    },
    {
      "playerOne": 1,
      "playerTwo": 35,
      "winPercentage": 38.645
    },
    {
      "playerOne": 1,
      "playerTwo": 36,
      "winPercentage": 43.383
    },
    {
      "playerOne": 1,
      "playerTwo": 37,
      "winPercentage": 30.885
    },
    {
      "playerOne": 1,
      "playerTwo": 38,
      "winPercentage": 7.91
    },
    {
      "playerOne": 1,
      "playerTwo": 39,
      "winPercentage": 60.316
    },
    {
      "playerOne": 2,
      "playerTwo": 3,
      "winPercentage": 19.882
    },
    {
      "playerOne": 2,
      "playerTwo": 4,
      "winPercentage": 25.017
    },
    {
      "playerOne": 2,
      "playerTwo": 5,
      "winPercentage": 16.822
    },
    {
      "playerOne": 2,
      "playerTwo": 6,
      "winPercentage": 71.963
    },
    {
      "playerOne": 2,
      "playerTwo": 7,
      "winPercentage": 38.674
    },
    {
      "playerOne": 2,
      "playerTwo": 8,
      "winPercentage": 9.778
    },
    {
      "playerOne": 2,
      "playerTwo": 9,
      "winPercentage": 86.446
    },
    {
      "playerOne": 2,
      "playerTwo": 10,
      "winPercentage": 83.33
    },
    {
      "playerOne": 2,
      "playerTwo": 11,
      "winPercentage": 84.489
    },
    {
      "playerOne": 2,
      "playerTwo": 12,
      "winPercentage": 75.303
    },
    {
      "playerOne": 2,
      "playerTwo": 13,
      "winPercentage": 93.999
    },
    {
      "playerOne": 2,
      "playerTwo": 14,
      "winPercentage": 77.66
    },
    {
      "playerOne": 2,
      "playerTwo": 15,
      "winPercentage": 24.481
    },
    {
      "playerOne": 2,
      "playerTwo": 16,
      "winPercentage": 69.203
    },
    {
      "playerOne": 2,
      "playerTwo": 17,
      "winPercentage": 46.662
    },
    {
      "playerOne": 2,
      "playerTwo": 18,
      "winPercentage": 47.461
    },
    {
      "playerOne": 2,
      "playerTwo": 19,
      "winPercentage": 17.702
    },
    {
      "playerOne": 2,
      "playerTwo": 20,
      "winPercentage": 11.333
    },
    {
      "playerOne": 2,
      "playerTwo": 21,
      "winPercentage": 16.167
    },
    {
      "playerOne": 2,
      "playerTwo": 22,
      "winPercentage": 48.102
    },
    {
      "playerOne": 2,
      "playerTwo": 23,
      "winPercentage": 22.334
    },
    {
      "playerOne": 2,
      "playerTwo": 24,
      "winPercentage": 67.866
    },
    {
      "playerOne": 2,
      "playerTwo": 25,
      "winPercentage": 56.52
    },
    {
      "playerOne": 2,
      "playerTwo": 26,
      "winPercentage": 11.169
    },
    {
      "playerOne": 2,
      "playerTwo": 27,
      "winPercentage": 91.953
    },
    {
      "playerOne": 2,
      "playerTwo": 28,
      "winPercentage": 80.987
    },
    {
      "playerOne": 2,
      "playerTwo": 29,
      "winPercentage": 6.121
    },
    {
      "playerOne": 2,
      "playerTwo": 30,
      "winPercentage": 77.185
    },
    {
      "playerOne": 2,
      "playerTwo": 31,
      "winPercentage": 97.65
    },
    {
      "playerOne": 2,
      "playerTwo": 32,
      "winPercentage": 4.118
    },
    {
      "playerOne": 2,
      "playerTwo": 33,
      "winPercentage": 41.481
    },
    {
      "playerOne": 2,
      "playerTwo": 34,
      "winPercentage": 23.368
    },
    {
      "playerOne": 2,
      "playerTwo": 35,
      "winPercentage": 3.842
    },
    {
      "playerOne": 2,
      "playerTwo": 36,
      "winPercentage": 55.937
    },
    {
      "playerOne": 2,
      "playerTwo": 37,
      "winPercentage": 77.773
    },
    {
      "playerOne": 2,
      "playerTwo": 38,
      "winPercentage": 51.77
    },
    {
      "playerOne": 2,
      "playerTwo": 39,
      "winPercentage": 56.068
    },
    {
      "playerOne": 3,
      "playerTwo": 4,
      "winPercentage": 53.067
    },
    {
      "playerOne": 3,
      "playerTwo": 5,
      "winPercentage": 31.998
    },
    {
      "playerOne": 3,
      "playerTwo": 6,
      "winPercentage": 31.746
    },
    {
      "playerOne": 3,
      "playerTwo": 7,
      "winPercentage": 9.219
    },
    {
      "playerOne": 3,
      "playerTwo": 8,
      "winPercentage": 60.702
    },
    {
      "playerOne": 3,
      "playerTwo": 9,
      "winPercentage": 31.921
    },
    {
      "playerOne": 3,
      "playerTwo": 10,
      "winPercentage": 80.806
    },
    {
      "playerOne": 3,
      "playerTwo": 11,
      "winPercentage": 31.441
    },
    {
      "playerOne": 3,
      "playerTwo": 12,
      "winPercentage": 13.906
    },
    {
      "playerOne": 3,
      "playerTwo": 13,
      "winPercentage": 54.036
    },
    {
      "playerOne": 3,
      "playerTwo": 14,
      "winPercentage": 70.622
    },
    {
      "playerOne": 3,
      "playerTwo": 15,
      "winPercentage": 54.101
    },
    {
      "playerOne": 3,
      "playerTwo": 16,
      "winPercentage": 12.6
    },
    {
      "playerOne": 3,
      "playerTwo": 17,
      "winPercentage": 70.775
    },
    {
      "playerOne": 3,
      "playerTwo": 18,
      "winPercentage": 0.509
    },
    {
      "playerOne": 3,
      "playerTwo": 19,
      "winPercentage": 22.468
    },
    {
      "playerOne": 3,
      "playerTwo": 20,
      "winPercentage": 86.235
    },
    {
      "playerOne": 3,
      "playerTwo": 21,
      "winPercentage": 75.094
    },
    {
      "playerOne": 3,
      "playerTwo": 22,
      "winPercentage": 17.802
    },
    {
      "playerOne": 3,
      "playerTwo": 23,
      "winPercentage": 35.212
    },
    {
      "playerOne": 3,
      "playerTwo": 24,
      "winPercentage": 11.771
    },
    {
      "playerOne": 3,
      "playerTwo": 25,
      "winPercentage": 37.03
    },
    {
      "playerOne": 3,
      "playerTwo": 26,
      "winPercentage": 77.663
    },
    {
      "playerOne": 3,
      "playerTwo": 27,
      "winPercentage": 68.004
    },
    {
      "playerOne": 3,
      "playerTwo": 28,
      "winPercentage": 81.652
    },
    {
      "playerOne": 3,
      "playerTwo": 29,
      "winPercentage": 25.637
    },
    {
      "playerOne": 3,
      "playerTwo": 30,
      "winPercentage": 38.084
    },
    {
      "playerOne": 3,
      "playerTwo": 31,
      "winPercentage": 5.487
    },
    {
      "playerOne": 3,
      "playerTwo": 32,
      "winPercentage": 27.783
    },
    {
      "playerOne": 3,
      "playerTwo": 33,
      "winPercentage": 17.321
    },
    {
      "playerOne": 3,
      "playerTwo": 34,
      "winPercentage": 82.463
    },
    {
      "playerOne": 3,
      "playerTwo": 35,
      "winPercentage": 54.268
    },
    {
      "playerOne": 3,
      "playerTwo": 36,
      "winPercentage": 76.859
    },
    {
      "playerOne": 3,
      "playerTwo": 37,
      "winPercentage": 18.646
    },
    {
      "playerOne": 3,
      "playerTwo": 38,
      "winPercentage": 22.548
    },
    {
      "playerOne": 3,
      "playerTwo": 39,
      "winPercentage": 63.625
    },
    {
      "playerOne": 4,
      "playerTwo": 5,
      "winPercentage": 22.69
    },
    {
      "playerOne": 4,
      "playerTwo": 6,
      "winPercentage": 33.325
    },
    {
      "playerOne": 4,
      "playerTwo": 7,
      "winPercentage": 80.578
    },
    {
      "playerOne": 4,
      "playerTwo": 8,
      "winPercentage": 73.811
    },
    {
      "playerOne": 4,
      "playerTwo": 9,
      "winPercentage": 77.412
    },
    {
      "playerOne": 4,
      "playerTwo": 10,
      "winPercentage": 79.426
    },
    {
      "playerOne": 4,
      "playerTwo": 11,
      "winPercentage": 31.501
    },
    {
      "playerOne": 4,
      "playerTwo": 12,
      "winPercentage": 4.504
    },
    {
      "playerOne": 4,
      "playerTwo": 13,
      "winPercentage": 8.001
    },
    {
      "playerOne": 4,
      "playerTwo": 14,
      "winPercentage": 37.363
    },
    {
      "playerOne": 4,
      "playerTwo": 15,
      "winPercentage": 83.871
    },
    {
      "playerOne": 4,
      "playerTwo": 16,
      "winPercentage": 71.151
    },
    {
      "playerOne": 4,
      "playerTwo": 17,
      "winPercentage": 90.34
    },
    {
      "playerOne": 4,
      "playerTwo": 18,
      "winPercentage": 87.828
    },
    {
      "playerOne": 4,
      "playerTwo": 19,
      "winPercentage": 69.344
    },
    {
      "playerOne": 4,
      "playerTwo": 20,
      "winPercentage": 46.333
    },
    {
      "playerOne": 4,
      "playerTwo": 21,
      "winPercentage": 94.158
    },
    {
      "playerOne": 4,
      "playerTwo": 22,
      "winPercentage": 80.417
    },
    {
      "playerOne": 4,
      "playerTwo": 23,
      "winPercentage": 67.978
    },
    {
      "playerOne": 4,
      "playerTwo": 24,
      "winPercentage": 11.466
    },
    {
      "playerOne": 4,
      "playerTwo": 25,
      "winPercentage": 99.225
    },
    {
      "playerOne": 4,
      "playerTwo": 26,
      "winPercentage": 63.403
    },
    {
      "playerOne": 4,
      "playerTwo": 27,
      "winPercentage": 27.098
    },
    {
      "playerOne": 4,
      "playerTwo": 28,
      "winPercentage": 78.968
    },
    {
      "playerOne": 4,
      "playerTwo": 29,
      "winPercentage": 83.322
    },
    {
      "playerOne": 4,
      "playerTwo": 30,
      "winPercentage": 54.766
    },
    {
      "playerOne": 4,
      "playerTwo": 31,
      "winPercentage": 4.91
    },
    {
      "playerOne": 4,
      "playerTwo": 32,
      "winPercentage": 98.972
    },
    {
      "playerOne": 4,
      "playerTwo": 33,
      "winPercentage": 6.558
    },
    {
      "playerOne": 4,
      "playerTwo": 34,
      "winPercentage": 95.826
    },
    {
      "playerOne": 4,
      "playerTwo": 35,
      "winPercentage": 3.479
    },
    {
      "playerOne": 4,
      "playerTwo": 36,
      "winPercentage": 15.694
    },
    {
      "playerOne": 4,
      "playerTwo": 37,
      "winPercentage": 85.681
    },
    {
      "playerOne": 4,
      "playerTwo": 38,
      "winPercentage": 44.932
    },
    {
      "playerOne": 4,
      "playerTwo": 39,
      "winPercentage": 17.226
    },
    {
      "playerOne": 5,
      "playerTwo": 6,
      "winPercentage": 65.962
    },
    {
      "playerOne": 5,
      "playerTwo": 7,
      "winPercentage": 68.92
    },
    {
      "playerOne": 5,
      "playerTwo": 8,
      "winPercentage": 84.375
    },
    {
      "playerOne": 5,
      "playerTwo": 9,
      "winPercentage": 12.733
    },
    {
      "playerOne": 5,
      "playerTwo": 10,
      "winPercentage": 25.358
    },
    {
      "playerOne": 5,
      "playerTwo": 11,
      "winPercentage": 30.031
    },
    {
      "playerOne": 5,
      "playerTwo": 12,
      "winPercentage": 71.634
    },
    {
      "playerOne": 5,
      "playerTwo": 13,
      "winPercentage": 39.399
    },
    {
      "playerOne": 5,
      "playerTwo": 14,
      "winPercentage": 77.982
    },
    {
      "playerOne": 5,
      "playerTwo": 15,
      "winPercentage": 4.686
    },
    {
      "playerOne": 5,
      "playerTwo": 16,
      "winPercentage": 61.324
    },
    {
      "playerOne": 5,
      "playerTwo": 17,
      "winPercentage": 41.856
    },
    {
      "playerOne": 5,
      "playerTwo": 18,
      "winPercentage": 95.294
    },
    {
      "playerOne": 5,
      "playerTwo": 19,
      "winPercentage": 84.855
    },
    {
      "playerOne": 5,
      "playerTwo": 20,
      "winPercentage": 18.047
    },
    {
      "playerOne": 5,
      "playerTwo": 21,
      "winPercentage": 52.298
    },
    {
      "playerOne": 5,
      "playerTwo": 22,
      "winPercentage": 50.591
    },
    {
      "playerOne": 5,
      "playerTwo": 23,
      "winPercentage": 41.19
    },
    {
      "playerOne": 5,
      "playerTwo": 24,
      "winPercentage": 63.031
    },
    {
      "playerOne": 5,
      "playerTwo": 25,
      "winPercentage": 73.216
    },
    {
      "playerOne": 5,
      "playerTwo": 26,
      "winPercentage": 43.679
    },
    {
      "playerOne": 5,
      "playerTwo": 27,
      "winPercentage": 70.099
    },
    {
      "playerOne": 5,
      "playerTwo": 28,
      "winPercentage": 56.868
    },
    {
      "playerOne": 5,
      "playerTwo": 29,
      "winPercentage": 20.4
    },
    {
      "playerOne": 5,
      "playerTwo": 30,
      "winPercentage": 12.941
    },
    {
      "playerOne": 5,
      "playerTwo": 31,
      "winPercentage": 19.314
    },
    {
      "playerOne": 5,
      "playerTwo": 32,
      "winPercentage": 85.547
    },
    {
      "playerOne": 5,
      "playerTwo": 33,
      "winPercentage": 84.094
    },
    {
      "playerOne": 5,
      "playerTwo": 34,
      "winPercentage": 85.938
    },
    {
      "playerOne": 5,
      "playerTwo": 35,
      "winPercentage": 30.351
    },
    {
      "playerOne": 5,
      "playerTwo": 36,
      "winPercentage": 50.522
    },
    {
      "playerOne": 5,
      "playerTwo": 37,
      "winPercentage": 33.973
    },
    {
      "playerOne": 5,
      "playerTwo": 38,
      "winPercentage": 81.211
    },
    {
      "playerOne": 5,
      "playerTwo": 39,
      "winPercentage": 59.313
    },
    {
      "playerOne": 6,
      "playerTwo": 7,
      "winPercentage": 80.149
    },
    {
      "playerOne": 6,
      "playerTwo": 8,
      "winPercentage": 14.816
    },
    {
      "playerOne": 6,
      "playerTwo": 9,
      "winPercentage": 17.205
    },
    {
      "playerOne": 6,
      "playerTwo": 10,
      "winPercentage": 89.984
    },
    {
      "playerOne": 6,
      "playerTwo": 11,
      "winPercentage": 15.466
    },
    {
      "playerOne": 6,
      "playerTwo": 12,
      "winPercentage": 64.955
    },
    {
      "playerOne": 6,
      "playerTwo": 13,
      "winPercentage": 60.057
    },
    {
      "playerOne": 6,
      "playerTwo": 14,
      "winPercentage": 62.03
    },
    {
      "playerOne": 6,
      "playerTwo": 15,
      "winPercentage": 25.642
    },
    {
      "playerOne": 6,
      "playerTwo": 16,
      "winPercentage": 46.362
    },
    {
      "playerOne": 6,
      "playerTwo": 17,
      "winPercentage": 5.55
    },
    {
      "playerOne": 6,
      "playerTwo": 18,
      "winPercentage": 33.119
    },
    {
      "playerOne": 6,
      "playerTwo": 19,
      "winPercentage": 77.765
    },
    {
      "playerOne": 6,
      "playerTwo": 20,
      "winPercentage": 13.514
    },
    {
      "playerOne": 6,
      "playerTwo": 21,
      "winPercentage": 58.641
    },
    {
      "playerOne": 6,
      "playerTwo": 22,
      "winPercentage": 94.342
    },
    {
      "playerOne": 6,
      "playerTwo": 23,
      "winPercentage": 82.884
    },
    {
      "playerOne": 6,
      "playerTwo": 24,
      "winPercentage": 41.123
    },
    {
      "playerOne": 6,
      "playerTwo": 25,
      "winPercentage": 28.975
    },
    {
      "playerOne": 6,
      "playerTwo": 26,
      "winPercentage": 28.451
    },
    {
      "playerOne": 6,
      "playerTwo": 27,
      "winPercentage": 43.116
    },
    {
      "playerOne": 6,
      "playerTwo": 28,
      "winPercentage": 54.969
    },
    {
      "playerOne": 6,
      "playerTwo": 29,
      "winPercentage": 67.435
    },
    {
      "playerOne": 6,
      "playerTwo": 30,
      "winPercentage": 0.362
    },
    {
      "playerOne": 6,
      "playerTwo": 31,
      "winPercentage": 16.737
    },
    {
      "playerOne": 6,
      "playerTwo": 32,
      "winPercentage": 70.967
    },
    {
      "playerOne": 6,
      "playerTwo": 33,
      "winPercentage": 67.867
    },
    {
      "playerOne": 6,
      "playerTwo": 34,
      "winPercentage": 94.076
    },
    {
      "playerOne": 6,
      "playerTwo": 35,
      "winPercentage": 11.995
    },
    {
      "playerOne": 6,
      "playerTwo": 36,
      "winPercentage": 49.892
    },
    {
      "playerOne": 6,
      "playerTwo": 37,
      "winPercentage": 52.138
    },
    {
      "playerOne": 6,
      "playerTwo": 38,
      "winPercentage": 44.626
    },
    {
      "playerOne": 6,
      "playerTwo": 39,
      "winPercentage": 91.73
    },
    {
      "playerOne": 7,
      "playerTwo": 8,
      "winPercentage": 10.289
    },
    {
      "playerOne": 7,
      "playerTwo": 9,
      "winPercentage": 5.278
    },
    {
      "playerOne": 7,
      "playerTwo": 10,
      "winPercentage": 31.466
    },
    {
      "playerOne": 7,
      "playerTwo": 11,
      "winPercentage": 23.648
    },
    {
      "playerOne": 7,
      "playerTwo": 12,
      "winPercentage": 97.485
    },
    {
      "playerOne": 7,
      "playerTwo": 13,
      "winPercentage": 72.519
    },
    {
      "playerOne": 7,
      "playerTwo": 14,
      "winPercentage": 49.801
    },
    {
      "playerOne": 7,
      "playerTwo": 15,
      "winPercentage": 59.493
    },
    {
      "playerOne": 7,
      "playerTwo": 16,
      "winPercentage": 92.309
    },
    {
      "playerOne": 7,
      "playerTwo": 17,
      "winPercentage": 31.222
    },
    {
      "playerOne": 7,
      "playerTwo": 18,
      "winPercentage": 31.549
    },
    {
      "playerOne": 7,
      "playerTwo": 19,
      "winPercentage": 87.654
    },
    {
      "playerOne": 7,
      "playerTwo": 20,
      "winPercentage": 24.852
    },
    {
      "playerOne": 7,
      "playerTwo": 21,
      "winPercentage": 68.341
    },
    {
      "playerOne": 7,
      "playerTwo": 22,
      "winPercentage": 16.61
    },
    {
      "playerOne": 7,
      "playerTwo": 23,
      "winPercentage": 94.477
    },
    {
      "playerOne": 7,
      "playerTwo": 24,
      "winPercentage": 55.444
    },
    {
      "playerOne": 7,
      "playerTwo": 25,
      "winPercentage": 29.966
    },
    {
      "playerOne": 7,
      "playerTwo": 26,
      "winPercentage": 17.681
    },
    {
      "playerOne": 7,
      "playerTwo": 27,
      "winPercentage": 53.413
    },
    {
      "playerOne": 7,
      "playerTwo": 28,
      "winPercentage": 82.715
    },
    {
      "playerOne": 7,
      "playerTwo": 29,
      "winPercentage": 21.739
    },
    {
      "playerOne": 7,
      "playerTwo": 30,
      "winPercentage": 14.584
    },
    {
      "playerOne": 7,
      "playerTwo": 31,
      "winPercentage": 67.752
    },
    {
      "playerOne": 7,
      "playerTwo": 32,
      "winPercentage": 67.183
    },
    {
      "playerOne": 7,
      "playerTwo": 33,
      "winPercentage": 48.622
    },
    {
      "playerOne": 7,
      "playerTwo": 34,
      "winPercentage": 36.505
    },
    {
      "playerOne": 7,
      "playerTwo": 35,
      "winPercentage": 65.899
    },
    {
      "playerOne": 7,
      "playerTwo": 36,
      "winPercentage": 93.773
    },
    {
      "playerOne": 7,
      "playerTwo": 37,
      "winPercentage": 86.804
    },
    {
      "playerOne": 7,
      "playerTwo": 38,
      "winPercentage": 87.887
    },
    {
      "playerOne": 7,
      "playerTwo": 39,
      "winPercentage": 67.987
    },
    {
      "playerOne": 8,
      "playerTwo": 9,
      "winPercentage": 40.196
    },
    {
      "playerOne": 8,
      "playerTwo": 10,
      "winPercentage": 16.85
    },
    {
      "playerOne": 8,
      "playerTwo": 11,
      "winPercentage": 60.149
    },
    {
      "playerOne": 8,
      "playerTwo": 12,
      "winPercentage": 15.882
    },
    {
      "playerOne": 8,
      "playerTwo": 13,
      "winPercentage": 20.82
    },
    {
      "playerOne": 8,
      "playerTwo": 14,
      "winPercentage": 28.321
    },
    {
      "playerOne": 8,
      "playerTwo": 15,
      "winPercentage": 30.044
    },
    {
      "playerOne": 8,
      "playerTwo": 16,
      "winPercentage": 43.17
    },
    {
      "playerOne": 8,
      "playerTwo": 17,
      "winPercentage": 60.772
    },
    {
      "playerOne": 8,
      "playerTwo": 18,
      "winPercentage": 50.636
    },
    {
      "playerOne": 8,
      "playerTwo": 19,
      "winPercentage": 78.056
    },
    {
      "playerOne": 8,
      "playerTwo": 20,
      "winPercentage": 76.53
    },
    {
      "playerOne": 8,
      "playerTwo": 21,
      "winPercentage": 48.138
    },
    {
      "playerOne": 8,
      "playerTwo": 22,
      "winPercentage": 56.688
    },
    {
      "playerOne": 8,
      "playerTwo": 23,
      "winPercentage": 45.247
    },
    {
      "playerOne": 8,
      "playerTwo": 24,
      "winPercentage": 71.858
    },
    {
      "playerOne": 8,
      "playerTwo": 25,
      "winPercentage": 52.255
    },
    {
      "playerOne": 8,
      "playerTwo": 26,
      "winPercentage": 51.666
    },
    {
      "playerOne": 8,
      "playerTwo": 27,
      "winPercentage": 42.372
    },
    {
      "playerOne": 8,
      "playerTwo": 28,
      "winPercentage": 51.833
    },
    {
      "playerOne": 8,
      "playerTwo": 29,
      "winPercentage": 22.077
    },
    {
      "playerOne": 8,
      "playerTwo": 30,
      "winPercentage": 39.448
    },
    {
      "playerOne": 8,
      "playerTwo": 31,
      "winPercentage": 63.712
    },
    {
      "playerOne": 8,
      "playerTwo": 32,
      "winPercentage": 63.73
    },
    {
      "playerOne": 8,
      "playerTwo": 33,
      "winPercentage": 43.336
    },
    {
      "playerOne": 8,
      "playerTwo": 34,
      "winPercentage": 73.52
    },
    {
      "playerOne": 8,
      "playerTwo": 35,
      "winPercentage": 37.27
    },
    {
      "playerOne": 8,
      "playerTwo": 36,
      "winPercentage": 5.126
    },
    {
      "playerOne": 8,
      "playerTwo": 37,
      "winPercentage": 44.591
    },
    {
      "playerOne": 8,
      "playerTwo": 38,
      "winPercentage": 3.637
    },
    {
      "playerOne": 8,
      "playerTwo": 39,
      "winPercentage": 7.268
    },
    {
      "playerOne": 9,
      "playerTwo": 10,
      "winPercentage": 86.662
    },
    {
      "playerOne": 9,
      "playerTwo": 11,
      "winPercentage": 37.121
    },
    {
      "playerOne": 9,
      "playerTwo": 12,
      "winPercentage": 40.902
    },
    {
      "playerOne": 9,
      "playerTwo": 13,
      "winPercentage": 8.61
    },
    {
      "playerOne": 9,
      "playerTwo": 14,
      "winPercentage": 85.718
    },
    {
      "playerOne": 9,
      "playerTwo": 15,
      "winPercentage": 28.53
    },
    {
      "playerOne": 9,
      "playerTwo": 16,
      "winPercentage": 0.444
    },
    {
      "playerOne": 9,
      "playerTwo": 17,
      "winPercentage": 78.947
    },
    {
      "playerOne": 9,
      "playerTwo": 18,
      "winPercentage": 52.206
    },
    {
      "playerOne": 9,
      "playerTwo": 19,
      "winPercentage": 56.847
    },
    {
      "playerOne": 9,
      "playerTwo": 20,
      "winPercentage": 51.787
    },
    {
      "playerOne": 9,
      "playerTwo": 21,
      "winPercentage": 96.323
    },
    {
      "playerOne": 9,
      "playerTwo": 22,
      "winPercentage": 93.648
    },
    {
      "playerOne": 9,
      "playerTwo": 23,
      "winPercentage": 93.706
    },
    {
      "playerOne": 9,
      "playerTwo": 24,
      "winPercentage": 72.51
    },
    {
      "playerOne": 9,
      "playerTwo": 25,
      "winPercentage": 53.328
    },
    {
      "playerOne": 9,
      "playerTwo": 26,
      "winPercentage": 84.481
    },
    {
      "playerOne": 9,
      "playerTwo": 27,
      "winPercentage": 70.666
    },
    {
      "playerOne": 9,
      "playerTwo": 28,
      "winPercentage": 30.487
    },
    {
      "playerOne": 9,
      "playerTwo": 29,
      "winPercentage": 78.393
    },
    {
      "playerOne": 9,
      "playerTwo": 30,
      "winPercentage": 55.611
    },
    {
      "playerOne": 9,
      "playerTwo": 31,
      "winPercentage": 38.049
    },
    {
      "playerOne": 9,
      "playerTwo": 32,
      "winPercentage": 33.965
    },
    {
      "playerOne": 9,
      "playerTwo": 33,
      "winPercentage": 96.117
    },
    {
      "playerOne": 9,
      "playerTwo": 34,
      "winPercentage": 29.231
    },
    {
      "playerOne": 9,
      "playerTwo": 35,
      "winPercentage": 24.417
    },
    {
      "playerOne": 9,
      "playerTwo": 36,
      "winPercentage": 71.985
    },
    {
      "playerOne": 9,
      "playerTwo": 37,
      "winPercentage": 30.614
    },
    {
      "playerOne": 9,
      "playerTwo": 38,
      "winPercentage": 61.32
    },
    {
      "playerOne": 9,
      "playerTwo": 39,
      "winPercentage": 57.107
    },
    {
      "playerOne": 10,
      "playerTwo": 11,
      "winPercentage": 35.118
    },
    {
      "playerOne": 10,
      "playerTwo": 12,
      "winPercentage": 74.847
    },
    {
      "playerOne": 10,
      "playerTwo": 13,
      "winPercentage": 13.943
    },
    {
      "playerOne": 10,
      "playerTwo": 14,
      "winPercentage": 18.417
    },
    {
      "playerOne": 10,
      "playerTwo": 15,
      "winPercentage": 64.562
    },
    {
      "playerOne": 10,
      "playerTwo": 16,
      "winPercentage": 88.537
    },
    {
      "playerOne": 10,
      "playerTwo": 17,
      "winPercentage": 74.204
    },
    {
      "playerOne": 10,
      "playerTwo": 18,
      "winPercentage": 84.46
    },
    {
      "playerOne": 10,
      "playerTwo": 19,
      "winPercentage": 54.71
    },
    {
      "playerOne": 10,
      "playerTwo": 20,
      "winPercentage": 41.852
    },
    {
      "playerOne": 10,
      "playerTwo": 21,
      "winPercentage": 38.372
    },
    {
      "playerOne": 10,
      "playerTwo": 22,
      "winPercentage": 8.892
    },
    {
      "playerOne": 10,
      "playerTwo": 23,
      "winPercentage": 71.912
    },
    {
      "playerOne": 10,
      "playerTwo": 24,
      "winPercentage": 84.348
    },
    {
      "playerOne": 10,
      "playerTwo": 25,
      "winPercentage": 46.217
    },
    {
      "playerOne": 10,
      "playerTwo": 26,
      "winPercentage": 12.274
    },
    {
      "playerOne": 10,
      "playerTwo": 27,
      "winPercentage": 75.402
    },
    {
      "playerOne": 10,
      "playerTwo": 28,
      "winPercentage": 51.016
    },
    {
      "playerOne": 10,
      "playerTwo": 29,
      "winPercentage": 85.873
    },
    {
      "playerOne": 10,
      "playerTwo": 30,
      "winPercentage": 90.187
    },
    {
      "playerOne": 10,
      "playerTwo": 31,
      "winPercentage": 49.914
    },
    {
      "playerOne": 10,
      "playerTwo": 32,
      "winPercentage": 96.542
    },
    {
      "playerOne": 10,
      "playerTwo": 33,
      "winPercentage": 73.191
    },
    {
      "playerOne": 10,
      "playerTwo": 34,
      "winPercentage": 43.082
    },
    {
      "playerOne": 10,
      "playerTwo": 35,
      "winPercentage": 85.048
    },
    {
      "playerOne": 10,
      "playerTwo": 36,
      "winPercentage": 84.766
    },
    {
      "playerOne": 10,
      "playerTwo": 37,
      "winPercentage": 83.587
    },
    {
      "playerOne": 10,
      "playerTwo": 38,
      "winPercentage": 83.624
    },
    {
      "playerOne": 10,
      "playerTwo": 39,
      "winPercentage": 92.228
    },
    {
      "playerOne": 11,
      "playerTwo": 12,
      "winPercentage": 18.005
    },
    {
      "playerOne": 11,
      "playerTwo": 13,
      "winPercentage": 24.986
    },
    {
      "playerOne": 11,
      "playerTwo": 14,
      "winPercentage": 85.236
    },
    {
      "playerOne": 11,
      "playerTwo": 15,
      "winPercentage": 88.027
    },
    {
      "playerOne": 11,
      "playerTwo": 16,
      "winPercentage": 99.894
    },
    {
      "playerOne": 11,
      "playerTwo": 17,
      "winPercentage": 30.488
    },
    {
      "playerOne": 11,
      "playerTwo": 18,
      "winPercentage": 67.418
    },
    {
      "playerOne": 11,
      "playerTwo": 19,
      "winPercentage": 53.743
    },
    {
      "playerOne": 11,
      "playerTwo": 20,
      "winPercentage": 82.808
    },
    {
      "playerOne": 11,
      "playerTwo": 21,
      "winPercentage": 20.753
    },
    {
      "playerOne": 11,
      "playerTwo": 22,
      "winPercentage": 99.865
    },
    {
      "playerOne": 11,
      "playerTwo": 23,
      "winPercentage": 12.483
    },
    {
      "playerOne": 11,
      "playerTwo": 24,
      "winPercentage": 46.034
    },
    {
      "playerOne": 11,
      "playerTwo": 25,
      "winPercentage": 12.933
    },
    {
      "playerOne": 11,
      "playerTwo": 26,
      "winPercentage": 18.725
    },
    {
      "playerOne": 11,
      "playerTwo": 27,
      "winPercentage": 28.607
    },
    {
      "playerOne": 11,
      "playerTwo": 28,
      "winPercentage": 35.418
    },
    {
      "playerOne": 11,
      "playerTwo": 29,
      "winPercentage": 53.465
    },
    {
      "playerOne": 11,
      "playerTwo": 30,
      "winPercentage": 26.357
    },
    {
      "playerOne": 11,
      "playerTwo": 31,
      "winPercentage": 57.438
    },
    {
      "playerOne": 11,
      "playerTwo": 32,
      "winPercentage": 96.062
    },
    {
      "playerOne": 11,
      "playerTwo": 33,
      "winPercentage": 61.295
    },
    {
      "playerOne": 11,
      "playerTwo": 34,
      "winPercentage": 91.082
    },
    {
      "playerOne": 11,
      "playerTwo": 35,
      "winPercentage": 81.286
    },
    {
      "playerOne": 11,
      "playerTwo": 36,
      "winPercentage": 15.24
    },
    {
      "playerOne": 11,
      "playerTwo": 37,
      "winPercentage": 0.122
    },
    {
      "playerOne": 11,
      "playerTwo": 38,
      "winPercentage": 5.382
    },
    {
      "playerOne": 11,
      "playerTwo": 39,
      "winPercentage": 8.014
    },
    {
      "playerOne": 12,
      "playerTwo": 13,
      "winPercentage": 89.161
    },
    {
      "playerOne": 12,
      "playerTwo": 14,
      "winPercentage": 82.719
    },
    {
      "playerOne": 12,
      "playerTwo": 15,
      "winPercentage": 42.454
    },
    {
      "playerOne": 12,
      "playerTwo": 16,
      "winPercentage": 62.443
    },
    {
      "playerOne": 12,
      "playerTwo": 17,
      "winPercentage": 93.797
    },
    {
      "playerOne": 12,
      "playerTwo": 18,
      "winPercentage": 97.195
    },
    {
      "playerOne": 12,
      "playerTwo": 19,
      "winPercentage": 84.392
    },
    {
      "playerOne": 12,
      "playerTwo": 20,
      "winPercentage": 62.479
    },
    {
      "playerOne": 12,
      "playerTwo": 21,
      "winPercentage": 20.125
    },
    {
      "playerOne": 12,
      "playerTwo": 22,
      "winPercentage": 38.592
    },
    {
      "playerOne": 12,
      "playerTwo": 23,
      "winPercentage": 50.733
    },
    {
      "playerOne": 12,
      "playerTwo": 24,
      "winPercentage": 56.485
    },
    {
      "playerOne": 12,
      "playerTwo": 25,
      "winPercentage": 55.738
    },
    {
      "playerOne": 12,
      "playerTwo": 26,
      "winPercentage": 20.802
    },
    {
      "playerOne": 12,
      "playerTwo": 27,
      "winPercentage": 1.637
    },
    {
      "playerOne": 12,
      "playerTwo": 28,
      "winPercentage": 41.661
    },
    {
      "playerOne": 12,
      "playerTwo": 29,
      "winPercentage": 62.622
    },
    {
      "playerOne": 12,
      "playerTwo": 30,
      "winPercentage": 4.809
    },
    {
      "playerOne": 12,
      "playerTwo": 31,
      "winPercentage": 87.687
    },
    {
      "playerOne": 12,
      "playerTwo": 32,
      "winPercentage": 79.315
    },
    {
      "playerOne": 12,
      "playerTwo": 33,
      "winPercentage": 81.074
    },
    {
      "playerOne": 12,
      "playerTwo": 34,
      "winPercentage": 71.199
    },
    {
      "playerOne": 12,
      "playerTwo": 35,
      "winPercentage": 9.926
    },
    {
      "playerOne": 12,
      "playerTwo": 36,
      "winPercentage": 62.104
    },
    {
      "playerOne": 12,
      "playerTwo": 37,
      "winPercentage": 28.683
    },
    {
      "playerOne": 12,
      "playerTwo": 38,
      "winPercentage": 18.009
    },
    {
      "playerOne": 12,
      "playerTwo": 39,
      "winPercentage": 60.603
    },
    {
      "playerOne": 13,
      "playerTwo": 14,
      "winPercentage": 48.25
    },
    {
      "playerOne": 13,
      "playerTwo": 15,
      "winPercentage": 71.248
    },
    {
      "playerOne": 13,
      "playerTwo": 16,
      "winPercentage": 3.549
    },
    {
      "playerOne": 13,
      "playerTwo": 17,
      "winPercentage": 9100.1
    },
    {
      "playerOne": 13,
      "playerTwo": 18,
      "winPercentage": 19.074
    },
    {
      "playerOne": 13,
      "playerTwo": 19,
      "winPercentage": 98.651
    },
    {
      "playerOne": 13,
      "playerTwo": 20,
      "winPercentage": 25.776
    },
    {
      "playerOne": 13,
      "playerTwo": 21,
      "winPercentage": 1.049
    },
    {
      "playerOne": 13,
      "playerTwo": 22,
      "winPercentage": 77.339
    },
    {
      "playerOne": 13,
      "playerTwo": 23,
      "winPercentage": 61.398
    },
    {
      "playerOne": 13,
      "playerTwo": 24,
      "winPercentage": 95.592
    },
    {
      "playerOne": 13,
      "playerTwo": 25,
      "winPercentage": 84.022
    },
    {
      "playerOne": 13,
      "playerTwo": 26,
      "winPercentage": 54.559
    },
    {
      "playerOne": 13,
      "playerTwo": 27,
      "winPercentage": 18.971
    },
    {
      "playerOne": 13,
      "playerTwo": 28,
      "winPercentage": 24.551
    },
    {
      "playerOne": 13,
      "playerTwo": 29,
      "winPercentage": 3.563
    },
    {
      "playerOne": 13,
      "playerTwo": 30,
      "winPercentage": 13.374
    },
    {
      "playerOne": 13,
      "playerTwo": 31,
      "winPercentage": 88.581
    },
    {
      "playerOne": 13,
      "playerTwo": 32,
      "winPercentage": 16.426
    },
    {
      "playerOne": 13,
      "playerTwo": 33,
      "winPercentage": 33.58
    },
    {
      "playerOne": 13,
      "playerTwo": 34,
      "winPercentage": 63.537
    },
    {
      "playerOne": 13,
      "playerTwo": 35,
      "winPercentage": 84.58
    },
    {
      "playerOne": 13,
      "playerTwo": 36,
      "winPercentage": 54.0
    },
    {
      "playerOne": 13,
      "playerTwo": 37,
      "winPercentage": 87.499
    },
    {
      "playerOne": 13,
      "playerTwo": 38,
      "winPercentage": 47.951
    },
    {
      "playerOne": 13,
      "playerTwo": 39,
      "winPercentage": 69.059
    },
    {
      "playerOne": 14,
      "playerTwo": 15,
      "winPercentage": 78.211
    },
    {
      "playerOne": 14,
      "playerTwo": 16,
      "winPercentage": 67.198
    },
    {
      "playerOne": 14,
      "playerTwo": 17,
      "winPercentage": 43.683
    },
    {
      "playerOne": 14,
      "playerTwo": 18,
      "winPercentage": 28.566
    },
    {
      "playerOne": 14,
      "playerTwo": 19,
      "winPercentage": 40.319
    },
    {
      "playerOne": 14,
      "playerTwo": 20,
      "winPercentage": 60.644
    },
    {
      "playerOne": 14,
      "playerTwo": 21,
      "winPercentage": 95.02
    },
    {
      "playerOne": 14,
      "playerTwo": 22,
      "winPercentage": 40.787
    },
    {
      "playerOne": 14,
      "playerTwo": 23,
      "winPercentage": 61.858
    },
    {
      "playerOne": 14,
      "playerTwo": 24,
      "winPercentage": 37.452
    },
    {
      "playerOne": 14,
      "playerTwo": 25,
      "winPercentage": 32.425
    },
    {
      "playerOne": 14,
      "playerTwo": 26,
      "winPercentage": 75.408
    },
    {
      "playerOne": 14,
      "playerTwo": 27,
      "winPercentage": 39.445
    },
    {
      "playerOne": 14,
      "playerTwo": 28,
      "winPercentage": 64.346
    },
    {
      "playerOne": 14,
      "playerTwo": 29,
      "winPercentage": 31.535
    },
    {
      "playerOne": 14,
      "playerTwo": 30,
      "winPercentage": 78.318
    },
    {
      "playerOne": 14,
      "playerTwo": 31,
      "winPercentage": 21.675
    },
    {
      "playerOne": 14,
      "playerTwo": 32,
      "winPercentage": 95.931
    },
    {
      "playerOne": 14,
      "playerTwo": 33,
      "winPercentage": 59.296
    },
    {
      "playerOne": 14,
      "playerTwo": 34,
      "winPercentage": 81.319
    },
    {
      "playerOne": 14,
      "playerTwo": 35,
      "winPercentage": 87.363
    },
    {
      "playerOne": 14,
      "playerTwo": 36,
      "winPercentage": 67.092
    },
    {
      "playerOne": 14,
      "playerTwo": 37,
      "winPercentage": 41.242
    },
    {
      "playerOne": 14,
      "playerTwo": 38,
      "winPercentage": 66.224
    },
    {
      "playerOne": 14,
      "playerTwo": 39,
      "winPercentage": 62.835
    },
    {
      "playerOne": 15,
      "playerTwo": 16,
      "winPercentage": 5.887
    },
    {
      "playerOne": 15,
      "playerTwo": 17,
      "winPercentage": 4989.4
    },
    {
      "playerOne": 15,
      "playerTwo": 18,
      "winPercentage": 51.896
    },
    {
      "playerOne": 15,
      "playerTwo": 19,
      "winPercentage": 29.845
    },
    {
      "playerOne": 15,
      "playerTwo": 20,
      "winPercentage": 51.2
    },
    {
      "playerOne": 15,
      "playerTwo": 21,
      "winPercentage": 99.595
    },
    {
      "playerOne": 15,
      "playerTwo": 22,
      "winPercentage": 9.144
    },
    {
      "playerOne": 15,
      "playerTwo": 23,
      "winPercentage": 38.73
    },
    {
      "playerOne": 15,
      "playerTwo": 24,
      "winPercentage": 25.672
    },
    {
      "playerOne": 15,
      "playerTwo": 25,
      "winPercentage": 80.631
    },
    {
      "playerOne": 15,
      "playerTwo": 26,
      "winPercentage": 61.479
    },
    {
      "playerOne": 15,
      "playerTwo": 27,
      "winPercentage": 61.254
    },
    {
      "playerOne": 15,
      "playerTwo": 28,
      "winPercentage": 20.195
    },
    {
      "playerOne": 15,
      "playerTwo": 29,
      "winPercentage": 86.295
    },
    {
      "playerOne": 15,
      "playerTwo": 30,
      "winPercentage": 10.207
    },
    {
      "playerOne": 15,
      "playerTwo": 31,
      "winPercentage": 78.492
    },
    {
      "playerOne": 15,
      "playerTwo": 32,
      "winPercentage": 57.693
    },
    {
      "playerOne": 15,
      "playerTwo": 33,
      "winPercentage": 75.453
    },
    {
      "playerOne": 15,
      "playerTwo": 34,
      "winPercentage": 67.191
    },
    {
      "playerOne": 15,
      "playerTwo": 35,
      "winPercentage": 1.649
    },
    {
      "playerOne": 15,
      "playerTwo": 36,
      "winPercentage": 6.61
    },
    {
      "playerOne": 15,
      "playerTwo": 37,
      "winPercentage": 51.468
    },
    {
      "playerOne": 15,
      "playerTwo": 38,
      "winPercentage": 38.263
    },
    {
      "playerOne": 15,
      "playerTwo": 39,
      "winPercentage": 36.651
    },
    {
      "playerOne": 16,
      "playerTwo": 17,
      "winPercentage": 83.993
    },
    {
      "playerOne": 16,
      "playerTwo": 18,
      "winPercentage": 35.763
    },
    {
      "playerOne": 16,
      "playerTwo": 19,
      "winPercentage": 14.131
    },
    {
      "playerOne": 16,
      "playerTwo": 20,
      "winPercentage": 90.911
    },
    {
      "playerOne": 16,
      "playerTwo": 21,
      "winPercentage": 5.452
    },
    {
      "playerOne": 16,
      "playerTwo": 22,
      "winPercentage": 71.562
    },
    {
      "playerOne": 16,
      "playerTwo": 23,
      "winPercentage": 98.535
    },
    {
      "playerOne": 16,
      "playerTwo": 24,
      "winPercentage": 54.973
    },
    {
      "playerOne": 16,
      "playerTwo": 25,
      "winPercentage": 38.377
    },
    {
      "playerOne": 16,
      "playerTwo": 26,
      "winPercentage": 43.553
    },
    {
      "playerOne": 16,
      "playerTwo": 27,
      "winPercentage": 75.908
    },
    {
      "playerOne": 16,
      "playerTwo": 28,
      "winPercentage": 44.701
    },
    {
      "playerOne": 16,
      "playerTwo": 29,
      "winPercentage": 37.783
    },
    {
      "playerOne": 16,
      "playerTwo": 30,
      "winPercentage": 48.051
    },
    {
      "playerOne": 16,
      "playerTwo": 31,
      "winPercentage": 72.198
    },
    {
      "playerOne": 16,
      "playerTwo": 32,
      "winPercentage": 31.001
    },
    {
      "playerOne": 16,
      "playerTwo": 33,
      "winPercentage": 93.446
    },
    {
      "playerOne": 16,
      "playerTwo": 34,
      "winPercentage": 41.658
    },
    {
      "playerOne": 16,
      "playerTwo": 35,
      "winPercentage": 15.622
    },
    {
      "playerOne": 16,
      "playerTwo": 36,
      "winPercentage": 47.924
    },
    {
      "playerOne": 16,
      "playerTwo": 37,
      "winPercentage": 69.182
    },
    {
      "playerOne": 16,
      "playerTwo": 38,
      "winPercentage": 23.113
    },
    {
      "playerOne": 16,
      "playerTwo": 39,
      "winPercentage": 30.317
    },
    {
      "playerOne": 17,
      "playerTwo": 18,
      "winPercentage": 77.27
    },
    {
      "playerOne": 17,
      "playerTwo": 19,
      "winPercentage": 12.239
    },
    {
      "playerOne": 17,
      "playerTwo": 20,
      "winPercentage": 79.836
    },
    {
      "playerOne": 17,
      "playerTwo": 21,
      "winPercentage": 70.132
    },
    {
      "playerOne": 17,
      "playerTwo": 22,
      "winPercentage": 4.374
    },
    {
      "playerOne": 17,
      "playerTwo": 23,
      "winPercentage": 36.778
    },
    {
      "playerOne": 17,
      "playerTwo": 24,
      "winPercentage": 88.336
    },
    {
      "playerOne": 17,
      "playerTwo": 25,
      "winPercentage": 39.438
    },
    {
      "playerOne": 17,
      "playerTwo": 26,
      "winPercentage": 27.69
    },
    {
      "playerOne": 17,
      "playerTwo": 27,
      "winPercentage": 83.666
    },
    {
      "playerOne": 17,
      "playerTwo": 28,
      "winPercentage": 8.967
    },
    {
      "playerOne": 17,
      "playerTwo": 29,
      "winPercentage": 47.362
    },
    {
      "playerOne": 17,
      "playerTwo": 30,
      "winPercentage": 26.68
    },
    {
      "playerOne": 17,
      "playerTwo": 31,
      "winPercentage": 18.728
    },
    {
      "playerOne": 17,
      "playerTwo": 32,
      "winPercentage": 81.507
    },
    {
      "playerOne": 17,
      "playerTwo": 33,
      "winPercentage": 7.677
    },
    {
      "playerOne": 17,
      "playerTwo": 34,
      "winPercentage": 60.27
    },
    {
      "playerOne": 17,
      "playerTwo": 35,
      "winPercentage": 34.149
    },
    {
      "playerOne": 17,
      "playerTwo": 36,
      "winPercentage": 56.33
    },
    {
      "playerOne": 17,
      "playerTwo": 37,
      "winPercentage": 73.021
    },
    {
      "playerOne": 17,
      "playerTwo": 38,
      "winPercentage": 51.819
    },
    {
      "playerOne": 17,
      "playerTwo": 39,
      "winPercentage": 27.695
    },
    {
      "playerOne": 18,
      "playerTwo": 19,
      "winPercentage": 81.493
    },
    {
      "playerOne": 18,
      "playerTwo": 20,
      "winPercentage": 97.665
    },
    {
      "playerOne": 18,
      "playerTwo": 21,
      "winPercentage": 24.496
    },
    {
      "playerOne": 18,
      "playerTwo": 22,
      "winPercentage": 85.646
    },
    {
      "playerOne": 18,
      "playerTwo": 23,
      "winPercentage": 25.824
    },
    {
      "playerOne": 18,
      "playerTwo": 24,
      "winPercentage": 47.621
    },
    {
      "playerOne": 18,
      "playerTwo": 25,
      "winPercentage": 41.471
    },
    {
      "playerOne": 18,
      "playerTwo": 26,
      "winPercentage": 36.825
    },
    {
      "playerOne": 18,
      "playerTwo": 27,
      "winPercentage": 71.666
    },
    {
      "playerOne": 18,
      "playerTwo": 28,
      "winPercentage": 80.668
    },
    {
      "playerOne": 18,
      "playerTwo": 29,
      "winPercentage": 11.551
    },
    {
      "playerOne": 18,
      "playerTwo": 30,
      "winPercentage": 57.972
    },
    {
      "playerOne": 18,
      "playerTwo": 31,
      "winPercentage": 91.936
    },
    {
      "playerOne": 18,
      "playerTwo": 32,
      "winPercentage": 46.976
    },
    {
      "playerOne": 18,
      "playerTwo": 33,
      "winPercentage": 41.312
    },
    {
      "playerOne": 18,
      "playerTwo": 34,
      "winPercentage": 69.858
    },
    {
      "playerOne": 18,
      "playerTwo": 35,
      "winPercentage": 67.252
    },
    {
      "playerOne": 18,
      "playerTwo": 36,
      "winPercentage": 84.719
    },
    {
      "playerOne": 18,
      "playerTwo": 37,
      "winPercentage": 56.686
    },
    {
      "playerOne": 18,
      "playerTwo": 38,
      "winPercentage": 43.005
    },
    {
      "playerOne": 18,
      "playerTwo": 39,
      "winPercentage": 10.004
    },
    {
      "playerOne": 19,
      "playerTwo": 20,
      "winPercentage": 64.472
    },
    {
      "playerOne": 19,
      "playerTwo": 21,
      "winPercentage": 27.618
    },
    {
      "playerOne": 19,
      "playerTwo": 22,
      "winPercentage": 40.205
    },
    {
      "playerOne": 19,
      "playerTwo": 23,
      "winPercentage": 73.851
    },
    {
      "playerOne": 19,
      "playerTwo": 24,
      "winPercentage": 73.37
    },
    {
      "playerOne": 19,
      "playerTwo": 25,
      "winPercentage": 33.261
    },
    {
      "playerOne": 19,
      "playerTwo": 26,
      "winPercentage": 35.736
    },
    {
      "playerOne": 19,
      "playerTwo": 27,
      "winPercentage": 88.836
    },
    {
      "playerOne": 19,
      "playerTwo": 28,
      "winPercentage": 21.65
    },
    {
      "playerOne": 19,
      "playerTwo": 29,
      "winPercentage": 36.07
    },
    {
      "playerOne": 19,
      "playerTwo": 30,
      "winPercentage": 11.41
    },
    {
      "playerOne": 19,
      "playerTwo": 31,
      "winPercentage": 36.511
    },
    {
      "playerOne": 19,
      "playerTwo": 32,
      "winPercentage": 63.186
    },
    {
      "playerOne": 19,
      "playerTwo": 33,
      "winPercentage": 24.761
    },
    {
      "playerOne": 19,
      "playerTwo": 34,
      "winPercentage": 41.389
    },
    {
      "playerOne": 19,
      "playerTwo": 35,
      "winPercentage": 68.218
    },
    {
      "playerOne": 19,
      "playerTwo": 36,
      "winPercentage": 38.767
    },
    {
      "playerOne": 19,
      "playerTwo": 37,
      "winPercentage": 55.034
    },
    {
      "playerOne": 19,
      "playerTwo": 38,
      "winPercentage": 11.585
    },
    {
      "playerOne": 19,
      "playerTwo": 39,
      "winPercentage": 78.362
    },
    {
      "playerOne": 20,
      "playerTwo": 21,
      "winPercentage": 78.402
    },
    {
      "playerOne": 20,
      "playerTwo": 22,
      "winPercentage": 58.968
    },
    {
      "playerOne": 20,
      "playerTwo": 23,
      "winPercentage": 29.248
    },
    {
      "playerOne": 20,
      "playerTwo": 24,
      "winPercentage": 57.965
    },
    {
      "playerOne": 20,
      "playerTwo": 25,
      "winPercentage": 10.152
    },
    {
      "playerOne": 20,
      "playerTwo": 26,
      "winPercentage": 50.274
    },
    {
      "playerOne": 20,
      "playerTwo": 27,
      "winPercentage": 10.018
    },
    {
      "playerOne": 20,
      "playerTwo": 28,
      "winPercentage": 37.006
    },
    {
      "playerOne": 20,
      "playerTwo": 29,
      "winPercentage": 58.336
    },
    {
      "playerOne": 20,
      "playerTwo": 30,
      "winPercentage": 10.769
    },
    {
      "playerOne": 20,
      "playerTwo": 31,
      "winPercentage": 20.848
    },
    {
      "playerOne": 20,
      "playerTwo": 32,
      "winPercentage": 83.687
    },
    {
      "playerOne": 20,
      "playerTwo": 33,
      "winPercentage": 25.724
    },
    {
      "playerOne": 20,
      "playerTwo": 34,
      "winPercentage": 23.266
    },
    {
      "playerOne": 20,
      "playerTwo": 35,
      "winPercentage": 73.276
    },
    {
      "playerOne": 20,
      "playerTwo": 36,
      "winPercentage": 21.308
    },
    {
      "playerOne": 20,
      "playerTwo": 37,
      "winPercentage": 55.279
    },
    {
      "playerOne": 20,
      "playerTwo": 38,
      "winPercentage": 24.445
    },
    {
      "playerOne": 20,
      "playerTwo": 39,
      "winPercentage": 77.267
    },
    {
      "playerOne": 21,
      "playerTwo": 22,
      "winPercentage": 87.893
    },
    {
      "playerOne": 21,
      "playerTwo": 23,
      "winPercentage": 96.222
    },
    {
      "playerOne": 21,
      "playerTwo": 24,
      "winPercentage": 88.884
    },
    {
      "playerOne": 21,
      "playerTwo": 25,
      "winPercentage": 8.699
    },
    {
      "playerOne": 21,
      "playerTwo": 26,
      "winPercentage": 4.885
    },
    {
      "playerOne": 21,
      "playerTwo": 27,
      "winPercentage": 62.432
    },
    {
      "playerOne": 21,
      "playerTwo": 28,
      "winPercentage": 99.76
    },
    {
      "playerOne": 21,
      "playerTwo": 29,
      "winPercentage": 30.437
    },
    {
      "playerOne": 21,
      "playerTwo": 30,
      "winPercentage": 0.244
    },
    {
      "playerOne": 21,
      "playerTwo": 31,
      "winPercentage": 8.015
    },
    {
      "playerOne": 21,
      "playerTwo": 32,
      "winPercentage": 44.926
    },
    {
      "playerOne": 21,
      "playerTwo": 33,
      "winPercentage": 42.997
    },
    {
      "playerOne": 21,
      "playerTwo": 34,
      "winPercentage": 19.791
    },
    {
      "playerOne": 21,
      "playerTwo": 35,
      "winPercentage": 90.578
    },
    {
      "playerOne": 21,
      "playerTwo": 36,
      "winPercentage": 4.66
    },
    {
      "playerOne": 21,
      "playerTwo": 37,
      "winPercentage": 94.104
    },
    {
      "playerOne": 21,
      "playerTwo": 38,
      "winPercentage": 8.717
    },
    {
      "playerOne": 21,
      "playerTwo": 39,
      "winPercentage": 0.303
    },
    {
      "playerOne": 22,
      "playerTwo": 23,
      "winPercentage": 78.512
    },
    {
      "playerOne": 22,
      "playerTwo": 24,
      "winPercentage": 51.039
    },
    {
      "playerOne": 22,
      "playerTwo": 25,
      "winPercentage": 25.039
    },
    {
      "playerOne": 22,
      "playerTwo": 26,
      "winPercentage": 21.531
    },
    {
      "playerOne": 22,
      "playerTwo": 27,
      "winPercentage": 46.094
    },
    {
      "playerOne": 22,
      "playerTwo": 28,
      "winPercentage": 90.144
    },
    {
      "playerOne": 22,
      "playerTwo": 29,
      "winPercentage": 19.81
    },
    {
      "playerOne": 22,
      "playerTwo": 30,
      "winPercentage": 33.473
    },
    {
      "playerOne": 22,
      "playerTwo": 31,
      "winPercentage": 69.857
    },
    {
      "playerOne": 22,
      "playerTwo": 32,
      "winPercentage": 22.276
    },
    {
      "playerOne": 22,
      "playerTwo": 33,
      "winPercentage": 10.493
    },
    {
      "playerOne": 22,
      "playerTwo": 34,
      "winPercentage": 79.577
    },
    {
      "playerOne": 22,
      "playerTwo": 35,
      "winPercentage": 29.036
    },
    {
      "playerOne": 22,
      "playerTwo": 36,
      "winPercentage": 30.338
    },
    {
      "playerOne": 22,
      "playerTwo": 37,
      "winPercentage": 27.594
    },
    {
      "playerOne": 22,
      "playerTwo": 38,
      "winPercentage": 81.651
    },
    {
      "playerOne": 22,
      "playerTwo": 39,
      "winPercentage": 84.993
    },
    {
      "playerOne": 23,
      "playerTwo": 24,
      "winPercentage": 59.696
    },
    {
      "playerOne": 23,
      "playerTwo": 25,
      "winPercentage": 55.721
    },
    {
      "playerOne": 23,
      "playerTwo": 26,
      "winPercentage": 52.503
    },
    {
      "playerOne": 23,
      "playerTwo": 27,
      "winPercentage": 31.638
    },
    {
      "playerOne": 23,
      "playerTwo": 28,
      "winPercentage": 96.342
    },
    {
      "playerOne": 23,
      "playerTwo": 29,
      "winPercentage": 73.78
    },
    {
      "playerOne": 23,
      "playerTwo": 30,
      "winPercentage": 53.879
    },
    {
      "playerOne": 23,
      "playerTwo": 31,
      "winPercentage": 46.305
    },
    {
      "playerOne": 23,
      "playerTwo": 32,
      "winPercentage": 43.924
    },
    {
      "playerOne": 23,
      "playerTwo": 33,
      "winPercentage": 21.584
    },
    {
      "playerOne": 23,
      "playerTwo": 34,
      "winPercentage": 19.638
    },
    {
      "playerOne": 23,
      "playerTwo": 35,
      "winPercentage": 3.585
    },
    {
      "playerOne": 23,
      "playerTwo": 36,
      "winPercentage": 14.346
    },
    {
      "playerOne": 23,
      "playerTwo": 37,
      "winPercentage": 69.93
    },
    {
      "playerOne": 23,
      "playerTwo": 38,
      "winPercentage": 19.672
    },
    {
      "playerOne": 23,
      "playerTwo": 39,
      "winPercentage": 57.459
    },
    {
      "playerOne": 24,
      "playerTwo": 25,
      "winPercentage": 56.129
    },
    {
      "playerOne": 24,
      "playerTwo": 26,
      "winPercentage": 54.651
    },
    {
      "playerOne": 24,
      "playerTwo": 27,
      "winPercentage": 33.818
    },
    {
      "playerOne": 24,
      "playerTwo": 28,
      "winPercentage": 4.126
    },
    {
      "playerOne": 24,
      "playerTwo": 29,
      "winPercentage": 4.623
    },
    {
      "playerOne": 24,
      "playerTwo": 30,
      "winPercentage": 88.904
    },
    {
      "playerOne": 24,
      "playerTwo": 31,
      "winPercentage": 64.739
    },
    {
      "playerOne": 24,
      "playerTwo": 32,
      "winPercentage": 25.959
    },
    {
      "playerOne": 24,
      "playerTwo": 33,
      "winPercentage": 35.32
    },
    {
      "playerOne": 24,
      "playerTwo": 34,
      "winPercentage": 56.35
    },
    {
      "playerOne": 24,
      "playerTwo": 35,
      "winPercentage": 95.552
    },
    {
      "playerOne": 24,
      "playerTwo": 36,
      "winPercentage": 60.903
    },
    {
      "playerOne": 24,
      "playerTwo": 37,
      "winPercentage": 75.342
    },
    {
      "playerOne": 24,
      "playerTwo": 38,
      "winPercentage": 96.235
    },
    {
      "playerOne": 24,
      "playerTwo": 39,
      "winPercentage": 52.11
    },
    {
      "playerOne": 25,
      "playerTwo": 26,
      "winPercentage": 63.476
    },
    {
      "playerOne": 25,
      "playerTwo": 27,
      "winPercentage": 13.714
    },
    {
      "playerOne": 25,
      "playerTwo": 28,
      "winPercentage": 78.877
    },
    {
      "playerOne": 25,
      "playerTwo": 29,
      "winPercentage": 94.703
    },
    {
      "playerOne": 25,
      "playerTwo": 30,
      "winPercentage": 40.836
    },
    {
      "playerOne": 25,
      "playerTwo": 31,
      "winPercentage": 33.559
    },
    {
      "playerOne": 25,
      "playerTwo": 32,
      "winPercentage": 2.126
    },
    {
      "playerOne": 25,
      "playerTwo": 33,
      "winPercentage": 60.612
    },
    {
      "playerOne": 25,
      "playerTwo": 34,
      "winPercentage": 13.716
    },
    {
      "playerOne": 25,
      "playerTwo": 35,
      "winPercentage": 32.52
    },
    {
      "playerOne": 25,
      "playerTwo": 36,
      "winPercentage": 71.774
    },
    {
      "playerOne": 25,
      "playerTwo": 37,
      "winPercentage": 68.016
    },
    {
      "playerOne": 25,
      "playerTwo": 38,
      "winPercentage": 10.306
    },
    {
      "playerOne": 25,
      "playerTwo": 39,
      "winPercentage": 45.303
    },
    {
      "playerOne": 26,
      "playerTwo": 27,
      "winPercentage": 3.556
    },
    {
      "playerOne": 26,
      "playerTwo": 28,
      "winPercentage": 65.742
    },
    {
      "playerOne": 26,
      "playerTwo": 29,
      "winPercentage": 44.757
    },
    {
      "playerOne": 26,
      "playerTwo": 30,
      "winPercentage": 28.162
    },
    {
      "playerOne": 26,
      "playerTwo": 31,
      "winPercentage": 55.426
    },
    {
      "playerOne": 26,
      "playerTwo": 32,
      "winPercentage": 31.643
    },
    {
      "playerOne": 26,
      "playerTwo": 33,
      "winPercentage": 90.156
    },
    {
      "playerOne": 26,
      "playerTwo": 34,
      "winPercentage": 3.294
    },
    {
      "playerOne": 26,
      "playerTwo": 35,
      "winPercentage": 67.244
    },
    {
      "playerOne": 26,
      "playerTwo": 36,
      "winPercentage": 21.691
    },
    {
      "playerOne": 26,
      "playerTwo": 37,
      "winPercentage": 62.802
    },
    {
      "playerOne": 26,
      "playerTwo": 38,
      "winPercentage": 31.879
    },
    {
      "playerOne": 26,
      "playerTwo": 39,
      "winPercentage": 2474.4
    },
    {
      "playerOne": 27,
      "playerTwo": 28,
      "winPercentage": 58.995
    },
    {
      "playerOne": 27,
      "playerTwo": 29,
      "winPercentage": 68.648
    },
    {
      "playerOne": 27,
      "playerTwo": 30,
      "winPercentage": 71.335
    },
    {
      "playerOne": 27,
      "playerTwo": 31,
      "winPercentage": 3.978
    },
    {
      "playerOne": 27,
      "playerTwo": 32,
      "winPercentage": 6.305
    },
    {
      "playerOne": 27,
      "playerTwo": 33,
      "winPercentage": 98.618
    },
    {
      "playerOne": 27,
      "playerTwo": 34,
      "winPercentage": 31.447
    },
    {
      "playerOne": 27,
      "playerTwo": 35,
      "winPercentage": 46.643
    },
    {
      "playerOne": 27,
      "playerTwo": 36,
      "winPercentage": 47.014
    },
    {
      "playerOne": 27,
      "playerTwo": 37,
      "winPercentage": 20.941
    },
    {
      "playerOne": 27,
      "playerTwo": 38,
      "winPercentage": 59.656
    },
    {
      "playerOne": 27,
      "playerTwo": 39,
      "winPercentage": 38.476
    },
    {
      "playerOne": 28,
      "playerTwo": 29,
      "winPercentage": 12.802
    },
    {
      "playerOne": 28,
      "playerTwo": 30,
      "winPercentage": 69.226
    },
    {
      "playerOne": 28,
      "playerTwo": 31,
      "winPercentage": 49.512
    },
    {
      "playerOne": 28,
      "playerTwo": 32,
      "winPercentage": 93.372
    },
    {
      "playerOne": 28,
      "playerTwo": 33,
      "winPercentage": 70.274
    },
    {
      "playerOne": 28,
      "playerTwo": 34,
      "winPercentage": 82.131
    },
    {
      "playerOne": 28,
      "playerTwo": 35,
      "winPercentage": 72.798
    },
    {
      "playerOne": 28,
      "playerTwo": 36,
      "winPercentage": 52.057
    },
    {
      "playerOne": 28,
      "playerTwo": 37,
      "winPercentage": 74.509
    },
    {
      "playerOne": 28,
      "playerTwo": 38,
      "winPercentage": 48.002
    },
    {
      "playerOne": 28,
      "playerTwo": 39,
      "winPercentage": 1.42
    },
    {
      "playerOne": 29,
      "playerTwo": 30,
      "winPercentage": 41.965
    },
    {
      "playerOne": 29,
      "playerTwo": 31,
      "winPercentage": 16.926
    },
    {
      "playerOne": 29,
      "playerTwo": 32,
      "winPercentage": 12.879
    },
    {
      "playerOne": 29,
      "playerTwo": 33,
      "winPercentage": 5033.0
    },
    {
      "playerOne": 29,
      "playerTwo": 34,
      "winPercentage": 82.376
    },
    {
      "playerOne": 29,
      "playerTwo": 35,
      "winPercentage": 56.654
    },
    {
      "playerOne": 29,
      "playerTwo": 36,
      "winPercentage": 43.342
    },
    {
      "playerOne": 29,
      "playerTwo": 37,
      "winPercentage": 63.805
    },
    {
      "playerOne": 29,
      "playerTwo": 38,
      "winPercentage": 87.766
    },
    {
      "playerOne": 29,
      "playerTwo": 39,
      "winPercentage": 89.704
    },
    {
      "playerOne": 30,
      "playerTwo": 31,
      "winPercentage": 3.027
    },
    {
      "playerOne": 30,
      "playerTwo": 32,
      "winPercentage": 47.179
    },
    {
      "playerOne": 30,
      "playerTwo": 33,
      "winPercentage": 61.359
    },
    {
      "playerOne": 30,
      "playerTwo": 34,
      "winPercentage": 68.685
    },
    {
      "playerOne": 30,
      "playerTwo": 35,
      "winPercentage": 19.364
    },
    {
      "playerOne": 30,
      "playerTwo": 36,
      "winPercentage": 16.026
    },
    {
      "playerOne": 30,
      "playerTwo": 37,
      "winPercentage": 66.395
    },
    {
      "playerOne": 30,
      "playerTwo": 38,
      "winPercentage": 51.968
    },
    {
      "playerOne": 30,
      "playerTwo": 39,
      "winPercentage": 78.909
    },
    {
      "playerOne": 31,
      "playerTwo": 32,
      "winPercentage": 21.905
    },
    {
      "playerOne": 31,
      "playerTwo": 33,
      "winPercentage": 65.566
    },
    {
      "playerOne": 31,
      "playerTwo": 34,
      "winPercentage": 87.563
    },
    {
      "playerOne": 31,
      "playerTwo": 35,
      "winPercentage": 79.394
    },
    {
      "playerOne": 31,
      "playerTwo": 36,
      "winPercentage": 40.719
    },
    {
      "playerOne": 31,
      "playerTwo": 37,
      "winPercentage": 84.996
    },
    {
      "playerOne": 31,
      "playerTwo": 38,
      "winPercentage": 81.345
    },
    {
      "playerOne": 31,
      "playerTwo": 39,
      "winPercentage": 18.135
    },
    {
      "playerOne": 32,
      "playerTwo": 33,
      "winPercentage": 20.096
    },
    {
      "playerOne": 32,
      "playerTwo": 34,
      "winPercentage": 48.948
    },
    {
      "playerOne": 32,
      "playerTwo": 35,
      "winPercentage": 76.996
    },
    {
      "playerOne": 32,
      "playerTwo": 36,
      "winPercentage": 27.967
    },
    {
      "playerOne": 32,
      "playerTwo": 37,
      "winPercentage": 4.955
    },
    {
      "playerOne": 32,
      "playerTwo": 38,
      "winPercentage": 37.95
    },
    {
      "playerOne": 32,
      "playerTwo": 39,
      "winPercentage": 80.473
    },
    {
      "playerOne": 33,
      "playerTwo": 34,
      "winPercentage": 56.354
    },
    {
      "playerOne": 33,
      "playerTwo": 35,
      "winPercentage": 63.66
    },
    {
      "playerOne": 33,
      "playerTwo": 36,
      "winPercentage": 60.482
    },
    {
      "playerOne": 33,
      "playerTwo": 37,
      "winPercentage": 78.657
    },
    {
      "playerOne": 33,
      "playerTwo": 38,
      "winPercentage": 7.594
    },
    {
      "playerOne": 33,
      "playerTwo": 39,
      "winPercentage": 76.65
    },
    {
      "playerOne": 34,
      "playerTwo": 35,
      "winPercentage": 71.442
    },
    {
      "playerOne": 34,
      "playerTwo": 36,
      "winPercentage": 92.336
    },
    {
      "playerOne": 34,
      "playerTwo": 37,
      "winPercentage": 72.904
    },
    {
      "playerOne": 34,
      "playerTwo": 38,
      "winPercentage": 34.566
    },
    {
      "playerOne": 34,
      "playerTwo": 39,
      "winPercentage": 90.457
    },
    {
      "playerOne": 35,
      "playerTwo": 36,
      "winPercentage": 35.82
    },
    {
      "playerOne": 35,
      "playerTwo": 37,
      "winPercentage": 68.476
    },
    {
      "playerOne": 35,
      "playerTwo": 38,
      "winPercentage": 56.81
    },
    {
      "playerOne": 35,
      "playerTwo": 39,
      "winPercentage": 8.922
    },
    {
      "playerOne": 36,
      "playerTwo": 37,
      "winPercentage": 76.116
    },
    {
      "playerOne": 36,
      "playerTwo": 38,
      "winPercentage": 83.585
    },
    {
      "playerOne": 36,
      "playerTwo": 39,
      "winPercentage": 6.761
    },
    {
      "playerOne": 37,
      "playerTwo": 38,
      "winPercentage": 6.927
    },
    {
      "playerOne": 37,
      "playerTwo": 39,
      "winPercentage": 71.019
    },
    {
      "playerOne": 38,
      "playerTwo": 39,
      "winPercentage": 74.949
    }
  ]
}