{
  "metadata": {
    "numPlayers": 40
  },
  "teamStats": [
    {
      "playerOne": 0,
      "playerTwo": 1,
      "winPercentage": 51.811
    },
    {
      "playerOne": 0,
      "playerTwo": 2,
      "winPercentage": 25.411
    },
    {
      "playerOne": 0,
      "playerTwo": 3,
      "winPercentage": 10.502
    },
    {
      "playerOne": 0,
      "playerTwo": 4,
      "winPercentage": 52.939
    },
    {
      "playerOne": 0,
      "playerTwo": 5,
      "winPercentage": 78.797
    },
    {
      "playerOne": 0,
      "playerTwo": 6,
      "winPercentage": 44.533
    },
    {
      "playerOne": 0,
      "playerTwo": 7,
      "winPercentage": 50.366
    },
    {
      "playerOne": 0,
      "playerTwo": 8,
      "winPercentage": 83.827
    },
    {
      "playerOne": 0,
      "playerTwo": 9,
      "winPercentage": 34.67
    },
    {
      "playerOne": 0,
      "playerTwo": 10,
      "winPercentage": 23.096
    },
    {
      "playerOne": 0,
      "playerTwo": 11,
      "winPercentage": 66.709
    },
    {
      "playerOne": 0,
      "playerTwo": 12,
      "winPercentage": 56.768
    },
    {
      "playerOne": 0,
      "playerTwo": 13,
      "winPercentage": 9.721
    },
    {
      "playerOne": 0,
      "playerTwo": 14,
      "winPercentage": 80.747
    },
    {
      "playerOne": 0,
      "playerTwo": 15,
      "winPercentage": 95.644
    },
    {
      "playerOne": 0,
      "playerTwo": 16,
      "winPercentage": 24.789
    },
    {
      "playerOne": 0,
      "playerTwo": 17,
      "winPercentage": 64.209
    },
    {
      "playerOne": 0,
      "playerTwo": 18,
      "winPercentage": 76.862
    },
    {
      "playerOne": 0,
      "playerTwo": 19,
      "winPercentage": 16.728
    },
    {
      "playerOne": 0,
      "playerTwo": 20,
      "winPercentage": 6.312
    },
    {
      "playerOne": 0,
      "playerTwo": 21,
      "winPercentage": 15.561
    },
    {
      "playerOne": 0,
      "playerTwo": 22,
      "winPercentage": 52.156
    },
    {
      "playerOne": 0,
      "playerTwo": 23,
      "winPercentage": 13.491
    },
    {
      "playerOne": 0,
      "playerTwo": 24,
      "winPercentage": 90.856
    },
    {
      "playerOne": 0,
      "playerTwo": 25,
      "winPercentage": 30.407
    },
    {
      "playerOne": 0,
      "playerTwo": 26,
      "winPercentage": 56.004
    },
    {
      "playerOne": 0,
      "playerTwo": 27,
      "winPercentage": 55.161
    },
    {
      "playerOne": 0,
      "playerTwo": 28,
      "winPercentage": 60.052
    },
    {
      "playerOne": 0,
      "playerTwo": 29,
      "winPercentage": 96.851
    },
    {
      "playerOne": 0,
      "playerTwo": 30,
      "winPercentage": 81.336
    },
    {
      "playerOne": 0,
      "playerTwo": 31,
      "winPercentage": 9.831
    },
    {
      "playerOne": 0,
      "playerTwo": 32,
      "winPercentage": 89.151
    },
    {
      "playerOne": 0,
      "playerTwo": 33,
      "winPercentage": 11.326
    },
    {
      "playerOne": 0,
      "playerTwo": 34,
      "winPercentage": 78.784
    },
    {
      "playerOne": 0,
      "playerTwo": 35,
      "winPercentage": 78.839
    },
    {
      "playerOne": 0,
      "playerTwo": 36,
      "winPercentage": 82.658
    },
    {
      "playerOne": 0,
      "playerTwo": 37,
      "winPercentage": 56.032
    },
    {
      "playerOne": 0,
      "playerTwo": 38,
      "winPercentage": 22.585
    },
    {
      "playerOne": 0,
      "playerTwo": 39,
      "winPercentage": 61.8
    },
    {
      "playerOne": 1,
      "playerTwo": 2,
      "winPercentage": 45.319
    },
    {
      "playerOne": 1,
      "playerTwo": 3,
      "winPercentage": 73.151
    },
    {
      "playerOne": 1,
      "playerTwo": 4,
      "winPercentage": 16.279
    },
    {
      "playerOne": 1,
      "playerTwo": 5,
      "winPercentage": 58.014
    },
    {
      "playerOne": 1,
      "playerTwo": 6,
      "winPercentage": 67.704
    },
    {
      "playerOne": 1,
      "playerTwo": 7,
      "winPercentage": 68.729
    },
    {
      "playerOne": 1,
      "playerTwo": 8,
      "winPercentage": 9.882
    },
    {
      "playerOne": 1,
      "playerTwo": 9,
      "winPercentage": 90.79
    },
    {
      "playerOne": 1,
      "playerTwo": 10,
      "winPercentage": 83.468
    },
    {
      "playerOne": 1,
      "playerTwo": 11,
      "winPercentage": 97.083
    },
    {
      "playerOne": 1,
      "playerTwo": 12,
      "winPercentage": 63.726
    },
    {
      "playerOne": 1,
      "playerTwo": 13,
      "winPercentage": 78.731
    },
    {
      "playerOne": 1,
      "playerTwo": 14,
      "winPercentage": 45.841
    },
    {
      "playerOne": 1,
      "playerTwo": 15,
      "winPercentage": 20.252
    },
    {
      "playerOne": 1,
      "playerTwo": 16,
      "winPercentage": 41.977
    },
    {
      "playerOne": 1,
      "playerTwo": 17,
      "winPercentage": 12.328
    },
    {
      "playerOne": 1,
      "playerTwo": 18,
      "winPercentage": 16.408
    },
    {
      "playerOne": 1,
      "playerTwo": 19,
      "winPercentage": 10.559
    },
    {
      "playerOne": 1,
      "playerTwo": 20,
      "winPercentage": 43.901
    },
    {
      "playerOne": 1,
      "playerTwo": 21,
      "winPercentage": 4.258
    },
    {
      "playerOne": 1,
      "playerTwo": 22,
      "winPercentage": 1.643
    },
    {
      "playerOne": 1,
      "playerTwo": 23,
      "winPercentage": 46.683
    },
    {
      "playerOne": 1,
      "playerTwo": 24,
      "winPercentage": 27.722
    },
    {
      "playerOne": 1,
      "playerTwo": 25,
      "winPercentage": 72.143
    },
    {
      "playerOne": 1,
      "playerTwo": 26,
      "winPercentage": 85.407
    },
    {
      "playerOne": 1,
      "playerTwo": 27,
      "winPercentage": 37.006
    },
    {
      "playerOne": 1,
      "playerTwo": 28,
      "winPercentage": 99.839
    },
    {
      "playerOne": 1,
      "playerTwo": 29,
      "winPercentage": 40.926
    },
    {
      "playerOne": 1,
      "playerTwo": 30,
      "winPercentage": 42.912
    },
    {
      "playerOne": 1,
      "playerTwo": 31,
      "winPercentage": 74.977
    },
    {
      "playerOne": 1,
      "playerTwo": 32,
      "winPercentage": 38.542
    },
    {
      "playerOne": 1,
      "playerTwo": 33,
      "winPercentage": 82.11
    },
    {
      "playerOne": 1,
      "playerTwo": 34,
      "winPercentage": 33.164
    },
    {
      "playerOne": 1,
      "playerTwo": 35,
      "winPercentage": 64.313
    },
    {
      "playerOne": 1,
      "playerTwo": 36,
      "winPercentage": 53.923
    },
    {
      "playerOne": 1,
      "playerTwo": 37,
      "winPercentage": 37.906
    },
    {
      "playerOne": 1,
      "playerTwo": 38,
      "winPercentage": 50.905
    },
    {
      "playerOne": 1,
      "playerTwo": 39,
      "winPercentage": 30.667
    },
    {
      "playerOne": 2,
      "playerTwo": 3,
      "winPercentage": 15.203
    },
    {
      "playerOne": 2,
      "playerTwo": 4,
      "winPercentage": 51.168
    },
    {
      "playerOne": 2,
      "playerTwo": 5,
      "winPercentage": 68.552
    },
    {
      "playerOne": 2,
      "playerTwo": 6,
      "winPercentage": 48.129
    },
    {
      "playerOne": 2,
      "playerTwo": 7,
      "winPercentage": 79.903
    },
    {
      "playerOne": 2,
      "playerTwo": 8,
      "winPercentage": 57.001
    },
    {
      "playerOne": 2,
      "playerTwo": 9,
      "winPercentage": 23.238
    },
    {
      "playerOne": 2,
      "playerTwo": 10,
      "winPercentage": 64.065
    },
    {
      "playerOne": 2,
      "playerTwo": 11,
      "winPercentage": 82.477
    },
    {
      "playerOne": 2,
      "playerTwo": 12,
      "winPercentage": 44.583
    },
    {
      "playerOne": 2,
      "playerTwo": 13,
      "winPercentage": 81.862
    },
    {
      "playerOne": 2,
      "playerTwo": 14,
      "winPercentage": 2.933
    },
    {
      "playerOne": 2,
      "playerTwo": 15,
      "winPercentage": 25.393
    },
    {
      "playerOne": 2,
      "playerTwo": 16,
      "winPercentage": 81.082
    },
    {
      "playerOne": 2,
      "playerTwo": 17,
      "winPercentage": 48.521
    },
    {
      "playerOne": 2,
      "playerTwo": 18,
      "winPercentage": 93.389
    },
    {
      "playerOne": 2,
      "playerTwo": 19,
      "winPercentage": 71.463
    },
    {
      "playerOne": 2,
      "playerTwo": 20,
      "winPercentage": 12.033
    },
    {
      "playerOne": 2,
      "playerTwo": 21,
      "winPercentage": 56.317
    },
    {
      "playerOne": 2,
      "playerTwo": 22,
      "winPercentage": 57.462
    },
    {
      "playerOne": 2,
      "playerTwo": 23,
      "winPercentage": 6.297
    },
    {
      "playerOne": 2,
      "playerTwo": 24,
      "winPercentage": 57.532
    },
    {
      "playerOne": 2,
      "playerTwo": 25,
      "winPercentage": 3.114
    },
    {
      "playerOne": 2,
      "playerTwo": 26,
      "winPercentage": 74.244
    },
    {
      "playerOne": 2,
      "playerTwo": 27,
      "winPercentage": 5.863
    },
    {
      "playerOne": 2,
      "playerTwo": 28,
      "winPercentage": 21.871
    },
    {
      "playerOne": 2,
      "playerTwo": 29,
      "winPercentage": 51.253
    },
    {
      "playerOne": 2,
      "playerTwo": 30,
      "winPercentage": 52.56
    },
    {
      "playerOne": 2,
      "playerTwo": 31,
      "winPercentage": 4.416
    },
    {
      "playerOne": 2,
      "playerTwo": 32,
      "winPercentage": 94.072
    },
    {
      "playerOne": 2,
      "playerTwo": 33,
      "winPercentage": 46.873
    },
    {
      "playerOne": 2,
      "playerTwo": 34,
      "winPercentage": 33.089
    },
    {
      "playerOne": 2,
      "playerTwo": 35,
      "winPercentage": 72.632
    },
    {
      "playerOne": 2,
      "playerTwo": 36,
      "winPercentage": 2.564
    },
    {
      "playerOne": 2,
      "playerTwo": 37,
      "winPercentage": 46.86
    },
    {
      "playerOne": 2,
      "playerTwo": 38,
      "winPercentage": 7.428
    },
    {
      "playerOne": 2,
      "playerTwo": 39,
      "winPercentage": 50.268
    },
    {
      "playerOne": 3,
      "playerTwo": 4,
      "winPercentage": 13.821
    },
    {
      "playerOne": 3,
      "playerTwo": 5,
      "winPercentage": 66.505
    },
    {
      "playerOne": 3,
      "playerTwo": 6,
      "winPercentage": 58.404
    },
    {
      "playerOne": 3,
      "playerTwo": 7,
      "winPercentage": 17.575
    },
    {
      "playerOne": 3,
      "playerTwo": 8,
      "winPercentage": 67.065
    },
    {
      "playerOne": 3,
      "playerTwo": 9,
      "winPercentage": 58.154
    },
    {
      "playerOne": 3,
      "playerTwo": 10,
      "winPercentage": 20.937
    },
    {
      "playerOne": 3,
      "playerTwo": 11,
      "winPercentage": 37.422
    },
    {
      "playerOne": 3,
      "playerTwo": 12,
      "winPercentage": 78.019
    },
    {
      "playerOne": 3,
      "playerTwo": 13,
      "winPercentage": 3266.4
    },
    {
      "playerOne": 3,
      "playerTwo": 14,
      "winPercentage": 20.995
    },
    {
      "playerOne": 3,
      "playerTwo": 15,
      "winPercentage": 17.094
    },
    {
      "playerOne": 3,
      "playerTwo": 16,
      "winPercentage": 79.738
    },
    {
      "playerOne": 3,
      "playerTwo": 17,
      "winPercentage": 27.465
    },
    {
      "playerOne": 3,
      "playerTwo": 18,
      "winPercentage": 94.252
    },
    {
      "playerOne": 3,
      "playerTwo": 19,
      "winPercentage": 76.875
    },
    {
      "playerOne": 3,
      "playerTwo": 20,
      "winPercentage": 81.307
    },
    {
      "playerOne": 3,
      "playerTwo": 21,
      "winPercentage": 28.676
    },
    {
      "playerOne": 3,
      "playerTwo": 22,
      "winPercentage": 51.238
    },
    {
      "playerOne": 3,
      "playerTwo": 23,
      "winPercentage": 67.355
    },
    {
      "playerOne": 3,
      "playerTwo": 24,
      "winPercentage": 39.528
    },
    {
      "playerOne": 3,
      "playerTwo": 25,
      "winPercentage": 35.883
    },
    {
      "playerOne": 3,
      "playerTwo": 26,
      "winPercentage": 72.085
    },
    {
      "playerOne": 3,
      "playerTwo": 27,
      "winPercentage": 73.745
    },
    {
      "playerOne": 3,
      "playerTwo": 28,
      "winPercentage": 3.625
    },
    {
      "playerOne": 3,
      "playerTwo": 29,
      "winPercentage": 57.301
    },
    {
      "playerOne": 3,
      "playerTwo": 30,
      "winPercentage": 5.709
    },
    {
      "playerOne": 3,
      "playerTwo": 31,
      "winPercentage": 32.067
    },
    {
      "playerOne": 3,
      "playerTwo": 32,
      "winPercentage": 6.74
    },
    {
      "playerOne": 3,
      "playerTwo": 33,
      "winPercentage": 21.458
    },
    {
      "playerOne": 3,
      "playerTwo": 34,
      "winPercentage": 6.452
    },
    {
      "playerOne": 3,
      "playerTwo": 35,
      "winPercentage": 99.94
    },
    {
      "playerOne": 3,
      "playerTwo": 36,
      "winPercentage": 50.65
    },
    {
      "playerOne": 3,
      "playerTwo": 37,
      "winPercentage": 63.941
    },
    {
      "playerOne": 3,
      "playerTwo": 38,
      "winPercentage": 51.762
    },
    {
      "playerOne": 3,
      "playerTwo": 39,
      "winPercentage": 87.865
    },
    {
      "playerOne": 4,
      "playerTwo": 5,
      "winPercentage": 33.522
    },
    {
      "playerOne": 4,
      "playerTwo": 6,
      "winPercentage": 98.818
    },
    {
      "playerOne": 4,
      "playerTwo": 7,
      "winPercentage": 91.533
    },
    {
      "playerOne": 4,
      "playerTwo": 8,
      "winPercentage": 21.731
    },
    {
      "playerOne": 4,
      "playerTwo": 9,
      "winPercentage": 86.115
    },
    {
      "playerOne": 4,
      "playerTwo": 10,
      "winPercentage": 76.43
    },
    {
      "playerOne": 4,
      "playerTwo": 11,
      "winPercentage": 40.949
    },
    {
      "playerOne": 4,
      "playerTwo": 12,
      "winPercentage": 18.708
    },
    {
      "playerOne": 4,
      "playerTwo": 13,
      "winPercentage": 49.384
    },
    {
      "playerOne": 4,
      "playerTwo": 14,
      "winPercentage": 18.063
    },
    {
      "playerOne": 4,
      "playerTwo": 15,
      "winPercentage": 90.84
    },
    {
      "playerOne": 4,
      "playerTwo": 16,
      "winPercentage": 50.754
    },
    {
      "playerOne": 4,
      "playerTwo": 17,
      "winPercentage": 54.6
    },
    {
      "playerOne": 4,
      "playerTwo": 18,
      "winPercentage": 36.827
    },
    {
      "playerOne": 4,
      "playerTwo": 19,
      "winPercentage": 73.501
    },
    {
      "playerOne": 4,
      "playerTwo": 20,
      "winPercentage": 36.586
    },
    {
      "playerOne": 4,
      "playerTwo": 21,
      "winPercentage": 77.51
    },
    {
      "playerOne": 4,
      "playerTwo": 22,
      "winPercentage": 38.253
    },
    {
      "playerOne": 4,
      "playerTwo": 23,
      "winPercentage": 8.91
    },
    {
      "playerOne": 4,
      "playerTwo": 24,
      "winPercentage": 39.218
    },
    {
      "playerOne": 4,
      "playerTwo": 25,
      "winPercentage": 93.01
    },
    {
      "playerOne": 4,
      "playerTwo": 26,
      "winPercentage": 13.986
    },
    {
      "playerOne": 4,
      "playerTwo": 27,
      "winPercentage": 95.551
    },
    {
      "playerOne": 4,
      "playerTwo": 28,
      "winPercentage": 41.443
    },
    {
      "playerOne": 4,
      "playerTwo": 29,
      "winPercentage": 48.289
    },
    {
      "playerOne": 4,
      "playerTwo": 30,
      "winPercentage": 22.418
    },
    {
      "playerOne": 4,
      "playerTwo": 31,
      "winPercentage": 8.471
    },
    {
      "playerOne": 4,
      "playerTwo": 32,
      "winPercentage": 78.481
    },
    {
      "playerOne": 4,
      "playerTwo": 33,
      "winPercentage": 13.263
    },
    {
      "playerOne": 4,
      "playerTwo": 34,
      "winPercentage": 64.696
    },
    {
      "playerOne": 4,
      "playerTwo": 35,
      "winPercentage": 95.077
    },
    {
      "playerOne": 4,
      "playerTwo": 36,
      "winPercentage": 41.316
    },
    {
      "playerOne": 4,
      "playerTwo": 37,
      "winPercentage": 67.749
    },
    {
      "playerOne": 4,
      "playerTwo": 38,
      "winPercentage": 8.052
    },
    {
      "playerOne": 4,
      "playerTwo": 39,
      "winPercentage": 45.924
    },
    {
      "playerOne": 5,
      "playerTwo": 6,
      "winPercentage": 52.955
    },
    {
      "playerOne": 5,
      "playerTwo": 7,
      "winPercentage": 77.092
    },
    {
      "playerOne": 5,
      "playerTwo": 8,
      "winPercentage": 89.468
    },
    {
      "playerOne": 5,
      "playerTwo": 9,
      "winPercentage": 6.236
    },
    {
      "playerOne": 5,
      "playerTwo": 10,
      "winPercentage": 16.199
    },
    {
      "playerOne": 5,
      "playerTwo": 11,
      "winPercentage": 13.266
    },
    {
      "playerOne": 5,
      "playerTwo": 12,
      "winPercentage": 31.761
    },
    {
      "playerOne": 5,
      "playerTwo": 13,
      "winPercentage": 36.057
    },
    {
      "playerOne": 5,
      "playerTwo": 14,
      "winPercentage": 29.585
    },
    {
      "playerOne": 5,
      "playerTwo": 15,
      "winPercentage": 71.647
    },
    {
      "playerOne": 5,
      "playerTwo": 16,
      "winPercentage": 0.664
    },
    {
      "playerOne": 5,
      "playerTwo": 17,
      "winPercentage": 34.506
    },
    {
      "playerOne": 5,
      "playerTwo": 18,
      "winPercentage": 65.402
    },
    {
      "playerOne": 5,
      "playerTwo": 19,
      "winPercentage": 12.62
    },
    {
      "playerOne": 5,
      "playerTwo": 20,
      "winPercentage": 75.382
    },
    {
      "playerOne": 5,
      "playerTwo": 21,
      "winPercentage": 0.611
    },
    {
      "playerOne": 5,
      "playerTwo": 22,
      "winPercentage": 2.255
    },
    {
      "playerOne": 5,
      "playerTwo": 23,
      "winPercentage": 20.214
    },
    {
      "playerOne": 5,
      "playerTwo": 24,
      "winPercentage": 40.143
    },
    {
      "playerOne": 5,
      "playerTwo": 25,
      "winPercentage": 12.974
    },
    {
      "playerOne": 5,
      "playerTwo": 26,
      "winPercentage": 45.299
    },
    {
      "playerOne": 5,
      "playerTwo": 27,
      "winPercentage": 66.977
    },
    {
      "playerOne": 5,
      "playerTwo": 28,
      "winPercentage": 92.009
    },
    {
      "playerOne": 5,
      "playerTwo": 29,
      "winPercentage": 44.049
    },
    {
      "playerOne": 5,
      "playerTwo": 30,
      "winPercentage": 84.678
    },
    {
      "playerOne": 5,
      "playerTwo": 31,
      "winPercentage": 48.6
    },
    {
      "playerOne": 5,
      "playerTwo": 32,
      "winPercentage": 20.689
    },
    {
      "playerOne": 5,
      "playerTwo": 33,
      "winPercentage": 24.111
    },
    {
      "playerOne": 5,
      "playerTwo": 34,
      "winPercentage": 21.473
    },
    {
      "playerOne": 5,
      "playerTwo": 35,
      "winPercentage": 80.853
    },
    {
      "playerOne": 5,
      "playerTwo": 36,
      "winPercentage": 20.301
    },
    {
      "playerOne": 5,
      "playerTwo": 37,
      "winPercentage": 62.653
    },
    {
      "playerOne": 5,
      "playerTwo": 38,
      "winPercentage": 24.225
    },
    {
      "playerOne": 5,
      "playerTwo": 39,
      "winPercentage": 62.925
    },
    {
      "playerOne": 6,
      "playerTwo": 7,
      "winPercentage": 4.817
    },
    {
      "playerOne": 6,
      "playerTwo": 8,
      "winPercentage": 83.063
    },
    {
      "playerOne": 6,
      "playerTwo": 9,
      "winPercentage": 49.908
    },
    {
      "playerOne": 6,
      "playerTwo": 10,
      "winPercentage": 41.238
    },
    {
      "playerOne": 6,
      "playerTwo": 11,
      "winPercentage": 60.85
    },
    {
      "playerOne": 6,
      "playerTwo": 12,
      "winPercentage": 78.702
    },
    {
      "playerOne": 6,
      "playerTwo": 13,
      "winPercentage": 31.541
    },
    {
      "playerOne": 6,
      "playerTwo": 14,
      "winPercentage": 85.508
    },
    {
      "playerOne": 6,
      "playerTwo": 15,
      "winPercentage": 10.196
    },
    {
      "playerOne": 6,
      "playerTwo": 16,
      "winPercentage": 55.307
    },
    {
      "playerOne": 6,
      "playerTwo": 17,
      "winPercentage": 6.309
    },
    {
      "playerOne": 6,
      "playerTwo": 18,
      "winPercentage": 96.635
    },
    {
      "playerOne": 6,
      "playerTwo": 19,
      "winPercentage": 19.174
    },
    {
      "playerOne": 6,
      "playerTwo": 20,
      "winPercentage": 35.094
    },
    {
      "playerOne": 6,
      "playerTwo": 21,
      "winPercentage": 13.044
    },
    {
      "playerOne": 6,
      "playerTwo": 22,
      "winPercentage": 56.443
    },
    {
      "playerOne": 6,
      "playerTwo": 23,
      "winPercentage": 48.812
    },
    {
      "playerOne": 6,
      "playerTwo": 24,
      "winPercentage": 90.966
    },
    {
      "playerOne": 6,
      "playerTwo": 25,
      "winPercentage": 62.034
    },
    {
      "playerOne": 6,
      "playerTwo": 26,
      "winPercentage": 7.596
    },
    {
      "playerOne": 6,
      "playerTwo": 27,
      "winPercentage": 90.862
    },
    {
      "playerOne": 6,
      "playerTwo": 28,
      "winPercentage": 92.867
    },
    {
      "playerOne": 6,
      "playerTwo": 29,
      "winPercentage": 66.442
    },
    {
      "playerOne": 6,
      "playerTwo": 30,
      "winPercentage": 11.282
    },
    {
      "playerOne": 6,
      "playerTwo": 31,
      "winPercentage": 55.003
    },
    {
      "playerOne": 6,
      "playerTwo": 32,
      "winPercentage": 57.632
    },
    {
      "playerOne": 6,
      "playerTwo": 33,
      "winPercentage": 86.71
    },
    {
      "playerOne": 6,
      "playerTwo": 34,
      "winPercentage": 41.351
    },
    {
      "playerOne": 6,
      "playerTwo": 35,
      "winPercentage": 13.421
    },
    {
      "playerOne": 6,
      "playerTwo": 36,
      "winPercentage": 3.205
    },
    {
      "playerOne": 6,
      "playerTwo": 37,
      "winPercentage": 15.436
    },
    {
      "playerOne": 6,
      "playerTwo": 38,
      "winPercentage": 0.525
    },
    {
      "playerOne": 6,
      "playerTwo": 39,
      "winPercentage": 23.206
    },
    {
      "playerOne": 7,
      "playerTwo": 8,
      "winPercentage": 78.829
    },
    {
      "playerOne": 7,
      "playerTwo": 9,
      "winPercentage": 7.273
    },
    {
      "playerOne": 7,
      "playerTwo": 10,
      "winPercentage": 10.582
    },
    {
      "playerOne": 7,
      "playerTwo": 11,
      "winPercentage": 19.754
    },
    {
      "playerOne": 7,
      "playerTwo": 12,
      "winPercentage": 68.403
    },
    {
      "playerOne": 7,
      "playerTwo": 13,
      "winPercentage": 31.036
    },
    {
      "playerOne": 7,
      "playerTwo": 14,
      "winPercentage": 36.589
    },
    {
      "playerOne": 7,
      "playerTwo": 15,
      "winPercentage": 89.844
    },
    {
      "playerOne": 7,
      "playerTwo": 16,
      "winPercentage": 28.392
    },
    {
      "playerOne": 7,
      "playerTwo": 17,
      "winPercentage": 53.212
    },
    {
      "playerOne": 7,
      "playerTwo": 18,
      "winPercentage": 53.592
    },
    {
      "playerOne": 7,
      "playerTwo": 19,
      "winPercentage": 83.308
    },
    {
      "playerOne": 7,
      "playerTwo": 20,
      "winPercentage": 46.59
    },
    {
      "playerOne": 7,
      "playerTwo": 21,
      "winPercentage": 5.217
    },
    {
      "playerOne": 7,
      "playerTwo": 22,
      "winPercentage": 16.561
    },
    {
      "playerOne": 7,
      "playerTwo": 23,
      "winPercentage": 64.823
    },
    {
      "playerOne": 7,
      "playerTwo": 24,
      "winPercentage": 96.248
    },
    {
      "playerOne": 7,
      "playerTwo": 25,
      "winPercentage": 44.662
    },
    {
      "playerOne": 7,
      "playerTwo": 26,
      "winPercentage": 43.113
    },
    {
      "playerOne": 7,
      "playerTwo": 27,
      "winPercentage": 32.27
    },
    {
      "playerOne": 7,
      "playerTwo": 28,
      "winPercentage": 97.076
    },
    {
      "playerOne": 7,
      "playerTwo": 29,
      "winPercentage": 97.921
    },
    {
      "playerOne": 7,
      "playerTwo": 30,
      "winPercentage": 53.928
    },
    {
      "playerOne": 7,
      "playerTwo": 31,
      "winPercentage": 58.799
    },
    {
      "playerOne": 7,
      "playerTwo": 32,
      "winPercentage": 74.28
    },
    {
      "playerOne": 7,
      "playerTwo": 33,
      "winPercentage": 9.813
    },
    {
      "playerOne": 7,
      "playerTwo": 34,
      "winPercentage": 9.755
    },
    {
      "playerOne": 7,
      "playerTwo": 35,
      "winPercentage": 82.299
    },
    {
      "playerOne": 7,
      "playerTwo": 36,
      "winPercentage": 36.601
    },
    {
      "playerOne": 7,
      "playerTwo": 37,
      "winPercentage": 31.034
    },
    {
      "playerOne": 7,
      "playerTwo": 38,
      "winPercentage": 89.301
    },
    {
      "playerOne": 7,
      "playerTwo": 39,
      "winPercentage": 69.587
    },
    {
      "playerOne": 8,
      "playerTwo": 9,
      "winPercentage": 91.417
    },
    {
      "playerOne": 8,
      "playerTwo": 10,
      "winPercentage": 26.91
    },
    {
      "playerOne": 8,
      "playerTwo": 11,
      "winPercentage": 78.977
    },
    {
      "playerOne": 8,
      "playerTwo": 12,
      "winPercentage": 62.713
    },
    {
      "playerOne": 8,
      "playerTwo": 13,
      "winPercentage": 23.017
    },
    {
      "playerOne": 8,
      "playerTwo": 14,
      "winPercentage": 29.239
    },
    {
      "playerOne": 8,
      "playerTwo": 15,
      "winPercentage": 80.593
    },
    {
      "playerOne": 8,
      "playerTwo": 16,
      "winPercentage": 1.393
    },
    {
      "playerOne": 8,
      "playerTwo": 17,
      "winPercentage": 56.373
    },
    {
      "playerOne": 8,
      "playerTwo": 18,
      "winPercentage": 94.407
    },
    {
      "playerOne": 8,
      "playerTwo": 19,
      "winPercentage": 24.848
    },
    {
      "playerOne": 8,
      "playerTwo": 20,
      "winPercentage": 26.807
    },
    {
      "playerOne": 8,
      "playerTwo": 21,
      "winPercentage": 15.003
    },
    {
      "playerOne": 8,
      "playerTwo": 22,
      "winPercentage": 93.269
    },
    {
      "playerOne": 8,
      "playerTwo": 23,
      "winPercentage": 47.876
    },
    {
      "playerOne": 8,
      "playerTwo": 24,
      "winPercentage": 24.692
    },
    {
      "playerOne": 8,
      "playerTwo": 25,
      "winPercentage": 6.957
    },
    {
      "playerOne": 8,
      "playerTwo": 26,
      "winPercentage": 14.578
    },
    {
      "playerOne": 8,
      "playerTwo": 27,
      "winPercentage": 16.71
    },
    {
      "playerOne": 8,
      "playerTwo": 28,
      "winPercentage": 84.024
    },
    {
      "playerOne": 8,
      "playerTwo": 29,
      "winPercentage": 95.984
    },
    {
      "playerOne": 8,
      "playerTwo": 30,
      "winPercentage": 22.142
    },
    {
      "playerOne": 8,
      "playerTwo": 31,
      "winPercentage": 11.315
    },
    {
      "playerOne": 8,
      "playerTwo": 32,
      "winPercentage": 76.271
    },
    {
      "playerOne": 8,
      "playerTwo": 33,
      "winPercentage": 66.659
    },
    {
      "playerOne": 8,
      "playerTwo": 34,
      "winPercentage": 15.692
    },
    {
      "playerOne": 8,
      "playerTwo": 35,
      "winPercentage": 26.02
    },
    {
      "playerOne": 8,
      "playerTwo": 36,
      "winPercentage": 76.395
    },
    {
      "playerOne": 8,
      "playerTwo": 37,
      "winPercentage": 12.244
    },
    {
      "playerOne": 8,
      "playerTwo": 38,
      "winPercentage": 50.089
    },
    {
      "playerOne": 8,
      "playerTwo": 39,
      "winPercentage": 48.06
    },
    {
      "playerOne": 9,
      "playerTwo": 10,
      "winPercentage": 15.04
    },
    {
      "playerOne": 9,
      "playerTwo": 11,
      "winPercentage": 67.967
    },
    {
      "playerOne": 9,
      "playerTwo": 12,
      "winPercentage": 39.316
    },
    {
      "playerOne": 9,
      "playerTwo": 13,
      "winPercentage": 40.365
    },
    {
      "playerOne": 9,
      "playerTwo": 14,
      "winPercentage": 23.62
    },
    {
      "playerOne": 9,
      "playerTwo": 15,
      "winPercentage": 92.739
    },
    {
      "playerOne": 9,
      "playerTwo": 16,
      "winPercentage": 76.143
    },
    {
      "playerOne": 9,
      "playerTwo": 17,
      "winPercentage": 68.666
    },
    {
      "playerOne": 9,
      "playerTwo": 18,
      "winPercentage": 78.49
    },
    {
      "playerOne": 9,
      "playerTwo": 19,
      "winPercentage": 69.012
    },
    {
      "playerOne": 9,
      "playerTwo": 20,
      "winPercentage": 87.778
    },
    {
      "playerOne": 9,
      "playerTwo": 21,
      "winPercentage": 39.698
    },
    {
      "playerOne": 9,
      "playerTwo": 22,
      "winPercentage": 0.1
    },
    {
      "playerOne": 9,
      "playerTwo": 23,
      "winPercentage": 15.66
    },
    {
      "playerOne": 9,
      "playerTwo": 24,
      "winPercentage": 18.4
    },
    {
      "playerOne": 9,
      "playerTwo": 25,
      "winPercentage": 1.199
    },
    {
      "playerOne": 9,
      "playerTwo": 26,
      "winPercentage": 49.58
    },
    {
      "playerOne": 9,
      "playerTwo": 27,
      "winPercentage": 51.655
    },
    {
      "playerOne": 9,
      "playerTwo": 28,
      "winPercentage": 74.813
    },
    {
      "playerOne": 9,
      "playerTwo": 29,
      "winPercentage": 58.08
    },
    {
      "playerOne": 9,
      "playerTwo": 30,
      "winPercentage": 69.738
    },
    {
      "playerOne": 9,
      "playerTwo": 31,
      "winPercentage": 57.094
    },
    {
      "playerOne": 9,
      "playerTwo": 32,
      "winPercentage": 89.281
    },
    {
      "playerOne": 9,
      "playerTwo": 33,
      "winPercentage": 16.761
    },
    {
      "playerOne": 9,
      "playerTwo": 34,
      "winPercentage": 26.253
    },
    {
      "playerOne": 9,
      "playerTwo": 35,
      "winPercentage": 56.57
    },
    {
      "playerOne": 9,
      "playerTwo": 36,
      "winPercentage": 10.289
    },
    {
      "playerOne": 9,
      "playerTwo": 37,
      "winPercentage": 42.977
    },
    {
      "playerOne": 9,
      "playerTwo": 38,
      "winPercentage": 41.402
    },
    {
      "playerOne": 9,
      "playerTwo": 39,
      "winPercentage": 1.144
    },
    {
      "playerOne": 10,
      "playerTwo": 11,
      "winPercentage": 48.727
    },
    {
      "playerOne": 10,
      "playerTwo": 12,
      "winPercentage": 44.418
    },
    {
      "playerOne": 10,
      "playerTwo": 13,
      "winPercentage": 40.391
    },
    {
      "playerOne": 10,
      "playerTwo": 14,
      "winPercentage": 86.475
    },
    {
      "playerOne": 10,
      "playerTwo": 15,
      "winPercentage": 30.903
    },
    {
      "playerOne": 10,
      "playerTwo": 16,
      "winPercentage": 61.416
    },
    {
      "playerOne": 10,
      "playerTwo": 17,
      "winPercentage": 32.652
    },
    {
      "playerOne": 10,
      "playerTwo": 18,
      "winPercentage": 40.048
    },
    {
      "playerOne": 10,
      "playerTwo": 19,
      "winPercentage": 4.5
    },
    {
      "playerOne": 10,
      "playerTwo": 20,
      "winPercentage": 68.802
    },
    {
      "playerOne": 10,
      "playerTwo": 21,
      "winPercentage": 84.064
    },
    {
      "playerOne": 10,
      "playerTwo": 22,
      "winPercentage": 76.368
    },
    {
      "playerOne": 10,
      "playerTwo": 23,
      "winPercentage": 50.373
    },
    {
      "playerOne": 10,
      "playerTwo": 24,
      "winPercentage": 68.705
    },
    {
      "playerOne": 10,
      "playerTwo": 25,
      "winPercentage": 63.548
    },
    {
      "playerOne": 10,
      "playerTwo": 26,
      "winPercentage": 51.987
    },
    {
      "playerOne": 10,
      "playerTwo": 27,
      "winPercentage": 27.338
    },
    {
      "playerOne": 10,
      "playerTwo": 28,
      "winPercentage": 44.974
    },
    {
      "playerOne": 10,
      "playerTwo": 29,
      "winPercentage": 48.682
    },
    {
      "playerOne": 10,
      "playerTwo": 30,
      "winPercentage": 5.227
    },
    {
      "playerOne": 10,
      "playerTwo": 31,
      "winPercentage": 88.053
    },
    {
      "playerOne": 10,
      "playerTwo": 32,
      "winPercentage": 68.374
    },
    {
      "playerOne": 10,
      "playerTwo": 33,
      "winPercentage": 34.05
    },
    {
      "playerOne": 10,
      "playerTwo": 34,
      "winPercentage": 23.958
    },
    {
      "playerOne": 10,
      "playerTwo": 35,
      "winPercentage": 4.276
    },
    {
      "playerOne": 10,
      "playerTwo": 36,
      "winPercentage": 78.397
    },
    {
      "playerOne": 10,
      "playerTwo": 37,
      "winPercentage": 75.363
    },
    {
      "playerOne": 10,
      "playerTwo": 38,
      "winPercentage": 5.397
    },
    {
      "playerOne": 10,
      "playerTwo": 39,
      "winPercentage": 19.991
    },
    {
      "playerOne": 11,
      "playerTwo": 12,
      "winPercentage": 94.768
    },
    {
      "playerOne": 11,
      "playerTwo": 13,
      "winPercentage": 38.688
    },
    {
      "playerOne": 11,
      "playerTwo": 14,
      "winPercentage": 48.752
    },
    {
      "playerOne": 11,
      "playerTwo": 15,
      "winPercentage": 90.293
    },
    {
      "playerOne": 11,
      "playerTwo": 16,
      "winPercentage": 85.079
    },
    {
      "playerOne": 11,
      "playerTwo": 17,
      "winPercentage": 92.287
    },
    {
      "playerOne": 11,
      "playerTwo": 18,
      "winPercentage": 90.768
    },
    {
      "playerOne": 11,
      "playerTwo": 19,
      "winPercentage": 66.317
    },
    {
      "playerOne": 11,
      "playerTwo": 20,
      "winPercentage": 91.554
    },
    {
      "playerOne": 11,
      "playerTwo": 21,
      "winPercentage": 29.788
    },
    {
      "playerOne": 11,
      "playerTwo": 22,
      "winPercentage": 71.995
    },
    {
      "playerOne": 11,
      "playerTwo": 23,
      "winPercentage": 39.817
    },
    {
      "playerOne": 11,
      "playerTwo": 24,
      "winPercentage": 83.227
    },
    {
      "playerOne": 11,
      "playerTwo": 25,
      "winPercentage": 38.07
    },
    {
      "playerOne": 11,
      "playerTwo": 26,
      "winPercentage": 59.622
    },
    {
      "playerOne": 11,
      "playerTwo": 27,
      "winPercentage": 77.37
    },
    {
      "playerOne": 11,
      "playerTwo": 28,
      "winPercentage": 25.67
    },
    {
      "playerOne": 11,
      "playerTwo": 29,
      "winPercentage": 25.081
    },
    {
      "playerOne": 11,
      "playerTwo": 30,
      "winPercentage": 74.732
    },
    {
      "playerOne": 11,
      "playerTwo": 31,
      "winPercentage": 27.093
    },
    {
      "playerOne": 11,
      "playerTwo": 32,
      "winPercentage": 86.105
    },
    {
      "playerOne": 11,
      "playerTwo": 33,
      "winPercentage": 5.876
    },
    {
      "playerOne": 11,
      "playerTwo": 34,
      "winPercentage": 32.286
    },
    {
      "playerOne": 11,
      "playerTwo": 35,
      "winPercentage": 56.371
    },
    {
      "playerOne": 11,
      "playerTwo": 36,
      "winPercentage": 83.743
    },
    {
      "playerOne": 11,
      "playerTwo": 37,
      "winPercentage": 84.805
    },
    {
      "playerOne": 11,
      "playerTwo": 38,
      "winPercentage": 94.849
    },
    {
      "playerOne": 11,
      "playerTwo": 39,
      "winPercentage": 20.359
    },
    {
      "playerOne": 12,
      "playerTwo": 13,
      "winPercentage": 48.94
    },
    {
      "playerOne": 12,
      "playerTwo": 14,
      "winPercentage": 2.335
    },
    {
      "playerOne": 12,
      "playerTwo": 15,
      "winPercentage": 0.964
    },
    {
      "playerOne": 12,
      "playerTwo": 16,
      "winPercentage": 56.469
    },
    {
      "playerOne": 12,
      "playerTwo": 17,
      "winPercentage": 1.872
    },
    {
      "playerOne": 12,
      "playerTwo": 18,
      "winPercentage": 89.362
    },
    {
      "playerOne": 12,
      "playerTwo": 19,
      "winPercentage": 99.807
    },
    {
      "playerOne": 12,
      "playerTwo": 20,
      "winPercentage": 37.112
    },
    {
      "playerOne": 12,
      "playerTwo": 21,
      "winPercentage": 43.551
    },
    {
      "playerOne": 12,
      "playerTwo": 22,
      "winPercentage": 34.338
    },
    {
      "playerOne": 12,
      "playerTwo": 23,
      "winPercentage": 64.575
    },
    {
      "playerOne": 12,
      "playerTwo": 24,
      "winPercentage": 95.682
    },
    {
      "playerOne": 12,
      "playerTwo": 25,
      "winPercentage": 33.555
    },
    {
      "playerOne": 12,
      "playerTwo": 26,
      "winPercentage": 40.665
    },
    {
      "playerOne": 12,
      "playerTwo": 27,
      "winPercentage": 8.47
    },
    {
      "playerOne": 12,
      "playerTwo": 28,
      "winPercentage": 50.804
    },
    {
      "playerOne": 12,
      "playerTwo": 29,
      "winPercentage": 75.133
    },
    {
      "playerOne": 12,
      "playerTwo": 30,
      "winPercentage": 22.633
    },
    {
      "playerOne": 12,
      "playerTwo": 31,
      "winPercentage": 5.802
    },
    {
      "playerOne": 12,
      "playerTwo": 32,
      "winPercentage": 89.82
    },
    {
      "playerOne": 12,
      "playerTwo": 33,
      "winPercentage": 56.318
    },
    {
      "playerOne": 12,
      "playerTwo": 34,
      "winPercentage": 86.755
    },
    {
      "playerOne": 12,
      "playerTwo": 35,
      "winPercentage": 39.652
    },
    {
      "playerOne": 12,
      "playerTwo": 36,
      "winPercentage": 21.417
    },
    {
      "playerOne": 12,
      "playerTwo": 37,
      "winPercentage": 31.316
    },
    {
      "playerOne": 12,
      "playerTwo": 38,
      "winPercentage": 93.791
    },
    {
      "playerOne": 12,
      "playerTwo": 39,
      "winPercentage": 44.844
    },
    {
      "playerOne": 13,
      "playerTwo": 14,
      "winPercentage": 20.804
    },
    {
      "playerOne": 13,
      "playerTwo": 15,
      "winPercentage": 55.492
    },
    {
      "playerOne": 13,
      "playerTwo": 16,
      "winPercentage": 70.745
    },
    {
      "playerOne": 13,
      "playerTwo": 17,
      "winPercentage": 40.544
    },
    {
      "playerOne": 13,
      "playerTwo": 18,
      "winPercentage": 9.564
    },
    {
      "playerOne": 13,
      "playerTwo": 19,
      "winPercentage": 28.817
    },
    {
      "playerOne": 13,
      "playerTwo": 20,
      "winPercentage": 48.8
    },
    {
      "playerOne": 13,
      "playerTwo": 21,
      "winPercentage": 91.63
    },
    {
      "playerOne": 13,
      "playerTwo": 22,
      "winPercentage": 57.614
    },
    {
      "playerOne": 13,
      "playerTwo": 23,
      "winPercentage": 28.25
    },
    {
      "playerOne": 13,
      "playerTwo": 24,
      "winPercentage": 66.399
    },
    {
      "playerOne": 13,
      "playerTwo": 25,
      "winPercentage": 69.685
    },
    {
      "playerOne": 13,
      "playerTwo": 26,
      "winPercentage": 87.898
    },
    {
      "playerOne": 13,
      "playerTwo": 27,
      "winPercentage": 80.293
    },
    {
      "playerOne": 13,
      "playerTwo": 28,
      "winPercentage": 88.182
    },
    {
      "playerOne": 13,
      "playerTwo": 29,
      "winPercentage": 82.757
    },
    {
      "playerOne": 13,
      "playerTwo": 30,
      "winPercentage": 39.877
    },
    {
      "playerOne": 13,
      "playerTwo": 31,
      "winPercentage": 28.97
    },
    {
      "playerOne": 13,
      "playerTwo": 32,
      "winPercentage": 71.305
    },
    {
      "playerOne": 13,
      "playerTwo": 33,
      "winPercentage": 89.121
    },
    {
      "playerOne": 13,
      "playerTwo": 34,
      "winPercentage": 23.348
    },
    {
      "playerOne": 13,
      "playerTwo": 35,
      "winPercentage": 90.789
    },
    {
      "playerOne": 13,
      "playerTwo": 36,
      "winPercentage": 33.157
    },
    {
      "playerOne": 13,
      "playerTwo": 37,
      "winPercentage": 42.481
    },
    {
      "playerOne": 13,
      "playerTwo": 38,
      "winPercentage": 23.807
    },
    {
      "playerOne": 13,
      "playerTwo": 39,
      "winPercentage": 87.043
    },
    {
      "playerOne": 14,
      "playerTwo": 15,
      "winPercentage": 85.46
    },
    {
      "playerOne": 14,
      "playerTwo": 16,
      "winPercentage": 37.946
    },
    {
      "playerOne": 14,
      "playerTwo": 17,
      "winPercentage": 61.6
    },
    {
      "playerOne": 14,
      "playerTwo": 18,
      "winPercentage": 49.387
    },
    {
      "playerOne": 14,
      "playerTwo": 19,
      "winPercentage": 57.15
    },
    {
      "playerOne": 14,
      "playerTwo": 20,
      "winPercentage": 71.558
    },
    {
      "playerOne": 14,
      "playerTwo": 21,
      "winPercentage": 7.383
    },
    {
      "playerOne": 14,
      "playerTwo": 22,
      "winPercentage": 95.284
    },
    {
      "playerOne": 14,
      "playerTwo": 23,
      "winPercentage": 91.542
    },
    {
      "playerOne": 14,
      "playerTwo": 24,
      "winPercentage": 47.671
    },
    {
      "playerOne": 14,
      "playerTwo": 25,
      "winPercentage": 54.09
    },
    {
      "playerOne": 14,
      "playerTwo": 26,
      "winPercentage": 72.487
    },
    {
      "playerOne": 14,
      "playerTwo": 27,
      "winPercentage": 50.796
    },
    {
      "playerOne": 14,
      "playerTwo": 28,
      "winPercentage": 47.329
    },
    {
      "playerOne": 14,
      "playerTwo": 29,
      "winPercentage": 21.942
    },
    {
      "playerOne": 14,
      "playerTwo": 30,
      "winPercentage": 2.404
    },
    {
      "playerOne": 14,
      "playerTwo": 31,
      "winPercentage": 81.278
    },
    {
      "playerOne": 14,
      "playerTwo": 32,
      "winPercentage": 44.527
    },
    {
      "playerOne": 14,
      "playerTwo": 33,
      "winPercentage": 60.039
    },
    {
      "playerOne": 14,
      "playerTwo": 34,
      "winPercentage": 72.527
    },
    {
      "playerOne": 14,
      "playerTwo": 35,
      "winPercentage": 46.607
    },
    {
      "playerOne": 14,
      "playerTwo": 36,
      "winPercentage": 29.163
    },
    {
      "playerOne": 14,
      "playerTwo": 37,
      "winPercentage": 78.986
    },
    {
      "playerOne": 14,
      "playerTwo": 38,
      "winPercentage": 60.273
    },
    {
      "playerOne": 14,
      "playerTwo": 39,
      "winPercentage": 17.719
    },
    {
      "playerOne": 15,
      "playerTwo": 16,
      "winPercentage": 58.529
    },
    {
      "playerOne": 15,
      "playerTwo": 17,
      "winPercentage": 80.031
    },
    {
      "playerOne": 15,
      "playerTwo": 18,
      "winPercentage": 2.525
    },
    {
      "playerOne": 15,
      "playerTwo": 19,
      "winPercentage": 19.836
    },
    {
      "playerOne": 15,
      "playerTwo": 20,
      "winPercentage": 65.742
    },
    {
      "playerOne": 15,
      "playerTwo": 21,
      "winPercentage": 4.066
    },
    {
      "playerOne": 15,
      "playerTwo": 22,
      "winPercentage": 53.673
    },
    {
      "playerOne": 15,
      "playerTwo": 23,
      "winPercentage": 45.049
    },
    {
      "playerOne": 15,
      "playerTwo": 24,
      "winPercentage": 94.778
    },
    {
      "playerOne": 15,
      "playerTwo": 25,
      "winPercentage": 59.909
    },
    {
      "playerOne": 15,
      "playerTwo": 26,
      "winPercentage": 30.203
    },
    {
      "playerOne": 15,
      "playerTwo": 27,
      "winPercentage": 16.022
    },
    {
      "playerOne": 15,
      "playerTwo": 28,
      "winPercentage": 24.221
    },
    {
      "playerOne": 15,
      "playerTwo": 29,
      "winPercentage": 23.93
    },
    {
      "playerOne": 15,
      "playerTwo": 30,
      "winPercentage": 65.664
    },
    {
      "playerOne": 15,
      "playerTwo": 31,
      "winPercentage": 72.811
    },
    {
      "playerOne": 15,
      "playerTwo": 32,
      "winPercentage": 99.197
    },
    {
      "playerOne": 15,
      "playerTwo": 33,
      "winPercentage": 36.638
    },
    {
      "playerOne": 15,
      "playerTwo": 34,
      "winPercentage": 71.188
    },
    {
      "playerOne": 15,
      "playerTwo": 35,
      "winPercentage": 37.704
    },
    {
      "playerOne": 15,
      "playerTwo": 36,
      "winPercentage": 57.696
    },
    {
      "playerOne": 15,
      "playerTwo": 37,
      "winPercentage": 6.674
    },
    {
      "playerOne": 15,
      "playerTwo": 38,
      "winPercentage": 97.148
    },
    {
      "playerOne": 15,
      "playerTwo": 39,
      "winPercentage": 92.221
    },
    {
      "playerOne": 16,
      "playerTwo": 17,
      "winPercentage": 26.476
    },
    {
      "playerOne": 16,
      "playerTwo": 18,
      "winPercentage": 93.327
    },
    {
      "playerOne": 16,
      "playerTwo": 19,
      "winPercentage": 94.71
    },
    {
      "playerOne": 16,
      "playerTwo": 20,
      "winPercentage": 37.858
    },
    {
      "playerOne": 16,
      "playerTwo": 21,
      "winPercentage": 15.655
    },
    {
      "playerOne": 16,
      "playerTwo": 22,
      "winPercentage": 40.577
    },
    {
      "playerOne": 16,
      "playerTwo": 23,
      "winPercentage": 80.851
    },
    {
      "playerOne": 16,
      "playerTwo": 24,
      "winPercentage": 18.52
    },
    {
      "playerOne": 16,
      "playerTwo": 25,
      "winPercentage": 19.874
    },
    {
      "playerOne": 16,
      "playerTwo": 26,
      "winPercentage": 55.018
    },
    {
      "playerOne": 16,
      "playerTwo": 27,
      "winPercentage": 92.782
    },
    {
      "playerOne": 16,
      "playerTwo": 28,
      "winPercentage": 37.51
    },
    {
      "playerOne": 16,
      "playerTwo": 29,
      "winPercentage": 67.042
    },
    {
      "playerOne": 16,
      "playerTwo": 30,
      "winPercentage": 72.757
    },
    {
      "playerOne": 16,
      "playerTwo": 31,
      "winPercentage": 97.119
    },
    {
      "playerOne": 16,
      "playerTwo": 32,
      "winPercentage": 41.944
    },
    {
      "playerOne": 16,
      "playerTwo": 33,
      "winPercentage": 3342.4
    },
    {
      "playerOne": 16,
      "playerTwo": 34,
      "winPercentage": 72.81
    },
    {
      "playerOne": 16,
      "playerTwo": 35,
      "winPercentage": 1.37
    },
    {
      "playerOne": 16,
      "playerTwo": 36,
      "winPercentage": 87.356
    },
    {
      "playerOne": 16,
      "playerTwo": 37,
      "winPercentage": 60.179
    },
    {
      "playerOne": 16,
      "playerTwo": 38,
      "winPercentage": 57.79
    },
    {
      "playerOne": 16,
      "playerTwo": 39,
      "winPercentage": 64.782
    },
    {
      "playerOne": 17,
      "playerTwo": 18,
      "winPercentage": 56.39
    },
    {
      "playerOne": 17,
      "playerTwo": 19,
      "winPercentage": 59.446
    },
    {
      "playerOne": 17,
      "playerTwo": 20,
      "winPercentage": 85.811
    },
    {
      "playerOne": 17,
      "playerTwo": 21,
      "winPercentage": 61.193
    },
    {
      "playerOne": 17,
      "playerTwo": 22,
      "winPercentage": 19.398
    },
    {
      "playerOne": 17,
      "playerTwo": 23,
      "winPercentage": 86.071
    },
    {
      "playerOne": 17,
      "playerTwo": 24,
      "winPercentage": 16.094
    },
    {
      "playerOne": 17,
      "playerTwo": 25,
      "winPercentage": 91.016
    },
    {
      "playerOne": 17,
      "playerTwo": 26,
      "winPercentage": 45.85
    },
    {
      "playerOne": 17,
      "playerTwo": 27,
      "winPercentage": 50.223
    },
    {
      "playerOne": 17,
      "playerTwo": 28,
      "winPercentage": 59.323
    },
    {
      "playerOne": 17,
      "playerTwo": 29,
      "winPercentage": 45.055
    },
    {
      "playerOne": 17,
      "playerTwo": 30,
      "winPercentage": 42.4
    },
    {
      "playerOne": 17,
      "playerTwo": 31,
      "winPercentage": 75.938
    },
    {
      "playerOne": 17,
      "playerTwo": 32,
      "winPercentage": 53.478
    },
    {
      "playerOne": 17,
      "playerTwo": 33,
      "winPercentage": 19.222
    },
    {
      "playerOne": 17,
      "playerTwo": 34,
      "winPercentage": 62.64
    },
    {
      "playerOne": 17,
      "playerTwo": 35,
      "winPercentage": 80.338
    },
    {
      "playerOne": 17,
      "playerTwo": 36,
      "winPercentage": 5.494
    },
    {
      "playerOne": 17,
      "playerTwo": 37,
      "winPercentage": 76.101
    },
    {
      "playerOne": 17,
      "playerTwo": 38,
      "winPercentage": 55.517
    },
    {
      "playerOne": 17,
      "playerTwo": 39,
      "winPercentage": 94.735
    },
    {
      "playerOne": 18,
      "playerTwo": 19,
      "winPercentage": 35.383
    },
    {
      "playerOne": 18,
      "playerTwo": 20,
      "winPercentage": 8.35
    },
    {
      "playerOne": 18,
      "playerTwo": 21,
      "winPercentage": 5.95
    },
    {
      "playerOne": 18,
      "playerTwo": 22,
      "winPercentage": 52.381
    },
    {
      "playerOne": 18,
      "playerTwo": 23,
      "winPercentage": 42.035
    },
    {
      "playerOne": 18,
      "playerTwo": 24,
      "winPercentage": 69.492
    },
    {
      "playerOne": 18,
      "playerTwo": 25,
      "winPercentage": 69.25
    },
    {
      "playerOne": 18,
      "playerTwo": 26,
      "winPercentage": 66.422
    },
    {
      "playerOne": 18,
      "playerTwo": 27,
      "winPercentage": 16.183
    },
    {
      "playerOne": 18,
      "playerTwo": 28,
      "winPercentage": 7.625
    },
    {
      "playerOne": 18,
      "playerTwo": 29,
      "winPercentage": 11.483
    },
    {
      "playerOne": 18,
      "playerTwo": 30,
      "winPercentage": 19.462
    },
    {
      "playerOne": 18,
      "playerTwo": 31,
      "winPercentage": 50.99
    },
    {
      "playerOne": 18,
      "playerTwo": 32,
      "winPercentage": 71.587
    },
    {
      "playerOne": 18,
      "playerTwo": 33,
      "winPercentage": 63.526
    },
    {
      "playerOne": 18,
      "playerTwo": 34,
      "winPercentage": 30.79
    },
    {
      "playerOne": 18,
      "playerTwo": 35,
      "winPercentage": 35.909
    },
    {
      "playerOne": 18,
      "playerTwo": 36,
      "winPercentage": 77.193
    },
    {
      "playerOne": 18,
      "playerTwo": 37,
      "winPercentage": 49.357
    },
    {
      "playerOne": 18,
      "playerTwo": 38,
      "winPercentage": 96.246
    },
    {
      "playerOne": 18,
      "playerTwo": 39,
      "winPercentage": 96.275
    },
    {
      "playerOne": 19,
      "playerTwo": 20,
      "winPercentage": 3367.2
    },
    {
      "playerOne": 19,
      "playerTwo": 21,
      "winPercentage": 46.711
    },
    {
      "playerOne": 19,
      "playerTwo": 22,
      "winPercentage": 40.929
    },
    {
      "playerOne": 19,
      "playerTwo": 23,
      "winPercentage": 79.178
    },
    {
      "playerOne": 19,
      "playerTwo": 24,
      "winPercentage": 23.73
    },
    {
      "playerOne": 19,
      "playerTwo": 25,
      "winPercentage": 83.404
    },
    {
      "playerOne": 19,
      "playerTwo": 26,
      "winPercentage": 91.124
    },
    {
      "playerOne": 19,
      "playerTwo": 27,
      "winPercentage": 30.38
    },
    {
      "playerOne": 19,
      "playerTwo": 28,
      "winPercentage": 5.057
    },
    {
      "playerOne": 19,
      "playerTwo": 29,
      "winPercentage": 19.058
    },
    {
      "playerOne": 19,
      "playerTwo": 30,
      "winPercentage": 51.039
    },
    {
      "playerOne": 19,
      "playerTwo": 31,
      "winPercentage": 86.325
    },
    {
      "playerOne": 19,
      "playerTwo": 32,
      "winPercentage": 55.65
    },
    {
      "playerOne": 19,
      "playerTwo": 33,
      "winPercentage": 27.293
    },
    {
      "playerOne": 19,
      "playerTwo": 34,
      "winPercentage": 31.168
    },
    {
      "playerOne": 19,
      "playerTwo": 35,
      "winPercentage": 20.867
    },
    {
      "playerOne": 19,
      "playerTwo": 36,
      "winPercentage": 49.417
    },
    {
      "playerOne": 19,
      "playerTwo": 37,
      "winPercentage": 78.806
    },
    {
      "playerOne": 19,
      "playerTwo": 38,
      "winPercentage": 76.195
    },
    {
      "playerOne": 19,
      "playerTwo": 39,
      "winPercentage": 12.404
    },
    {
      "playerOne": 20,
      "playerTwo": 21,
      "winPercentage": 38.332
    },
    {
      "playerOne": 20,
      "playerTwo": 22,
      "winPercentage": 59.53
    },
    {
      "playerOne": 20,
      "playerTwo": 23,
      "winPercentage": 64.117
    },
    {
      "playerOne": 20,
      "playerTwo": 24,
      "winPercentage": 79.62
    },
    {
      "playerOne": 20,
      "playerTwo": 25,
      "winPercentage": 17.913
    },
    {
      "playerOne": 20,
      "playerTwo": 26,
      "winPercentage": 98.795
    },
    {
      "playerOne": 20,
      "playerTwo": 27,
      "winPercentage": 10.48
    },
    {
      "playerOne": 20,
      "playerTwo": 28,
      "winPercentage": 68.194
    },
    {
      "playerOne": 20,
      "playerTwo": 29,
      "winPercentage": 17.331
    },
    {
      "playerOne": 20,
      "playerTwo": 30,
      "winPercentage": 70.539
    },
    {
      "playerOne": 20,
      "playerTwo": 31,
      "winPercentage": 75.114
    },
    {
      "playerOne": 20,
      "playerTwo": 32,
      "winPercentage": 13.223
    },
    {
      "playerOne": 20,
      "playerTwo": 33,
      "winPercentage": 6.388
    },
    {
      "playerOne": 20,
      "playerTwo": 34,
      "winPercentage": 87.131
    },
    {
      "playerOne": 20,
      "playerTwo": 35,
      "winPercentage": 42.671
    },
    {
      "playerOne": 20,
      "playerTwo": 36,
      "winPercentage": 59.584
    },
    {
      "playerOne": 20,
      "playerTwo": 37,
      "winPercentage": 72.827
    },
    {
      "playerOne": 20,
      "playerTwo": 38,
      "winPercentage": 412.6
    },
    {
      "playerOne": 20,
      "playerTwo": 39,
      "winPercentage": 92.63
    },
    {
      "playerOne": 21,
      "playerTwo": 22,
      "winPercentage": 67.807
    },
    {
      "playerOne": 21,
      "playerTwo": 23,
      "winPercentage": 38.255
    },
    {
      "playerOne": 21,
      "playerTwo": 24,
      "winPercentage": 37.5
    },
    {
      "playerOne": 21,
      "playerTwo": 25,
      "winPercentage": 35.653
    },
    {
      "playerOne": 21,
      "playerTwo": 26,
      "winPercentage": 23.8
    },
    {
      "playerOne": 21,
      "playerTwo": 27,
      "winPercentage": 9.684
    },
    {
      "playerOne": 21,
      "playerTwo": 28,
      "winPercentage": 89.158
    },
    {
      "playerOne": 21,
      "playerTwo": 29,
      "winPercentage": 83.752
    },
    {
      "playerOne": 21,
      "playerTwo": 30,
      "winPercentage": 24.121
    },
    {
      "playerOne": 21,
      "playerTwo": 31,
      "winPercentage": 92.735
    },
    {
      "playerOne": 21,
      "playerTwo": 32,
      "winPercentage": 70.722
    },
    {
      "playerOne": 21,
      "playerTwo": 33,
      "winPercentage": 85.214
    },
    {
      "playerOne": 21,
      "playerTwo": 34,
      "winPercentage": 76.872
    },
    {
      "playerOne": 21,
      "playerTwo": 35,
      "winPercentage": 34.072
    },
    {
      "playerOne": 21,
      "playerTwo": 36,
      "winPercentage": 88.714
    },
    {
      "playerOne": 21,
      "playerTwo": 37,
      "winPercentage": 83.612
    },
    {
      "playerOne": 21,
      "playerTwo": 38,
      "winPercentage": 81.537
    },
    {
      "playerOne": 21,
      "playerTwo": 39,
      "winPercentage": 33.415
    },
    {
      "playerOne": 22,
      "playerTwo": 23,
      "winPercentage": 37.348
    },
    {
      "playerOne": 22,
      "playerTwo": 24,
      "winPercentage": 67.213
    },
    {
      "playerOne": 22,
      "playerTwo": 25,
      "winPercentage": 8.535
    },
    {
      "playerOne": 22,
      "playerTwo": 26,
      "winPercentage": 12.313
    },
    {
      "playerOne": 22,
      "playerTwo": 27,
      "winPercentage": 52.48
    },
    {
      "playerOne": 22,
      "playerTwo": 28,
      "winPercentage": 96.06
    },
    {
      "playerOne": 22,
      "playerTwo": 29,
      "winPercentage": 94.766
    },
    {
      "playerOne": 22,
      "playerTwo": 30,
      "winPercentage": 35.264
    },
    {
      "playerOne": 22,
      "playerTwo": 31,
      "winPercentage": 89.592
    },
    {
      "playerOne": 22,
      "playerTwo": 32,
      "winPercentage": 86.387
    },
    {
      "playerOne": 22,
      "playerTwo": 33,
      "winPercentage": 49.426
    },
    {
      "playerOne": 22,
      "playerTwo": 34,
      "winPercentage": 94.454
    },
    {
      "playerOne": 22,
      "playerTwo": 35,
      "winPercentage": 93.493
    },
    {
      "playerOne": 22,
      "playerTwo": 36,
      "winPercentage": 53.75
    },
    {
      "playerOne": 22,
      "playerTwo": 37,
      "winPercentage": 65.708
    },
    {
      "playerOne": 22,
      "playerTwo": 38,
      "winPercentage": 58.321
    },
    {
      "playerOne": 22,
      "playerTwo": 39,
      "winPercentage": 68.299
    },
    {
      "playerOne": 23,
      "playerTwo": 24,
      "winPercentage": 8.934
    },
    {
      "playerOne": 23,
      "playerTwo": 25,
      "winPercentage": 4.184
    },
    {
      "playerOne": 23,
      "playerTwo": 26,
      "winPercentage": 40.776
    },
    {
      "playerOne": 23,
      "playerTwo": 27,
      "winPercentage": 47.897
    },
    {
      "playerOne": 23,
      "playerTwo": 28,
      "winPercentage": 98.625
    },
    {
      "playerOne": 23,
      "playerTwo": 29,
      "winPercentage": 66.215
    },
    {
      "playerOne": 23,
      "playerTwo": 30,
      "winPercentage": 40.714
    },
    {
      "playerOne": 23,
      "playerTwo": 31,
      "winPercentage": 50.315
    },
    {
      "playerOne": 23,
      "playerTwo": 32,
      "winPercentage": 74.581
    },
    {
      "playerOne": 23,
      "playerTwo": 33,
      "winPercentage": 53.667
    },
    {
      "playerOne": 23,
      "playerTwo": 34,
      "winPercentage": 37.577
    },
    {
      "playerOne": 23,
      "playerTwo": 35,
      "winPercentage": 52.475
    },
    {
      "playerOne": 23,
      "playerTwo": 36,
      "winPercentage": 64.672
    },
    {
      "playerOne": 23,
      "playerTwo": 37,
      "winPercentage": 37.498
    },
    {
      "playerOne": 23,
      "playerTwo": 38,
      "winPercentage": 12.003
    },
    {
      "playerOne": 23,
      "playerTwo": 39,
      "winPercentage": 28.016
    },
    {
      "playerOne": 24,
      "playerTwo": 25,
      "winPercentage": 7.208
    },
    {
      "playerOne": 24,
      "playerTwo": 26,
      "winPercentage": 27.23
    },
    {
      "playerOne": 24,
      "playerTwo": 27,
      "winPercentage": 25.825
    },
    {
      "playerOne": 24,
      "playerTwo": 28,
      "winPercentage": 40.277
    },
    {
      "playerOne": 24,
      "playerTwo": 29,
      "winPercentage": 14.556
    },
    {
      "playerOne": 24,
      "playerTwo": 30,
      "winPercentage": 16.518
    },
    {
      "playerOne": 24,
      "playerTwo": 31,
      "winPercentage": 16.375
    },
    {
      "playerOne": 24,
      "playerTwo": 32,
      "winPercentage": 7.781
    },
    {
      "playerOne": 24,
      "playerTwo": 33,
      "winPercentage": 12.13
    },
    {
      "playerOne": 24,
      "playerTwo": 34,
      "winPercentage": 58.341
    },
    {
      "playerOne": 24,
      "playerTwo": 35,
      "winPercentage": 62.336
    },
    {
      "playerOne": 24,
      "playerTwo": 36,
      "winPercentage": 17.223
    },
    {
      "playerOne": 24,
      "playerTwo": 37,
      "winPercentage": 55.114
    },
    {
      "playerOne": 24,
      "playerTwo": 38,
      "winPercentage": 20.57
    },
    {
      "playerOne": 24,
      "playerTwo": 39,
      "winPercentage": 69.619
    },
    {
      "playerOne": 25,
      "playerTwo": 26,
      "winPercentage": 29.599
    },
    {
      "playerOne": 25,
      "playerTwo": 27,
      "winPercentage": 59.363
    },
    {
      "playerOne": 25,
      "playerTwo": 28,
      "winPercentage": 52.815
    },
    {
      "playerOne": 25,
      "playerTwo": 29,
      "winPercentage": 11.086
    },
    {
      "playerOne": 25,
      "playerTwo": 30,
      "winPercentage": 69.562
    },
    {
      "playerOne": 25,
      "playerTwo": 31,
      "winPercentage": 17.921
    },
    {
      "playerOne": 25,
      "playerTwo": 32,
      "winPercentage": 5.603
    },
    {
      "playerOne": 25,
      "playerTwo": 33,
      "winPercentage": 0.932
    },
    {
      "playerOne": 25,
      "playerTwo": 34,
      "winPercentage": 40.772
    },
    {
      "playerOne": 25,
      "playerTwo": 35,
      "winPercentage": 71.103
    },
    {
      "playerOne": 25,
      "playerTwo": 36,
      "winPercentage": 87.391
    },
    {
      "playerOne": 25,
      "playerTwo": 37,
      "winPercentage": 73.131
    },
    {
      "playerOne": 25,
      "playerTwo": 38,
      "winPercentage": 53.805
    },
    {
      "playerOne": 25,
      "playerTwo": 39,
      "winPercentage": 97.863
    },
    {
      "playerOne": 26,
      "playerTwo": 27,
      "winPercentage": 13.196
    },
    {
      "playerOne": 26,
      "playerTwo": 28,
      "winPercentage": 89.812
    },
    {
      "playerOne": 26,
      "playerTwo": 29,
      "winPercentage": 3.744
    },
    {
      "playerOne": 26,
      "playerTwo": 30,
      "winPercentage": 65.063
    },
    {
      "playerOne": 26,
      "playerTwo": 31,
      "winPercentage": 17.539
    },
    {
      "playerOne": 26,
      "playerTwo": 32,
      "winPercentage": 36.575
    },
    {
      "playerOne": 26,
      "playerTwo": 33,
      "winPercentage": 66.463
    },
    {
      "playerOne": 26,
      "playerTwo": 34,
      "winPercentage": 82.151
    },
    {
      "playerOne": 26,
      "playerTwo": 35,
      "winPercentage": 58.462
    },
    {
      "playerOne": 26,
      "playerTwo": 36,
      "winPercentage": 11.703
    },
    {
      "playerOne": 26,
      "playerTwo": 37,
      "winPercentage": 74.921
    },
    {
      "playerOne": 26,
      "playerTwo": 38,
      "winPercentage": 4.676
    },
    {
      "playerOne": 26,
      "playerTwo": 39,
      "winPercentage": 88.209
    },
    {
      "playerOne": 27,
      "playerTwo": 28,
      "winPercentage": 84.264
    },
    {
      "playerOne": 27,
      "playerTwo": 29,
      "winPercentage": 76.235
    },
    {
      "playerOne": 27,
      "playerTwo": 30,
      "winPercentage": 22.8
    },
    {
      "playerOne": 27,
      "playerTwo": 31,
      "winPercentage": 37.041
    },
    {
      "playerOne": 27,
      "playerTwo": 32,
      "winPercentage": 99.388
    },
    {
      "playerOne": 27,
      "playerTwo": 33,
      "winPercentage": 72.809
    },
    {
      "playerOne": 27,
      "playerTwo": 34,
      "winPercentage": 87.27
    },
    {
      "playerOne": 27,
      "playerTwo": 35,
      "winPercentage": 39.534
    },
    {
      "playerOne": 27,
      "playerTwo": 36,
      "winPercentage": 86.368
    },
    {
      "playerOne": 27,
      "playerTwo": 37,
      "winPercentage": 37.153
    },
    {
      "playerOne": 27,
      "playerTwo": 38,
      "winPercentage": 39.84
    },
    {
      "playerOne": 27,
      "playerTwo": 39,
      "winPercentage": 2.245
    },
    {
      "playerOne": 28,
      "playerTwo": 29,
      "winPercentage": 44.183
    },
    {
      "playerOne": 28,
      "playerTwo": 30,
      "winPercentage": 70.404
    },
    {
      "playerOne": 28,
      "playerTwo": 31,
      "winPercentage": 80.799
    },
    {
      "playerOne": 28,
      "playerTwo": 32,
      "winPercentage": 26.192
    },
    {
      "playerOne": 28,
      "playerTwo": 33,
      "winPercentage": 49.602
    },
    {
      "playerOne": 28,
      "playerTwo": 34,
      "winPercentage": 32.844
    },
    {
      "playerOne": 28,
      "playerTwo": 35,
      "winPercentage": 32.6
    },
    {
      "playerOne": 28,
      "playerTwo": 36,
      "winPercentage": 45.322
    },
    {
      "playerOne": 28,
      "playerTwo": 37,
      "winPercentage": 94.34
    },
    {
      "playerOne": 28,
      "playerTwo": 38,
      "winPercentage": 49.406
    },
    {
      "playerOne": 28,
      "playerTwo": 39,
      "winPercentage": 29.53
    },
    {
      "playerOne": 29,
      "playerTwo": 30,
      "winPercentage": 80.833
    },
    {
      "playerOne": 29,
      "playerTwo": 31,
      "winPercentage": 91.071
    },
    {
      "playerOne": 29,
      "playerTwo": 32,
      "winPercentage": 25.198
    },
    {
      "playerOne": 29,
      "playerTwo": 33,
      "winPercentage": 37.986
    },
    {
      "playerOne": 29,
      "playerTwo": 34,
      "winPercentage": 17.85
    },
    {
      "playerOne": 29,
      "playerTwo": 35,
      "winPercentage": 85.196
    },
    {
      "playerOne": 29,
      "playerTwo": 36,
      "winPercentage": 94.995
    },
    {
      "playerOne": 29,
      "playerTwo": 37,
      "winPercentage": 71.42
    },
    {
      "playerOne": 29,
      "playerTwo": 38,
      "winPercentage": 50.01
    },
    {
      "playerOne": 29,
      "playerTwo": 39,
      "winPercentage": 52.642
    },
    {
      "playerOne": 30,
      "playerTwo": 31,
      "winPercentage": 90.52
    },
    {
      "playerOne": 30,
      "playerTwo": 32,
      "winPercentage": 55.411
    },
    {
      "playerOne": 30,
      "playerTwo": 33,
      "winPercentage": 32.488
    },
    {
      "playerOne": 30,
      "playerTwo": 34,
      "winPercentage": 69.248
    },
    {
      "playerOne": 30,
      "playerTwo": 35,
      "winPercentage": 23.453
    },
    {
      "playerOne": 30,
      "playerTwo": 36,
      "winPercentage": 27.348
    },
    {
      "playerOne": 30,
      "playerTwo": 37,
      "winPercentage": 47.809
    },
    {
      "playerOne": 30,
      "playerTwo": 38,
      "winPercentage": 99.495
    },
    {
      "playerOne": 30,
      "playerTwo": 39,
      "winPercentage": 18.798
    },
    {
      "playerOne": 31,
      "playerTwo": 32,
      "winPercentage": 83.839
    },
    {
      "playerOne": 31,
      "playerTwo": 33,
      "winPercentage": 20.499
    },
    {
      "playerOne": 31,
      "playerTwo": 34,
      "winPercentage": 15.884
    },
    {
      "playerOne": 31,
      "playerTwo": 35,
      "winPercentage": 70.31
    },
    {
      "playerOne": 31,
      "playerTwo": 36,
      "winPercentage": 44.934
    },
    {
      "playerOne": 31,
      "playerTwo": 37,
      "winPercentage": 93.492
    },
    {
      "playerOne": 31,
      "playerTwo": 38,
      "winPercentage": 3.269
    },
    {
      "playerOne": 31,
      "playerTwo": 39,
      "winPercentage": 90.8
    },
    {
      "playerOne": 32,
      "playerTwo": 33,
      "winPercentage": 40.323
    },
    {
      "playerOne": 32,
      "playerTwo": 34,
      "winPercentage": 76.748
    },
    {
      "playerOne": 32,
      "playerTwo": 35,
      "winPercentage": 67.081
    },
    {
      "playerOne": 32,
      "playerTwo": 36,
      "winPercentage": 43.059
    },
    {
      "playerOne": 32,
      "playerTwo": 37,
      "winPercentage": 79.946
    },
    {
      "playerOne": 32,
      "playerTwo": 38,
      "winPercentage": 47.699
    },
    {
      "playerOne": 32,
      "playerTwo": 39,
      "winPercentage": 40.349
    },
    {
      "playerOne": 33,
      "playerTwo": 34,
      "winPercentage": 86.779
    },
    {
      "playerOne": 33,
      "playerTwo": 35,
      "winPercentage": 7.6
    },
    {
      "playerOne": 33,
      "playerTwo": 36,
      "winPercentage": 93.719
    },
    {
      "playerOne": 33,
      "playerTwo": 37,
      "winPercentage": 15.343
    },
    {
      "playerOne": 33,
      "playerTwo": 38,
      "winPercentage": 55.932
    },
    {
      "playerOne": 33,
      "playerTwo": 39,
      "winPercentage": 67.679
    },
    {
      "playerOne": 34,
      "playerTwo": 35,
      "winPercentage": 56.389
    },
    {
      "playerOne": 34,
      "playerTwo": 36,
      "winPercentage": 2.801
    },
    {
      "playerOne": 34,
      "playerTwo": 37,
      "winPercentage": 38.741
    },
    {
      "playerOne": 34,
      "playerTwo": 38,
      "winPercentage": 61.655
    },
    {
      "playerOne": 34,
      "playerTwo": 39,
      "winPercentage": 0.572
    },
    {
      "playerOne": 35,
      "playerTwo": 36,
      "winPercentage": 99.307
    },
    {
      "playerOne": 35,
      "playerTwo": 37,
      "winPercentage": 85.123
    },
    {
      "playerOne": 35,
      "playerTwo": 38,
      "winPercentage": 20.248
    },
    {
      "playerOne": 35,
      "playerTwo": 39,
      "winPercentage": 80.878
    },
    {
      "playerOne": 36,
      "playerTwo": 37,
      "winPercentage": 25.466
    },
    {
      "playerOne": 36,
      "playerTwo": 38,
      "winPercentage": 42.559
    },
    {
      "playerOne": 36,
      "playerTwo": 39,
      "winPercentage": 47.021
    },
    {
      "playerOne": 37,
      "playerTwo": 38,
      "winPercentage": 13.202
    },
    {
      "playerOne": 37,
      "playerTwo": 39,
      "winPercentage": 6.789
    },
    {
      "playerOne": 38,
      "playerTwo": 39,
      "winPercentage": 53.601
    }
  ]
}