{
  "metadata": {
    "numPlayers": 40
  },
  "teamStats": [
    {
      "playerOne": 0,
      "playerTwo": 1,
      "winPercentage": 52.014
    },
    {
      "playerOne": 0,
      "playerTwo": 2,
      "winPercentage": 74.453
    },
    {
      "playerOne": 0,
      "playerTwo": 3,
      "winPercentage": 33.305
    },
    {
      "playerOne": 0,
      "playerTwo": 4,
      "winPercentage": 62.225
    },
    {
      "playerOne": 0,
      "playerTwo": 5,
      "winPercentage": 48.204
    },
    {
      "playerOne": 0,
      "playerTwo": 6,
      "winPercentage": 91.342
    },
    {
      "playerOne": 0,
      "playerTwo": 7,
      "winPercentage": 39.359
    },
    {
      "playerOne": 0,
      "playerTwo": 8,
      "winPercentage": 14.444
    },
    {
      "playerOne": 0,
      "playerTwo": 9,
      "winPercentage": 44.202
    },
    {
      "playerOne": 0,
      "playerTwo": 10,
      "winPercentage": 37.997
    },
    {
      "playerOne": 0,
      "playerTwo": 11,
      "winPercentage": 43.005
    },
    {
      "playerOne": 0,
      "playerTwo": 12,
      "winPercentage": 36.958
    },
    {
      "playerOne": 0,
      "playerTwo": 13,
      "winPercentage": 68.369
    },
    {
      "playerOne": 0,
      "playerTwo": 14,
      "winPercentage": 5.33
    },
    {
      "playerOne": 0,
      "playerTwo": 15,
      "winPercentage": 81.36
    },
    {
      "playerOne": 0,
      "playerTwo": 16,
      "winPercentage": 95.732
    },
    {
      "playerOne": 0,
      "playerTwo": 17,
      "winPercentage": 34.705
    },
    {
      "playerOne": 0,
      "playerTwo": 18,
      "winPercentage": 83.621
    },
    {
      "playerOne": 0,
      "playerTwo": 19,
      "winPercentage": 62.393
    },
    {
      "playerOne": 0,
      "playerTwo": 20,
      "winPercentage": 19.84
    },
    {
      "playerOne": 0,
      "playerTwo": 21,
      "winPercentage": 94.062
    },
    {
      "playerOne": 0,
      "playerTwo": 22,
      "winPercentage": 99.703
    },
    {
      "playerOne": 0,
      "playerTwo": 23,
      "winPercentage": 29.305
    },
    {
      "playerOne": 0,
      "playerTwo": 24,
      "winPercentage": 21.135
    },
    {
      "playerOne": 0,
      "playerTwo": 25,
      "winPercentage": 55.161
    },
    {
      "playerOne": 0,
      "playerTwo": 26,
      "winPercentage": 58.886
    },
    {
      "playerOne": 0,
      "playerTwo": 27,
      "winPercentage": 95.04
    },
    {
      "playerOne": 0,
      "playerTwo": 28,
      "winPercentage": 6.424
    },
    {
      "playerOne": 0,
      "playerTwo": 29,
      "winPercentage": 77.213
    },
    {
      "playerOne": 0,
      "playerTwo": 30,
      "winPercentage": 46.922
    },
    {
      "playerOne": 0,
      "playerTwo": 31,
      "winPercentage": 3.107
    },
    {
      "playerOne": 0,
      "playerTwo": 32,
      "winPercentage": 83.984
    },
    {
      "playerOne": 0,
      "playerTwo": 33,
      "winPercentage": 98.454
    },
    {
      "playerOne": 0,
      "playerTwo": 34,
      "winPercentage": 76.922
    },
    {
      "playerOne": 0,
      "playerTwo": 35,
      "winPercentage": 12.667
    },
    {
      "playerOne": 0,
      "playerTwo": 36,
      "winPercentage": 50.009
    },
    {
      "playerOne": 0,
      "playerTwo": 37,
      "winPercentage": 71.438
    },
    {
      "playerOne": 0,
      "playerTwo": 38,
      "winPercentage": 54.583
    },
    {
      "playerOne": 0,
      "playerTwo": 39,
      "winPercentage": 82.688
    },
    {
      "playerOne": 1,
      "playerTwo": 2,
      "winPercentage": 41.254
    },
    {
      "playerOne": 1,
      "playerTwo": 3,
      "winPercentage": 10.569
    },
    {
      "playerOne": 1,
      "playerTwo": 4,
      "winPercentage": 43.173
    },
    {
      "playerOne": 1,
      "playerTwo": 5,
      "winPercentage": 89.364
    },
    {
      "playerOne": 1,
      "playerTwo": 6,
      "winPercentage": 27.041
    },
    {
      "playerOne": 1,
      "playerTwo": 7,
      "winPercentage": 57.183
    },
    {
      "playerOne": 1,
      "playerTwo": 8,
      "winPercentage": 46.626
    },
    {
      "playerOne": 1,
      "playerTwo": 9,
      "winPercentage": 0.213
    },
    {
      "playerOne": 1,
      "playerTwo": 10,
      "winPercentage": 2.974
    },
    {
      "playerOne": 1,
      "playerTwo": 11,
      "winPercentage": 56.279
    },
    {
      "playerOne": 1,
      "playerTwo": 12,
      "winPercentage": 86.939
    },
    {
      "playerOne": 1,
      "playerTwo": 13,
      "winPercentage": 8.818
    },
    {
      "playerOne": 1,
      "playerTwo": 14,
      "winPercentage": 47.877
    },
    {
      "playerOne": 1,
      "playerTwo": 15,
      "winPercentage": 98.499
    },
    {
      "playerOne": 1,
      "playerTwo": 16,
      "winPercentage": 32.343
    },
    {
      "playerOne": 1,
      "playerTwo": 17,
      "winPercentage": 36.536
    },
    {
      "playerOne": 1,
      "playerTwo": 18,
      "winPercentage": 33.154
    },
    {
      "playerOne": 1,
      "playerTwo": 19,
      "winPercentage": 25.261
    },
    {
      "playerOne": 1,
      "playerTwo": 20,
      "winPercentage": 6.713
    },
    {
      "playerOne": 1,
      "playerTwo": 21,
      "winPercentage": 11.969
    },
    {
      "playerOne": 1,
      "playerTwo": 22,
      "winPercentage": 29.073
    },
    {
      "playerOne": 1,
      "playerTwo": 23,
      "winPercentage": 45.342
    },
    {
      "playerOne": 1,
      "playerTwo": 24,
      "winPercentage": 83.765
    },
    {
      "playerOne": 1,
      "playerTwo": 25,
      "winPercentage": 88.65
    },
    {
      "playerOne": 1,
      "playerTwo": 26,
      "winPercentage": 66.918
    },
    {
      "playerOne": 1,
      "playerTwo": 27,
      "winPercentage": 22.044
    },
    {
      "playerOne": 1,
      "playerTwo": 28,
      "winPercentage": 35.78
    },
    {
      "playerOne": 1,
      "playerTwo": 29,
      "winPercentage": 88.863
    },
    {
      "playerOne": 1,
      "playerTwo": 30,
      "winPercentage": 92.444
    },
    {
      "playerOne": 1,
      "playerTwo": 31,
      "winPercentage": 93.427
    },
    {
      "playerOne": 1,
      "playerTwo": 32,
      "winPercentage": 30.362
    },
    {
      "playerOne": 1,
      "playerTwo": 33,
      "winPercentage": 52.381
    },
    {
      "playerOne": 1,
      "playerTwo": 34,
      "winPercentage": 94.457
    },
    {
      "playerOne": 1,
      "playerTwo": 35,
      "winPercentage": 56.569
    },
    {
      "playerOne": 1,
      "playerTwo": 36,
      "winPercentage": 40.922
    },
    {
      "playerOne": 1,
      "playerTwo": 37,
      "winPercentage": 1.338
    },
    {
      "playerOne": 1,
      "playerTwo": 38,
      "winPercentage": 62.054
    },
    {
      "playerOne": 1,
      "playerTwo": 39,
      "winPercentage": 32.061
    },
    {
      "playerOne": 2,
      "playerTwo": 3,
      "winPercentage": 70.063
    },
    {
      "playerOne": 2,
      "playerTwo": 4,
      "winPercentage": 21.019
    },
    {
      "playerOne": 2,
      "playerTwo": 5,
      "winPercentage": 88.016
    },
    {
      "playerOne": 2,
      "playerTwo": 6,
      "winPercentage": 56.269
    },
    {
      "playerOne": 2,
      "playerTwo": 7,
      "winPercentage": 10.93
    },
    {
      "playerOne": 2,
      "playerTwo": 8,
      "winPercentage": 52.765
    },
    {
      "playerOne": 2,
      "playerTwo": 9,
      "winPercentage": 21.987
    },
    {
      "playerOne": 2,
      "playerTwo": 10,
      "winPercentage": 3.171
    },
    {
      "playerOne": 2,
      "playerTwo": 11,
      "winPercentage": 56.094
    },
    {
      "playerOne": 2,
      "playerTwo": 12,
      "winPercentage": 14.794
    },
    {
      "playerOne": 2,
      "playerTwo": 13,
      "winPercentage": 83.293
    },
    {
      "playerOne": 2,
      "playerTwo": 14,
      "winPercentage": 6.74
    },
    {
      "playerOne": 2,
      "playerTwo": 15,
      "winPercentage": 58.395
    },
    {
      "playerOne": 2,
      "playerTwo": 16,
      "winPercentage": 52.898
    },
    {
      "playerOne": 2,
      "playerTwo": 17,
      "winPercentage": 85.56
    },
    {
      "playerOne": 2,
      "playerTwo": 18,
      "winPercentage": 99.832
    },
    {
      "playerOne": 2,
      "playerTwo": 19,
      "winPercentage": 19.06
    },
    {
      "playerOne": 2,
      "playerTwo": 20,
      "winPercentage": 11.607
    },
    {
      "playerOne": 2,
      "playerTwo": 21,
      "winPercentage": 32.905
    },
    {
      "playerOne": 2,
      "playerTwo": 22,
      "winPercentage": 87.225
    },
    {
      "playerOne": 2,
      "playerTwo": 23,
      "winPercentage": 37.868
    },
    {
      "playerOne": 2,
      "playerTwo": 24,
      "winPercentage": 38.659
    },
    {
      "playerOne": 2,
      "playerTwo": 25,
      "winPercentage": 75.924
    },
    {
      "playerOne": 2,
      "playerTwo": 26,
      "winPercentage": 54.593
    },
    {
      "playerOne": 2,
      "playerTwo": 27,
      "winPercentage": 59.739
    },
    {
      "playerOne": 2,
      "playerTwo": 28,
      "winPercentage": 80.082
    },
    {
      "playerOne": 2,
      "playerTwo": 29,
      "winPercentage": 59.334
    },
    {
      "playerOne": 2,
      "playerTwo": 30,
      "winPercentage": 66.719
    },
    {
      "playerOne": 2,
      "playerTwo": 31,
      "winPercentage": 50.799
    },
    {
      "playerOne": 2,
      "playerTwo": 32,
      "winPercentage": 2.208
    },
    {
      "playerOne": 2,
      "playerTwo": 33,
      "winPercentage": 8.638
    },
    {
      "playerOne": 2,
      "playerTwo": 34,
      "winPercentage": 30.594
    },
    {
      "playerOne": 2,
      "playerTwo": 35,
      "winPercentage": 34.496
    },
    {
      "playerOne": 2,
      "playerTwo": 36,
      "winPercentage": 44.554
    },
    {
      "playerOne": 2,
      "playerTwo": 37,
      "winPercentage": 14.941
    },
    {
      "playerOne": 2,
      "playerTwo": 38,
      "winPercentage": 72.719
    },
    {
      "playerOne": 2,
      "playerTwo": 39,
      "winPercentage": 66.18
    },
    {
      "playerOne": 3,
      "playerTwo": 4,
      "winPercentage": 4.562
    },
    {
      "playerOne": 3,
      "playerTwo": 5,
      "winPercentage": 9.804
    },
    {
      "playerOne": 3,
      "playerTwo": 6,
      "winPercentage": 88.233
    },
    {
      "playerOne": 3,
      "playerTwo": 7,
      "winPercentage": 10.207
    },
    {
      "playerOne": 3,
      "playerTwo": 8,
      "winPercentage": 64.761
    },
    {
      "playerOne": 3,
      "playerTwo": 9,
      "winPercentage": 79.24
    },
    {
      "playerOne": 3,
      "playerTwo": 10,
      "winPercentage": 9.463
    },
    {
      "playerOne": 3,
      "playerTwo": 11,
      "winPercentage": 35.731
    },
    {
      "playerOne": 3,
      "playerTwo": 12,
      "winPercentage": 27.009
    },
    {
      "playerOne": 3,
      "playerTwo": 13,
      "winPercentage": 95.214
    },
    {
      "playerOne": 3,
      "playerTwo": 14,
      "winPercentage": 38.616
    },
    {
      "playerOne": 3,
      "playerTwo": 15,
      "winPercentage": 41.647
    },
    {
      "playerOne": 3,
      "playerTwo": 16,
      "winPercentage": 9.96
    },
    {
      "playerOne": 3,
      "playerTwo": 17,
      "winPercentage": 11.368
    },
    {
      "playerOne": 3,
      "playerTwo": 18,
      "winPercentage": 4.881
    },
    {
      "playerOne": 3,
      "playerTwo": 19,
      "winPercentage": 95.262
    },
    {
      "playerOne": 3,
      "playerTwo": 20,
      "winPercentage": 41.083
    },
    {
      "playerOne": 3,
      "playerTwo": 21,
      "winPercentage": 45.281
    },
    {
      "playerOne": 3,
      "playerTwo": 22,
      "winPercentage": 2.685
    },
    {
      "playerOne": 3,
      "playerTwo": 23,
      "winPercentage": 76.649
    },
    {
      "playerOne": 3,
      "playerTwo": 24,
      "winPercentage": 57.891
    },
    {
      "playerOne": 3,
      "playerTwo": 25,
      "winPercentage": 41.832
    },
    {
      "playerOne": 3,
      "playerTwo": 26,
      "winPercentage": 5.143
    },
    {
      "playerOne": 3,
      "playerTwo": 27,
      "winPercentage": 25.494
    },
    {
      "playerOne": 3,
      "playerTwo": 28,
      "winPercentage": 9.809
    },
    {
      "playerOne": 3,
      "playerTwo": 29,
      "winPercentage": 38.866
    },
    {
      "playerOne": 3,
      "playerTwo": 30,
      "winPercentage": 78.564
    },
    {
      "playerOne": 3,
      "playerTwo": 31,
      "winPercentage": 73.454
    },
    {
      "playerOne": 3,
      "playerTwo": 32,
      "winPercentage": 2.561
    },
    {
      "playerOne": 3,
      "playerTwo": 33,
      "winPercentage": 54.896
    },
    {
      "playerOne": 3,
      "playerTwo": 34,
      "winPercentage": 49.661
    },
    {
      "playerOne": 3,
      "playerTwo": 35,
      "winPercentage": 53.534
    },
    {
      "playerOne": 3,
      "playerTwo": 36,
      "winPercentage": 83.112
    },
    {
      "playerOne": 3,
      "playerTwo": 37,
      "winPercentage": 9.973
    },
    {
      "playerOne": 3,
      "playerTwo": 38,
      "winPercentage": 80.432
    },
    {
      "playerOne": 3,
      "playerTwo": 39,
      "winPercentage": 1.582
    },
    {
      "playerOne": 4,
      "playerTwo": 5,
      "winPercentage": 73.258
    },
    {
      "playerOne": 4,
      "playerTwo": 6,
      "winPercentage": 33.118
    },
    {
      "playerOne": 4,
      "playerTwo": 7,
      "winPercentage": 3.061
    },
    {
      "playerOne": 4,
      "playerTwo": 8,
      "winPercentage": 3.036
    },
    {
      "playerOne": 4,
      "playerTwo": 9,
      "winPercentage": 16.453
    },
    {
      "playerOne": 4,
      "playerTwo": 10,
      "winPercentage": 47.093
    },
    {
      "playerOne": 4,
      "playerTwo": 11,
      "winPercentage": 68.601
    },
    {
      "playerOne": 4,
      "playerTwo": 12,
      "winPercentage": 89.682
    },
    {
      "playerOne": 4,
      "playerTwo": 13,
      "winPercentage": 57.543
    },
    {
      "playerOne": 4,
      "playerTwo": 14,
      "winPercentage": 8.68
    },
    {
      "playerOne": 4,
      "playerTwo": 15,
      "winPercentage": 88.038
    },
    {
      "playerOne": 4,
      "playerTwo": 16,
      "winPercentage": 24.546
    },
    {
      "playerOne": 4,
      "playerTwo": 17,
      "winPercentage": 4.679
    },
    {
      "playerOne": 4,
      "playerTwo": 18,
      "winPercentage": 94.291
    },
    {
      "playerOne": 4,
      "playerTwo": 19,
      "winPercentage": 63.667
    },
    {
      "playerOne": 4,
      "playerTwo": 20,
      "winPercentage": 59.556
    },
    {
      "playerOne": 4,
      "playerTwo": 21,
      "winPercentage": 79.019
    },
    {
      "playerOne": 4,
      "playerTwo": 22,
      "winPercentage": 55.994
    },
    {
      "playerOne": 4,
      "playerTwo": 23,
      "winPercentage": 30.589
    },
    {
      "playerOne": 4,
      "playerTwo": 24,
      "winPercentage": 96.904
    },
    {
      "playerOne": 4,
      "playerTwo": 25,
      "winPercentage": 90.061
    },
    {
      "playerOne": 4,
      "playerTwo": 26,
      "winPercentage": 62.398
    },
    {
      "playerOne": 4,
      "playerTwo": 27,
      "winPercentage": 79.451
    },
    {
      "playerOne": 4,
      "playerTwo": 28,
      "winPercentage": 94.95
    },
    {
      "playerOne": 4,
      "playerTwo": 29,
      "winPercentage": 1.747
    },
    {
      "playerOne": 4,
      "playerTwo": 30,
      "winPercentage": 50.184
    },
    {
      "playerOne": 4,
      "playerTwo": 31,
      "winPercentage": 6.466
    },
    {
      "playerOne": 4,
      "playerTwo": 32,
      "winPercentage": 78.317
    },
    {
      "playerOne": 4,
      "playerTwo": 33,
      "winPercentage": 85.977
    },
    {
      "playerOne": 4,
      "playerTwo": 34,
      "winPercentage": 52.544
    },
    {
      "playerOne": 4,
      "playerTwo": 35,
      "winPercentage": 60.607
    },
    {
      "playerOne": 4,
      "playerTwo": 36,
      "winPercentage": 75.842
    },
    {
      "playerOne": 4,
      "playerTwo": 37,
      "winPercentage": 88.428
    },
    {
      "playerOne": 4,
      "playerTwo": 38,
      "winPercentage": 18.095
    },
    {
      "playerOne": 4,
      "playerTwo": 39,
      "winPercentage": 46.496
    },
    {
      "playerOne": 5,
      "playerTwo": 6,
      "winPercentage": 6.631
    },
    {
      "playerOne": 5,
      "playerTwo": 7,
      "winPercentage": 58.685
    },
    {
      "playerOne": 5,
      "playerTwo": 8,
      "winPercentage": 78.808
    },
    {
      "playerOne": 5,
      "playerTwo": 9,
      "winPercentage": 80.398
    },
    {
      "playerOne": 5,
      "playerTwo": 10,
      "winPercentage": 43.622
    },
    {
      "playerOne": 5,
      "playerTwo": 11,
      "winPercentage": 50.854
    },
    {
      "playerOne": 5,
      "playerTwo": 12,
      "winPercentage": 62.557
    },
    {
      "playerOne": 5,
      "playerTwo": 13,
      "winPercentage": 31.99
    },
    {
      "playerOne": 5,
      "playerTwo": 14,
      "winPercentage": 34.761
    },
    {
      "playerOne": 5,
      "playerTwo": 15,
      "winPercentage": 17.879
    },
    {
      "playerOne": 5,
      "playerTwo": 16,
      "winPercentage": 15.917
    },
    {
      "playerOne": 5,
      "playerTwo": 17,
      "winPercentage": 82.331
    },
    {
      "playerOne": 5,
      "playerTwo": 18,
      "winPercentage": 75.686
    },
    {
      "playerOne": 5,
      "playerTwo": 19,
      "winPercentage": 41.666
    },
    {
      "playerOne": 5,
      "playerTwo": 20,
      "winPercentage": 8.937
    },
    {
      "playerOne": 5,
      "playerTwo": 21,
      "winPercentage": 31.825
    },
    {
      "playerOne": 5,
      "playerTwo": 22,
      "winPercentage": 27.503
    },
    {
      "playerOne": 5,
      "playerTwo": 23,
      "winPercentage": 90.155
    },
    {
      "playerOne": 5,
      "playerTwo": 24,
      "winPercentage": 74.319
    },
    {
      "playerOne": 5,
      "playerTwo": 25,
      "winPercentage": 45.835
    },
    {
      "playerOne": 5,
      "playerTwo": 26,
      "winPercentage": 30.73
    },
    {
      "playerOne": 5,
      "playerTwo": 27,
      "winPercentage": 1.317
    },
    {
      "playerOne": 5,
      "playerTwo": 28,
      "winPercentage": 35.673
    },
    {
      "playerOne": 5,
      "playerTwo": 29,
      "winPercentage": 81.498
    },
    {
      "playerOne": 5,
      "playerTwo": 30,
      "winPercentage": 38.952
    },
    {
      "playerOne": 5,
      "playerTwo": 31,
      "winPercentage": 38.18
    },
    {
      "playerOne": 5,
      "playerTwo": 32,
      "winPercentage": 49.971
    },
    {
      "playerOne": 5,
      "playerTwo": 33,
      "winPercentage": 86.599
    },
    {
      "playerOne": 5,
      "playerTwo": 34,
      "winPercentage": 76.74
    },
    {
      "playerOne": 5,
      "playerTwo": 35,
      "winPercentage": 13.558
    },
    {
      "playerOne": 5,
      "playerTwo": 36,
      "winPercentage": 75.237
    },
    {
      "playerOne": 5,
      "playerTwo": 37,
      "winPercentage": 72.279
    },
    {
      "playerOne": 5,
      "playerTwo": 38,
      "winPercentage": 33.473
    },
    {
      "playerOne": 5,
      "playerTwo": 39,
      "winPercentage": 54.111
    },
    {
      "playerOne": 6,
      "playerTwo": 7,
      "winPercentage": 21.167
    },
    {
      "playerOne": 6,
      "playerTwo": 8,
      "winPercentage": 80.045
    },
    {
      "playerOne": 6,
      "playerTwo": 9,
      "winPercentage": 58.458
    },
    {
      "playerOne": 6,
      "playerTwo": 10,
      "winPercentage": 70.679
    },
    {
      "playerOne": 6,
      "playerTwo": 11,
      "winPercentage": 18.653
    },
    {
      "playerOne": 6,
      "playerTwo": 12,
      "winPercentage": 3.94
    },
    {
      "playerOne": 6,
      "playerTwo": 13,
      "winPercentage": 30.302
    },
    {
      "playerOne": 6,
      "playerTwo": 14,
      "winPercentage": 57.131
    },
    {
      "playerOne": 6,
      "playerTwo": 15,
      "winPercentage": 28.022
    },
    {
      "playerOne": 6,
      "playerTwo": 16,
      "winPercentage": 2.742
    },
    {
      "playerOne": 6,
      "playerTwo": 17,
      "winPercentage": 43.564
    },
    {
      "playerOne": 6,
      "playerTwo": 18,
      "winPercentage": 66.431
    },
    {
      "playerOne": 6,
      "playerTwo": 19,
      "winPercentage": 31.692
    },
    {
      "playerOne": 6,
      "playerTwo": 20,
      "winPercentage": 17.791
    },
    {
      "playerOne": 6,
      "playerTwo": 21,
      "winPercentage": 64.832
    },
    {
      "playerOne": 6,
      "playerTwo": 22,
      "winPercentage": 89.062
    },
    {
      "playerOne": 6,
      "playerTwo": 23,
      "winPercentage": 14.861
    },
    {
      "playerOne": 6,
      "playerTwo": 24,
      "winPercentage": 72.383
    },
    {
      "playerOne": 6,
      "playerTwo": 25,
      "winPercentage": 47.859
    },
    {
      "playerOne": 6,
      "playerTwo": 26,
      "winPercentage": 6.108
    },
    {
      "playerOne": 6,
      "playerTwo": 27,
      "winPercentage": 21.519
    },
    {
      "playerOne": 6,
      "playerTwo": 28,
      "winPercentage": 76.953
    },
    {
      "playerOne": 6,
      "playerTwo": 29,
      "winPercentage": 97.142
    },
    {
      "playerOne": 6,
      "playerTwo": 30,
      "winPercentage": 83.84
    },
    {
      "playerOne": 6,
      "playerTwo": 31,
      "winPercentage": 92.791
    },
    {
      "playerOne": 6,
      "playerTwo": 32,
      "winPercentage": 96.653
    },
    {
      "playerOne": 6,
      "playerTwo": 33,
      "winPercentage": 87.897
    },
    {
      "playerOne": 6,
      "playerTwo": 34,
      "winPercentage": 57.704
    },
    {
      "playerOne": 6,
      "playerTwo": 35,
      "winPercentage": 96.832
    },
    {
      "playerOne": 6,
      "playerTwo": 36,
      "winPercentage": 62.782
    },
    {
      "playerOne": 6,
      "playerTwo": 37,
      "winPercentage": 87.258
    },
    {
      "playerOne": 6,
      "playerTwo": 38,
      "winPercentage": 38.894
    },
    {
      "playerOne": 6,
      "playerTwo": 39,
      "winPercentage": 1.915
    },
    {
      "playerOne": 7,
      "playerTwo": 8,
      "winPercentage": 99.871
    },
    {
      "playerOne": 7,
      "playerTwo": 9,
      "winPercentage": 6.63
    },
    {
      "playerOne": 7,
      "playerTwo": 10,
      "winPercentage": 17.374
    },
    {
      "playerOne": 7,
      "playerTwo": 11,
      "winPercentage": 58.196
    },
    {
      "playerOne": 7,
      "playerTwo": 12,
      "winPercentage": 14.423
    },
    {
      "playerOne": 7,
      "playerTwo": 13,
      "winPercentage": 0.555
    },
    {
      "playerOne": 7,
      "playerTwo": 14,
      "winPercentage": 56.727
    },
    {
      "playerOne": 7,
      "playerTwo": 15,
      "winPercentage": 21.664
    },
    {
      "playerOne": 7,
      "playerTwo": 16,
      "winPercentage": 10.157
    },
    {
      "playerOne": 7,
      "playerTwo": 17,
      "winPercentage": 38.827
    },
    {
      "playerOne": 7,
      "playerTwo": 18,
      "winPercentage": 14.074
    },
    {
      "playerOne": 7,
      "playerTwo": 19,
      "winPercentage": 87.78
    },
    {
      "playerOne": 7,
      "playerTwo": 20,
      "winPercentage": 95.394
    },
    {
      "playerOne": 7,
      "playerTwo": 21,
      "winPercentage": 8.191
    },
    {
      "playerOne": 7,
      "playerTwo": 22,
      "winPercentage": 60.805
    },
    {
      "playerOne": 7,
      "playerTwo": 23,
      "winPercentage": 34.843
    },
    {
      "playerOne": 7,
      "playerTwo": 24,
      "winPercentage": 84.599
    },
    {
      "playerOne": 7,
      "playerTwo": 25,
      "winPercentage": 28.155
    },
    {
      "playerOne": 7,
      "playerTwo": 26,
      "winPercentage": 52.077
    },
    {
      "playerOne": 7,
      "playerTwo": 27,
      "winPercentage": 41.317
    },
    {
      "playerOne": 7,
      "playerTwo": 28,
      "winPercentage": 35.598
    },
    {
      "playerOne": 7,
      "playerTwo": 29,
      "winPercentage": 46.394
    },
    {
      "playerOne": 7,
      "playerTwo": 30,
      "winPercentage": 38.784
    },
    {
      "playerOne": 7,
      "playerTwo": 31,
      "winPercentage": 96.0
    },
    {
      "playerOne": 7,
      "playerTwo": 32,
      "winPercentage": 94.306
    },
    {
      "playerOne": 7,
      "playerTwo": 33,
      "winPercentage": 82.346
    },
    {
      "playerOne": 7,
      "playerTwo": 34,
      "winPercentage": 2.324
    },
    {
      "playerOne": 7,
      "playerTwo": 35,
      "winPercentage": 11.312
    },
    {
      "playerOne": 7,
      "playerTwo": 36,
      "winPercentage": 55.271
    },
    {
      "playerOne": 7,
      "playerTwo": 37,
      "winPercentage": 43.605
    },
    {
      "playerOne": 7,
      "playerTwo": 38,
      "winPercentage": 51.045
    },
    {
      "playerOne": 7,
      "playerTwo": 39,
      "winPercentage": 20.75
    },
    {
      "playerOne": 8,
      "playerTwo": 9,
      "winPercentage": 48.807
    },
    {
      "playerOne": 8,
      "playerTwo": 10,
      "winPercentage": 55.242
    },
    {
      "playerOne": 8,
      "playerTwo": 11,
      "winPercentage": 45.245
    },
    {
      "playerOne": 8,
      "playerTwo": 12,
      "winPercentage": 13.162
    },
    {
      "playerOne": 8,
      "playerTwo": 13,
      "winPercentage": 35.139
    },
    {
      "playerOne": 8,
      "playerTwo": 14,
      "winPercentage": 65.982
    },
    {
      "playerOne": 8,
      "playerTwo": 15,
      "winPercentage": 3.174
    },
    {
      "playerOne": 8,
      "playerTwo": 16,
      "winPercentage": 82.051
    },
    {
      "playerOne": 8,
      "playerTwo": 17,
      "winPercentage": 22.372
    },
    {
      "playerOne": 8,
      "playerTwo": 18,
      "winPercentage": 10.074
    },
    {
      "playerOne": 8,
      "playerTwo": 19,
      "winPercentage": 68.79
    },
    {
      "playerOne": 8,
      "playerTwo": 20,
      "winPercentage": 68.71
    },
    {
      "playerOne": 8,
      "playerTwo": 21,
      "winPercentage": 50.432
    },
    {
      "playerOne": 8,
      "playerTwo": 22,
      "winPercentage": 14.796
    },
    {
      "playerOne": 8,
      "playerTwo": 23,
      "winPercentage": 50.883
    },
    {
      "playerOne": 8,
      "playerTwo": 24,
      "winPercentage": 9.578
    },
    {
      "playerOne": 8,
      "playerTwo": 25,
      "winPercentage": 32.528
    },
    {
      "playerOne": 8,
      "playerTwo": 26,
      "winPercentage": 52.335
    },
    {
      "playerOne": 8,
      "playerTwo": 27,
      "winPercentage": 97.278
    },
    {
      "playerOne": 8,
      "playerTwo": 28,
      "winPercentage": 74.768
    },
    {
      "playerOne": 8,
      "playerTwo": 29,
      "winPercentage": 89.338
    },
    {
      "playerOne": 8,
      "playerTwo": 30,
      "winPercentage": 35.153
    },
    {
      "playerOne": 8,
      "playerTwo": 31,
      "winPercentage": 21.006
    },
    {
      "playerOne": 8,
      "playerTwo": 32,
      "winPercentage": 39.467
    },
    {
      "playerOne": 8,
      "playerTwo": 33,
      "winPercentage": 62.559
    },
    {
      "playerOne": 8,
      "playerTwo": 34,
      "winPercentage": 70.889
    },
    {
      "playerOne": 8,
      "playerTwo": 35,
      "winPercentage": 81.044
    },
    {
      "playerOne": 8,
      "playerTwo": 36,
      "winPercentage": 75.165
    },
    {
      "playerOne": 8,
      "playerTwo": 37,
      "winPercentage": 97.454
    },
    {
      "playerOne": 8,
      "playerTwo": 38,
      "winPercentage": 48.79
    },
    {
      "playerOne": 8,
      "playerTwo": 39,
      "winPercentage": 6.499
    },
    {
      "playerOne": 9,
      "playerTwo": 10,
      "winPercentage": 36.765
    },
    {
      "playerOne": 9,
      "playerTwo": 11,
      "winPercentage": 74.888
    },
    {
      "playerOne": 9,
      "playerTwo": 12,
      "winPercentage": 73.18
    },
    {
      "playerOne": 9,
      "playerTwo": 13,
      "winPercentage": 16.905
    },
    {
      "playerOne": 9,
      "playerTwo": 14,
      "winPercentage": 54.904
    },
    {
      "playerOne": 9,
      "playerTwo": 15,
      "winPercentage": 89.719
    },
    {
      "playerOne": 9,
      "playerTwo": 16,
      "winPercentage": 33.955
    },
    {
      "playerOne": 9,
      "playerTwo": 17,
      "winPercentage": 39.89
    },
    {
      "playerOne": 9,
      "playerTwo": 18,
      "winPercentage": 76.8
    },
    {
      "playerOne": 9,
      "playerTwo": 19,
      "winPercentage": 48.491
    },
    {
      "playerOne": 9,
      "playerTwo": 20,
      "winPercentage": 4.32
    },
    {
      "playerOne": 9,
      "playerTwo": 21,
      "winPercentage": 96.108
    },
    {
      "playerOne": 9,
      "playerTwo": 22,
      "winPercentage": 45.721
    },
    {
      "playerOne": 9,
      "playerTwo": 23,
      "winPercentage": 49.997
    },
    {
      "playerOne": 9,
      "playerTwo": 24,
      "winPercentage": 16.932
    },
    {
      "playerOne": 9,
      "playerTwo": 25,
      "winPercentage": 90.889
    },
    {
      "playerOne": 9,
      "playerTwo": 26,
      "winPercentage": 30.491
    },
    {
      "playerOne": 9,
      "playerTwo": 27,
      "winPercentage": 99.262
    },
    {
      "playerOne": 9,
      "playerTwo": 28,
      "winPercentage": 55.49
    },
    {
      "playerOne": 9,
      "playerTwo": 29,
      "winPercentage": 10.931
    },
    {
      "playerOne": 9,
      "playerTwo": 30,
      "winPercentage": 46.112
    },
    {
      "playerOne": 9,
      "playerTwo": 31,
      "winPercentage": 77.205
    },
    {
      "playerOne": 9,
      "playerTwo": 32,
      "winPercentage": 27.528
    },
    {
      "playerOne": 9,
      "playerTwo": 33,
      "winPercentage": 68.905
    },
    {
      "playerOne": 9,
      "playerTwo": 34,
      "winPercentage": 41.055
    },
    {
      "playerOne": 9,
      "playerTwo": 35,
      "winPercentage": 58.455
    },
    {
      "playerOne": 9,
      "playerTwo": 36,
      "winPercentage": 41.187
    },
    {
      "playerOne": 9,
      "playerTwo": 37,
      "winPercentage": 14.374
    },
    {
      "playerOne": 9,
      "playerTwo": 38,
      "winPercentage": 35.347
    },
    {
      "playerOne": 9,
      "playerTwo": 39,
      "winPercentage": 30.989
    },
    {
      "playerOne": 10,
      "playerTwo": 11,
      "winPercentage": 43.342
    },
    {
      "playerOne": 10,
      "playerTwo": 12,
      "winPercentage": 74.662
    },
    {
      "playerOne": 10,
      "playerTwo": 13,
      "winPercentage": 62.025
    },
    {
      "playerOne": 10,
      "playerTwo": 14,
      "winPercentage": 55.693
    },
    {
      "playerOne": 10,
      "playerTwo": 15,
      "winPercentage": 18.754
    },
    {
      "playerOne": 10,
      "playerTwo": 16,
      "winPercentage": 41.331
    },
    {
      "playerOne": 10,
      "playerTwo": 17,
      "winPercentage": 40.767
    },
    {
      "playerOne": 10,
      "playerTwo": 18,
      "winPercentage": 60.807
    },
    {
      "playerOne": 10,
      "playerTwo": 19,
      "winPercentage": 1.717
    },
    {
      "playerOne": 10,
      "playerTwo": 20,
      "winPercentage": 88.765
    },
    {
      "playerOne": 10,
      "playerTwo": 21,
      "winPercentage": 32.201
    },
    {
      "playerOne": 10,
      "playerTwo": 22,
      "winPercentage": 79.579
    },
    {
      "playerOne": 10,
      "playerTwo": 23,
      "winPercentage": 9.875
    },
    {
      "playerOne": 10,
      "playerTwo": 24,
      "winPercentage": 32.492
    },
    {
      "playerOne": 10,
      "playerTwo": 25,
      "winPercentage": 3.29
    },
    {
      "playerOne": 10,
      "playerTwo": 26,
      "winPercentage": 18.413
    },
    {
      "playerOne": 10,
      "playerTwo": 27,
      "winPercentage": 18.279
    },
    {
      "playerOne": 10,
      "playerTwo": 28,
      "winPercentage": 57.72
    },
    {
      "playerOne": 10,
      "playerTwo": 29,
      "winPercentage": 2.698
    },
    {
      "playerOne": 10,
      "playerTwo": 30,
      "winPercentage": 20.658
    },
    {
      "playerOne": 10,
      "playerTwo": 31,
      "winPercentage": 88.322
    },
    {
      "playerOne": 10,
      "playerTwo": 32,
      "winPercentage": 83.425
    },
    {
      "playerOne": 10,
      "playerTwo": 33,
      "winPercentage": 17.777
    },
    {
      "playerOne": 10,
      "playerTwo": 34,
      "winPercentage": 51.203
    },
    {
      "playerOne": 10,
      "playerTwo": 35,
      "winPercentage": 33.512
    },
    {
      "playerOne": 10,
      "playerTwo": 36,
      "winPercentage": 79.442
    },
    {
      "playerOne": 10,
      "playerTwo": 37,
      "winPercentage": 44.596
    },
    {
      "playerOne": 10,
      "playerTwo": 38,
      "winPercentage": 18.198
    },
    {
      "playerOne": 10,
      "playerTwo": 39,
      "winPercentage": 66.464
    },
    {
      "playerOne": 11,
      "playerTwo": 12,
      "winPercentage": 88.204
    },
    {
      "playerOne": 11,
      "playerTwo": 13,
      "winPercentage": 5.86
    },
    {
      "playerOne": 11,
      "playerTwo": 14,
      "winPercentage": 11.212
    },
    {
      "playerOne": 11,
      "playerTwo": 15,
      "winPercentage": 72.58
    },
    {
      "playerOne": 11,
      "playerTwo": 16,
      "winPercentage": 74.97
    },
    {
      "playerOne": 11,
      "playerTwo": 17,
      "winPercentage": 39.981
    },
    {
      "playerOne": 11,
      "playerTwo": 18,
      "winPercentage": 35.604
    },
    {
      "playerOne": 11,
      "playerTwo": 19,
      "winPercentage": 8.138
    },
    {
      "playerOne": 11,
      "playerTwo": 20,
      "winPercentage": 76.769
    },
    {
      "playerOne": 11,
      "playerTwo": 21,
      "winPercentage": 85.6
    },
    {
      "playerOne": 11,
      "playerTwo": 22,
      "winPercentage": 88.356
    },
    {
      "playerOne": 11,
      "playerTwo": 23,
      "winPercentage": 5.109
    },
    {
      "playerOne": 11,
      "playerTwo": 24,
      "winPercentage": 58.356
    },
    {
      "playerOne": 11,
      "playerTwo": 25,
      "winPercentage": 25.568
    },
    {
      "playerOne": 11,
      "playerTwo": 26,
      "winPercentage": 44.076
    },
    {
      "playerOne": 11,
      "playerTwo": 27,
      "winPercentage": 71.842
    },
    {
      "playerOne": 11,
      "playerTwo": 28,
      "winPercentage": 55.386
    },
    {
      "playerOne": 11,
      "playerTwo": 29,
      "winPercentage": 90.285
    },
    {
      "playerOne": 11,
      "playerTwo": 30,
      "winPercentage": 7313.8
    },
    {
      "playerOne": 11,
      "playerTwo": 31,
      "winPercentage": 47.241
    },
    {
      "playerOne": 11,
      "playerTwo": 32,
      "winPercentage": 24.477
    },
    {
      "playerOne": 11,
      "playerTwo": 33,
      "winPercentage": 84.425
    },
    {
      "playerOne": 11,
      "playerTwo": 34,
      "winPercentage": 58.964
    },
    {
      "playerOne": 11,
      "playerTwo": 35,
      "winPercentage": 83.208
    },
    {
      "playerOne": 11,
      "playerTwo": 36,
      "winPercentage": 31.416
    },
    {
      "playerOne": 11,
      "playerTwo": 37,
      "winPercentage": 80.474
    },
    {
      "playerOne": 11,
      "playerTwo": 38,
      "winPercentage": 37.042
    },
    {
      "playerOne": 11,
      "playerTwo": 39,
      "winPercentage": 12.378
    },
    {
      "playerOne": 12,
      "playerTwo": 13,
      "winPercentage": 66.703
    },
    {
      "playerOne": 12,
      "playerTwo": 14,
      "winPercentage": 15.576
    },
    {
      "playerOne": 12,
      "playerTwo": 15,
      "winPercentage": 97.389
    },
    {
      "playerOne": 12,
      "playerTwo": 16,
      "winPercentage": 15.355
    },
    {
      "playerOne": 12,
      "playerTwo": 17,
      "winPercentage": 38.895
    },
    {
      "playerOne": 12,
      "playerTwo": 18,
      "winPercentage": 52.247
    },
    {
      "playerOne": 12,
      "playerTwo": 19,
      "winPercentage": 15.077
    },
    {
      "playerOne": 12,
      "playerTwo": 20,
      "winPercentage": 2.927
    },
    {
      "playerOne": 12,
      "playerTwo": 21,
      "winPercentage": 89.972
    },
    {
      "playerOne": 12,
      "playerTwo": 22,
      "winPercentage": 44.962
    },
    {
      "playerOne": 12,
      "playerTwo": 23,
      "winPercentage": 59.512
    },
    {
      "playerOne": 12,
      "playerTwo": 24,
      "winPercentage": 86.153
    },
    {
      "playerOne": 12,
      "playerTwo": 25,
      "winPercentage": 58.267
    },
    {
      "playerOne": 12,
      "playerTwo": 26,
      "winPercentage": 69.379
    },
    {
      "playerOne": 12,
      "playerTwo": 27,
      "winPercentage": 91.365
    },
    {
      "playerOne": 12,
      "playerTwo": 28,
      "winPercentage": 37.517
    },
    {
      "playerOne": 12,
      "playerTwo": 29,
      "winPercentage": 90.646
    },
    {
      "playerOne": 12,
      "playerTwo": 30,
      "winPercentage": 33.309
    },
    {
      "playerOne": 12,
      "playerTwo": 31,
      "winPercentage": 7.623
    },
    {
      "playerOne": 12,
      "playerTwo": 32,
      "winPercentage": 6.36
    },
    {
      "playerOne": 12,
      "playerTwo": 33,
      "winPercentage": 40.636
    },
    {
      "playerOne": 12,
      "playerTwo": 34,
      "winPercentage": 33.766
    },
    {
      "playerOne": 12,
      "playerTwo": 35,
      "winPercentage": 9.106
    },
    {
      "playerOne": 12,
      "playerTwo": 36,
      "winPercentage": 89.087
    },
    {
      "playerOne": 12,
      "playerTwo": 37,
      "winPercentage": 6.275
    },
    {
      "playerOne": 12,
      "playerTwo": 38,
      "winPercentage": 26.583
    },
    {
      "playerOne": 12,
      "playerTwo": 39,
      "winPercentage": 4.834
    },
    {
      "playerOne": 13,
      "playerTwo": 14,
      "winPercentage": 62.451
    },
    {
      "playerOne": 13,
      "playerTwo": 15,
      "winPercentage": 37.495
    },
    {
      "playerOne": 13,
      "playerTwo": 16,
      "winPercentage": 12.703
    },
    {
      "playerOne": 13,
      "playerTwo": 17,
      "winPercentage": 16.238
    },
    {
      "playerOne": 13,
      "playerTwo": 18,
      "winPercentage": 31.429
    },
    {
      "playerOne": 13,
      "playerTwo": 19,
      "winPercentage": 30.897
    },
    {
      "playerOne": 13,
      "playerTwo": 20,
      "winPercentage": 54.545
    },
    {
      "playerOne": 13,
      "playerTwo": 21,
      "winPercentage": 3.988
    },
    {
      "playerOne": 13,
      "playerTwo": 22,
      "winPercentage": 59.957
    },
    {
      "playerOne": 13,
      "playerTwo": 23,
      "winPercentage": 71.489
    },
    {
      "playerOne": 13,
      "playerTwo": 24,
      "winPercentage": 36.136
    },
    {
      "playerOne": 13,
      "playerTwo": 25,
      "winPercentage": 86.581
    },
    {
      "playerOne": 13,
      "playerTwo": 26,
      "winPercentage": 92.671
    },
    {
      "playerOne": 13,
      "playerTwo": 27,
      "winPercentage": 63.941
    },
    {
      "playerOne": 13,
      "playerTwo": 28,
      "winPercentage": 0.52
    },
    {
      "playerOne": 13,
      "playerTwo": 29,
      "winPercentage": 90.166
    },
    {
      "playerOne": 13,
      "playerTwo": 30,
      "winPercentage": 53.264
    },
    {
      "playerOne": 13,
      "playerTwo": 31,
      "winPercentage": 6.317
    },
    {
      "playerOne": 13,
      "playerTwo": 32,
      "winPercentage": 99.973
    },
    {
      "playerOne": 13,
      "playerTwo": 33,
      "winPercentage": 80.849
    },
    {
      "playerOne": 13,
      "playerTwo": 34,
      "winPercentage": 27.526
    },
    {
      "playerOne": 13,
      "playerTwo": 35,
      "winPercentage": 68.237
    },
    {
      "playerOne": 13,
      "playerTwo": 36,
      "winPercentage": 46.528
    },
    {
      "playerOne": 13,
      "playerTwo": 37,
      "winPercentage": 26.214
    },
    {
      "playerOne": 13,
      "playerTwo": 38,
      "winPercentage": 38.339
    },
    {
      "playerOne": 13,
      "playerTwo": 39,
      "winPercentage": 41.94
    },
    {
      "playerOne": 14,
      "playerTwo": 15,
      "winPercentage": 26.181
    },
    {
      "playerOne": 14,
      "playerTwo": 16,
      "winPercentage": 34.252
    },
    {
      "playerOne": 14,
      "playerTwo": 17,
      "winPercentage": 42.306
    },
    {
      "playerOne": 14,
      "playerTwo": 18,
      "winPercentage": 9.538
    },
    {
      "playerOne": 14,
      "playerTwo": 19,
      "winPercentage": 69.274
    },
    {
      "playerOne": 14,
      "playerTwo": 20,
      "winPercentage": 80.761
    },
    {
      "playerOne": 14,
      "playerTwo": 21,
      "winPercentage": 8.725
    },
    {
      "playerOne": 14,
      "playerTwo": 22,
      "winPercentage": 25.426
    },
    {
      "playerOne": 14,
      "playerTwo": 23,
      "winPercentage": 96.872
    },
    {
      "playerOne": 14,
      "playerTwo": 24,
      "winPercentage": 74.814
    },
    {
      "playerOne": 14,
      "playerTwo": 25,
      "winPercentage": 8.171
    },
    {
      "playerOne": 14,
      "playerTwo": 26,
      "winPercentage": 86.96
    },
    {
      "playerOne": 14,
      "playerTwo": 27,
      "winPercentage": 72.168
    },
    {
      "playerOne": 14,
      "playerTwo": 28,
      "winPercentage": 83.733
    },
    {
      "playerOne": 14,
      "playerTwo": 29,
      "winPercentage": 67.353
    },
    {
      "playerOne": 14,
      "playerTwo": 30,
      "winPercentage": 59.464
    },
    {
      "playerOne": 14,
      "playerTwo": 31,
      "winPercentage": 58.423
    },
    {
      "playerOne": 14,
      "playerTwo": 32,
      "winPercentage": 3.178
    },
    {
      "playerOne": 14,
      "playerTwo": 33,
      "winPercentage": 34.515
    },
    {
      "playerOne": 14,
      "playerTwo": 34,
      "winPercentage": 38.084
    },
    {
      "playerOne": 14,
      "playerTwo": 35,
      "winPercentage": 67.17
    },
    {
      "playerOne": 14,
      "playerTwo": 36,
      "winPercentage": 50.522
    },
    {
      "playerOne": 14,
      "playerTwo": 37,
      "winPercentage": 6948.3
    },
    {
      "playerOne": 14,
      "playerTwo": 38,
      "winPercentage": 95.154
    },
    {
      "playerOne": 14,
      "playerTwo": 39,
      "winPercentage": 31.198
    },
    {
      "playerOne": 15,
      "playerTwo": 16,
      "winPercentage": 46.525
    },
    {
      "playerOne": 15,
      "playerTwo": 17,
      "winPercentage": 16.47
    },
    {
      "playerOne": 15,
      "playerTwo": 18,
      "winPercentage": 25.934
    },
    {
      "playerOne": 15,
      "playerTwo": 19,
      "winPercentage": 81.5
    },
    {
      "playerOne": 15,
      "playerTwo": 20,
      "winPercentage": 0.222
    },
    {
      "playerOne": 15,
      "playerTwo": 21,
      "winPercentage": 12.141
    },
    {
      "playerOne": 15,
      "playerTwo": 22,
      "winPercentage": 38.16
    },
    {
      "playerOne": 15,
      "playerTwo": 23,
      "winPercentage": 51.019
    },
    {
      "playerOne": 15,
      "playerTwo": 24,
      "winPercentage": 86.924
    },
    {
      "playerOne": 15,
      "playerTwo": 25,
      "winPercentage": 14.476
    },
    {
      "playerOne": 15,
      "playerTwo": 26,
      "winPercentage": 57.495
    },
    {
      "playerOne": 15,
      "playerTwo": 27,
      "winPercentage": 70.241
    },
    {
      "playerOne": 15,
      "playerTwo": 28,
      "winPercentage": 8.766
    },
    {
      "playerOne": 15,
      "playerTwo": 29,
      "winPercentage": 94.529
    },
    {
      "playerOne": 15,
      "playerTwo": 30,
      "winPercentage": 23.039
    },
    {
      "playerOne": 15,
      "playerTwo": 31,
      "winPercentage": 4176.6
    },
    {
      "playerOne": 15,
      "playerTwo": 32,
      "winPercentage": 55.796
    },
    {
      "playerOne": 15,
      "playerTwo": 33,
      "winPercentage": 8.601
    },
    {
      "playerOne": 15,
      "playerTwo": 34,
      "winPercentage": 14.004
    },
    {
      "playerOne": 15,
      "playerTwo": 35,
      "winPercentage": 34.453
    },
    {
      "playerOne": 15,
      "playerTwo": 36,
      "winPercentage": 75.026
    },
    {
      "playerOne": 15,
      "playerTwo": 37,
      "winPercentage": 69.38
    },
    {
      "playerOne": 15,
      "playerTwo": 38,
      "winPercentage": 9.243
    },
    {
      "playerOne": 15,
      "playerTwo": 39,
      "winPercentage": 82.196
    },
    {
      "playerOne": 16,
      "playerTwo": 17,
      "winPercentage": 2.27
    },
    {
      "playerOne": 16,
      "playerTwo": 18,
      "winPercentage": 32.37
    },
    {
      "playerOne": 16,
      "playerTwo": 19,
      "winPercentage": 64.812
    },
    {
      "playerOne": 16,
      "playerTwo": 20,
      "winPercentage": 82.503
    },
    {
      "playerOne": 16,
      "playerTwo": 21,
      "winPercentage": 14.57
    },
    {
      "playerOne": 16,
      "playerTwo": 22,
      "winPercentage": 79.458
    },
    {
      "playerOne": 16,
      "playerTwo": 23,
      "winPercentage": 20.416
    },
    {
      "playerOne": 16,
      "playerTwo": 24,
      "winPercentage": 52.771
    },
    {
      "playerOne": 16,
      "playerTwo": 25,
      "winPercentage": 33.826
    },
    {
      "playerOne": 16,
      "playerTwo": 26,
      "winPercentage": 56.742
    },
    {
      "playerOne": 16,
      "playerTwo": 27,
      "winPercentage": 51.43
    },
    {
      "playerOne": 16,
      "playerTwo": 28,
      "winPercentage": 65.079
    },
    {
      "playerOne": 16,
      "playerTwo": 29,
      "winPercentage": 19.757
    },
    {
      "playerOne": 16,
      "playerTwo": 30,
      "winPercentage": 25.15
    },
    {
      "playerOne": 16,
      "playerTwo": 31,
      "winPercentage": 81.252
    },
    {
      "playerOne": 16,
      "playerTwo": 32,
      "winPercentage": 89.896
    },
    {
      "playerOne": 16,
      "playerTwo": 33,
      "winPercentage": 55.639
    },
    {
      "playerOne": 16,
      "playerTwo": 34,
      "winPercentage": 55.291
    },
    {
      "playerOne": 16,
      "playerTwo": 35,
      "winPercentage": 91.946
    },
    {
      "playerOne": 16,
      "playerTwo": 36,
      "winPercentage": 72.324
    },
    {
      "playerOne": 16,
      "playerTwo": 37,
      "winPercentage": 24.369
    },
    {
      "playerOne": 16,
      "playerTwo": 38,
      "winPercentage": 64.895
    },
    {
      "playerOne": 16,
      "playerTwo": 39,
      "winPercentage": 4.236
    },
    {
      "playerOne": 17,
      "playerTwo": 18,
      "winPercentage": 57.941
    },
    {
      "playerOne": 17,
      "playerTwo": 19,
      "winPercentage": 20.383
    },
    {
      "playerOne": 17,
      "playerTwo": 20,
      "winPercentage": 17.77
    },
    {
      "playerOne": 17,
      "playerTwo": 21,
      "winPercentage": 60.174
    },
    {
      "playerOne": 17,
      "playerTwo": 22,
      "winPercentage": 33.481
    },
    {
      "playerOne": 17,
      "playerTwo": 23,
      "winPercentage": 0.304
    },
    {
      "playerOne": 17,
      "playerTwo": 24,
      "winPercentage": 27.813
    },
    {
      "playerOne": 17,
      "playerTwo": 25,
      "winPercentage": 77.08
    },
    {
      "playerOne": 17,
      "playerTwo": 26,
      "winPercentage": 33.686
    },
    {
      "playerOne": 17,
      "playerTwo": 27,
      "winPercentage": 39.111
    },
    {
      "playerOne": 17,
      "playerTwo": 28,
      "winPercentage": 78.251
    },
    {
      "playerOne": 17,
      "playerTwo": 29,
      "winPercentage": 1.152
    },
    {
      "playerOne": 17,
      "playerTwo": 30,
      "winPercentage": 20.417
    },
    {
      "playerOne": 17,
      "playerTwo": 31,
      "winPercentage": 40.469
    },
    {
      "playerOne": 17,
      "playerTwo": 32,
      "winPercentage": 93.987
    },
    {
      "playerOne": 17,
      "playerTwo": 33,
      "winPercentage": 89.898
    },
    {
      "playerOne": 17,
      "playerTwo": 34,
      "winPercentage": 76.551
    },
    {
      "playerOne": 17,
      "playerTwo": 35,
      "winPercentage": 22.352
    },
    {
      "playerOne": 17,
      "playerTwo": 36,
      "winPercentage": 73.545
    },
    {
      "playerOne": 17,
      "playerTwo": 37,
      "winPercentage": 38.139
    },
    {
      "playerOne": 17,
      "playerTwo": 38,
      "winPercentage": 9.182
    },
    {
      "playerOne": 17,
      "playerTwo": 39,
      "winPercentage": 7218.4
    },
    {
      "playerOne": 18,
      "playerTwo": 19,
      "winPercentage": 24.123
    },
    {
      "playerOne": 18,
      "playerTwo": 20,
      "winPercentage": 55.412
    },
    {
      "playerOne": 18,
      "playerTwo": 21,
      "winPercentage": 53.087
    },
    {
      "playerOne": 18,
      "playerTwo": 22,
      "winPercentage": 39.717
    },
    {
      "playerOne": 18,
      "playerTwo": 23,
      "winPercentage": 59.571
    },
    {
      "playerOne": 18,
      "playerTwo": 24,
      "winPercentage": 19.296
    },
    {
      "playerOne": 18,
      "playerTwo": 25,
      "winPercentage": 82.015
    },
    {
      "playerOne": 18,
      "playerTwo": 26,
      "winPercentage": 55.066
    },
    {
      "playerOne": 18,
      "playerTwo": 27,
      "winPercentage": 71.787
    },
    {
      "playerOne": 18,
      "playerTwo": 28,
      "winPercentage": 96.017
    },
    {
      "playerOne": 18,
      "playerTwo": 29,
      "winPercentage": 8.007
    },
    {
      "playerOne": 18,
      "playerTwo": 30,
      "winPercentage": 85.929
    },
    {
      "playerOne": 18,
      "playerTwo": 31,
      "winPercentage": 87.288
    },
    {
      "playerOne": 18,
      "playerTwo": 32,
      "winPercentage": 89.507
    },
    {
      "playerOne": 18,
      "playerTwo": 33,
      "winPercentage": 67.782
    },
    {
      "playerOne": 18,
      "playerTwo": 34,
      "winPercentage": 44.916
    },
    {
      "playerOne": 18,
      "playerTwo": 35,
      "winPercentage": 12.602
    },
    {
      "playerOne": 18,
      "playerTwo": 36,
      "winPercentage": 76.235
    },
    {
      "playerOne": 18,
      "playerTwo": 37,
      "winPercentage": 9.716
    },
    {
      "playerOne": 18,
      "playerTwo": 38,
      "winPercentage": 84.657
    },
    {
      "playerOne": 18,
      "playerTwo": 39,
      "winPercentage": 2.057
    },
    {
      "playerOne": 19,
      "playerTwo": 20,
      "winPercentage": 76.836
    },
    {
      "playerOne": 19,
      "playerTwo": 21,
      "winPercentage": 76.637
    },
    {
      "playerOne": 19,
      "playerTwo": 22,
      "winPercentage": 70.175
    },
    {
      "playerOne": 19,
      "playerTwo": 23,
      "winPercentage": 43.275
    },
    {
      "playerOne": 19,
      "playerTwo": 24,
      "winPercentage": 83.675
    },
    {
      "playerOne": 19,
      "playerTwo": 25,
      "winPercentage": 32.539
    },
    {
      "playerOne": 19,
      "playerTwo": 26,
      "winPercentage": 15.486
    },
    {
      "playerOne": 19,
      "playerTwo": 27,
      "winPercentage": 76.172
    },
    {
      "playerOne": 19,
      "playerTwo": 28,
      "winPercentage": 36.654
    },
    {
      "playerOne": 19,
      "playerTwo": 29,
      "winPercentage": 1.039
    },
    {
      "playerOne": 19,
      "playerTwo": 30,
      "winPercentage": 52.985
    },
    {
      "playerOne": 19,
      "playerTwo": 31,
      "winPercentage": 51.846
    },
    {
      "playerOne": 19,
      "playerTwo": 32,
      "winPercentage": 10.01
    },
    {
      "playerOne": 19,
      "playerTwo": 33,
      "winPercentage": 67.694
    },
    {
      "playerOne": 19,
      "playerTwo": 34,
      "winPercentage": 42.838
    },
    {
      "playerOne": 19,
      "playerTwo": 35,
      "winPercentage": 78.679
    },
    {
      "playerOne": 19,
      "playerTwo": 36,
      "winPercentage": 95.935
    },
    {
      "playerOne": 19,
      "playerTwo": 37,
      "winPercentage": 59.783
    },
    {
      "playerOne": 19,
      "playerTwo": 38,
      "winPercentage": 87.379
    },
    {
      "playerOne": 19,
      "playerTwo": 39,
      "winPercentage": 83.035
    },
    {
      "playerOne": 20,
      "playerTwo": 21,
      "winPercentage": 70.805
    },
    {
      "playerOne": 20,
      "playerTwo": 22,
      "winPercentage": 58.881
    },
    {
      "playerOne": 20,
      "playerTwo": 23,
      "winPercentage": 11.8
    },
    {
      "playerOne": 20,
      "playerTwo": 24,
      "winPercentage": 40.395
    },
    {
      "playerOne": 20,
      "playerTwo": 25,
      "winPercentage": 40.639
    },
    {
      "playerOne": 20,
      "playerTwo": 26,
      "winPercentage": 6.425
    },
    {
      "playerOne": 20,
      "playerTwo": 27,
      "winPercentage": 72.314
    },
    {
      "playerOne": 20,
      "playerTwo": 28,
      "winPercentage": 91.494
    },
    {
      "playerOne": 20,
      "playerTwo": 29,
      "winPercentage": 92.979
    },
    {
      "playerOne": 20,
      "playerTwo": 30,
      "winPercentage": 16.155
    },
    {
      "playerOne": 20,
      "playerTwo": 31,
      "winPercentage": 85.611
    },
    {
      "playerOne": 20,
      "playerTwo": 32,
      "winPercentage": 11.873
    },
    {
      "playerOne": 20,
      "playerTwo": 33,
      "winPercentage": 70.78
    },
    {
      "playerOne": 20,
      "playerTwo": 34,
      "winPercentage": 88.282
    },
    {
      "playerOne": 20,
      "playerTwo": 35,
      "winPercentage": 17.121
    },
    {
      "playerOne": 20,
      "playerTwo": 36,
      "winPercentage": 10.136
    },
    {
      "playerOne": 20,
      "playerTwo": 37,
      "winPercentage": 70.235
    },
    {
      "playerOne": 20,
      "playerTwo": 38,
      "winPercentage": 17.051
    },
    {
      "playerOne": 20,
      "playerTwo": 39,
      "winPercentage": 92.126
    },
    {
      "playerOne": 21,
      "playerTwo": 22,
      "winPercentage": 7.199
    },
    {
      "playerOne": 21,
      "playerTwo": 23,
      "winPercentage": 30.883
    },
    {
      "playerOne": 21,
      "playerTwo": 24,
      "winPercentage": 38.23
    },
    {
      "playerOne": 21,
      "playerTwo": 25,
      "winPercentage": 45.796
    },
    {
      "playerOne": 21,
      "playerTwo": 26,
      "winPercentage": 25.264
    },
    {
      "playerOne": 21,
      "playerTwo": 27,
      "winPercentage": 87.328
    },
    {
      "playerOne": 21,
      "playerTwo": 28,
      "winPercentage": 67.308
    },
    {
      "playerOne": 21,
      "playerTwo": 29,
      "winPercentage": 36.776
    },
    {
      "playerOne": 21,
      "playerTwo": 30,
      "winPercentage": 74.965
    },
    {
      "playerOne": 21,
      "playerTwo": 31,
      "winPercentage": 11.318
    },
    {
      "playerOne": 21,
      "playerTwo": 32,
      "winPercentage": 87.105
    },
    {
      "playerOne": 21,
      "playerTwo": 33,
      "winPercentage": 29.243
    },
    {
      "playerOne": 21,
      "playerTwo": 34,
      "winPercentage": 20.448
    },
    {
      "playerOne": 21,
      "playerTwo": 35,
      "winPercentage": 8.903
    },
    {
      "playerOne": 21,
      "playerTwo": 36,
      "winPercentage": 13.883
    },
    {
      "playerOne": 21,
      "playerTwo": 37,
      "winPercentage": 34.637
    },
    {
      "playerOne": 21,
      "playerTwo": 38,
      "winPercentage": 93.992
    },
    {
      "playerOne": 21,
      "playerTwo": 39,
      "winPercentage": 81.091
    },
    {
      "playerOne": 22,
      "playerTwo": 23,
      "winPercentage": 30.394
    },
    {
      "playerOne": 22,
      "playerTwo": 24,
      "winPercentage": 80.6
    },
    {
      "playerOne": 22,
      "playerTwo": 25,
      "winPercentage": 45.181
    },
    {
      "playerOne": 22,
      "playerTwo": 26,
      "winPercentage": 35.416
    },
    {
      "playerOne": 22,
      "playerTwo": 27,
      "winPercentage": 84.324
    },
    {
      "playerOne": 22,
      "playerTwo": 28,
      "winPercentage": 53.364
    },
    {
      "playerOne": 22,
      "playerTwo": 29,
      "winPercentage": 50.921
    },
    {
      "playerOne": 22,
      "playerTwo": 30,
      "winPercentage": 20.65
    },
    {
      "playerOne": 22,
      "playerTwo": 31,
      "winPercentage": 5.861
    },
    {
      "playerOne": 22,
      "playerTwo": 32,
      "winPercentage": 69.29
    },
    {
      "playerOne": 22,
      "playerTwo": 33,
      "winPercentage": 15.346
    },
    {
      "playerOne": 22,
      "playerTwo": 34,
      "winPercentage": 77.34
    },
    {
      "playerOne": 22,
      "playerTwo": 35,
      "winPercentage": 29.189
    },
    {
      "playerOne": 22,
      "playerTwo": 36,
      "winPercentage": 21.326
    },
    {
      "playerOne": 22,
      "playerTwo": 37,
      "winPercentage": 43.316
    },
    {
      "playerOne": 22,
      "playerTwo": 38,
      "winPercentage": 92.039
    },
    {
      "playerOne": 22,
      "playerTwo": 39,
      "winPercentage": 22.537
    },
    {
      "playerOne": 23,
      "playerTwo": 24,
      "winPercentage": 88.341
    },
    {
      "playerOne": 23,
      "playerTwo": 25,
      "winPercentage": 50.929
    },
    {
      "playerOne": 23,
      "playerTwo": 26,
      "winPercentage": 7.953
    },
    {
      "playerOne": 23,
      "playerTwo": 27,
      "winPercentage": 38.52
    },
    {
      "playerOne": 23,
      "playerTwo": 28,
      "winPercentage": 1.204
    },
    {
      "playerOne": 23,
      "playerTwo": 29,
      "winPercentage": 20.6
    },
    {
      "playerOne": 23,
      "playerTwo": 30,
      "winPercentage": 51.486
    },
    {
      "playerOne": 23,
      "playerTwo": 31,
      "winPercentage": 44.478
    },
    {
      "playerOne": 23,
      "playerTwo": 32,
      "winPercentage": 41.955
    },
    {
      "playerOne": 23,
      "playerTwo": 33,
      "winPercentage": 25.396
    },
    {
      "playerOne": 23,
      "playerTwo": 34,
      "winPercentage": 49.496
    },
    {
      "playerOne": 23,
      "playerTwo": 35,
      "winPercentage": 41.787
    },
    {
      "playerOne": 23,
      "playerTwo": 36,
      "winPercentage": 13.678
    },
    {
      "playerOne": 23,
      "playerTwo": 37,
      "winPercentage": 76.058
    },
    {
      "playerOne": 23,
      "playerTwo": 38,
      "winPercentage": 68.313
    },
    {
      "playerOne": 23,
      "playerTwo": 39,
      "winPercentage": 25.34
    },
    {
      "playerOne": 24,
      "playerTwo": 25,
      "winPercentage": 9368.0
    },
    {
      "playerOne": 24,
      "playerTwo": 26,
      "winPercentage": 30.698
    },
    {
      "playerOne": 24,
      "playerTwo": 27,
      "winPercentage": 86.458
    },
    {
      "playerOne": 24,
      "playerTwo": 28,
      "winPercentage": 16.992
    },
    {
      "playerOne": 24,
      "playerTwo": 29,
      "winPercentage": 50.795
    },
    {
      "playerOne": 24,
      "playerTwo": 30,
      "winPercentage": 83.847
    },
    {
      "playerOne": 24,
      "playerTwo": 31,
      "winPercentage": 47.346
    },
    {
      "playerOne": 24,
      "playerTwo": 32,
      "winPercentage": 16.588
    },
    {
      "playerOne": 24,
      "playerTwo": 33,
      "winPercentage": 91.306
    },
    {
      "playerOne": 24,
      "playerTwo": 34,
      "winPercentage": 12.838
    },
    {
      "playerOne": 24,
      "playerTwo": 35,
      "winPercentage": 85.931
    },
    {
      "playerOne": 24,
      "playerTwo": 36,
      "winPercentage": 13.538
    },
    {
      "playerOne": 24,
      "playerTwo": 37,
      "winPercentage": 32.706
    },
    {
      "playerOne": 24,
      "playerTwo": 38,
      "winPercentage": 6894.9
    },
    {
      "playerOne": 24,
      "playerTwo": 39,
      "winPercentage": 68.653
    },
    {
      "playerOne": 25,
      "playerTwo": 26,
      "winPercentage": 6.888
    },
    {
      "playerOne": 25,
      "playerTwo": 27,
      "winPercentage": 29.134
    },
    {
      "playerOne": 25,
      "playerTwo": 28,
      "winPercentage": 98.773
    },
    {
      "playerOne": 25,
      "playerTwo": 29,
      "winPercentage": 99.77
    },
    {
      "playerOne": 25,
      "playerTwo": 30,
      "winPercentage": 80.872
    },
    {
      "playerOne": 25,
      "playerTwo": 31,
      "winPercentage": 8.708
    },
    {
      "playerOne": 25,
      "playerTwo": 32,
      "winPercentage": 16.71
    },
    {
      "playerOne": 25,
      "playerTwo": 33,
      "winPercentage": 25.596
    },
    {
      "playerOne": 25,
      "playerTwo": 34,
      "winPercentage": 0.573
    },
    {
      "playerOne": 25,
      "playerTwo": 35,
      "winPercentage": 37.138
    },
    {
      "playerOne": 25,
      "playerTwo": 36,
      "winPercentage": 20.171
    },
    {
      "playerOne": 25,
      "playerTwo": 37,
      "winPercentage": 39.913
    },
    {
      "playerOne": 25,
      "playerTwo": 38,
      "winPercentage": 83.419
    },
    {
      "playerOne": 25,
      "playerTwo": 39,
      "winPercentage": 27.745
    },
    {
      "playerOne": 26,
      "playerTwo": 27,
      "winPercentage": 14.936
    },
    {
      "playerOne": 26,
      "playerTwo": 28,
      "winPercentage": 7.602
    },
    {
      "playerOne": 26,
      "playerTwo": 29,
      "winPercentage": 8.741
    },
    {
      "playerOne": 26,
      "playerTwo": 30,
      "winPercentage": 42.41
    },
    {
      "playerOne": 26,
      "playerTwo": 31,
      "winPercentage": 24.951
    },
    {
      "playerOne": 26,
      "playerTwo": 32,
      "winPercentage": 13.971
    },
    {
      "playerOne": 26,
      "playerTwo": 33,
      "winPercentage": 61.592
    },
    {
      "playerOne": 26,
      "playerTwo": 34,
      "winPercentage": 9.292
    },
    {
      "playerOne": 26,
      "playerTwo": 35,
      "winPercentage": 63.388
    },
    {
      "playerOne": 26,
      "playerTwo": 36,
      "winPercentage": 93.659
    },
    {
      "playerOne": 26,
      "playerTwo": 37,
      "winPercentage": 55.524
    },
    {
      "playerOne": 26,
      "playerTwo": 38,
      "winPercentage": 83.49
    },
    {
      "playerOne": 26,
      "playerTwo": 39,
      "winPercentage": 41.474
    },
    {
      "playerOne": 27,
      "playerTwo": 28,
      "winPercentage": 21.846
    },
    {
      "playerOne": 27,
      "playerTwo": 29,
      "winPercentage": 34.042
    },
    {
      "playerOne": 27,
      "playerTwo": 30,
      "winPercentage": 80.374
    },
    {
      "playerOne": 27,
      "playerTwo": 31,
      "winPercentage": 9.781
    },
    {
      "playerOne": 27,
      "playerTwo": 32,
      "winPercentage": 27.439
    },
    {
      "playerOne": 27,
      "playerTwo": 33,
      "winPercentage": 8.984
    },
    {
      "playerOne": 27,
      "playerTwo": 34,
      "winPercentage": 70.249
    },
    {
      "playerOne": 27,
      "playerTwo": 35,
      "winPercentage": 73.946
    },
    {
      "playerOne": 27,
      "playerTwo": 36,
      "winPercentage": 99.089
    },
    {
      "playerOne": 27,
      "playerTwo": 37,
      "winPercentage": 88.898
    },
    {
      "playerOne": 27,
      "playerTwo": 38,
      "winPercentage": 65.57
    },
    {
      "playerOne": 27,
      "playerTwo": 39,
      "winPercentage": 24.835
    },
    {
      "playerOne": 28,
      "playerTwo": 29,
      "winPercentage": 93.04
    },
    {
      "playerOne": 28,
      "playerTwo": 30,
      "winPercentage": 11.128
    },
    {
      "playerOne": 28,
      "playerTwo": 31,
      "winPercentage": 35.664
    },
    {
      "playerOne": 28,
      "playerTwo": 32,
      "winPercentage": 98.274
    },
    {
      "playerOne": 28,
      "playerTwo": 33,
      "winPercentage": 37.336
    },
    {
      "playerOne": 28,
      "playerTwo": 34,
      "winPercentage": 89.946
    },
    {
      "playerOne": 28,
      "playerTwo": 35,
      "winPercentage": 43.479
    },
    {
      "playerOne": 28,
      "playerTwo": 36,
      "winPercentage": 59.788
    },
    {
      "playerOne": 28,
      "playerTwo": 37,
      "winPercentage": 36.982
    },
    {
      "playerOne": 28,
      "playerTwo": 38,
      "winPercentage": 38.06
    },
    {
      "playerOne": 28,
      "playerTwo": 39,
      "winPercentage": 54.213
    },
    {
      "playerOne": 29,
      "playerTwo": 30,
      "winPercentage": 80.513
    },
    {
      "playerOne": 29,
      "playerTwo": 31,
      "winPercentage": 24.686
    },
    {
      "playerOne": 29,
      "playerTwo": 32,
      "winPercentage": 82.771
    },
    {
      "playerOne": 29,
      "playerTwo": 33,
      "winPercentage": 50.402
    },
    {
      "playerOne": 29,
      "playerTwo": 34,
      "winPercentage": 29.132
    },
    {
      "playerOne": 29,
      "playerTwo": 35,
      "winPercentage": 92.054
    },
    {
      "playerOne": 29,
      "playerTwo": 36,
      "winPercentage": 1.963
    },
    {
      "playerOne": 29,
      "playerTwo": 37,
      "winPercentage": 25.622
    },
    {
      "playerOne": 29,
      "playerTwo": 38,
      "winPercentage": 78.067
    },
    {
      "playerOne": 29,
      "playerTwo": 39,
      "winPercentage": 34.586
    },
    {
      "playerOne": 30,
      "playerTwo": 31,
      "winPercentage": 66.209
    },
    {
      "playerOne": 30,
      "playerTwo": 32,
      "winPercentage": 20.052
    },
    {
      "playerOne": 30,
      "playerTwo": 33,
      "winPercentage": 33.574
    },
    {
      "playerOne": 30,
      "playerTwo": 34,
      "winPercentage": 79.966
    },
    {
      "playerOne": 30,
      "playerTwo": 35,
      "winPercentage": 29.969
    },
    {
      "playerOne": 30,
      "playerTwo": 36,
      "winPercentage": 38.811
    },
    {
      "playerOne": 30,
      "playerTwo": 37,
      "winPercentage": 27.995
    },
    {
      "playerOne": 30,
      "playerTwo": 38,
      "winPercentage": 58.05
    },
    {
      "playerOne": 30,
      "playerTwo": 39,
      "winPercentage": 47.386
    },
    {
      "playerOne": 31,
      "playerTwo": 32,
      "winPercentage": 36.105
    },
    {
      "playerOne": 31,
      "playerTwo": 33,
      "winPercentage": 35.474
    },
    {
      "playerOne": 31,
      "playerTwo": 34,
      "winPercentage": 88.259
    },
    {
      "playerOne": 31,
      "playerTwo": 35,
      "winPercentage": 68.337
    },
    {
      "playerOne": 31,
      "playerTwo": 36,
      "winPercentage": 10.756
    },
    {
      "playerOne": 31,
      "playerTwo": 37,
      "winPercentage": 22.329
    },
    {
      "playerOne": 31,
      "playerTwo": 38,
      "winPercentage": 37.921
    },
    {
      "playerOne": 31,
      "playerTwo": 39,
      "winPercentage": 89.007
    },
    {
      "playerOne": 32,
      "playerTwo": 33,
      "winPercentage": 91.988
    },
    {
      "playerOne": 32,
      "playerTwo": 34,
      "winPercentage": 13.156
    },
    {
      "playerOne": 32,
      "playerTwo": 35,
      "winPercentage": 90.47
    },
    {
      "playerOne": 32,
      "playerTwo": 36,
      "winPercentage": 350.9
    },
    {
      "playerOne": 32,
      "playerTwo": 37,
      "winPercentage": 16.553
    },
    {
      "playerOne": 32,
      "playerTwo": 38,
      "winPercentage": 56.292
    },
    {
      "playerOne": 32,
      "playerTwo": 39,
      "winPercentage": 95.788
    },
    {
      "playerOne": 33,
      "playerTwo": 34,
      "winPercentage": 44.67
    },
    {
      "playerOne": 33,
      "playerTwo": 35,
      "winPercentage": 22.149
    },
    {
      "playerOne": 33,
      "playerTwo": 36,
      "winPercentage": 8.949
    },
    {
      "playerOne": 33,
      "playerTwo": 37,
      "winPercentage": 69.652
    },
    {
      "playerOne": 33,
      "playerTwo": 38,
      "winPercentage": 24.793
    },
    {
      "playerOne": 33,
      "playerTwo": 39,
      "winPercentage": 22.871
    },
    {
      "playerOne": 34,
      "playerTwo": 35,
      "winPercentage": 19.685
    },
    {
      "playerOne": 34,
      "playerTwo": 36,
      "winPercentage": 48.319
    },
    {
      "playerOne": 34,
      "playerTwo": 37,
      "winPercentage": 73.115
    },
    {
      "playerOne": 34,
      "playerTwo": 38,
      "winPercentage": 94.04
    },
    {
      "playerOne": 34,
      "playerTwo": 39,
      "winPercentage": 66.791
    },
    {
      "playerOne": 35,
      "playerTwo": 36,
      "winPercentage": 30.773
    },
    {
      "playerOne": 35,
      "playerTwo": 37,
      "winPercentage": 49.018
    },
    {
      "playerOne": 35,
      "playerTwo": 38,
      "winPercentage": 45.925
    },
    {
      "playerOne": 35,
      "playerTwo": 39,
      "winPercentage": 62.164
    },
    {
      "playerOne": 36,
      "playerTwo": 37,
      "winPercentage": 96.978
    },
    {
      "playerOne": 36,
      "playerTwo": 38,
      "winPercentage": 6.088
    },
    {
      "playerOne": 36,
      "playerTwo": 39,
      "winPercentage": 78.095
    },
    {
      "playerOne": 37,
      "playerTwo": 38,
      "winPercentage": 11.726
    },
    {
      "playerOne": 37,
      "playerTwo": 39,
      "winPercentage": 63.774
    },
    {
      "playerOne": 38,
      "playerTwo": 39,
      "winPercentage": 69.062
    }
  ]
}