{
  "metadata": {
    "numPlayers": 40
  },
  "teamStats": [
    {
      "playerOne": 0,
      "playerTwo": 1,
      "winPercentage": 0.738
    },
    {
      "playerOne": 0,
      "playerTwo": 2,
      "winPercentage": 65.473
    },
    {
      "playerOne": 0,
      "playerTwo": 3,
      "winPercentage": 24.454
    },
    {
      "playerOne": 0,
      "playerTwo": 4,
      "winPercentage": 3.727
    },
    {
      "playerOne": 0,
      "playerTwo": 5,
      "winPercentage": 81.924
    },
    {
      "playerOne": 0,
      "playerTwo": 6,
      "winPercentage": 28.465
    },
    {
      "playerOne": 0,
      "playerTwo": 7,
      "winPercentage": 66.744
    },
    {
      "playerOne": 0,
      "playerTwo": 8,
      "winPercentage": 11.292
    },
    {
      "playerOne": 0,
      "playerTwo": 9,
      "winPercentage": 7.842
    },
    {
      "playerOne": 0,
      "playerTwo": 10,
      "winPercentage": 97.065
    },
    {
      "playerOne": 0,
      "playerTwo": 11,
      "winPercentage": 81.93
    },
    {
      "playerOne": 0,
      "playerTwo": 12,
      "winPercentage": 2.785
    },
    {
      "playerOne": 0,
      "playerTwo": 13,
      "winPercentage": 37.705
    },
    {
      "playerOne": 0,
      "playerTwo": 14,
      "winPercentage": 9.013
    },
    {
      "playerOne": 0,
      "playerTwo": 15,
      "winPercentage": 20.514
    },
    {
      "playerOne": 0,
      "playerTwo": 16,
      "winPercentage": 70.393
    },
    {
      "playerOne": 0,
      "playerTwo": 17,
      "winPercentage": 64.882
    },
    {
      "playerOne": 0,
      "playerTwo": 18,
      "winPercentage": 4.914
    },
    {
      "playerOne": 0,
      "playerTwo": 19,
      "winPercentage": 16.833
    },
    {
      "playerOne": 0,
      "playerTwo": 20,
      "winPercentage": 91.252
    },
    {
      "playerOne": 0,
      "playerTwo": 21,
      "winPercentage": 67.093
    },
    {
      "playerOne": 0,
      "playerTwo": 22,
      "winPercentage": 51.779
    },
    {
      "playerOne": 0,
      "playerTwo": 23,
      "winPercentage": 90.803
    },
    {
      "playerOne": 0,
      "playerTwo": 24,
      "winPercentage": 65.639
    },
    {
      "playerOne": 0,
      "playerTwo": 25,
      "winPercentage": 76.554
    },
    {
      "playerOne": 0,
      "playerTwo": 26,
      "winPercentage": 0.443
    },
    {
      "playerOne": 0,
      "playerTwo": 27,
      "winPercentage": 61.385
    },
    {
      "playerOne": 0,
      "playerTwo": 28,
      "winPercentage": 39.077
    },
    {
      "playerOne": 0,
      "playerTwo": 29,
      "winPercentage": 59.835
    },
    {
      "playerOne": 0,
      "playerTwo": 30,
      "winPercentage": 81.596
    },
    {
      "playerOne": 0,
      "playerTwo": 31,
      "winPercentage": 41.464
    },
    {
      "playerOne": 0,
      "playerTwo": 32,
      "winPercentage": 98.273
    },
    {
      "playerOne": 0,
      "playerTwo": 33,
      "winPercentage": 92.471
    },
    {
      "playerOne": 0,
      "playerTwo": 34,
      "winPercentage": 7.205
    },
    {
      "playerOne": 0,
      "playerTwo": 35,
      "winPercentage": 72.068
    },
    {
      "playerOne": 0,
      "playerTwo": 36,
      "winPercentage": 4.372
    },
    {
      "playerOne": 0,
      "playerTwo": 37,
      "winPercentage": 93.258
    },
    {
      "playerOne": 0,
      "playerTwo": 38,
      "winPercentage": 72.944
    },
    {
      "playerOne": 0,
      "playerTwo": 39,
      "winPercentage": 2.981
    },
    {
      "playerOne": 1,
      "playerTwo": 2,
      "winPercentage": 67.179
    },
    {
      "playerOne": 1,
      "playerTwo": 3,
      "winPercentage": 94.313
    },
    {
      "playerOne": 1,
      "playerTwo": 4,
      "winPercentage": 61.149
    },
    {
      "playerOne": 1,
      "playerTwo": 5,
      "winPercentage": 93.284
    },
    {
      "playerOne": 1,
      "playerTwo": 6,
      "winPercentage": 64.997
    },
    {
      "playerOne": 1,
      "playerTwo": 7,
      "winPercentage": 11.248
    },
    {
      "playerOne": 1,
      "playerTwo": 8,
      "winPercentage": 51.274
    },
    {
      "playerOne": 1,
      "playerTwo": 9,
      "winPercentage": 23.929
    },
    {
      "playerOne": 1,
      "playerTwo": 10,
      "winPercentage": 84.813
    },
    {
      "playerOne": 1,
      "playerTwo": 11,
      "winPercentage": 54.281
    },
    {
      "playerOne": 1,
      "playerTwo": 12,
      "winPercentage": 0.304
    },
    {
      "playerOne": 1,
      "playerTwo": 13,
      "winPercentage": 91.62
    },
    {
      "playerOne": 1,
      "playerTwo": 14,
      "winPercentage": 61.084
    },
    {
      "playerOne": 1,
      "playerTwo": 15,
      "winPercentage": 62.596
    },
    {
      "playerOne": 1,
      "playerTwo": 16,
      "winPercentage": 4.716
    },
    {
      "playerOne": 1,
      "playerTwo": 17,
      "winPercentage": 26.695
    },
    {
      "playerOne": 1,
      "playerTwo": 18,
      "winPercentage": 72.197
    },
    {
      "playerOne": 1,
      "playerTwo": 19,
      "winPercentage": 24.268
    },
    {
      "playerOne": 1,
      "playerTwo": 20,
      "winPercentage": 2.71
    },
    {
      "playerOne": 1,
      "playerTwo": 21,
      "winPercentage": 29.334
    },
    {
      "playerOne": 1,
      "playerTwo": 22,
      "winPercentage": 42.571
    },
    {
      "playerOne": 1,
      "playerTwo": 23,
      "winPercentage": 86.026
    },
    {
      "playerOne": 1,
      "playerTwo": 24,
      "winPercentage": 53.199
    },
    {
      "playerOne": 1,
      "playerTwo": 25,
      "winPercentage": 40.283
    },
    {
      "playerOne": 1,
      "playerTwo": 26,
      "winPercentage": 18.104
    },
    {
      "playerOne": 1,
      "playerTwo": 27,
      "winPercentage": 90.572
    },
    {
      "playerOne": 1,
      "playerTwo": 28,
      "winPercentage": 16.097
    },
    {
      "playerOne": 1,
      "playerTwo": 29,
      "winPercentage": 10.09
    },
    {
      "playerOne": 1,
      "playerTwo": 30,
      "winPercentage": 22.852
    },
    {
      "playerOne": 1,
      "playerTwo": 31,
      "winPercentage": 80.092
    },
    {
      "playerOne": 1,
      "playerTwo": 32,
      "winPercentage": 1.41
    },
    {
      "playerOne": 1,
      "playerTwo": 33,
      "winPercentage": 75.506
    },
    {
      "playerOne": 1,
      "playerTwo": 34,
      "winPercentage": 10.067
    },
    {
      "playerOne": 1,
      "playerTwo": 35,
      "winPercentage": 48.468
    },
    {
      "playerOne": 1,
      "playerTwo": 36,
      "winPercentage": 31.731
    },
    {
      "playerOne": 1,
      "playerTwo": 37,
      "winPercentage": 60.937
    },
    {
      "playerOne": 1,
      "playerTwo": 38,
      "winPercentage": 28.192
    },
    {
      "playerOne": 1,
      "playerTwo": 39,
      "winPercentage": 4.178
    },
    {
      "playerOne": 2,
      "playerTwo": 3,
      "winPercentage": 24.739
    },
    {
      "playerOne": 2,
      "playerTwo": 4,
      "winPercentage": 40.502
    },
    {
      "playerOne": 2,
      "playerTwo": 5,
      "winPercentage": 24.117
    },
    {
      "playerOne": 2,
      "playerTwo": 6,
      "winPercentage": 85.518
    },
    {
      "playerOne": 2,
      "playerTwo": 7,
      "winPercentage": 16.358
    },
    {
      "playerOne": 2,
      "playerTwo": 8,
      "winPercentage": 8.361
    },
    {
      "playerOne": 2,
      "playerTwo": 9,
      "winPercentage": 61.604
    },
    {
      "playerOne": 2,
      "playerTwo": 10,
      "winPercentage": 51.534
    },
    {
      "playerOne": 2,
      "playerTwo": 11,
      "winPercentage": 56.36
    },
    {
      "playerOne": 2,
      "playerTwo": 12,
      "winPercentage": 85.455
    },
    {
      "playerOne": 2,
      "playerTwo": 13,
      "winPercentage": 45.94
    },
    {
      "playerOne": 2,
      "playerTwo": 14,
      "winPercentage": 54.073
    },
    {
      "playerOne": 2,
      "playerTwo": 15,
      "winPercentage": 31.83
    },
    {
      "playerOne": 2,
      "playerTwo": 16,
      "winPercentage": 65.016
    },
    {
      "playerOne": 2,
      "playerTwo": 17,
      "winPercentage": 39.277
    },
    {
      "playerOne": 2,
      "playerTwo": 18,
      "winPercentage": 44.833
    },
    {
      "playerOne": 2,
      "playerTwo": 19,
      "winPercentage": 37.351
    },
    {
      "playerOne": 2,
      "playerTwo": 20,
      "winPercentage": 50.237
    },
    {
      "playerOne": 2,
      "playerTwo": 21,
      "winPercentage": 60.38
    },
    {
      "playerOne": 2,
      "playerTwo": 22,
      "winPercentage": 22.737
    },
    {
      "playerOne": 2,
      "playerTwo": 23,
      "winPercentage": 59.584
    },
    {
      "playerOne": 2,
      "playerTwo": 24,
      "winPercentage": 67.997
    },
    {
      "playerOne": 2,
      "playerTwo": 25,
      "winPercentage": 58.947
    },
    {
      "playerOne": 2,
      "playerTwo": 26,
      "winPercentage": 78.277
    },
    {
      "playerOne": 2,
      "playerTwo": 27,
      "winPercentage": 2.18
    },
    {
      "playerOne": 2,
      "playerTwo": 28,
      "winPercentage": 59.75
    },
    {
      "playerOne": 2,
      "playerTwo": 29,
      "winPercentage": 83.776
    },
    {
      "playerOne": 2,
      "playerTwo": 30,
      "winPercentage": 58.538
    },
    {
      "playerOne": 2,
      "playerTwo": 31,
      "winPercentage": 28.244
    },
    {
      "playerOne": 2,
      "playerTwo": 32,
      "winPercentage": 29.799
    },
    {
      "playerOne": 2,
      "playerTwo": 33,
      "winPercentage": 81.77
    },
    {
      "playerOne": 2,
      "playerTwo": 34,
      "winPercentage": 51.461
    },
    {
      "playerOne": 2,
      "playerTwo": 35,
      "winPercentage": 21.398
    },
    {
      "playerOne": 2,
      "playerTwo": 36,
      "winPercentage": 31.327
    },
    {
      "playerOne": 2,
      "playerTwo": 37,
      "winPercentage": 65.479
    },
    {
      "playerOne": 2,
      "playerTwo": 38,
      "winPercentage": 56.227
    },
    {
      "playerOne": 2,
      "playerTwo": 39,
      "winPercentage": 42.679
    },
    {
      "playerOne": 3,
      "playerTwo": 4,
      "winPercentage": 45.319
    },
    {
      "playerOne": 3,
      "playerTwo": 5,
      "winPercentage": 28.566
    },
    {
      "playerOne": 3,
      "playerTwo": 6,
      "winPercentage": 61.576
    },
    {
      "playerOne": 3,
      "playerTwo": 7,
      "winPercentage": 38.586
    },
    {
      "playerOne": 3,
      "playerTwo": 8,
      "winPercentage": 21.253
    },
    {
      "playerOne": 3,
      "playerTwo": 9,
      "winPercentage": 21.195
    },
    {
      "playerOne": 3,
      "playerTwo": 10,
      "winPercentage": 14.812
    },
    {
      "playerOne": 3,
      "playerTwo": 11,
      "winPercentage": 9.353
    },
    {
      "playerOne": 3,
      "playerTwo": 12,
      "winPercentage": 2.589
    },
    {
      "playerOne": 3,
      "playerTwo": 13,
      "winPercentage": 46.861
    },
    {
      "playerOne": 3,
      "playerTwo": 14,
      "winPercentage": 14.896
    },
    {
      "playerOne": 3,
      "playerTwo": 15,
      "winPercentage": 20.246
    },
    {
      "playerOne": 3,
      "playerTwo": 16,
      "winPercentage": 94.319
    },
    {
      "playerOne": 3,
      "playerTwo": 17,
      "winPercentage": 47.233
    },
    {
      "playerOne": 3,
      "playerTwo": 18,
      "winPercentage": 98.539
    },
    {
      "playerOne": 3,
      "playerTwo": 19,
      "winPercentage": 37.175
    },
    {
      "playerOne": 3,
      "playerTwo": 20,
      "winPercentage": 62.648
    },
    {
      "playerOne": 3,
      "playerTwo": 21,
      "winPercentage": 67.961
    },
    {
      "playerOne": 3,
      "playerTwo": 22,
      "winPercentage": 5.417
    },
    {
      "playerOne": 3,
      "playerTwo": 23,
      "winPercentage": 23.965
    },
    {
      "playerOne": 3,
      "playerTwo": 24,
      "winPercentage": 22.63
    },
    {
      "playerOne": 3,
      "playerTwo": 25,
      "winPercentage": 47.327
    },
    {
      "playerOne": 3,
      "playerTwo": 26,
      "winPercentage": 4.277
    },
    {
      "playerOne": 3,
      "playerTwo": 27,
      "winPercentage": 73.299
    },
    {
      "playerOne": 3,
      "playerTwo": 28,
      "winPercentage": 26.301
    },
    {
      "playerOne": 3,
      "playerTwo": 29,
      "winPercentage": 25.79
    },
    {
      "playerOne": 3,
      "playerTwo": 30,
      "winPercentage": 65.354
    },
    {
      "playerOne": 3,
      "playerTwo": 31,
      "winPercentage": 20.422
    },
    {
      "playerOne": 3,
      "playerTwo": 32,
      "winPercentage": 6.889
    },
    {
      "playerOne": 3,
      "playerTwo": 33,
      "winPercentage": 80.252
    },
    {
      "playerOne": 3,
      "playerTwo": 34,
      "winPercentage": 96.028
    },
    {
      "playerOne": 3,
      "playerTwo": 35,
      "winPercentage": 56.341
    },
    {
      "playerOne": 3,
      "playerTwo": 36,
      "winPercentage": 67.342
    },
    {
      "playerOne": 3,
      "playerTwo": 37,
      "winPercentage": 59.204
    },
    {
      "playerOne": 3,
      "playerTwo": 38,
      "winPercentage": 58.338
    },
    {
      "playerOne": 3,
      "playerTwo": 39,
      "winPercentage": 98.618
    },
    {
      "playerOne": 4,
      "playerTwo": 5,
      "winPercentage": 75.953
    },
    {
      "playerOne": 4,
      "playerTwo": 6,
      "winPercentage": 72.728
    },
    {
      "playerOne": 4,
      "playerTwo": 7,
      "winPercentage": 68.841
    },
    {
      "playerOne": 4,
      "playerTwo": 8,
      "winPercentage": 7.137
    },
    {
      "playerOne": 4,
      "playerTwo": 9,
      "winPercentage": 29.288
    },
    {
      "playerOne": 4,
      "playerTwo": 10,
      "winPercentage": 52.042
    },
    {
      "playerOne": 4,
      "playerTwo": 11,
      "winPercentage": 2.982
    },
    {
      "playerOne": 4,
      "playerTwo": 12,
      "winPercentage": 97.153
    },
    {
      "playerOne": 4,
      "playerTwo": 13,
      "winPercentage": 51.244
    },
    {
      "playerOne": 4,
      "playerTwo": 14,
      "winPercentage": 3.491
    },
    {
      "playerOne": 4,
      "playerTwo": 15,
      "winPercentage": 29.916
    },
    {
      "playerOne": 4,
      "playerTwo": 16,
      "winPercentage": 57.939
    },
    {
      "playerOne": 4,
      "playerTwo": 17,
      "winPercentage": 59.517
    },
    {
      "playerOne": 4,
      "playerTwo": 18,
      "winPercentage": 40.837
    },
    {
      "playerOne": 4,
      "playerTwo": 19,
      "winPercentage": 57.904
    },
    {
      "playerOne": 4,
      "playerTwo": 20,
      "winPercentage": 25.641
    },
    {
      "playerOne": 4,
      "playerTwo": 21,
      "winPercentage": 86.229
    },
    {
      "playerOne": 4,
      "playerTwo": 22,
      "winPercentage": 47.124
    },
    {
      "playerOne": 4,
      "playerTwo": 23,
      "winPercentage": 82.697
    },
    {
      "playerOne": 4,
      "playerTwo": 24,
      "winPercentage": 63.82
    },
    {
      "playerOne": 4,
      "playerTwo": 25,
      "winPercentage": 8.57
    },
    {
      "playerOne": 4,
      "playerTwo": 26,
      "winPercentage": 70.085
    },
    {
      "playerOne": 4,
      "playerTwo": 27,
      "winPercentage": 88.69
    },
    {
      "playerOne": 4,
      "playerTwo": 28,
      "winPercentage": 92.093
    },
    {
      "playerOne": 4,
      "playerTwo": 29,
      "winPercentage": 58.09
    },
    {
      "playerOne": 4,
      "playerTwo": 30,
      "winPercentage": 53.303
    },
    {
      "playerOne": 4,
      "playerTwo": 31,
      "winPercentage": 71.876
    },
    {
      "playerOne": 4,
      "playerTwo": 32,
      "winPercentage": 93.158
    },
    {
      "playerOne": 4,
      "playerTwo": 33,
      "winPercentage": 25.951
    },
    {
      "playerOne": 4,
      "playerTwo": 34,
      "winPercentage": 91.247
    },
    {
      "playerOne": 4,
      "playerTwo": 35,
      "winPercentage": 98.112
    },
    {
      "playerOne": 4,
      "playerTwo": 36,
      "winPercentage": 83.159
    },
    {
      "playerOne": 4,
      "playerTwo": 37,
      "winPercentage": 6.147
    },
    {
      "playerOne": 4,
      "playerTwo": 38,
      "winPercentage": 84.056
    },
    {
      "playerOne": 4,
      "playerTwo": 39,
      "winPercentage": 51.681
    },
    {
      "playerOne": 5,
      "playerTwo": 6,
      "winPercentage": 65.379
    },
    {
      "playerOne": 5,
      "playerTwo": 7,
      "winPercentage": 24.297
    },
    {
      "playerOne": 5,
      "playerTwo": 8,
      "winPercentage": 69.829
    },
    {
      "playerOne": 5,
      "playerTwo": 9,
      "winPercentage": 85.067
    },
    {
      "playerOne": 5,
      "playerTwo": 10,
      "winPercentage": 98.197
    },
    {
      "playerOne": 5,
      "playerTwo": 11,
      "winPercentage": 76.635
    },
    {
      "playerOne": 5,
      "playerTwo": 12,
      "winPercentage": 41.677
    },
    {
      "playerOne": 5,
      "playerTwo": 13,
      "winPercentage": 69.767
    },
    {
      "playerOne": 5,
      "playerTwo": 14,
      "winPercentage": 0.555
    },
    {
      "playerOne": 5,
      "playerTwo": 15,
      "winPercentage": 96.833
    },
    {
      "playerOne": 5,
      "playerTwo": 16,
      "winPercentage": 71.687
    },
    {
      "playerOne": 5,
      "playerTwo": 17,
      "winPercentage": 79.159
    },
    {
      "playerOne": 5,
      "playerTwo": 18,
      "winPercentage": 11.281
    },
    {
      "playerOne": 5,
      "playerTwo": 19,
      "winPercentage": 33.961
    },
    {
      "playerOne": 5,
      "playerTwo": 20,
      "winPercentage": 58.503
    },
    {
      "playerOne": 5,
      "playerTwo": 21,
      "winPercentage": 72.983
    },
    {
      "playerOne": 5,
      "playerTwo": 22,
      "winPercentage": 65.88
    },
    {
      "playerOne": 5,
      "playerTwo": 23,
      "winPercentage": 27.993
    },
    {
      "playerOne": 5,
      "playerTwo": 24,
      "winPercentage": 68.938
    },
    {
      "playerOne": 5,
      "playerTwo": 25,
      "winPercentage": 89.332
    },
    {
      "playerOne": 5,
      "playerTwo": 26,
      "winPercentage": 94.95
    },
    {
      "playerOne": 5,
      "playerTwo": 27,
      "winPercentage": 40.747
    },
    {
      "playerOne": 5,
      "playerTwo": 28,
      "winPercentage": 66.804
    },
    {
      "playerOne": 5,
      "playerTwo": 29,
      "winPercentage": 84.311
    },
    {
      "playerOne": 5,
      "playerTwo": 30,
      "winPercentage": 89.075
    },
    {
      "playerOne": 5,
      "playerTwo": 31,
      "winPercentage": 64.647
    },
    {
      "playerOne": 5,
      "playerTwo": 32,
      "winPercentage": 19.163
    },
    {
      "playerOne": 5,
      "playerTwo": 33,
      "winPercentage": 51.911
    },
    {
      "playerOne": 5,
      "playerTwo": 34,
      "winPercentage": 31.849
    },
    {
      "playerOne": 5,
      "playerTwo": 35,
      "winPercentage": 22.236
    },
    {
      "playerOne": 5,
      "playerTwo": 36,
      "winPercentage": 5976.7
    },
    {
      "playerOne": 5,
      "playerTwo": 37,
      "winPercentage": 49.109
    },
    {
      "playerOne": 5,
      "playerTwo": 38,
      "winPercentage": 9906.8
    },
    {
      "playerOne": 5,
      "playerTwo": 39,
      "winPercentage": 94.705
    },
    {
      "playerOne": 6,
      "playerTwo": 7,
      "winPercentage": 32.075
    },
    {
      "playerOne": 6,
      "playerTwo": 8,
      "winPercentage": 80.494
    },
    {
      "playerOne": 6,
      "playerTwo": 9,
      "winPercentage": 20.021
    },
    {
      "playerOne": 6,
      "playerTwo": 10,
      "winPercentage": 21.164
    },
    {
      "playerOne": 6,
      "playerTwo": 11,
      "winPercentage": 39.753
    },
    {
      "playerOne": 6,
      "playerTwo": 12,
      "winPercentage": 73.763
    },
    {
      "playerOne": 6,
      "playerTwo": 13,
      "winPercentage": 51.8
    },
    {
      "playerOne": 6,
      "playerTwo": 14,
      "winPercentage": 82.991
    },
    {
      "playerOne": 6,
      "playerTwo": 15,
      "winPercentage": 99.683
    },
    {
      "playerOne": 6,
      "playerTwo": 16,
      "winPercentage": 64.148
    },
    {
      "playerOne": 6,
      "playerTwo": 17,
      "winPercentage": 24.23
    },
    {
      "playerOne": 6,
      "playerTwo": 18,
      "winPercentage": 66.229
    },
    {
      "playerOne": 6,
      "playerTwo": 19,
      "winPercentage": 8.23
    },
    {
      "playerOne": 6,
      "playerTwo": 20,
      "winPercentage": 42.792
    },
    {
      "playerOne": 6,
      "playerTwo": 21,
      "winPercentage": 63.49
    },
    {
      "playerOne": 6,
      "playerTwo": 22,
      "winPercentage": 77.517
    },
    {
      "playerOne": 6,
      "playerTwo": 23,
      "winPercentage": 68.392
    },
    {
      "playerOne": 6,
      "playerTwo": 24,
      "winPercentage": 67.091
    },
    {
      "playerOne": 6,
      "playerTwo": 25,
      "winPercentage": 97.682
    },
    {
      "playerOne": 6,
      "playerTwo": 26,
      "winPercentage": 6.369
    },
    {
      "playerOne": 6,
      "playerTwo": 27,
      "winPercentage": 28.987
    },
    {
      "playerOne": 6,
      "playerTwo": 28,
      "winPercentage": 3.716
    },
    {
      "playerOne": 6,
      "playerTwo": 29,
      "winPercentage": 6.121
    },
    {
      "playerOne": 6,
      "playerTwo": 30,
      "winPercentage": 92.962
    },
    {
      "playerOne": 6,
      "playerTwo": 31,
      "winPercentage": 10.167
    },
    {
      "playerOne": 6,
      "playerTwo": 32,
      "winPercentage": 97.287
    },
    {
      "playerOne": 6,
      "playerTwo": 33,
      "winPercentage": 37.452
    },
    {
      "playerOne": 6,
      "playerTwo": 34,
      "winPercentage": 29.416
    },
    {
      "playerOne": 6,
      "playerTwo": 35,
      "winPercentage": 27.939
    },
    {
      "playerOne": 6,
      "playerTwo": 36,
      "winPercentage": 44.866
    },
    {
      "playerOne": 6,
      "playerTwo": 37,
      "winPercentage": 86.492
    },
    {
      "playerOne": 6,
      "playerTwo": 38,
      "winPercentage": 75.847
    },
    {
      "playerOne": 6,
      "playerTwo": 39,
      "winPercentage": 71.145
    },
    {
      "playerOne": 7,
      "playerTwo": 8,
      "winPercentage": 28.154
    },
    {
      "playerOne": 7,
      "playerTwo": 9,
      "winPercentage": 26.965
    },
    {
      "playerOne": 7,
      "playerTwo": 10,
      "winPercentage": 97.395
    },
    {
      "playerOne": 7,
      "playerTwo": 11,
      "winPercentage": 8.149
    },
    {
      "playerOne": 7,
      "playerTwo": 12,
      "winPercentage": 8.357
    },
    {
      "playerOne": 7,
      "playerTwo": 13,
      "winPercentage": 7.216
    },
    {
      "playerOne": 7,
      "playerTwo": 14,
      "winPercentage": 9.683
    },
    {
      "playerOne": 7,
      "playerTwo": 15,
      "winPercentage": 30.618
    },
    {
      "playerOne": 7,
      "playerTwo": 16,
      "winPercentage": 8.126
    },
    {
      "playerOne": 7,
      "playerTwo": 17,
      "winPercentage": 66.02
    },
    {
      "playerOne": 7,
      "playerTwo": 18,
      "winPercentage": 59.051
    },
    {
      "playerOne": 7,
      "playerTwo": 19,
      "winPercentage": 74.177
    },
    {
      "playerOne": 7,
      "playerTwo": 20,
      "winPercentage": 3.937
    },
    {
      "playerOne": 7,
      "playerTwo": 21,
      "winPercentage": 38.331
    },
    {
      "playerOne": 7,
      "playerTwo": 22,
      "winPercentage": 23.598
    },
    {
      "playerOne": 7,
      "playerTwo": 23,
      "winPercentage": 68.646
    },
    {
      "playerOne": 7,
      "playerTwo": 24,
      "winPercentage": 83.445
    },
    {
      "playerOne": 7,
      "playerTwo": 25,
      "winPercentage": 62.361
    },
    {
      "playerOne": 7,
      "playerTwo": 26,
      "winPercentage": 98.201
    },
    {
      "playerOne": 7,
      "playerTwo": 27,
      "winPercentage": 91.791
    },
    {
      "playerOne": 7,
      "playerTwo": 28,
      "winPercentage": 18.311
    },
    {
      "playerOne": 7,
      "playerTwo": 29,
      "winPercentage": 30.119
    },
    {
      "playerOne": 7,
      "playerTwo": 30,
      "winPercentage": 32.34
    },
    {
      "playerOne": 7,
      "playerTwo": 31,
      "winPercentage": 40.727
    },
    {
      "playerOne": 7,
      "playerTwo": 32,
      "winPercentage": 0.64
    },
    {
      "playerOne": 7,
      "playerTwo": 33,
      "winPercentage": 75.943
    },
    {
      "playerOne": 7,
      "playerTwo": 34,
      "winPercentage": 43.681
    },
    {
      "playerOne": 7,
      "playerTwo": 35,
      "winPercentage": 6.596
    },
    {
      "playerOne": 7,
      "playerTwo": 36,
      "winPercentage": 21.936
    },
    {
      "playerOne": 7,
      "playerTwo": 37,
      "winPercentage": 31.376
    },
    {
      "playerOne": 7,
      "playerTwo": 38,
      "winPercentage": 3.934
    },
    {
      "playerOne": 7,
      "playerTwo": 39,
      "winPercentage": 23.638
    },
    {
      "playerOne": 8,
      "playerTwo": 9,
      "winPercentage": 79.741
    },
    {
      "playerOne": 8,
      "playerTwo": 10,
      "winPercentage": 92.325
    },
    {
      "playerOne": 8,
      "playerTwo": 11,
      "winPercentage": 48.288
    },
    {
      "playerOne": 8,
      "playerTwo": 12,
      "winPercentage": 2.071
    },
    {
      "playerOne": 8,
      "playerTwo": 13,
      "winPercentage": 2496.2
    },
    {
      "playerOne": 8,
      "playerTwo": 14,
      "winPercentage": 95.243
    },
    {
      "playerOne": 8,
      "playerTwo": 15,
      "winPercentage": 3.776
    },
    {
      "playerOne": 8,
      "playerTwo": 16,
      "winPercentage": 73.697
    },
    {
      "playerOne": 8,
      "playerTwo": 17,
      "winPercentage": 1470.3
    },
    {
      "playerOne": 8,
      "playerTwo": 18,
      "winPercentage": 40.887
    },
    {
      "playerOne": 8,
      "playerTwo": 19,
      "winPercentage": 44.243
    },
    {
      "playerOne": 8,
      "playerTwo": 20,
      "winPercentage": 57.502
    },
    {
      "playerOne": 8,
      "playerTwo": 21,
      "winPercentage": 66.59
    },
    {
      "playerOne": 8,
      "playerTwo": 22,
      "winPercentage": 36.961
    },
    {
      "playerOne": 8,
      "playerTwo": 23,
      "winPercentage": 34.085
    },
    {
      "playerOne": 8,
      "playerTwo": 24,
      "winPercentage": 69.058
    },
    {
      "playerOne": 8,
      "playerTwo": 25,
      "winPercentage": 47.095
    },
    {
      "playerOne": 8,
      "playerTwo": 26,
      "winPercentage": 90.133
    },
    {
      "playerOne": 8,
      "playerTwo": 27,
      "winPercentage": 41.155
    },
    {
      "playerOne": 8,
      "playerTwo": 28,
      "winPercentage": 24.967
    },
    {
      "playerOne": 8,
      "playerTwo": 29,
      "winPercentage": 47.565
    },
    {
      "playerOne": 8,
      "playerTwo": 30,
      "winPercentage": 93.428
    },
    {
      "playerOne": 8,
      "playerTwo": 31,
      "winPercentage": 3.449
    },
    {
      "playerOne": 8,
      "playerTwo": 32,
      "winPercentage": 57.07
    },
    {
      "playerOne": 8,
      "playerTwo": 33,
      "winPercentage": 8.422
    },
    {
      "playerOne": 8,
      "playerTwo": 34,
      "winPercentage": 56.746
    },
    {
      "playerOne": 8,
      "playerTwo": 35,
      "winPercentage": 9.169
    },
    {
      "playerOne": 8,
      "playerTwo": 36,
      "winPercentage": 82.195
    },
    {
      "playerOne": 8,
      "playerTwo": 37,
      "winPercentage": 98.198
    },
    {
      "playerOne": 8,
      "playerTwo": 38,
      "winPercentage": 80.68
    },
    {
      "playerOne": 8,
      "playerTwo": 39,
      "winPercentage": 65.471
    },
    {
      "playerOne": 9,
      "playerTwo": 10,
      "winPercentage": 82.207
    },
    {
      "playerOne": 9,
      "playerTwo": 11,
      "winPercentage": 41.423
    },
    {
      "playerOne": 9,
      "playerTwo": 12,
      "winPercentage": 51.508
    },
    {
      "playerOne": 9,
      "playerTwo": 13,
      "winPercentage": 70.18
    },
    {
      "playerOne": 9,
      "playerTwo": 14,
      "winPercentage": 51.954
    },
    {
      "playerOne": 9,
      "playerTwo": 15,
      "winPercentage": 34.821
    },
    {
      "playerOne": 9,
      "playerTwo": 16,
      "winPercentage": 86.022
    },
    {
      "playerOne": 9,
      "playerTwo": 17,
      "winPercentage": 99.806
    },
    {
      "playerOne": 9,
      "playerTwo": 18,
      "winPercentage": 52.275
    },
    {
      "playerOne": 9,
      "playerTwo": 19,
      "winPercentage": 83.786
    },
    {
      "playerOne": 9,
      "playerTwo": 20,
      "winPercentage": 72.341
    },
    {
      "playerOne": 9,
      "playerTwo": 21,
      "winPercentage": 91.734
    },
    {
      "playerOne": 9,
      "playerTwo": 22,
      "winPercentage": 28.5
    },
    {
      "playerOne": 9,
      "playerTwo": 23,
      "winPercentage": 1.963
    },
    {
      "playerOne": 9,
      "playerTwo": 24,
      "winPercentage": 97.436
    },
    {
      "playerOne": 9,
      "playerTwo": 25,
      "winPercentage": 20.405
    },
    {
      "playerOne": 9,
      "playerTwo": 26,
      "winPercentage": 40.73
    },
    {
      "playerOne": 9,
      "playerTwo": 27,
      "winPercentage": 82.52
    },
    {
      "playerOne": 9,
      "playerTwo": 28,
      "winPercentage": 43.537
    },
    {
      "playerOne": 9,
      "playerTwo": 29,
      "winPercentage": 4.391
    },
    {
      "playerOne": 9,
      "playerTwo": 30,
      "winPercentage": 19.872
    },
    {
      "playerOne": 9,
      "playerTwo": 31,
      "winPercentage": 88.738
    },
    {
      "playerOne": 9,
      "playerTwo": 32,
      "winPercentage": 66.086
    },
    {
      "playerOne": 9,
      "playerTwo": 33,
      "winPercentage": 0.944
    },
    {
      "playerOne": 9,
      "playerTwo": 34,
      "winPercentage": 48.237
    },
    {
      "playerOne": 9,
      "playerTwo": 35,
      "winPercentage": 33.304
    },
    {
      "playerOne": 9,
      "playerTwo": 36,
      "winPercentage": 24.105
    },
    {
      "playerOne": 9,
      "playerTwo": 37,
      "winPercentage": 45.315
    },
    {
      "playerOne": 9,
      "playerTwo": 38,
      "winPercentage": 98.973
    },
    {
      "playerOne": 9,
      "playerTwo": 39,
      "winPercentage": 90.092
    },
    {
      "playerOne": 10,
      "playerTwo": 11,
      "winPercentage": 86.26
    },
    {
      "playerOne": 10,
      "playerTwo": 12,
      "winPercentage": 88.267
    },
    {
      "playerOne": 10,
      "playerTwo": 13,
      "winPercentage": 70.108
    },
    {
      "playerOne": 10,
      "playerTwo": 14,
      "winPercentage": 57.851
    },
    {
      "playerOne": 10,
      "playerTwo": 15,
      "winPercentage": 89.973
    },
    {
      "playerOne": 10,
      "playerTwo": 16,
      "winPercentage": 34.178
    },
    {
      "playerOne": 10,
      "playerTwo": 17,
      "winPercentage": 39.834
    },
    {
      "playerOne": 10,
      "playerTwo": 18,
      "winPercentage": 20.104
    },
    {
      "playerOne": 10,
      "playerTwo": 19,
      "winPercentage": 20.651
    },
    {
      "playerOne": 10,
      "playerTwo": 20,
      "winPercentage": 69.591
    },
    {
      "playerOne": 10,
      "playerTwo": 21,
      "winPercentage": 79.883
    },
    {
      "playerOne": 10,
      "playerTwo": 22,
      "winPercentage": 6.541
    },
    {
      "playerOne": 10,
      "playerTwo": 23,
      "winPercentage": 49.133
    },
    {
      "playerOne": 10,
      "playerTwo": 24,
      "winPercentage": 61.246
    },
    {
      "playerOne": 10,
      "playerTwo": 25,
      "winPercentage": 70.639
    },
    {
      "playerOne": 10,
      "playerTwo": 26,
      "winPercentage": 23.943
    },
    {
      "playerOne": 10,
      "playerTwo": 27,
      "winPercentage": 65.96
    },
    {
      "playerOne": 10,
      "playerTwo": 28,
      "winPercentage": 94.642
    },
    {
      "playerOne": 10,
      "playerTwo": 29,
      "winPercentage": 36.638
    },
    {
      "playerOne": 10,
      "playerTwo": 30,
      "winPercentage": 10.061
    },
    {
      "playerOne": 10,
      "playerTwo": 31,
      "winPercentage": 46.71
    },
    {
      "playerOne": 10,
      "playerTwo": 32,
      "winPercentage": 96.739
    },
    {
      "playerOne": 10,
      "playerTwo": 33,
      "winPercentage": 55.055
    },
    {
      "playerOne": 10,
      "playerTwo": 34,
      "winPercentage": 5.046
    },
    {
      "playerOne": 10,
      "playerTwo": 35,
      "winPercentage": 68.714
    },
    {
      "playerOne": 10,
      "playerTwo": 36,
      "winPercentage": 86.839
    },
    {
      "playerOne": 10,
      "playerTwo": 37,
      "winPercentage": 70.246
    },
    {
      "playerOne": 10,
      "playerTwo": 38,
      "winPercentage": 8.461
    },
    {
      "playerOne": 10,
      "playerTwo": 39,
      "winPercentage": 4.221
    },
    {
      "playerOne": 11,
      "playerTwo": 12,
      "winPercentage": 12.107
    },
    {
      "playerOne": 11,
      "playerTwo": 13,
      "winPercentage": 66.141
    },
    {
      "playerOne": 11,
      "playerTwo": 14,
      "winPercentage": 83.789
    },
    {
      "playerOne": 11,
      "playerTwo": 15,
      "winPercentage": 70.197
    },
    {
      "playerOne": 11,
      "playerTwo": 16,
      "winPercentage": 72.99
    },
    {
      "playerOne": 11,
      "playerTwo": 17,
      "winPercentage": 10.828
    },
    {
      "playerOne": 11,
      "playerTwo": 18,
      "winPercentage": 56.614
    },
    {
      "playerOne": 11,
      "playerTwo": 19,
      "winPercentage": 19.554
    },
    {
      "playerOne": 11,
      "playerTwo": 20,
      "winPercentage": 11.418
    },
    {
      "playerOne": 11,
      "playerTwo": 21,
      "winPercentage": 43.612
    },
    {
      "playerOne": 11,
      "playerTwo": 22,
      "winPercentage": 0.976
    },
    {
      "playerOne": 11,
      "playerTwo": 23,
      "winPercentage": 46.956
    },
    {
      "playerOne": 11,
      "playerTwo": 24,
      "winPercentage": 30.335
    },
    {
      "playerOne": 11,
      "playerTwo": 25,
      "winPercentage": 11.914
    },
    {
      "playerOne": 11,
      "playerTwo": 26,
      "winPercentage": 47.347
    },
    {
      "playerOne": 11,
      "playerTwo": 27,
      "winPercentage": 49.895
    },
    {
      "playerOne": 11,
      "playerTwo": 28,
      "winPercentage": 57.144
    },
    {
      "playerOne": 11,
      "playerTwo": 29,
      "winPercentage": 72.347
    },
    {
      "playerOne": 11,
      "playerTwo": 30,
      "winPercentage": 19.286
    },
    {
      "playerOne": 11,
      "playerTwo": 31,
      "winPercentage": 65.793
    },
    {
      "playerOne": 11,
      "playerTwo": 32,
      "winPercentage": 46.049
    },
    {
      "playerOne": 11,
      "playerTwo": 33,
      "winPercentage": 97.248
    },
    {
      "playerOne": 11,
      "playerTwo": 34,
      "winPercentage": 24.851
    },
    {
      "playerOne": 11,
      "playerTwo": 35,
      "winPercentage": 71.984
    },
    {
      "playerOne": 11,
      "playerTwo": 36,
      "winPercentage": 12.477
    },
    {
      "playerOne": 11,
      "playerTwo": 37,
      "winPercentage": 60.393
    },
    {
      "playerOne": 11,
      "playerTwo": 38,
      "winPercentage": 68.598
    },
    {
      "playerOne": 11,
      "playerTwo": 39,
      "winPercentage": 67.848
    },
    {
      "playerOne": 12,
      "playerTwo": 13,
      "winPercentage": 18.085
    },
    {
      "playerOne": 12,
      "playerTwo": 14,
      "winPercentage": 4.52
    },
    {
      "playerOne": 12,
      "playerTwo": 15,
      "winPercentage": 22.903
    },
    {
      "playerOne": 12,
      "playerTwo": 16,
      "winPercentage": 5.33
    },
    {
      "playerOne": 12,
      "playerTwo": 17,
      "winPercentage": 33.698
    },
    {
      "playerOne": 12,
      "playerTwo": 18,
      "winPercentage": 23.833
    },
    {
      "playerOne": 12,
      "playerTwo": 19,
      "winPercentage": 90.805
    },
    {
      "playerOne": 12,
      "playerTwo": 20,
      "winPercentage": 59.886
    },
    {
      "playerOne": 12,
      "playerTwo": 21,
      "winPercentage": 39.344
    },
    {
      "playerOne": 12,
      "playerTwo": 22,
      "winPercentage": 37.022
    },
    {
      "playerOne": 12,
      "playerTwo": 23,
      "winPercentage": 38.094
    },
    {
      "playerOne": 12,
      "playerTwo": 24,
      "winPercentage": 59.52
    },
    {
      "playerOne": 12,
      "playerTwo": 25,
      "winPercentage": 81.076
    },
    {
      "playerOne": 12,
      "playerTwo": 26,
      "winPercentage": 14.899
    },
    {
      "playerOne": 12,
      "playerTwo": 27,
      "winPercentage": 39.523
    },
    {
      "playerOne": 12,
      "playerTwo": 28,
      "winPercentage": 50.04
    },
    {
      "playerOne": 12,
      "playerTwo": 29,
      "winPercentage": 37.823
    },
    {
      "playerOne": 12,
      "playerTwo": 30,
      "winPercentage": 87.445
    },
    {
      "playerOne": 12,
      "playerTwo": 31,
      "winPercentage": 28.948
    },
    {
      "playerOne": 12,
      "playerTwo": 32,
      "winPercentage": 44.04
    },
    {
      "playerOne": 12,
      "playerTwo": 33,
      "winPercentage": 84.623
    },
    {
      "playerOne": 12,
      "playerTwo": 34,
      "winPercentage": 0.779
    },
    {
      "playerOne": 12,
      "playerTwo": 35,
      "winPercentage": 54.61
    },
    {
      "playerOne": 12,
      "playerTwo": 36,
      "winPercentage": 78.379
    },
    {
      "playerOne": 12,
      "playerTwo": 37,
      "winPercentage": 6.39
    },
    {
      "playerOne": 12,
      "playerTwo": 38,
      "winPercentage": 53.658
    },
    {
      "playerOne": 12,
      "playerTwo": 39,
      "winPercentage": 28.663
    },
    {
      "playerOne": 13,
      "playerTwo": 14,
      "winPercentage": 61.62
    },
    {
      "playerOne": 13,
      "playerTwo": 15,
      "winPercentage": 90.484
    },
    {
      "playerOne": 13,
      "playerTwo": 16,
      "winPercentage": 80.971
    },
    {
      "playerOne": 13,
      "playerTwo": 17,
      "winPercentage": 26.829
    },
    {
      "playerOne": 13,
      "playerTwo": 18,
      "winPercentage": 1.142
    },
    {
      "playerOne": 13,
      "playerTwo": 19,
      "winPercentage": 74.09
    },
    {
      "playerOne": 13,
      "playerTwo": 20,
      "winPercentage": 44.078
    },
    {
      "playerOne": 13,
      "playerTwo": 21,
      "winPercentage": 79.752
    },
    {
      "playerOne": 13,
      "playerTwo": 22,
      "winPercentage": 32.536
    },
    {
      "playerOne": 13,
      "playerTwo": 23,
      "winPercentage": 67.395
    },
    {
      "playerOne": 13,
      "playerTwo": 24,
      "winPercentage": 59.623
    },
    {
      "playerOne": 13,
      "playerTwo": 25,
      "winPercentage": 51.311
    },
    {
      "playerOne": 13,
      "playerTwo": 26,
      "winPercentage": 64.022
    },
    {
      "playerOne": 13,
      "playerTwo": 27,
      "winPercentage": 85.938
    },
    {
      "playerOne": 13,
      "playerTwo": 28,
      "winPercentage": 87.71
    },
    {
      "playerOne": 13,
      "playerTwo": 29,
      "winPercentage": 56.601
    },
    {
      "playerOne": 13,
      "playerTwo": 30,
      "winPercentage": 97.355
    },
    {
      "playerOne": 13,
      "playerTwo": 31,
      "winPercentage": 96.746
    },
    {
      "playerOne": 13,
      "playerTwo": 32,
      "winPercentage": 81.18
    },
    {
      "playerOne": 13,
      "playerTwo": 33,
      "winPercentage": 9.359
    },
    {
      "playerOne": 13,
      "playerTwo": 34,
      "winPercentage": 70.472
    },
    {
      "playerOne": 13,
      "playerTwo": 35,
      "winPercentage": 88.037
    },
    {
      "playerOne": 13,
      "playerTwo": 36,
      "winPercentage": 53.892
    },
    {
      "playerOne": 13,
      "playerTwo": 37,
      "winPercentage": 0.698
    },
    {
      "playerOne": 13,
      "playerTwo": 38,
      "winPercentage": 3174.4
    },
    {
      "playerOne": 13,
      "playerTwo": 39,
      "winPercentage": 9.495
    },
    {
      "playerOne": 14,
      "playerTwo": 15,
      "winPercentage": 25.948
    },
    {
      "playerOne": 14,
      "playerTwo": 16,
      "winPercentage": 77.596
    },
    {
      "playerOne": 14,
      "playerTwo": 17,
      "winPercentage": 10.062
    },
    {
      "playerOne": 14,
      "playerTwo": 18,
      "winPercentage": 36.192
    },
    {
      "playerOne": 14,
      "playerTwo": 19,
      "winPercentage": 76.658
    },
    {
      "playerOne": 14,
      "playerTwo": 20,
      "winPercentage": 77.454
    },
    {
      "playerOne": 14,
      "playerTwo": 21,
      "winPercentage": 84.41
    },
    {
      "playerOne": 14,
      "playerTwo": 22,
      "winPercentage": 81.37
    },
    {
      "playerOne": 14,
      "playerTwo": 23,
      "winPercentage": 0.975
    },
    {
      "playerOne": 14,
      "playerTwo": 24,
      "winPercentage": 33.52
    },
    {
      "playerOne": 14,
      "playerTwo": 25,
      "winPercentage": 50.671
    },
    {
      "playerOne": 14,
      "playerTwo": 26,
      "winPercentage": 21.43
    },
    {
      "playerOne": 14,
      "playerTwo": 27,
      "winPercentage": 50.084
    },
    {
      "playerOne": 14,
      "playerTwo": 28,
      "winPercentage": 88.435
    },
    {
      "playerOne": 14,
      "playerTwo": 29,
      "winPercentage": 74.507
    },
    {
      "playerOne": 14,
      "playerTwo": 30,
      "winPercentage": 77.512
    },
    {
      "playerOne": 14,
      "playerTwo": 31,
      "winPercentage": 58.74
    },
    {
      "playerOne": 14,
      "playerTwo": 32,
      "winPercentage": 72.362
    },
    {
      "playerOne": 14,
      "playerTwo": 33,
      "winPercentage": 93.507
    },
    {
      "playerOne": 14,
      "playerTwo": 34,
      "winPercentage": 71.611
    },
    {
      "playerOne": 14,
      "playerTwo": 35,
      "winPercentage": 87.091
    },
    {
      "playerOne": 14,
      "playerTwo": 36,
      "winPercentage": 18.453
    },
    {
      "playerOne": 14,
      "playerTwo": 37,
      "winPercentage": 45.934
    },
    {
      "playerOne": 14,
      "playerTwo": 38,
      "winPercentage": 37.009
    },
    {
      "playerOne": 14,
      "playerTwo": 39,
      "winPercentage": 37.971
    },
    {
      "playerOne": 15,
      "playerTwo": 16,
      "winPercentage": 74.062
    },
    {
      "playerOne": 15,
      "playerTwo": 17,
      "winPercentage": 93.289
    },
    {
      "playerOne": 15,
      "playerTwo": 18,
      "winPercentage": 19.71
    },
    {
      "playerOne": 15,
      "playerTwo": 19,
      "winPercentage": 5.927
    },
    {
      "playerOne": 15,
      "playerTwo": 20,
      "winPercentage": 8.91
    },
    {
      "playerOne": 15,
      "playerTwo": 21,
      "winPercentage": 74.981
    },
    {
      "playerOne": 15,
      "playerTwo": 22,
      "winPercentage": 63.189
    },
    {
      "playerOne": 15,
      "playerTwo": 23,
      "winPercentage": 88.651
    },
    {
      "playerOne": 15,
      "playerTwo": 24,
      "winPercentage": 98.182
    },
    {
      "playerOne": 15,
      "playerTwo": 25,
      "winPercentage": 82.119
    },
    {
      "playerOne": 15,
      "playerTwo": 26,
      "winPercentage": 60.706
    },
    {
      "playerOne": 15,
      "playerTwo": 27,
      "winPercentage": 22.445
    },
    {
      "playerOne": 15,
      "playerTwo": 28,
      "winPercentage": 30.843
    },
    {
      "playerOne": 15,
      "playerTwo": 29,
      "winPercentage": 88.025
    },
    {
      "playerOne": 15,
      "playerTwo": 30,
      "winPercentage": 63.425
    },
    {
      "playerOne": 15,
      "playerTwo": 31,
      "winPercentage": 70.819
    },
    {
      "playerOne": 15,
      "playerTwo": 32,
      "winPercentage": 67.594
    },
    {
      "playerOne": 15,
      "playerTwo": 33,
      "winPercentage": 67.467
    },
    {
      "playerOne": 15,
      "playerTwo": 34,
      "winPercentage": 23.874
    },
    {
      "playerOne": 15,
      "playerTwo": 35,
      "winPercentage": 82.631
    },
    {
      "playerOne": 15,
      "playerTwo": 36,
      "winPercentage": 43.103
    },
    {
      "playerOne": 15,
      "playerTwo": 37,
      "winPercentage": 63.736
    },
    {
      "playerOne": 15,
      "playerTwo": 38,
      "winPercentage": 11.452
    },
    {
      "playerOne": 15,
      "playerTwo": 39,
      "winPercentage": 15.411
    },
    {
      "playerOne": 16,
      "playerTwo": 17,
      "winPercentage": 39.272
    },
    {
      "playerOne": 16,
      "playerTwo": 18,
      "winPercentage": 34.062
    },
    {
      "playerOne": 16,
      "playerTwo": 19,
      "winPercentage": 70.372
    },
    {
      "playerOne": 16,
      "playerTwo": 20,
      "winPercentage": 19.365
    },
    {
      "playerOne": 16,
      "playerTwo": 21,
      "winPercentage": 4.55
    },
    {
      "playerOne": 16,
      "playerTwo": 22,
      "winPercentage": 20.169
    },
    {
      "playerOne": 16,
      "playerTwo": 23,
      "winPercentage": 20.054
    },
    {
      "playerOne": 16,
      "playerTwo": 24,
      "winPercentage": 92.682
    },
    {
      "playerOne": 16,
      "playerTwo": 25,
      "winPercentage": 93.667
    },
    {
      "playerOne": 16,
      "playerTwo": 26,
      "winPercentage": 12.674
    },
    {
      "playerOne": 16,
      "playerTwo": 27,
      "winPercentage": 57.153
    },
    {
      "playerOne": 16,
      "playerTwo": 28,
      "winPercentage": 65.603
    },
    {
      "playerOne": 16,
      "playerTwo": 29,
      "winPercentage": 84.156
    },
    {
      "playerOne": 16,
      "playerTwo": 30,
      "winPercentage": 47.778
    },
    {
      "playerOne": 16,
      "playerTwo": 31,
      "winPercentage": 44.185
    },
    {
      "playerOne": 16,
      "playerTwo": 32,
      "winPercentage": 31.655
    },
    {
      "playerOne": 16,
      "playerTwo": 33,
      "winPercentage": 50.088
    },
    {
      "playerOne": 16,
      "playerTwo": 34,
      "winPercentage": 61.804
    },
    {
      "playerOne": 16,
      "playerTwo": 35,
      "winPercentage": 68.606
    },
    {
      "playerOne": 16,
      "playerTwo": 36,
      "winPercentage": 29.386
    },
    {
      "playerOne": 16,
      "playerTwo": 37,
      "winPercentage": 42.209
    },
    {
      "playerOne": 16,
      "playerTwo": 38,
      "winPercentage": 93.742
    },
    {
      "playerOne": 16,
      "playerTwo": 39,
      "winPercentage": 27.856
    },
    {
      "playerOne": 17,
      "playerTwo": 18,
      "winPercentage": 63.5
    },
    {
      "playerOne": 17,
      "playerTwo": 19,
      "winPercentage": 0.336
    },
    {
      "playerOne": 17,
      "playerTwo": 20,
      "winPercentage": 49.403
    },
    {
      "playerOne": 17,
      "playerTwo": 21,
      "winPercentage": 1.358
    },
    {
      "playerOne": 17,
      "playerTwo": 22,
      "winPercentage": 32.241
    },
    {
      "playerOne": 17,
      "playerTwo": 23,
      "winPercentage": 14.597
    },
    {
      "playerOne": 17,
      "playerTwo": 24,
      "winPercentage": 80.49
    },
    {
      "playerOne": 17,
      "playerTwo": 25,
      "winPercentage": 82.942
    },
    {
      "playerOne": 17,
      "playerTwo": 26,
      "winPercentage": 28.4
    },
    {
      "playerOne": 17,
      "playerTwo": 27,
      "winPercentage": 38.853
    },
    {
      "playerOne": 17,
      "playerTwo": 28,
      "winPercentage": 60.343
    },
    {
      "playerOne": 17,
      "playerTwo": 29,
      "winPercentage": 66.715
    },
    {
      "playerOne": 17,
      "playerTwo": 30,
      "winPercentage": 20.086
    },
    {
      "playerOne": 17,
      "playerTwo": 31,
      "winPercentage": 31.452
    },
    {
      "playerOne": 17,
      "playerTwo": 32,
      "winPercentage": 67.193
    },
    {
      "playerOne": 17,
      "playerTwo": 33,
      "winPercentage": 68.848
    },
    {
      "playerOne": 17,
      "playerTwo": 34,
      "winPercentage": 42.214
    },
    {
      "playerOne": 17,
      "playerTwo": 35,
      "winPercentage": 93.837
    },
    {
      "playerOne": 17,
      "playerTwo": 36,
      "winPercentage": 54.272
    },
    {
      "playerOne": 17,
      "playerTwo": 37,
      "winPercentage": 81.254
    },
    {
      "playerOne": 17,
      "playerTwo": 38,
      "winPercentage": 6.885
    },
    {
      "playerOne": 17,
      "playerTwo": 39,
      "winPercentage": 25.494
    },
    {
      "playerOne": 18,
      "playerTwo": 19,
      "winPercentage": 94.102
    },
    {
      "playerOne": 18,
      "playerTwo": 20,
      "winPercentage": 98.019
    },
    {
      "playerOne": 18,
      "playerTwo": 21,
      "winPercentage": 2.838
    },
    {
      "playerOne": 18,
      "playerTwo": 22,
      "winPercentage": 12.38
    },
    {
      "playerOne": 18,
      "playerTwo": 23,
      "winPercentage": 19.003
    },
    {
      "playerOne": 18,
      "playerTwo": 24,
      "winPercentage": 38.274
    },
    {
      "playerOne": 18,
      "playerTwo": 25,
      "winPercentage": 67.378
    },
    {
      "playerOne": 18,
      "playerTwo": 26,
      "winPercentage": 61.809
    },
    {
      "playerOne": 18,
      "playerTwo": 27,
      "winPercentage": 61.058
    },
    {
      "playerOne": 18,
      "playerTwo": 28,
      "winPercentage": 79.929
    },
    {
      "playerOne": 18,
      "playerTwo": 29,
      "winPercentage": 7.1
    },
    {
      "playerOne": 18,
      "playerTwo": 30,
      "winPercentage": 32.503
    },
    {
      "playerOne": 18,
      "playerTwo": 31,
      "winPercentage": 21.279
    },
    {
      "playerOne": 18,
      "playerTwo": 32,
      "winPercentage": 99.305
    },
    {
      "playerOne": 18,
      "playerTwo": 33,
      "winPercentage": 26.71
    },
    {
      "playerOne": 18,
      "playerTwo": 34,
      "winPercentage": 55.13
    },
    {
      "playerOne": 18,
      "playerTwo": 35,
      "winPercentage": 37.146
    },
    {
      "playerOne": 18,
      "playerTwo": 36,
      "winPercentage": 87.939
    },
    {
      "playerOne": 18,
      "playerTwo": 37,
      "winPercentage": 40.303
    },
    {
      "playerOne": 18,
      "playerTwo": 38,
      "winPercentage": 68.14
    },
    {
      "playerOne": 18,
      "playerTwo": 39,
      "winPercentage": 5.25
    },
    {
      "playerOne": 19,
      "playerTwo": 20,
      "winPercentage": 16.473
    },
    {
      "playerOne": 19,
      "playerTwo": 21,
      "winPercentage": 99.496
    },
    {
      "playerOne": 19,
      "playerTwo": 22,
      "winPercentage": 64.862
    },
    {
      "playerOne": 19,
      "playerTwo": 23,
      "winPercentage": 7.963
    },
    {
      "playerOne": 19,
      "playerTwo": 24,
      "winPercentage": 95.798
    },
    {
      "playerOne": 19,
      "playerTwo": 25,
      "winPercentage": 56.254
    },
    {
      "playerOne": 19,
      "playerTwo": 26,
      "winPercentage": 4.352
    },
    {
      "playerOne": 19,
      "playerTwo": 27,
      "winPercentage": 67.981
    },
    {
      "playerOne": 19,
      "playerTwo": 28,
      "winPercentage": 57.301
    },
    {
      "playerOne": 19,
      "playerTwo": 29,
      "winPercentage": 87.332
    },
    {
      "playerOne": 19,
      "playerTwo": 30,
      "winPercentage": 10.822
    },
    {
      "playerOne": 19,
      "playerTwo": 31,
      "winPercentage": 47.385
    },
    {
      "playerOne": 19,
      "playerTwo": 32,
      "winPercentage": 45.878
    },
    {
      "playerOne": 19,
      "playerTwo": 33,
      "winPercentage": 52.77
    },
    {
      "playerOne": 19,
      "playerTwo": 34,
      "winPercentage": 66.726
    },
    {
      "playerOne": 19,
      "playerTwo": 35,
      "winPercentage": 50.91
    },
    {
      "playerOne": 19,
      "playerTwo": 36,
      "winPercentage": 81.1
    },
    {
      "playerOne": 19,
      "playerTwo": 37,
      "winPercentage": 78.139
    },
    {
      "playerOne": 19,
      "playerTwo": 38,
      "winPercentage": 17.406
    },
    {
      "playerOne": 19,
      "playerTwo": 39,
      "winPercentage": 47.258
    },
    {
      "playerOne": 20,
      "playerTwo": 21,
      "winPercentage": 95.67
    },
    {
      "playerOne": 20,
      "playerTwo": 22,
      "winPercentage": 4.963
    },
    {
      "playerOne": 20,
      "playerTwo": 23,
      "winPercentage": 68.446
    },
    {
      "playerOne": 20,
      "playerTwo": 24,
      "winPercentage": 91.996
    },
    {
      "playerOne": 20,
      "playerTwo": 25,
      "winPercentage": 74.462
    },
    {
      "playerOne": 20,
      "playerTwo": 26,
      "winPercentage": 54.011
    },
    {
      "playerOne": 20,
      "playerTwo": 27,
      "winPercentage": 44.529
    },
    {
      "playerOne": 20,
      "playerTwo": 28,
      "winPercentage": 82.806
    },
    {
      "playerOne": 20,
      "playerTwo": 29,
      "winPercentage": 85.835
    },
    {
      "playerOne": 20,
      "playerTwo": 30,
      "winPercentage": 5.234
    },
    {
      "playerOne": 20,
      "playerTwo": 31,
      "winPercentage": 99.691
    },
    {
      "playerOne": 20,
      "playerTwo": 32,
      "winPercentage": 13.279
    },
    {
      "playerOne": 20,
      "playerTwo": 33,
      "winPercentage": 72.468
    },
    {
      "playerOne": 20,
      "playerTwo": 34,
      "winPercentage": 63.859
    },
    {
      "playerOne": 20,
      "playerTwo": 35,
      "winPercentage": 83.791
    },
    {
      "playerOne": 20,
      "playerTwo": 36,
      "winPercentage": 17.263
    },
    {
      "playerOne": 20,
      "playerTwo": 37,
      "winPercentage": 26.826
    },
    {
      "playerOne": 20,
      "playerTwo": 38,
      "winPercentage": 25.535
    },
    {
      "playerOne": 20,
      "playerTwo": 39,
      "winPercentage": 72.951
    },
    {
      "playerOne": 21,
      "playerTwo": 22,
      "winPercentage": 76.444
    },
    {
      "playerOne": 21,
      "playerTwo": 23,
      "winPercentage": 20.968
    },
    {
      "playerOne": 21,
      "playerTwo": 24,
      "winPercentage": 96.479
    },
    {
      "playerOne": 21,
      "playerTwo": 25,
      "winPercentage": 36.969
    },
    {
      "playerOne": 21,
      "playerTwo": 26,
      "winPercentage": 81.324
    },
    {
      "playerOne": 21,
      "playerTwo": 27,
      "winPercentage": 77.77
    },
    {
      "playerOne": 21,
      "playerTwo": 28,
      "winPercentage": 76.534
    },
    {
      "playerOne": 21,
      "playerTwo": 29,
      "winPercentage": 8.089
    },
    {
      "playerOne": 21,
      "playerTwo": 30,
      "winPercentage": 93.425
    },
    {
      "playerOne": 21,
      "playerTwo": 31,
      "winPercentage": 24.653
    },
    {
      "playerOne": 21,
      "playerTwo": 32,
      "winPercentage": 25.499
    },
    {
      "playerOne": 21,
      "playerTwo": 33,
      "winPercentage": 77.155
    },
    {
      "playerOne": 21,
      "playerTwo": 34,
      "winPercentage": 64.566
    },
    {
      "playerOne": 21,
      "playerTwo": 35,
      "winPercentage": 17.909
    },
    {
      "playerOne": 21,
      "playerTwo": 36,
      "winPercentage": 1.283
    },
    {
      "playerOne": 21,
      "playerTwo": 37,
      "winPercentage": 31.273
    },
    {
      "playerOne": 21,
      "playerTwo": 38,
      "winPercentage": 32.759
    },
    {
      "playerOne": 21,
      "playerTwo": 39,
      "winPercentage": 77.5
    },
    {
      "playerOne": 22,
      "playerTwo": 23,
      "winPercentage": 14.62
    },
    {
      "playerOne": 22,
      "playerTwo": 24,
      "winPercentage": 55.604
    },
    {
      "playerOne": 22,
      "playerTwo": 25,
      "winPercentage": 62.477
    },
    {
      "playerOne": 22,
      "playerTwo": 26,
      "winPercentage": 30.473
    },
    {
      "playerOne": 22,
      "playerTwo": 27,
      "winPercentage": 8801.4
    },
    {
      "playerOne": 22,
      "playerTwo": 28,
      "winPercentage": 4.631
    },
    {
      "playerOne": 22,
      "playerTwo": 29,
      "winPercentage": 37.078
    },
    {
      "playerOne": 22,
      "playerTwo": 30,
      "winPercentage": 68.348
    },
    {
      "playerOne": 22,
      "playerTwo": 31,
      "winPercentage": 36.277
    },
    {
      "playerOne": 22,
      "playerTwo": 32,
      "winPercentage": 74.388
    },
    {
      "playerOne": 22,
      "playerTwo": 33,
      "winPercentage": 13.083
    },
    {
      "playerOne": 22,
      "playerTwo": 34,
      "winPercentage": 84.961
    },
    {
      "playerOne": 22,
      "playerTwo": 35,
      "winPercentage": 29.692
    },
    {
      "playerOne": 22,
      "playerTwo": 36,
      "winPercentage": 86.378
    },
    {
      "playerOne": 22,
      "playerTwo": 37,
      "winPercentage": 56.292
    },
    {
      "playerOne": 22,
      "playerTwo": 38,
      "winPercentage": 94.952
    },
    {
      "playerOne": 22,
      "playerTwo": 39,
      "winPercentage": 16.781
    },
    {
      "playerOne": 23,
      "playerTwo": 24,
      "winPercentage": 9.845
    },
    {
      "playerOne": 23,
      "playerTwo": 25,
      "winPercentage": 59.553
    },
    {
      "playerOne": 23,
      "playerTwo": 26,
      "winPercentage": 41.58
    },
    {
      "playerOne": 23,
      "playerTwo": 27,
      "winPercentage": 62.848
    },
    {
      "playerOne": 23,
      "playerTwo": 28,
      "winPercentage": 79.381
    },
    {
      "playerOne": 23,
      "playerTwo": 29,
      "winPercentage": 57.188
    },
    {
      "playerOne": 23,
      "playerTwo": 30,
      "winPercentage": 51.34
    },
    {
      "playerOne": 23,
      "playerTwo": 31,
      "winPercentage": 91.355
    },
    {
      "playerOne": 23,
      "playerTwo": 32,
      "winPercentage": 74.573
    },
    {
      "playerOne": 23,
      "playerTwo": 33,
      "winPercentage": 3.06
    },
    {
      "playerOne": 23,
      "playerTwo": 34,
      "winPercentage": 45.57
    },
    {
      "playerOne": 23,
      "playerTwo": 35,
      "winPercentage": 4.259
    },
    {
      "playerOne": 23,
      "playerTwo": 36,
      "winPercentage": 80.673
    },
    {
      "playerOne": 23,
      "playerTwo": 37,
      "winPercentage": 2.236
    },
    {
      "playerOne": 23,
      "playerTwo": 38,
      "winPercentage": 79.762
    },
    {
      "playerOne": 23,
      "playerTwo": 39,
      "winPercentage": 87.992
    },
    {
      "playerOne": 24,
      "playerTwo": 25,
      "winPercentage": 67.533
    },
    {
      "playerOne": 24,
      "playerTwo": 26,
      "winPercentage": 97.598
    },
    {
      "playerOne": 24,
      "playerTwo": 27,
      "winPercentage": 93.474
    },
    {
      "playerOne": 24,
      "playerTwo": 28,
      "winPercentage": 86.179
    },
    {
      "playerOne": 24,
      "playerTwo": 29,
      "winPercentage": 65.351
    },
    {
      "playerOne": 24,
      "playerTwo": 30,
      "winPercentage": 31.899
    },
    {
      "playerOne": 24,
      "playerTwo": 31,
      "winPercentage": 32.681
    },
    {
      "playerOne": 24,
      "playerTwo": 32,
      "winPercentage": 85.478
    },
    {
      "playerOne": 24,
      "playerTwo": 33,
      "winPercentage": 2.053
    },
    {
      "playerOne": 24,
      "playerTwo": 34,
      "winPercentage": 32.106
    },
    {
      "playerOne": 24,
      "playerTwo": 35,
      "winPercentage": 83.483
    },
    {
      "playerOne": 24,
      "playerTwo": 36,
      "winPercentage": 66.51
    },
    {
      "playerOne": 24,
      "playerTwo": 37,
      "winPercentage": 68.711
    },
    {
      "playerOne": 24,
      "playerTwo": 38,
      "winPercentage": 92.916
    },
    {
      "playerOne": 24,
      "playerTwo": 39,
      "winPercentage": 75.121
    },
    {
      "playerOne": 25,
      "playerTwo": 26,
      "winPercentage": 80.572
    },
    {
      "playerOne": 25,
      "playerTwo": 27,
      "winPercentage": 37.034
    },
    {
      "playerOne": 25,
      "playerTwo": 28,
      "winPercentage": 78.814
    },
    {
      "playerOne": 25,
      "playerTwo": 29,
      "winPercentage": 51.678
    },
    {
      "playerOne": 25,
      "playerTwo": 30,
      "winPercentage": 76.574
    },
    {
      "playerOne": 25,
      "playerTwo": 31,
      "winPercentage": 35.944
    },
    {
      "playerOne": 25,
      "playerTwo": 32,
      "winPercentage": 11.73
    },
    {
      "playerOne": 25,
      "playerTwo": 33,
      "winPercentage": 1.247
    },
    {
      "playerOne": 25,
      "playerTwo": 34,
      "winPercentage": 13.058
    },
    {
      "playerOne": 25,
      "playerTwo": 35,
      "winPercentage": 68.076
    },
    {
      "playerOne": 25,
      "playerTwo": 36,
      "winPercentage": 62.719
    },
    {
      "playerOne": 25,
      "playerTwo": 37,
      "winPercentage": 78.31
    },
    {
      "playerOne": 25,
      "playerTwo": 38,
      "winPercentage": 57.083
    },
    {
      "playerOne": 25,
      "playerTwo": 39,
      "winPercentage": 20.506
    },
    {
      "playerOne": 26,
      "playerTwo": 27,
      "winPercentage": 41.236
    },
    {
      "playerOne": 26,
      "playerTwo": 28,
      "winPercentage": 23.981
    },
    {
      "playerOne": 26,
      "playerTwo": 29,
      "winPercentage": 67.503
    },
    {
      "playerOne": 26,
      "playerTwo": 30,
      "winPercentage": 41.866
    },
    {
      "playerOne": 26,
      "playerTwo": 31,
      "winPercentage": 99.972
    },
    {
      "playerOne": 26,
      "playerTwo": 32,
      "winPercentage": 57.374
    },
    {
      "playerOne": 26,
      "playerTwo": 33,
      "winPercentage": 85.09
    },
    {
      "playerOne": 26,
      "playerTwo": 34,
      "winPercentage": 7.146
    },
    {
      "playerOne": 26,
      "playerTwo": 35,
      "winPercentage": 18.322
    },
    {
      "playerOne": 26,
      "playerTwo": 36,
      "winPercentage": 80.355
    },
    {
      "playerOne": 26,
      "playerTwo": 37,
      "winPercentage": 42.522
    },
    {
      "playerOne": 26,
      "playerTwo": 38,
      "winPercentage": 95.309
    },
    {
      "playerOne": 26,
      "playerTwo": 39,
      "winPercentage": 88.782
    },
    {
      "playerOne": 27,
      "playerTwo": 28,
      "winPercentage": 20.113
    },
    {
      "playerOne": 27,
      "playerTwo": 29,
      "winPercentage": 65.814
    },
    {
      "playerOne": 27,
      "playerTwo": 30,
      "winPercentage": 24.881
    },
    {
      "playerOne": 27,
      "playerTwo": 31,
      "winPercentage": 75.909
    },
    {
      "playerOne": 27,
      "playerTwo": 32,
      "winPercentage": 82.811
    },
    {
      "playerOne": 27,
      "playerTwo": 33,
      "winPercentage": 14.786
    },
    {
      "playerOne": 27,
      "playerTwo": 34,
      "winPercentage": 85.078
    },
    {
      "playerOne": 27,
      "playerTwo": 35,
      "winPercentage": 49.422
    },
    {
      "playerOne": 27,
      "playerTwo": 36,
      "winPercentage": 89.372
    },
    {
      "playerOne": 27,
      "playerTwo": 37,
      "winPercentage": 35.207
    },
    {
      "playerOne": 27,
      "playerTwo": 38,
      "winPercentage": 78.374
    },
    {
      "playerOne": 27,
      "playerTwo": 39,
      "winPercentage": 43.926
    },
    {
      "playerOne": 28,
      "playerTwo": 29,
      "winPercentage": 27.64
    },
    {
      "playerOne": 28,
      "playerTwo": 30,
      "winPercentage": 46.506
    },
    {
      "playerOne": 28,
      "playerTwo": 31,
      "winPercentage": 24.49
    },
    {
      "playerOne": 28,
      "playerTwo": 32,
      "winPercentage": 64.405
    },
    {
      "playerOne": 28,
      "playerTwo": 33,
      "winPercentage": 3714.0
    },
    {
      "playerOne": 28,
      "playerTwo": 34,
      "winPercentage": 68.681
    },
    {
      "playerOne": 28,
      "playerTwo": 35,
      "winPercentage": 66.139
    },
    {
      "playerOne": 28,
      "playerTwo": 36,
      "winPercentage": 84.471
    },
    {
      "playerOne": 28,
      "playerTwo": 37,
      "winPercentage": 33.856
    },
    {
      "playerOne": 28,
      "playerTwo": 38,
      "winPercentage": 84.573
    },
    {
      "playerOne": 28,
      "playerTwo": 39,
      "winPercentage": 1950.1
    },
    {
      "playerOne": 29,
      "playerTwo": 30,
      "winPercentage": 58.319
    },
    {
      "playerOne": 29,
      "playerTwo": 31,
      "winPercentage": 33.143
    },
    {
      "playerOne": 29,
      "playerTwo": 32,
      "winPercentage": 4.059
    },
    {
      "playerOne": 29,
      "playerTwo": 33,
      "winPercentage": 58.391
    },
    {
      "playerOne": 29,
      "playerTwo": 34,
      "winPercentage": 78.63
    },
    {
      "playerOne": 29,
      "playerTwo": 35,
      "winPercentage": 61.373
    },
    {
      "playerOne": 29,
      "playerTwo": 36,
      "winPercentage": 6.557
    },
    {
      "playerOne": 29,
      "playerTwo": 37,
      "winPercentage": 99.933
    },
    {
      "playerOne": 29,
      "playerTwo": 38,
      "winPercentage": 67.436
    },
    {
      "playerOne": 29,
      "playerTwo": 39,
      "winPercentage": 54.589
    },
    {
      "playerOne": 30,
      "playerTwo": 31,
      "winPercentage": 17.056
    },
    {
      "playerOne": 30,
      "playerTwo": 32,
      "winPercentage": 88.812
    },
    {
      "playerOne": 30,
      "playerTwo": 33,
      "winPercentage": 70.893
    },
    {
      "playerOne": 30,
      "playerTwo": 34,
      "winPercentage": 39.688
    },
    {
      "playerOne": 30,
      "playerTwo": 35,
      "winPercentage": 3.858
    },
    {
      "playerOne": 30,
      "playerTwo": 36,
      "winPercentage": 99.895
    },
    {
      "playerOne": 30,
      "playerTwo": 37,
      "winPercentage": 74.354
    },
    {
      "playerOne": 30,
      "playerTwo": 38,
      "winPercentage": 82.543
    },
    {
      "playerOne": 30,
      "playerTwo": 39,
      "winPercentage": 10.313
    },
    {
      "playerOne": 31,
      "playerTwo": 32,
      "winPercentage": 76.231
    },
    {
      "playerOne": 31,
      "playerTwo": 33,
      "winPercentage": 97.494
    },
    {
      "playerOne": 31,
      "playerTwo": 34,
      "winPercentage": 65.665
    },
    {
      "playerOne": 31,
      "playerTwo": 35,
      "winPercentage": 25.197
    },
    {
      "playerOne": 31,
      "playerTwo": 36,
      "winPercentage": 64.76
    },
    {
      "playerOne": 31,
      "playerTwo": 37,
      "winPercentage": 58.122
    },
    {
      "playerOne": 31,
      "playerTwo": 38,
      "winPercentage": 74.06
    },
    {
      "playerOne": 31,
      "playerTwo": 39,
      "winPercentage": 14.365
    },
    {
      "playerOne": 32,
      "playerTwo": 33,
      "winPercentage": 7.476
    },
    {
      "playerOne": 32,
      "playerTwo": 34,
      "winPercentage": 48.914
    },
    {
      "playerOne": 32,
      "playerTwo": 35,
      "winPercentage": 81.525
    },
    {
      "playerOne": 32,
      "playerTwo": 36,
      "winPercentage": 89.516
    },
    {
      "playerOne": 32,
      "playerTwo": 37,
      "winPercentage": 85.652
    },
    {
      "playerOne": 32,
      "playerTwo": 38,
      "winPercentage": 20.806
    },
    {
      "playerOne": 32,
      "playerTwo": 39,
      "winPercentage": 84.947
    },
    {
      "playerOne": 33,
      "playerTwo": 34,
      "winPercentage": 14.979
    },
    {
      "playerOne": 33,
      "playerTwo": 35,
      "winPercentage": 22.382
    },
    {
      "playerOne": 33,
      "playerTwo": 36,
      "winPercentage": 26.899
    },
    {
      "playerOne": 33,
      "playerTwo": 37,
      "winPercentage": 97.713
    },
    {
      "playerOne": 33,
      "playerTwo": 38,
      "winPercentage": 2.502
    },
    {
      "playerOne": 33,
      "playerTwo": 39,
      "winPercentage": 87.613
    },
    {
      "playerOne": 34,
      "playerTwo": 35,
      "winPercentage": 98.731
    },
    {
      "playerOne": 34,
      "playerTwo": 36,
      "winPercentage": 76.441
    },
    {
      "playerOne": 34,
      "playerTwo": 37,
      "winPercentage": 8472.9
    },
    {
      "playerOne": 34,
      "playerTwo": 38,
      "winPercentage": 93.138
    },
    {
      "playerOne": 34,
      "playerTwo": 39,
      "winPercentage": 7.061
    },
    {
      "playerOne": 35,
      "playerTwo": 36,
      "winPercentage": 11.225
    },
    {
      "playerOne": 35,
      "playerTwo": 37,
      "winPercentage": 6.911
    },
    {
      "playerOne": 35,
      "playerTwo": 38,
      "winPercentage": 76.744
    },
    {
      "playerOne": 35,
      "playerTwo": 39,
      "winPercentage": 5.777
    },
    {
      "playerOne": 36,
      "playerTwo": 37,
      "winPercentage": 1685.0
    },
    {
      "playerOne": 36,
      "playerTwo": 38,
      "winPercentage": 48.1
    },
    {
      "playerOne": 36,
      "playerTwo": 39,
      "winPercentage": 62.557
    },
    {
      "playerOne": 37,
      "playerTwo": 38,
      "winPercentage": 66.129
    },
    {
      "playerOne": 37,
      "playerTwo": 39,
      "winPercentage": 20.315
    },
    {
      "playerOne": 38,
      "playerTwo": 39,
      "winPercentage": 79.973
    }
  ]
}