{
  "metadata": {
    "numPlayers": 40
  },
  "teamStats": [
    {
      "playerOne": 0,
      "playerTwo": 1,
      "winPercentage": 86.848
    },
    {
      "playerOne": 0,
      "playerTwo": 2,
      "winPercentage": 44.43
    },
    {
      "playerOne": 0,
      "playerTwo": 3,
      "winPercentage": 40.718
    },
    {
      "playerOne": 0,
      "playerTwo": 4,
      "winPercentage": 42.982
    },
    {
      "playerOne": 0,
      "playerTwo": 5,
      "winPercentage": 61.583
    },
    {
      "playerOne": 0,
      "playerTwo": 6,
      "winPercentage": 28.392
    },
    {
      "playerOne": 0,
      "playerTwo": 7,
      "winPercentage": 58.872
    },
    {
      "playerOne": 0,
      "playerTwo": 8,
      "winPercentage": 6.728
    },
    {
      "playerOne": 0,
      "playerTwo": 9,
      "winPercentage": 49.868
    },
    {
      "playerOne": 0,
      "playerTwo": 10,
      "winPercentage": 39.408
    },
    {
      "playerOne": 0,
      "playerTwo": 11,
      "winPercentage": 81.414
    },
    {
      "playerOne": 0,
      "playerTwo": 12,
      "winPercentage": 39.414
    },
    {
      "playerOne": 0,
      "playerTwo": 13,
      "winPercentage": 6.805
    },
    {
      "playerOne": 0,
      "playerTwo": 14,
      "winPercentage": 90.332
    },
    {
      "playerOne": 0,
      "playerTwo": 15,
      "winPercentage": 98.511
    },
    {
      "playerOne": 0,
      "playerTwo": 16,
      "winPercentage": 6.414
    },
    {
      "playerOne": 0,
      "playerTwo": 17,
      "winPercentage": 37.915
    },
    {
      "playerOne": 0,
      "playerTwo": 18,
      "winPercentage": 78.919
    },
    {
      "playerOne": 0,
      "playerTwo": 19,
      "winPercentage": 26.744
    },
    {
      "playerOne": 0,
      "playerTwo": 20,
      "winPercentage": 34.928
    },
    {
      "playerOne": 0,
      "playerTwo": 21,
      "winPercentage": 7.422
    },
    {
      "playerOne": 0,
      "playerTwo": 22,
      "winPercentage": 23.66
    },
    {
      "playerOne": 0,
      "playerTwo": 23,
      "winPercentage": 40.23
    },
    {
      "playerOne": 0,
      "playerTwo": 24,
      "winPercentage": 29.318
    },
    {
      "playerOne": 0,
      "playerTwo": 25,
      "winPercentage": 73.84
    },
    {
      "playerOne": 0,
      "playerTwo": 26,
      "winPercentage": 32.908
    },
    {
      "playerOne": 0,
      "playerTwo": 27,
      "winPercentage": 13.276
    },
    {
      "playerOne": 0,
      "playerTwo": 28,
      "winPercentage": 11.167
    },
    {
      "playerOne": 0,
      "playerTwo": 29,
      "winPercentage": 58.941
    },
    {
      "playerOne": 0,
      "playerTwo": 30,
      "winPercentage": 66.352
    },
    {
      "playerOne": 0,
      "playerTwo": 31,
      "winPercentage": 95.069
    },
    {
      "playerOne": 0,
      "playerTwo": 32,
      "winPercentage": 22.527
    },
    {
      "playerOne": 0,
      "playerTwo": 33,
      "winPercentage": 57.668
    },
    {
      "playerOne": 0,
      "playerTwo": 34,
      "winPercentage": 89.588
    },
    {
      "playerOne": 0,
      "playerTwo": 35,
      "winPercentage": 62.823
    },
    {
      "playerOne": 0,
      "playerTwo": 36,
      "winPercentage": 99.508
    },
    {
      "playerOne": 0,
      "playerTwo": 37,
      "winPercentage": 28.002
    },
    {
      "playerOne": 0,
      "playerTwo": 38,
      "winPercentage": 69.519
    },
    {
      "playerOne": 0,
      "playerTwo": 39,
      "winPercentage": 71.765
    },
    {
      "playerOne": 1,
      "playerTwo": 2,
      "winPercentage": 83.242
    },
    {
      "playerOne": 1,
      "playerTwo": 3,
      "winPercentage": 10.656
    },
    {
      "playerOne": 1,
      "playerTwo": 4,
      "winPercentage": 25.482
    },
    {
      "playerOne": 1,
      "playerTwo": 5,
      "winPercentage": 67.503
    },
    {
      "playerOne": 1,
      "playerTwo": 6,
      "winPercentage": 44.273
    },
    {
      "playerOne": 1,
      "playerTwo": 7,
      "winPercentage": 12.948
    },
    {
      "playerOne": 1,
      "playerTwo": 8,
      "winPercentage": 48.161
    },
    {
      "playerOne": 1,
      "playerTwo": 9,
      "winPercentage": 29.62
    },
    {
      "playerOne": 1,
      "playerTwo": 10,
      "winPercentage": 39.11
    },
    {
      "playerOne": 1,
      "playerTwo": 11,
      "winPercentage": 95.148
    },
    {
      "playerOne": 1,
      "playerTwo": 12,
      "winPercentage": 70.56
    },
    {
      "playerOne": 1,
      "playerTwo": 13,
      "winPercentage": 45.178
    },
    {
      "playerOne": 1,
      "playerTwo": 14,
      "winPercentage": 13.639
    },
    {
      "playerOne": 1,
      "playerTwo": 15,
      "winPercentage": 54.266
    },
    {
      "playerOne": 1,
      "playerTwo": 16,
      "winPercentage": 49.451
    },
    {
      "playerOne": 1,
      "playerTwo": 17,
      "winPercentage": 56.584
    },
    {
      "playerOne": 1,
      "playerTwo": 18,
      "winPercentage": 78.311
    },
    {
      "playerOne": 1,
      "playerTwo": 19,
      "winPercentage": 74.885
    },
    {
      "playerOne": 1,
      "playerTwo": 20,
      "winPercentage": 95.592
    },
    {
      "playerOne": 1,
      "playerTwo": 21,
      "winPercentage": 7.955
    },
    {
      "playerOne": 1,
      "playerTwo": 22,
      "winPercentage": 86.43
    },
    {
      "playerOne": 1,
      "playerTwo": 23,
      "winPercentage": 4.388
    },
    {
      "playerOne": 1,
      "playerTwo": 24,
      "winPercentage": 94.193
    },
    {
      "playerOne": 1,
      "playerTwo": 25,
      "winPercentage": 12.497
    },
    {
      "playerOne": 1,
      "playerTwo": 26,
      "winPercentage": 65.355
    },
    {
      "playerOne": 1,
      "playerTwo": 27,
      "winPercentage": 39.167
    },
    {
      "playerOne": 1,
      "playerTwo": 28,
      "winPercentage": 35.628
    },
    {
      "playerOne": 1,
      "playerTwo": 29,
      "winPercentage": 91.693
    },
    {
      "playerOne": 1,
      "playerTwo": 30,
      "winPercentage": 3.606
    },
    {
      "playerOne": 1,
      "playerTwo": 31,
      "winPercentage": 64.314
    },
    {
      "playerOne": 1,
      "playerTwo": 32,
      "winPercentage": 0.97
    },
    {
      "playerOne": 1,
      "playerTwo": 33,
      "winPercentage": 58.933
    },
    {
      "playerOne": 1,
      "playerTwo": 34,
      "winPercentage": 99.558
    },
    {
      "playerOne": 1,
      "playerTwo": 35,
      "winPercentage": 47.419
    },
    {
      "playerOne": 1,
      "playerTwo": 36,
      "winPercentage": 15.732
    },
    {
      "playerOne": 1,
      "playerTwo": 37,
      "winPercentage": 51.562
    },
    {
      "playerOne": 1,
      "playerTwo": 38,
      "winPercentage": 92.036
    },
    {
      "playerOne": 1,
      "playerTwo": 39,
      "winPercentage": 26.214
    },
    {
      "playerOne": 2,
      "playerTwo": 3,
      "winPercentage": 40.294
    },
    {
      "playerOne": 2,
      "playerTwo": 4,
      "winPercentage": 97.703
    },
    {
      "playerOne": 2,
      "playerTwo": 5,
      "winPercentage": 89.274
    },
    {
      "playerOne": 2,
      "playerTwo": 6,
      "winPercentage": 63.776
    },
    {
      "playerOne": 2,
      "playerTwo": 7,
      "winPercentage": 29.283
    },
    {
      "playerOne": 2,
      "playerTwo": 8,
      "winPercentage": 68.662
    },
    {
      "playerOne": 2,
      "playerTwo": 9,
      "winPercentage": 37.87
    },
    {
      "playerOne": 2,
      "playerTwo": 10,
      "winPercentage": 22.528
    },
    {
      "playerOne": 2,
      "playerTwo": 11,
      "winPercentage": 84.319
    },
    {
      "playerOne": 2,
      "playerTwo": 12,
      "winPercentage": 78.627
    },
    {
      "playerOne": 2,
      "playerTwo": 13,
      "winPercentage": 98.739
    },
    {
      "playerOne": 2,
      "playerTwo": 14,
      "winPercentage": 9.795
    },
    {
      "playerOne": 2,
      "playerTwo": 15,
      "winPercentage": 76.173
    },
    {
      "playerOne": 2,
      "playerTwo": 16,
      "winPercentage": 19.021
    },
    {
      "playerOne": 2,
      "playerTwo": 17,
      "winPercentage": 42.52
    },
    {
      "playerOne": 2,
      "playerTwo": 18,
      "winPercentage": 55.086
    },
    {
      "playerOne": 2,
      "playerTwo": 19,
      "winPercentage": 55.075
    },
    {
      "playerOne": 2,
      "playerTwo": 20,
      "winPercentage": 68.592
    },
    {
      "playerOne": 2,
      "playerTwo": 21,
      "winPercentage": 24.1
    },
    {
      "playerOne": 2,
      "playerTwo": 22,
      "winPercentage": 85.846
    },
    {
      "playerOne": 2,
      "playerTwo": 23,
      "winPercentage": 96.422
    },
    {
      "playerOne": 2,
      "playerTwo": 24,
      "winPercentage": 69.898
    },
    {
      "playerOne": 2,
      "playerTwo": 25,
      "winPercentage": 9.659
    },
    {
      "playerOne": 2,
      "playerTwo": 26,
      "winPercentage": 52.515
    },
    {
      "playerOne": 2,
      "playerTwo": 27,
      "winPercentage": 47.789
    },
    {
      "playerOne": 2,
      "playerTwo": 28,
      "winPercentage": 38.238
    },
    {
      "playerOne": 2,
      "playerTwo": 29,
      "winPercentage": 19.133
    },
    {
      "playerOne": 2,
      "playerTwo": 30,
      "winPercentage": 94.33
    },
    {
      "playerOne": 2,
      "playerTwo": 31,
      "winPercentage": 47.813
    },
    {
      "playerOne": 2,
      "playerTwo": 32,
      "winPercentage": 56.781
    },
    {
      "playerOne": 2,
      "playerTwo": 33,
      "winPercentage": 38.625
    },
    {
      "playerOne": 2,
      "playerTwo": 34,
      "winPercentage": 45.256
    },
    {
      "playerOne": 2,
      "playerTwo": 35,
      "winPercentage": 1.476
    },
    {
      "playerOne": 2,
      "playerTwo": 36,
      "winPercentage": 61.257
    },
    {
      "playerOne": 2,
      "playerTwo": 37,
      "winPercentage": 28.749
    },
    {
      "playerOne": 2,
      "playerTwo": 38,
      "winPercentage": 35.777
    },
    {
      "playerOne": 2,
      "playerTwo": 39,
      "winPercentage": 27.547
    },
    {
      "playerOne": 3,
      "playerTwo": 4,
      "winPercentage": 33.591
    },
    {
      "playerOne": 3,
      "playerTwo": 5,
      "winPercentage": 33.353
    },
    {
      "playerOne": 3,
      "playerTwo": 6,
      "winPercentage": 98.808
    },
    {
      "playerOne": 3,
      "playerTwo": 7,
      "winPercentage": 94.416
    },
    {
      "playerOne": 3,
      "playerTwo": 8,
      "winPercentage": 36.35
    },
    {
      "playerOne": 3,
      "playerTwo": 9,
      "winPercentage": 12.131
    },
    {
      "playerOne": 3,
      "playerTwo": 10,
      "winPercentage": 31.645
    },
    {
      "playerOne": 3,
      "playerTwo": 11,
      "winPercentage": 12.526
    },
    {
      "playerOne": 3,
      "playerTwo": 12,
      "winPercentage": 22.667
    },
    {
      "playerOne": 3,
      "playerTwo": 13,
      "winPercentage": 81.447
    },
    {
      "playerOne": 3,
      "playerTwo": 14,
      "winPercentage": 90.808
    },
    {
      "playerOne": 3,
      "playerTwo": 15,
      "winPercentage": 39.047
    },
    {
      "playerOne": 3,
      "playerTwo": 16,
      "winPercentage": 27.361
    },
    {
      "playerOne": 3,
      "playerTwo": 17,
      "winPercentage": 38.827
    },
    {
      "playerOne": 3,
      "playerTwo": 18,
      "winPercentage": 52.495
    },
    {
      "playerOne": 3,
      "playerTwo": 19,
      "winPercentage": 95.177
    },
    {
      "playerOne": 3,
      "playerTwo": 20,
      "winPercentage": 99.688
    },
    {
      "playerOne": 3,
      "playerTwo": 21,
      "winPercentage": 68.477
    },
    {
      "playerOne": 3,
      "playerTwo": 22,
      "winPercentage": 91.213
    },
    {
      "playerOne": 3,
      "playerTwo": 23,
      "winPercentage": 0.23
    },
    {
      "playerOne": 3,
      "playerTwo": 24,
      "winPercentage": 40.934
    },
    {
      "playerOne": 3,
      "playerTwo": 25,
      "winPercentage": 21.197
    },
    {
      "playerOne": 3,
      "playerTwo": 26,
      "winPercentage": 63.495
    },
    {
      "playerOne": 3,
      "playerTwo": 27,
      "winPercentage": 77.558
    },
    {
      "playerOne": 3,
      "playerTwo": 28,
      "winPercentage": 4.895
    },
    {
      "playerOne": 3,
      "playerTwo": 29,
      "winPercentage": 23.46
    },
    {
      "playerOne": 3,
      "playerTwo": 30,
      "winPercentage": 77.309
    },
    {
      "playerOne": 3,
      "playerTwo": 31,
      "winPercentage": 24.098
    },
    {
      "playerOne": 3,
      "playerTwo": 32,
      "winPercentage": 14.61
    },
    {
      "playerOne": 3,
      "playerTwo": 33,
      "winPercentage": 10.723
    },
    {
      "playerOne": 3,
      "playerTwo": 34,
      "winPercentage": 41.547
    },
    {
      "playerOne": 3,
      "playerTwo": 35,
      "winPercentage": 78.912
    },
    {
      "playerOne": 3,
      "playerTwo": 36,
      "winPercentage": 40.394
    },
    {
      "playerOne": 3,
      "playerTwo": 37,
      "winPercentage": 22.501
    },
    {
      "playerOne": 3,
      "playerTwo": 38,
      "winPercentage": 72.528
    },
    {
      "playerOne": 3,
      "playerTwo": 39,
      "winPercentage": 18.034
    },
    {
      "playerOne": 4,
      "playerTwo": 5,
      "winPercentage": 81.5
    },
    {
      "playerOne": 4,
      "playerTwo": 6,
      "winPercentage": 93.873
    },
    {
      "playerOne": 4,
      "playerTwo": 7,
      "winPercentage": 14.565
    },
    {
      "playerOne": 4,
      "playerTwo": 8,
      "winPercentage": 98.123
    },
    {
      "playerOne": 4,
      "playerTwo": 9,
      "winPercentage": 91.49
    },
    {
      "playerOne": 4,
      "playerTwo": 10,
      "winPercentage": 66.144
    },
    {
      "playerOne": 4,
      "playerTwo": 11,
      "winPercentage": 6.046
    },
    {
      "playerOne": 4,
      "playerTwo": 12,
      "winPercentage": 75.192
    },
    {
      "playerOne": 4,
      "playerTwo": 13,
      "winPercentage": 33.086
    },
    {
      "playerOne": 4,
      "playerTwo": 14,
      "winPercentage": 98.827
    },
    {
      "playerOne": 4,
      "playerTwo": 15,
      "winPercentage": 90.128
    },
    {
      "playerOne": 4,
      "playerTwo": 16,
      "winPercentage": 60.947
    },
    {
      "playerOne": 4,
      "playerTwo": 17,
      "winPercentage": 74.546
    },
    {
      "playerOne": 4,
      "playerTwo": 18,
      "winPercentage": 29.996
    },
    {
      "playerOne": 4,
      "playerTwo": 19,
      "winPercentage": 34.079
    },
    {
      "playerOne": 4,
      "playerTwo": 20,
      "winPercentage": 30.919
    },
    {
      "playerOne": 4,
      "playerTwo": 21,
      "winPercentage": 91.804
    },
    {
      "playerOne": 4,
      "playerTwo": 22,
      "winPercentage": 26.92
    },
    {
      "playerOne": 4,
      "playerTwo": 23,
      "winPercentage": 93.863
    },
    {
      "playerOne": 4,
      "playerTwo": 24,
      "winPercentage": 14.379
    },
    {
      "playerOne": 4,
      "playerTwo": 25,
      "winPercentage": 82.694
    },
    {
      "playerOne": 4,
      "playerTwo": 26,
      "winPercentage": 8.693
    },
    {
      "playerOne": 4,
      "playerTwo": 27,
      "winPercentage": 27.323
    },
    {
      "playerOne": 4,
      "playerTwo": 28,
      "winPercentage": 83.667
    },
    {
      "playerOne": 4,
      "playerTwo": 29,
      "winPercentage": 11.445
    },
    {
      "playerOne": 4,
      "playerTwo": 30,
      "winPercentage": 41.099
    },
    {
      "playerOne": 4,
      "playerTwo": 31,
      "winPercentage": 85.678
    },
    {
      "playerOne": 4,
      "playerTwo": 32,
      "winPercentage": 95.009
    },
    {
      "playerOne": 4,
      "playerTwo": 33,
      "winPercentage": 6.74
    },
    {
      "playerOne": 4,
      "playerTwo": 34,
      "winPercentage": 37.706
    },
    {
      "playerOne": 4,
      "playerTwo": 35,
      "winPercentage": 78.528
    },
    {
      "playerOne": 4,
      "playerTwo": 36,
      "winPercentage": 85.449
    },
    {
      "playerOne": 4,
      "playerTwo": 37,
      "winPercentage": 28.032
    },
    {
      "playerOne": 4,
      "playerTwo": 38,
      "winPercentage": 83.246
    },
    {
      "playerOne": 4,
      "playerTwo": 39,
      "winPercentage": 78.309
    },
    {
      "playerOne": 5,
      "playerTwo": 6,
      "winPercentage": 83.307
    },
    {
      "playerOne": 5,
      "playerTwo": 7,
      "winPercentage": 77.594
    },
    {
      "playerOne": 5,
      "playerTwo": 8,
      "winPercentage": 98.333
    },
    {
      "playerOne": 5,
      "playerTwo": 9,
      "winPercentage": 16.797
    },
    {
      "playerOne": 5,
      "playerTwo": 10,
      "winPercentage": 19.834
    },
    {
      "playerOne": 5,
      "playerTwo": 11,
      "winPercentage": 80.09
    },
    {
      "playerOne": 5,
      "playerTwo": 12,
      "winPercentage": 78.65
    },
    {
      "playerOne": 5,
      "playerTwo": 13,
      "winPercentage": 86.753
    },
    {
      "playerOne": 5,
      "playerTwo": 14,
      "winPercentage": 70.711
    },
    {
      "playerOne": 5,
      "playerTwo": 15,
      "winPercentage": 49.437
    },
    {
      "playerOne": 5,
      "playerTwo": 16,
      "winPercentage": 52.723
    },
    {
      "playerOne": 5,
      "playerTwo": 17,
      "winPercentage": 48.435
    },
    {
      "playerOne": 5,
      "playerTwo": 18,
      "winPercentage": 48.213
    },
    {
      "playerOne": 5,
      "playerTwo": 19,
      "winPercentage": 17.001
    },
    {
      "playerOne": 5,
      "playerTwo": 20,
      "winPercentage": 64.649
    },
    {
      "playerOne": 5,
      "playerTwo": 21,
      "winPercentage": 73.88
    },
    {
      "playerOne": 5,
      "playerTwo": 22,
      "winPercentage": 12.88
    },
    {
      "playerOne": 5,
      "playerTwo": 23,
      "winPercentage": 32.727
    },
    {
      "playerOne": 5,
      "playerTwo": 24,
      "winPercentage": 18.662
    },
    {
      "playerOne": 5,
      "playerTwo": 25,
      "winPercentage": 63.72
    },
    {
      "playerOne": 5,
      "playerTwo": 26,
      "winPercentage": 30.858
    },
    {
      "playerOne": 5,
      "playerTwo": 27,
      "winPercentage": 3.127
    },
    {
      "playerOne": 5,
      "playerTwo": 28,
      "winPercentage": 92.989
    },
    {
      "playerOne": 5,
      "playerTwo": 29,
      "winPercentage": 8.777
    },
    {
      "playerOne": 5,
      "playerTwo": 30,
      "winPercentage": 93.269
    },
    {
      "playerOne": 5,
      "playerTwo": 31,
      "winPercentage": 31.958
    },
    {
      "playerOne": 5,
      "playerTwo": 32,
      "winPercentage": 14.971
    },
    {
      "playerOne": 5,
      "playerTwo": 33,
      "winPercentage": 35.172
    },
    {
      "playerOne": 5,
      "playerTwo": 34,
      "winPercentage": 41.13
    },
    {
      "playerOne": 5,
      "playerTwo": 35,
      "winPercentage": 32.446
    },
    {
      "playerOne": 5,
      "playerTwo": 36,
      "winPercentage": 61.157
    },
    {
      "playerOne": 5,
      "playerTwo": 37,
      "winPercentage": 60.769
    },
    {
      "playerOne": 5,
      "playerTwo": 38,
      "winPercentage": 82.449
    },
    {
      "playerOne": 5,
      "playerTwo": 39,
      "winPercentage": 18.601
    },
    {
      "playerOne": 6,
      "playerTwo": 7,
      "winPercentage": 72.125
    },
    {
      "playerOne": 6,
      "playerTwo": 8,
      "winPercentage": 23.227
    },
    {
      "playerOne": 6,
      "playerTwo": 9,
      "winPercentage": 18.809
    },
    {
      "playerOne": 6,
      "playerTwo": 10,
      "winPercentage": 6.111
    },
    {
      "playerOne": 6,
      "playerTwo": 11,
      "winPercentage": 38.856
    },
    {
      "playerOne": 6,
      "playerTwo": 12,
      "winPercentage": 20.961
    },
    {
      "playerOne": 6,
      "playerTwo": 13,
      "winPercentage": 34.781
    },
    {
      "playerOne": 6,
      "playerTwo": 14,
      "winPercentage": 57.698
    },
    {
      "playerOne": 6,
      "playerTwo": 15,
      "winPercentage": 79.34
    },
    {
      "playerOne": 6,
      "playerTwo": 16,
      "winPercentage": 21.57
    },
    {
      "playerOne": 6,
      "playerTwo": 17,
      "winPercentage": 46.285
    },
    {
      "playerOne": 6,
      "playerTwo": 18,
      "winPercentage": 50.829
    },
    {
      "playerOne": 6,
      "playerTwo": 19,
      "winPercentage": 6.604
    },
    {
      "playerOne": 6,
      "playerTwo": 20,
      "winPercentage": 94.58
    },
    {
      "playerOne": 6,
      "playerTwo": 21,
      "winPercentage": 25.423
    },
    {
      "playerOne": 6,
      "playerTwo": 22,
      "winPercentage": 3.015
    },
    {
      "playerOne": 6,
      "playerTwo": 23,
      "winPercentage": 39.846
    },
    {
      "playerOne": 6,
      "playerTwo": 24,
      "winPercentage": 63.694
    },
    {
      "playerOne": 6,
      "playerTwo": 25,
      "winPercentage": 25.45
    },
    {
      "playerOne": 6,
      "playerTwo": 26,
      "winPercentage": 53.509
    },
    {
      "playerOne": 6,
      "playerTwo": 27,
      "winPercentage": 71.59
    },
    {
      "playerOne": 6,
      "playerTwo": 28,
      "winPercentage": 14.007
    },
    {
      "playerOne": 6,
      "playerTwo": 29,
      "winPercentage": 75.129
    },
    {
      "playerOne": 6,
      "playerTwo": 30,
      "winPercentage": 6.122
    },
    {
      "playerOne": 6,
      "playerTwo": 31,
      "winPercentage": 58.936
    },
    {
      "playerOne": 6,
      "playerTwo": 32,
      "winPercentage": 38.1
    },
    {
      "playerOne": 6,
      "playerTwo": 33,
      "winPercentage": 85.985
    },
    {
      "playerOne": 6,
      "playerTwo": 34,
      "winPercentage": 34.576
    },
    {
      "playerOne": 6,
      "playerTwo": 35,
      "winPercentage": 60.4
    },
    {
      "playerOne": 6,
      "playerTwo": 36,
      "winPercentage": 20.152
    },
    {
      "playerOne": 6,
      "playerTwo": 37,
      "winPercentage": 16.263
    },
    {
      "playerOne": 6,
      "playerTwo": 38,
      "winPercentage": 1.178
    },
    {
      "playerOne": 6,
      "playerTwo": 39,
      "winPercentage": 8.383
    },
    {
      "playerOne": 7,
      "playerTwo": 8,
      "winPercentage": 61.625
    },
    {
      "playerOne": 7,
      "playerTwo": 9,
      "winPercentage": 91.043
    },
    {
      "playerOne": 7,
      "playerTwo": 10,
      "winPercentage": 71.532
    },
    {
      "playerOne": 7,
      "playerTwo": 11,
      "winPercentage": 48.293
    },
    {
      "playerOne": 7,
      "playerTwo": 12,
      "winPercentage": 53.583
    },
    {
      "playerOne": 7,
      "playerTwo": 13,
      "winPercentage": 71.19
    },
    {
      "playerOne": 7,
      "playerTwo": 14,
      "winPercentage": 55.384
    },
    {
      "playerOne": 7,
      "playerTwo": 15,
      "winPercentage": 52.349
    },
    {
      "playerOne": 7,
      "playerTwo": 16,
      "winPercentage": 69.954
    },
    {
      "playerOne": 7,
      "playerTwo": 17,
      "winPercentage": 17.992
    },
    {
      "playerOne": 7,
      "playerTwo": 18,
      "winPercentage": 69.201
    },
    {
      "playerOne": 7,
      "playerTwo": 19,
      "winPercentage": 25.851
    },
    {
      "playerOne": 7,
      "playerTwo": 20,
      "winPercentage": 77.112
    },
    {
      "playerOne": 7,
      "playerTwo": 21,
      "winPercentage": 78.177
    },
    {
      "playerOne": 7,
      "playerTwo": 22,
      "winPercentage": 23.086
    },
    {
      "playerOne": 7,
      "playerTwo": 23,
      "winPercentage": 72.571
    },
    {
      "playerOne": 7,
      "playerTwo": 24,
      "winPercentage": 20.605
    },
    {
      "playerOne": 7,
      "playerTwo": 25,
      "winPercentage": 65.954
    },
    {
      "playerOne": 7,
      "playerTwo": 26,
      "winPercentage": 67.758
    },
    {
      "playerOne": 7,
      "playerTwo": 27,
      "winPercentage": 70.098
    },
    {
      "playerOne": 7,
      "playerTwo": 28,
      "winPercentage": 60.304
    },
    {
      "playerOne": 7,
      "playerTwo": 29,
      "winPercentage": 7.592
    },
    {
      "playerOne": 7,
      "playerTwo": 30,
      "winPercentage": 93.097
    },
    {
      "playerOne": 7,
      "playerTwo": 31,
      "winPercentage": 15.677
    },
    {
      "playerOne": 7,
      "playerTwo": 32,
      "winPercentage": 91.444
    },
    {
      "playerOne": 7,
      "playerTwo": 33,
      "winPercentage": 68.344
    },
    {
      "playerOne": 7,
      "playerTwo": 34,
      "winPercentage": 11.333
    },
    {
      "playerOne": 7,
      "playerTwo": 35,
      "winPercentage": 95.072
    },
    {
      "playerOne": 7,
      "playerTwo": 36,
      "winPercentage": 90.521
    },
    {
      "playerOne": 7,
      "playerTwo": 37,
      "winPercentage": 35.9
    },
    {
      "playerOne": 7,
      "playerTwo": 38,
      "winPercentage": 81.283
    },
    {
      "playerOne": 7,
      "playerTwo": 39,
      "winPercentage": 36.063
    },
    {
      "playerOne": 8,
      "playerTwo": 9,
      "winPercentage": 37.88
    },
    {
      "playerOne": 8,
      "playerTwo": 10,
      "winPercentage": 13.515
    },
    {
      "playerOne": 8,
      "playerTwo": 11,
      "winPercentage": 97.726
    },
    {
      "playerOne": 8,
      "playerTwo": 12,
      "winPercentage": 73.511
    },
    {
      "playerOne": 8,
      "playerTwo": 13,
      "winPercentage": 95.917
    },
    {
      "playerOne": 8,
      "playerTwo": 14,
      "winPercentage": 17.447
    },
    {
      "playerOne": 8,
      "playerTwo": 15,
      "winPercentage": 73.587
    },
    {
      "playerOne": 8,
      "playerTwo": 16,
      "winPercentage": 55.459
    },
    {
      "playerOne": 8,
      "playerTwo": 17,
      "winPercentage": 33.997
    },
    {
      "playerOne": 8,
      "playerTwo": 18,
      "winPercentage": 53.606
    },
    {
      "playerOne": 8,
      "playerTwo": 19,
      "winPercentage": 48.864
    },
    {
      "playerOne": 8,
      "playerTwo": 20,
      "winPercentage": 7.635
    },
    {
      "playerOne": 8,
      "playerTwo": 21,
      "winPercentage": 75.302
    },
    {
      "playerOne": 8,
      "playerTwo": 22,
      "winPercentage": 17.861
    },
    {
      "playerOne": 8,
      "playerTwo": 23,
      "winPercentage": 91.619
    },
    {
      "playerOne": 8,
      "playerTwo": 24,
      "winPercentage": 68.514
    },
    {
      "playerOne": 8,
      "playerTwo": 25,
      "winPercentage": 96.175
    },
    {
      "playerOne": 8,
      "playerTwo": 26,
      "winPercentage": 98.191
    },
    {
      "playerOne": 8,
      "playerTwo": 27,
      "winPercentage": 55.74
    },
    {
      "playerOne": 8,
      "playerTwo": 28,
      "winPercentage": 37.963
    },
    {
      "playerOne": 8,
      "playerTwo": 29,
      "winPercentage": 62.061
    },
    {
      "playerOne": 8,
      "playerTwo": 30,
      "winPercentage": 28.103
    },
    {
      "playerOne": 8,
      "playerTwo": 31,
      "winPercentage": 94.442
    },
    {
      "playerOne": 8,
      "playerTwo": 32,
      "winPercentage": 88.521
    },
    {
      "playerOne": 8,
      "playerTwo": 33,
      "winPercentage": 7492.2
    },
    {
      "playerOne": 8,
      "playerTwo": 34,
      "winPercentage": 81.096
    },
    {
      "playerOne": 8,
      "playerTwo": 35,
      "winPercentage": 10.519
    },
    {
      "playerOne": 8,
      "playerTwo": 36,
      "winPercentage": 22.145
    },
    {
      "playerOne": 8,
      "playerTwo": 37,
      "winPercentage": 0.65
    },
    {
      "playerOne": 8,
      "playerTwo": 38,
      "winPercentage": 20.509
    },
    {
      "playerOne": 8,
      "playerTwo": 39,
      "winPercentage": 30.721
    },
    {
      "playerOne": 9,
      "playerTwo": 10,
      "winPercentage": 42.78
    },
    {
      "playerOne": 9,
      "playerTwo": 11,
      "winPercentage": 4.178
    },
    {
      "playerOne": 9,
      "playerTwo": 12,
      "winPercentage": 30.552
    },
    {
      "playerOne": 9,
      "playerTwo": 13,
      "winPercentage": 75.005
    },
    {
      "playerOne": 9,
      "playerTwo": 14,
      "winPercentage": 61.565
    },
    {
      "playerOne": 9,
      "playerTwo": 15,
      "winPercentage": 26.677
    },
    {
      "playerOne": 9,
      "playerTwo": 16,
      "winPercentage": 80.437
    },
    {
      "playerOne": 9,
      "playerTwo": 17,
      "winPercentage": 36.473
    },
    {
      "playerOne": 9,
      "playerTwo": 18,
      "winPercentage": 87.8
    },
    {
      "playerOne": 9,
      "playerTwo": 19,
      "winPercentage": 46.29
    },
    {
      "playerOne": 9,
      "playerTwo": 20,
      "winPercentage": 15.461
    },
    {
      "playerOne": 9,
      "playerTwo": 21,
      "winPercentage": 57.765
    },
    {
      "playerOne": 9,
      "playerTwo": 22,
      "winPercentage": 90.351
    },
    {
      "playerOne": 9,
      "playerTwo": 23,
      "winPercentage": 63.691
    },
    {
      "playerOne": 9,
      "playerTwo": 24,
      "winPercentage": 84.885
    },
    {
      "playerOne": 9,
      "playerTwo": 25,
      "winPercentage": 32.73
    },
    {
      "playerOne": 9,
      "playerTwo": 26,
      "winPercentage": 75.989
    },
    {
      "playerOne": 9,
      "playerTwo": 27,
      "winPercentage": 73.238
    },
    {
      "playerOne": 9,
      "playerTwo": 28,
      "winPercentage": 76.451
    },
    {
      "playerOne": 9,
      "playerTwo": 29,
      "winPercentage": 53.403
    },
    {
      "playerOne": 9,
      "playerTwo": 30,
      "winPercentage": 45.001
    },
    {
      "playerOne": 9,
      "playerTwo": 31,
      "winPercentage": 23.089
    },
    {
      "playerOne": 9,
      "playerTwo": 32,
      "winPercentage": 1.246
    },
    {
      "playerOne": 9,
      "playerTwo": 33,
      "winPercentage": 25.401
    },
    {
      "playerOne": 9,
      "playerTwo": 34,
      "winPercentage": 9.113
    },
    {
      "playerOne": 9,
      "playerTwo": 35,
      "winPercentage": 39.004
    },
    {
      "playerOne": 9,
      "playerTwo": 36,
      "winPercentage": 34.348
    },
    {
      "playerOne": 9,
      "playerTwo": 37,
      "winPercentage": 87.387
    },
    {
      "playerOne": 9,
      "playerTwo": 38,
      "winPercentage": 88.611
    },
    {
      "playerOne": 9,
      "playerTwo": 39,
      "winPercentage": 18.886
    },
    {
      "playerOne": 10,
      "playerTwo": 11,
      "winPercentage": 3.604
    },
    {
      "playerOne": 10,
      "playerTwo": 12,
      "winPercentage": 13.224
    },
    {
      "playerOne": 10,
      "playerTwo": 13,
      "winPercentage": 16.514
    },
    {
      "playerOne": 10,
      "playerTwo": 14,
      "winPercentage": 38.637
    },
    {
      "playerOne": 10,
      "playerTwo": 15,
      "winPercentage": 89.471
    },
    {
      "playerOne": 10,
      "playerTwo": 16,
      "winPercentage": 18.122
    },
    {
      "playerOne": 10,
      "playerTwo": 17,
      "winPercentage": 7.871
    },
    {
      "playerOne": 10,
      "playerTwo": 18,
      "winPercentage": 55.354
    },
    {
      "playerOne": 10,
      "playerTwo": 19,
      "winPercentage": 58.105
    },
    {
      "playerOne": 10,
      "playerTwo": 20,
      "winPercentage": 1.528
    },
    {
      "playerOne": 10,
      "playerTwo": 21,
      "winPercentage": 46.679
    },
    {
      "playerOne": 10,
      "playerTwo": 22,
      "winPercentage": 23.743
    },
    {
      "playerOne": 10,
      "playerTwo": 23,
      "winPercentage": 60.217
    },
    {
      "playerOne": 10,
      "playerTwo": 24,
      "winPercentage": 50.629
    },
    {
      "playerOne": 10,
      "playerTwo": 25,
      "winPercentage": 57.763
    },
    {
      "playerOne": 10,
      "playerTwo": 26,
      "winPercentage": 11.429
    },
    {
      "playerOne": 10,
      "playerTwo": 27,
      "winPercentage": 21.651
    },
    {
      "playerOne": 10,
      "playerTwo": 28,
      "winPercentage": 62.44
    },
    {
      "playerOne": 10,
      "playerTwo": 29,
      "winPercentage": 97.057
    },
    {
      "playerOne": 10,
      "playerTwo": 30,
      "winPercentage": 86.721
    },
    {
      "playerOne": 10,
      "playerTwo": 31,
      "winPercentage": 49.121
    },
    {
      "playerOne": 10,
      "playerTwo": 32,
      "winPercentage": 97.415
    },
    {
      "playerOne": 10,
      "playerTwo": 33,
      "winPercentage": 81.443
    },
    {
      "playerOne": 10,
      "playerTwo": 34,
      "winPercentage": 9.384
    },
    {
      "playerOne": 10,
      "playerTwo": 35,
      "winPercentage": 38.15
    },
    {
      "playerOne": 10,
      "playerTwo": 36,
      "winPercentage": 9.192
    },
    {
      "playerOne": 10,
      "playerTwo": 37,
      "winPercentage": 3.923
    },
    {
      "playerOne": 10,
      "playerTwo": 38,
      "winPercentage": 83.237
    },
    {
      "playerOne": 10,
      "playerTwo": 39,
      "winPercentage": 63.51
    },
    {
      "playerOne": 11,
      "playerTwo": 12,
      "winPercentage": 86.934
    },
    {
      "playerOne": 11,
      "playerTwo": 13,
      "winPercentage": 59.755
    },
    {
      "playerOne": 11,
      "playerTwo": 14,
      "winPercentage": 86.017
    },
    {
      "playerOne": 11,
      "playerTwo": 15,
      "winPercentage": 81.733
    },
    {
      "playerOne": 11,
      "playerTwo": 16,
      "winPercentage": 51.239
    },
    {
      "playerOne": 11,
      "playerTwo": 17,
      "winPercentage": 87.093
    },
    {
      "playerOne": 11,
      "playerTwo": 18,
      "winPercentage": 69.63
    },
    {
      "playerOne": 11,
      "playerTwo": 19,
      "winPercentage": 88.248
    },
    {
      "playerOne": 11,
      "playerTwo": 20,
      "winPercentage": 69.043
    },
    {
      "playerOne": 11,
      "playerTwo": 21,
      "winPercentage": 76.261
    },
    {
      "playerOne": 11,
      "playerTwo": 22,
      "winPercentage": 73.028
    },
    {
      "playerOne": 11,
      "playerTwo": 23,
      "winPercentage": 4.671
    },
    {
      "playerOne": 11,
      "playerTwo": 24,
      "winPercentage": 75.742
    },
    {
      "playerOne": 11,
      "playerTwo": 25,
      "winPercentage": 15.661
    },
    {
      "playerOne": 11,
      "playerTwo": 26,
      "winPercentage": 99.303
    },
    {
      "playerOne": 11,
      "playerTwo": 27,
      "winPercentage": 67.851
    },
    {
      "playerOne": 11,
      "playerTwo": 28,
      "winPercentage": 68.003
    },
    {
      "playerOne": 11,
      "playerTwo": 29,
      "winPercentage": 28.852
    },
    {
      "playerOne": 11,
      "playerTwo": 30,
      "winPercentage": 47.036
    },
    {
      "playerOne": 11,
      "playerTwo": 31,
      "winPercentage": 26.78
    },
    {
      "playerOne": 11,
      "playerTwo": 32,
      "winPercentage": 85.527
    },
    {
      "playerOne": 11,
      "playerTwo": 33,
      "winPercentage": 66.061
    },
    {
      "playerOne": 11,
      "playerTwo": 34,
      "winPercentage": 0.066
    },
    {
      "playerOne": 11,
      "playerTwo": 35,
      "winPercentage": 69.099
    },
    {
      "playerOne": 11,
      "playerTwo": 36,
      "winPercentage": 19.613
    },
    {
      "playerOne": 11,
      "playerTwo": 37,
      "winPercentage": 10.32
    },
    {
      "playerOne": 11,
      "playerTwo": 38,
      "winPercentage": 95.439
    },
    {
      "playerOne": 11,
      "playerTwo": 39,
      "winPercentage": 43.288
    },
    {
      "playerOne": 12,
      "playerTwo": 13,
      "winPercentage": 87.651
    },
    {
      "playerOne": 12,
      "playerTwo": 14,
      "winPercentage": 18.966
    },
    {
      "playerOne": 12,
      "playerTwo": 15,
      "winPercentage": 59.381
    },
    {
      "playerOne": 12,
      "playerTwo": 16,
      "winPercentage": 87.661
    },
    {
      "playerOne": 12,
      "playerTwo": 17,
      "winPercentage": 39.095
    },
    {
      "playerOne": 12,
      "playerTwo": 18,
      "winPercentage": 70.435
    },
    {
      "playerOne": 12,
      "playerTwo": 19,
      "winPercentage": 28.833
    },
    {
      "playerOne": 12,
      "playerTwo": 20,
      "winPercentage": 19.655
    },
    {
      "playerOne": 12,
      "playerTwo": 21,
      "winPercentage": 97.492
    },
    {
      "playerOne": 12,
      "playerTwo": 22,
      "winPercentage": 84.99
    },
    {
      "playerOne": 12,
      "playerTwo": 23,
      "winPercentage": 43.389
    },
    {
      "playerOne": 12,
      "playerTwo": 24,
      "winPercentage": 60.926
    },
    {
      "playerOne": 12,
      "playerTwo": 25,
      "winPercentage": 40.177
    },
    {
      "playerOne": 12,
      "playerTwo": 26,
      "winPercentage": 60.552
    },
    {
      "playerOne": 12,
      "playerTwo": 27,
      "winPercentage": 66.667
    },
    {
      "playerOne": 12,
      "playerTwo": 28,
      "winPercentage": 64.981
    },
    {
      "playerOne": 12,
      "playerTwo": 29,
      "winPercentage": 78.927
    },
    {
      "playerOne": 12,
      "playerTwo": 30,
      "winPercentage": 86.197
    },
    {
      "playerOne": 12,
      "playerTwo": 31,
      "winPercentage": 38.56
    },
    {
      "playerOne": 12,
      "playerTwo": 32,
      "winPercentage": 1.093
    },
    {
      "playerOne": 12,
      "playerTwo": 33,
      "winPercentage": 40.917
    },
    {
      "playerOne": 12,
      "playerTwo": 34,
      "winPercentage": 54.537
    },
    {
      "playerOne": 12,
      "playerTwo": 35,
      "winPercentage": 12.191
    },
    {
      "playerOne": 12,
      "playerTwo": 36,
      "winPercentage": 87.687
    },
    {
      "playerOne": 12,
      "playerTwo": 37,
      "winPercentage": 14.629
    },
    {
      "playerOne": 12,
      "playerTwo": 38,
      "winPercentage": 50.408
    },
    {
      "playerOne": 12,
      "playerTwo": 39,
      "winPercentage": 21.849
    },
    {
      "playerOne": 13,
      "playerTwo": 14,
      "winPercentage": 47.504
    },
    {
      "playerOne": 13,
      "playerTwo": 15,
      "winPercentage": 89.034
    },
    {
      "playerOne": 13,
      "playerTwo": 16,
      "winPercentage": 35.544
    },
    {
      "playerOne": 13,
      "playerTwo": 17,
      "winPercentage": 66.499
    },
    {
      "playerOne": 13,
      "playerTwo": 18,
      "winPercentage": 82.646
    },
    {
      "playerOne": 13,
      "playerTwo": 19,
      "winPercentage": 7.966
    },
    {
      "playerOne": 13,
      "playerTwo": 20,
      "winPercentage": 68.017
    },
    {
      "playerOne": 13,
      "playerTwo": 21,
      "winPercentage": 93.203
    },
    {
      "playerOne": 13,
      "playerTwo": 22,
      "winPercentage": 67.702
    },
    {
      "playerOne": 13,
      "playerTwo": 23,
      "winPercentage": 22.066
    },
    {
      "playerOne": 13,
      "playerTwo": 24,
      "winPercentage": 75.88
    },
    {
      "playerOne": 13,
      "playerTwo": 25,
      "winPercentage": 65.059
    },
    {
      "playerOne": 13,
      "playerTwo": 26,
      "winPercentage": 7.628
    },
    {
      "playerOne": 13,
      "playerTwo": 27,
      "winPercentage": 80.489
    },
    {
      "playerOne": 13,
      "playerTwo": 28,
      "winPercentage": 3.662
    },
    {
      "playerOne": 13,
      "playerTwo": 29,
      "winPercentage": 41.235
    },
    {
      "playerOne": 13,
      "playerTwo": 30,
      "winPercentage": 32.98
    },
    {
      "playerOne": 13,
      "playerTwo": 31,
      "winPercentage": 17.516
    },
    {
      "playerOne": 13,
      "playerTwo": 32,
      "winPercentage": 8.139
    },
    {
      "playerOne": 13,
      "playerTwo": 33,
      "winPercentage": 9.755
    },
    {
      "playerOne": 13,
      "playerTwo": 34,
      "winPercentage": 53.897
    },
    {
      "playerOne": 13,
      "playerTwo": 35,
      "winPercentage": 27.634
    },
    {
      "playerOne": 13,
      "playerTwo": 36,
      "winPercentage": 54.845
    },
    {
      "playerOne": 13,
      "playerTwo": 37,
      "winPercentage": 27.061
    },
    {
      "playerOne": 13,
      "playerTwo": 38,
      "winPercentage": 44.37
    },
    {
      "playerOne": 13,
      "playerTwo": 39,
      "winPercentage": 70.783
    },
    {
      "playerOne": 14,
      "playerTwo": 15,
      "winPercentage": 37.527
    },
    {
      "playerOne": 14,
      "playerTwo": 16,
      "winPercentage": 68.995
    },
    {
      "playerOne": 14,
      "playerTwo": 17,
      "winPercentage": 4.015
    },
    {
      "playerOne": 14,
      "playerTwo": 18,
      "winPercentage": 19.093
    },
    {
      "playerOne": 14,
      "playerTwo": 19,
      "winPercentage": 79.131
    },
    {
      "playerOne": 14,
      "playerTwo": 20,
      "winPercentage": 72.148
    },
    {
      "playerOne": 14,
      "playerTwo": 21,
      "winPercentage": 95.881
    },
    {
      "playerOne": 14,
      "playerTwo": 22,
      "winPercentage": 26.712
    },
    {
      "playerOne": 14,
      "playerTwo": 23,
      "winPercentage": 87.165
    },
    {
      "playerOne": 14,
      "playerTwo": 24,
      "winPercentage": 4.466
    },
    {
      "playerOne": 14,
      "playerTwo": 25,
      "winPercentage": 28.838
    },
    {
      "playerOne": 14,
      "playerTwo": 26,
      "winPercentage": 29.25
    },
    {
      "playerOne": 14,
      "playerTwo": 27,
      "winPercentage": 82.674
    },
    {
      "playerOne": 14,
      "playerTwo": 28,
      "winPercentage": 34.248
    },
    {
      "playerOne": 14,
      "playerTwo": 29,
      "winPercentage": 73.068
    },
    {
      "playerOne": 14,
      "playerTwo": 30,
      "winPercentage": 86.216
    },
    {
      "playerOne": 14,
      "playerTwo": 31,
      "winPercentage": 53.737
    },
    {
      "playerOne": 14,
      "playerTwo": 32,
      "winPercentage": 51.073
    },
    {
      "playerOne": 14,
      "playerTwo": 33,
      "winPercentage": 60.2
    },
    {
      "playerOne": 14,
      "playerTwo": 34,
      "winPercentage": 89.365
    },
    {
      "playerOne": 14,
      "playerTwo": 35,
      "winPercentage": 26.845
    },
    {
      "playerOne": 14,
      "playerTwo": 36,
      "winPercentage": 23.152
    },
    {
      "playerOne": 14,
      "playerTwo": 37,
      "winPercentage": 41.137
    },
    {
      "playerOne": 14,
      "playerTwo": 38,
      "winPercentage": 79.082
    },
    {
      "playerOne": 14,
      "playerTwo": 39,
      "winPercentage": 81.438
    },
    {
      "playerOne": 15,
      "playerTwo": 16,
      "winPercentage": 79.956
    },
    {
      "playerOne": 15,
      "playerTwo": 17,
      "winPercentage": 42.158
    },
    {
      "playerOne": 15,
      "playerTwo": 18,
      "winPercentage": 56.454
    },
    {
      "playerOne": 15,
      "playerTwo": 19,
      "winPercentage": 38.021
    },
    {
      "playerOne": 15,
      "playerTwo": 20,
      "winPercentage": 39.327
    },
    {
      "playerOne": 15,
      "playerTwo": 21,
      "winPercentage": 95.404
    },
    {
      "playerOne": 15,
      "playerTwo": 22,
      "winPercentage": 44.786
    },
    {
      "playerOne": 15,
      "playerTwo": 23,
      "winPercentage": 14.333
    },
    {
      "playerOne": 15,
      "playerTwo": 24,
      "winPercentage": 70.029
    },
    {
      "playerOne": 15,
      "playerTwo": 25,
      "winPercentage": 39.107
    },
    {
      "playerOne": 15,
      "playerTwo": 26,
      "winPercentage": 13.436
    },
    {
      "playerOne": 15,
      "playerTwo": 27,
      "winPercentage": 72.19
    },
    {
      "playerOne": 15,
      "playerTwo": 28,
      "winPercentage": 75.107
    },
    {
      "playerOne": 15,
      "playerTwo": 29,
      "winPercentage": 64.658
    },
    {
      "playerOne": 15,
      "playerTwo": 30,
      "winPercentage": 17.906
    },
    {
      "playerOne": 15,
      "playerTwo": 31,
      "winPercentage": 48.474
    },
    {
      "playerOne": 15,
      "playerTwo": 32,
      "winPercentage": 96.503
    },
    {
      "playerOne": 15,
      "playerTwo": 33,
      "winPercentage": 53.78
    },
    {
      "playerOne": 15,
      "playerTwo": 34,
      "winPercentage": 58.417
    },
    {
      "playerOne": 15,
      "playerTwo": 35,
      "winPercentage": 71.126
    },
    {
      "playerOne": 15,
      "playerTwo": 36,
      "winPercentage": 7.705
    },
    {
      "playerOne": 15,
      "playerTwo": 37,
      "winPercentage": 51.214
    },
    {
      "playerOne": 15,
      "playerTwo": 38,
      "winPercentage": 2.921
    },
    {
      "playerOne": 15,
      "playerTwo": 39,
      "winPercentage": 0.065
    },
    {
      "playerOne": 16,
      "playerTwo": 17,
      "winPercentage": 47.425
    },
    {
      "playerOne": 16,
      "playerTwo": 18,
      "winPercentage": 12.164
    },
    {
      "playerOne": 16,
      "playerTwo": 19,
      "winPercentage": 86.612
    },
    {
      "playerOne": 16,
      "playerTwo": 20,
      "winPercentage": 81.496
    },
    {
      "playerOne": 16,
      "playerTwo": 21,
      "winPercentage": 26.357
    },
    {
      "playerOne": 16,
      "playerTwo": 22,
      "winPercentage": 95.543
    },
    {
      "playerOne": 16,
      "playerTwo": 23,
      "winPercentage": 71.299
    },
    {
      "playerOne": 16,
      "playerTwo": 24,
      "winPercentage": 70.176
    },
    {
      "playerOne": 16,
      "playerTwo": 25,
      "winPercentage": 85.547
    },
    {
      "playerOne": 16,
      "playerTwo": 26,
      "winPercentage": 66.742
    },
    {
      "playerOne": 16,
      "playerTwo": 27,
      "winPercentage": 97.589
    },
    {
      "playerOne": 16,
      "playerTwo": 28,
      "winPercentage": 97.838
    },
    {
      "playerOne": 16,
      "playerTwo": 29,
      "winPercentage": 9.866
    },
    {
      "playerOne": 16,
      "playerTwo": 30,
      "winPercentage": 92.279
    },
    {
      "playerOne": 16,
      "playerTwo": 31,
      "winPercentage": 10.447
    },
    {
      "playerOne": 16,
      "playerTwo": 32,
      "winPercentage": 54.087
    },
    {
      "playerOne": 16,
      "playerTwo": 33,
      "winPercentage": 47.131
    },
    {
      "playerOne": 16,
      "playerTwo": 34,
      "winPercentage": 0.937
    },
    {
      "playerOne": 16,
      "playerTwo": 35,
      "winPercentage": 53.452
    },
    {
      "playerOne": 16,
      "playerTwo": 36,
      "winPercentage": 4.045
    },
    {
      "playerOne": 16,
      "playerTwo": 37,
      "winPercentage": 26.004
    },
    {
      "playerOne": 16,
      "playerTwo": 38,
      "winPercentage": 36.372
    },
    {
      "playerOne": 16,
      "playerTwo": 39,
      "winPercentage": 78.092
    },
    {
      "playerOne": 17,
      "playerTwo": 18,
      "winPercentage": 71.46
    },
    {
      "playerOne": 17,
      "playerTwo": 19,
      "winPercentage": 5.769
    },
    {
      "playerOne": 17,
      "playerTwo": 20,
      "winPercentage": 20.222
    },
    {
      "playerOne": 17,
      "playerTwo": 21,
      "winPercentage": 99.898
    },
    {
      "playerOne": 17,
      "playerTwo": 22,
      "winPercentage": 73.491
    },
    {
      "playerOne": 17,
      "playerTwo": 23,
      "winPercentage": 70.205
    },
    {
      "playerOne": 17,
      "playerTwo": 24,
      "winPercentage": 78.646
    },
    {
      "playerOne": 17,
      "playerTwo": 25,
      "winPercentage": 8.584
    },
    {
      "playerOne": 17,
      "playerTwo": 26,
      "winPercentage": 42.181
    },
    {
      "playerOne": 17,
      "playerTwo": 27,
      "winPercentage": 75.303
    },
    {
      "playerOne": 17,
      "playerTwo": 28,
      "winPercentage": 60.704
    },
    {
      "playerOne": 17,
      "playerTwo": 29,
      "winPercentage": 57.934
    },
    {
      "playerOne": 17,
      "playerTwo": 30,
      "winPercentage": 89.467
    },
    {
      "playerOne": 17,
      "playerTwo": 31,
      "winPercentage": 57.44
    },
    {
      "playerOne": 17,
      "playerTwo": 32,
      "winPercentage": 82.201
    },
    {
      "playerOne": 17,
      "playerTwo": 33,
      "winPercentage": 0.295
    },
    {
      "playerOne": 17,
      "playerTwo": 34,
      "winPercentage": 42.426
    },
    {
      "playerOne": 17,
      "playerTwo": 35,
      "winPercentage": 41.347
    },
    {
      "playerOne": 17,
      "playerTwo": 36,
      "winPercentage": 25.583
    },
    {
      "playerOne": 17,
      "playerTwo": 37,
      "winPercentage": 84.81
    },
    {
      "playerOne": 17,
      "playerTwo": 38,
      "winPercentage": 74.595
    },
    {
      "playerOne": 17,
      "playerTwo": 39,
      "winPercentage": 88.226
    },
    {
      "playerOne": 18,
      "playerTwo": 19,
      "winPercentage": 10.111
    },
    {
      "playerOne": 18,
      "playerTwo": 20,
      "winPercentage": 16.33
    },
    {
      "playerOne": 18,
      "playerTwo": 21,
      "winPercentage": 58.616
    },
    {
      "playerOne": 18,
      "playerTwo": 22,
      "winPercentage": 57.462
    },
    {
      "playerOne": 18,
      "playerTwo": 23,
      "winPercentage": 39.988
    },
    {
      "playerOne": 18,
      "playerTwo": 24,
      "winPercentage": 93.467
    },
    {
      "playerOne": 18,
      "playerTwo": 25,
      "winPercentage": 67.512
    },
    {
      "playerOne": 18,
      "playerTwo": 26,
      "winPercentage": 15.933
    },
    {
      "playerOne": 18,
      "playerTwo": 27,
      "winPercentage": 1924.8
    },
    {
      "playerOne": 18,
      "playerTwo": 28,
      "winPercentage": 70.378
    },
    {
      "playerOne": 18,
      "playerTwo": 29,
      "winPercentage": 0.153
    },
    {
      "playerOne": 18,
      "playerTwo": 30,
      "winPercentage": 91.272
    },
    {
      "playerOne": 18,
      "playerTwo": 31,
      "winPercentage": 71.813
    },
    {
      "playerOne": 18,
      "playerTwo": 32,
      "winPercentage": 7.748
    },
    {
      "playerOne": 18,
      "playerTwo": 33,
      "winPercentage": 59.018
    },
    {
      "playerOne": 18,
      "playerTwo": 34,
      "winPercentage": 42.615
    },
    {
      "playerOne": 18,
      "playerTwo": 35,
      "winPercentage": 74.559
    },
    {
      "playerOne": 18,
      "playerTwo": 36,
      "winPercentage": 29.041
    },
    {
      "playerOne": 18,
      "playerTwo": 37,
      "winPercentage": 49.283
    },
    {
      "playerOne": 18,
      "playerTwo": 38,
      "winPercentage": 78.325
    },
    {
      "playerOne": 18,
      "playerTwo": 39,
      "winPercentage": 49.068
    },
    {
      "playerOne": 19,
      "playerTwo": 20,
      "winPercentage": 1.477
    },
    {
      "playerOne": 19,
      "playerTwo": 21,
      "winPercentage": 41.411
    },
    {
      "playerOne": 19,
      "playerTwo": 22,
      "winPercentage": 92.231
    },
    {
      "playerOne": 19,
      "playerTwo": 23,
      "winPercentage": 78.401
    },
    {
      "playerOne": 19,
      "playerTwo": 24,
      "winPercentage": 14.04
    },
    {
      "playerOne": 19,
      "playerTwo": 25,
      "winPercentage": 3.262
    },
    {
      "playerOne": 19,
      "playerTwo": 26,
      "winPercentage": 15.444
    },
    {
      "playerOne": 19,
      "playerTwo": 27,
      "winPercentage": 21.734
    },
    {
      "playerOne": 19,
      "playerTwo": 28,
      "winPercentage": 0.587
    },
    {
      "playerOne": 19,
      "playerTwo": 29,
      "winPercentage": 92.938
    },
    {
      "playerOne": 19,
      "playerTwo": 30,
      "winPercentage": 51.54
    },
    {
      "playerOne": 19,
      "playerTwo": 31,
      "winPercentage": 69.028
    },
    {
      "playerOne": 19,
      "playerTwo": 32,
      "winPercentage": 97.413
    },
    {
      "playerOne": 19,
      "playerTwo": 33,
      "winPercentage": 7.124
    },
    {
      "playerOne": 19,
      "playerTwo": 34,
      "winPercentage": 4.701
    },
    {
      "playerOne": 19,
      "playerTwo": 35,
      "winPercentage": 72.965
    },
    {
      "playerOne": 19,
      "playerTwo": 36,
      "winPercentage": 21.661
    },
    {
      "playerOne": 19,
      "playerTwo": 37,
      "winPercentage": 92.85
    },
    {
      "playerOne": 19,
      "playerTwo": 38,
      "winPercentage": 6.02
    },
    {
      "playerOne": 19,
      "playerTwo": 39,
      "winPercentage": 47.705
    },
    {
      "playerOne": 20,
      "playerTwo": 21,
      "winPercentage": 94.594
    },
    {
      "playerOne": 20,
      "playerTwo": 22,
      "winPercentage": 96.653
    },
    {
      "playerOne": 20,
      "playerTwo": 23,
      "winPercentage": 77.034
    },
    {
      "playerOne": 20,
      "playerTwo": 24,
      "winPercentage": 21.704
    },
    {
      "playerOne": 20,
      "playerTwo": 25,
      "winPercentage": 63.684
    },
    {
      "playerOne": 20,
      "playerTwo": 26,
      "winPercentage": 67.733
    },
    {
      "playerOne": 20,
      "playerTwo": 27,
      "winPercentage": 99.185
    },
    {
      "playerOne": 20,
      "playerTwo": 28,
      "winPercentage": 3.43
    },
    {
      "playerOne": 20,
      "playerTwo": 29,
      "winPercentage": 22.647
    },
    {
      "playerOne": 20,
      "playerTwo": 30,
      "winPercentage": 70.209
    },
    {
      "playerOne": 20,
      "playerTwo": 31,
      "winPercentage": 5.53
    },
    {
      "playerOne": 20,
      "playerTwo": 32,
      "winPercentage": 88.049
    },
    {
      "playerOne": 20,
      "playerTwo": 33,
      "winPercentage": 45.639
    },
    {
      "playerOne": 20,
      "playerTwo": 34,
      "winPercentage": 67.871
    },
    {
      "playerOne": 20,
      "playerTwo": 35,
      "winPercentage": 4.598
    },
    {
      "playerOne": 20,
      "playerTwo": 36,
      "winPercentage": 49.059
    },
    {
      "playerOne": 20,
      "playerTwo": 37,
      "winPercentage": 57.02
    },
    {
      "playerOne": 20,
      "playerTwo": 38,
      "winPercentage": 19.319
    },
    {
      "playerOne": 20,
      "playerTwo": 39,
      "winPercentage": 62.106
    },
    {
      "playerOne": 21,
      "playerTwo": 22,
      "winPercentage": 94.843
    },
    {
      "playerOne": 21,
      "playerTwo": 23,
      "winPercentage": 41.146
    },
    {
      "playerOne": 21,
      "playerTwo": 24,
      "winPercentage": 74.133
    },
    {
      "playerOne": 21,
      "playerTwo": 25,
      "winPercentage": 32.651
    },
    {
      "playerOne": 21,
      "playerTwo": 26,
      "winPercentage": 75.652
    },
    {
      "playerOne": 21,
      "playerTwo": 27,
      "winPercentage": 78.576
    },
    {
      "playerOne": 21,
      "playerTwo": 28,
      "winPercentage": 11.525
    },
    {
      "playerOne": 21,
      "playerTwo": 29,
      "winPercentage": 0.896
    },
    {
      "playerOne": 21,
      "playerTwo": 30,
      "winPercentage": 56.668
    },
    {
      "playerOne": 21,
      "playerTwo": 31,
      "winPercentage": 85.473
    },
    {
      "playerOne": 21,
      "playerTwo": 32,
      "winPercentage": 58.009
    },
    {
      "playerOne": 21,
      "playerTwo": 33,
      "winPercentage": 2500.5
    },
    {
      "playerOne": 21,
      "playerTwo": 34,
      "winPercentage": 94.055
    },
    {
      "playerOne": 21,
      "playerTwo": 35,
      "winPercentage": 14.685
    },
    {
      "playerOne": 21,
      "playerTwo": 36,
      "winPercentage": 28.244
    },
    {
      "playerOne": 21,
      "playerTwo": 37,
      "winPercentage": 46.504
    },
    {
      "playerOne": 21,
      "playerTwo": 38,
      "winPercentage": 9.878
    },
    {
      "playerOne": 21,
      "playerTwo": 39,
      "winPercentage": 52.42
    },
    {
      "playerOne": 22,
      "playerTwo": 23,
      "winPercentage": 89.693
    },
    {
      "playerOne": 22,
      "playerTwo": 24,
      "winPercentage": 3.39
    },
    {
      "playerOne": 22,
      "playerTwo": 25,
      "winPercentage": 44.181
    },
    {
      "playerOne": 22,
      "playerTwo": 26,
      "winPercentage": 92.035
    },
    {
      "playerOne": 22,
      "playerTwo": 27,
      "winPercentage": 11.304
    },
    {
      "playerOne": 22,
      "playerTwo": 28,
      "winPercentage": 78.829
    },
    {
      "playerOne": 22,
      "playerTwo": 29,
      "winPercentage": 38.18
    },
    {
      "playerOne": 22,
      "playerTwo": 30,
      "winPercentage": 32.596
    },
    {
      "playerOne": 22,
      "playerTwo": 31,
      "winPercentage": 18.89
    },
    {
      "playerOne": 22,
      "playerTwo": 32,
      "winPercentage": 5.095
    },
    {
      "playerOne": 22,
      "playerTwo": 33,
      "winPercentage": 9.471
    },
    {
      "playerOne": 22,
      "playerTwo": 34,
      "winPercentage": 61.948
    },
    {
      "playerOne": 22,
      "playerTwo": 35,
      "winPercentage": 59.634
    },
    {
      "playerOne": 22,
      "playerTwo": 36,
      "winPercentage": 87.052
    },
    {
      "playerOne": 22,
      "playerTwo": 37,
      "winPercentage": 32.198
    },
    {
      "playerOne": 22,
      "playerTwo": 38,
      "winPercentage": 16.664
    },
    {
      "playerOne": 22,
      "playerTwo": 39,
      "winPercentage": 44.042
    },
    {
      "playerOne": 23,
      "playerTwo": 24,
      "winPercentage": 13.275
    },
    {
      "playerOne": 23,
      "playerTwo": 25,
      "winPercentage": 19.51
    },
    {
      "playerOne": 23,
      "playerTwo": 26,
      "winPercentage": 37.155
    },
    {
      "playerOne": 23,
      "playerTwo": 27,
      "winPercentage": 50.139
    },
    {
      "playerOne": 23,
      "playerTwo": 28,
      "winPercentage": 39.183
    },
    {
      "playerOne": 23,
      "playerTwo": 29,
      "winPercentage": 12.297
    },
    {
      "playerOne": 23,
      "playerTwo": 30,
      "winPercentage": 92.559
    },
    {
      "playerOne": 23,
      "playerTwo": 31,
      "winPercentage": 5.637
    },
    {
      "playerOne": 23,
      "playerTwo": 32,
      "winPercentage": 1.896
    },
    {
      "playerOne": 23,
      "playerTwo": 33,
      "winPercentage": 52.761
    },
    {
      "playerOne": 23,
      "playerTwo": 34,
      "winPercentage": 6.888
    },
    {
      "playerOne": 23,
      "playerTwo": 35,
      "winPercentage": 10.062
    },
    {
      "playerOne": 23,
      "playerTwo": 36,
      "winPercentage": 68.198
    },
    {
      "playerOne": 23,
      "playerTwo": 37,
      "winPercentage": 49.968
    },
    {
      "playerOne": 23,
      "playerTwo": 38,
      "winPercentage": 36.916
    },
    {
      "playerOne": 23,
      "playerTwo": 39,
      "winPercentage": 79.31
    },
    {
      "playerOne": 24,
      "playerTwo": 25,
      "winPercentage": 33.564
    },
    {
      "playerOne": 24,
      "playerTwo": 26,
      "winPercentage": 13.412
    },
    {
      "playerOne": 24,
      "playerTwo": 27,
      "winPercentage": 16.463
    },
    {
      "playerOne": 24,
      "playerTwo": 28,
      "winPercentage": 50.622
    },
    {
      "playerOne": 24,
      "playerTwo": 29,
      "winPercentage": 45.232
    },
    {
      "playerOne": 24,
      "playerTwo": 30,
      "winPercentage": 50.443
    },
    {
      "playerOne": 24,
      "playerTwo": 31,
      "winPercentage": 71.911
    },
    {
      "playerOne": 24,
      "playerTwo": 32,
      "winPercentage": 76.098
    },
    {
      "playerOne": 24,
      "playerTwo": 33,
      "winPercentage": 63.667
    },
    {
      "playerOne": 24,
      "playerTwo": 34,
      "winPercentage": 29.759
    },
    {
      "playerOne": 24,
      "playerTwo": 35,
      "winPercentage": 86.104
    },
    {
      "playerOne": 24,
      "playerTwo": 36,
      "winPercentage": 29.257
    },
    {
      "playerOne": 24,
      "playerTwo": 37,
      "winPercentage": 5.449
    },
    {
      "playerOne": 24,
      "playerTwo": 38,
      "winPercentage": 60.485
    },
    {
      "playerOne": 24,
      "playerTwo": 39,
      "winPercentage": 28.53
    },
    {
      "playerOne": 25,
      "playerTwo": 26,
      "winPercentage": 22.533
    },
    {
      "playerOne": 25,
      "playerTwo": 27,
      "winPercentage": 27.619
    },
    {
      "playerOne": 25,
      "playerTwo": 28,
      "winPercentage": 5.921
    },
    {
      "playerOne": 25,
      "playerTwo": 29,
      "winPercentage": 59.517
    },
    {
      "playerOne": 25,
      "playerTwo": 30,
      "winPercentage": 48.607
    },
    {
      "playerOne": 25,
      "playerTwo": 31,
      "winPercentage": 74.264
    },
    {
      "playerOne": 25,
      "playerTwo": 32,
      "winPercentage": 97.4
    },
    {
      "playerOne": 25,
      "playerTwo": 33,
      "winPercentage": 41.965
    },
    {
      "playerOne": 25,
      "playerTwo": 34,
      "winPercentage": 0.524
    },
    {
      "playerOne": 25,
      "playerTwo": 35,
      "winPercentage": 69.065
    },
    {
      "playerOne": 25,
      "playerTwo": 36,
      "winPercentage": 72.45
    },
    {
      "playerOne": 25,
      "playerTwo": 37,
      "winPercentage": 98.968
    },
    {
      "playerOne": 25,
      "playerTwo": 38,
      "winPercentage": 37.298
    },
    {
      "playerOne": 25,
      "playerTwo": 39,
      "winPercentage": 4.508
    },
    {
      "playerOne": 26,
      "playerTwo": 27,
      "winPercentage": 68.013
    },
    {
      "playerOne": 26,
      "playerTwo": 28,
      "winPercentage": 27.08
    },
    {
      "playerOne": 26,
      "playerTwo": 29,
      "winPercentage": 4.949
    },
    {
      "playerOne": 26,
      "playerTwo": 30,
      "winPercentage": 2.498
    },
    {
      "playerOne": 26,
      "playerTwo": 31,
      "winPercentage": 20.039
    },
    {
      "playerOne": 26,
      "playerTwo": 32,
      "winPercentage": 45.544
    },
    {
      "playerOne": 26,
      "playerTwo": 33,
      "winPercentage": 92.059
    },
    {
      "playerOne": 26,
      "playerTwo": 34,
      "winPercentage": 97.774
    },
    {
      "playerOne": 26,
      "playerTwo": 35,
      "winPercentage": 84.111
    },
    {
      "playerOne": 26,
      "playerTwo": 36,
      "winPercentage": 22.775
    },
    {
      "playerOne": 26,
      "playerTwo": 37,
      "winPercentage": 89.424
    },
    {
      "playerOne": 26,
      "playerTwo": 38,
      "winPercentage": 44.219
    },
    {
      "playerOne": 26,
      "playerTwo": 39,
      "winPercentage": 27.716
    },
    {
      "playerOne": 27,
      "playerTwo": 28,
      "winPercentage": 48.201
    },
    {
      "playerOne": 27,
      "playerTwo": 29,
      "winPercentage": 23.998
    },
    {
      "playerOne": 27,
      "playerTwo": 30,
      "winPercentage": 93.085
    },
    {
      "playerOne": 27,
      "playerTwo": 31,
      "winPercentage": 94.651
    },
    {
      "playerOne": 27,
      "playerTwo": 32,
      "winPercentage": 46.562
    },
    {
      "playerOne": 27,
      "playerTwo": 33,
      "winPercentage": 32.017
    },
    {
      "playerOne": 27,
      "playerTwo": 34,
      "winPercentage": 11.666
    },
    {
      "playerOne": 27,
      "playerTwo": 35,
      "winPercentage": 96.525
    },
    {
      "playerOne": 27,
      "playerTwo": 36,
      "winPercentage": 2747.7
    },
    {
      "playerOne": 27,
      "playerTwo": 37,
      "winPercentage": 1.166
    },
    {
      "playerOne": 27,
      "playerTwo": 38,
      "winPercentage": 26.005
    },
    {
      "playerOne": 27,
      "playerTwo": 39,
      "winPercentage": 93.636
    },
    {
      "playerOne": 28,
      "playerTwo": 29,
      "winPercentage": 44.567
    },
    {
      "playerOne": 28,
      "playerTwo": 30,
      "winPercentage": 7.452
    },
    {
      "playerOne": 28,
      "playerTwo": 31,
      "winPercentage": 1.884
    },
    {
      "playerOne": 28,
      "playerTwo": 32,
      "winPercentage": 17.386
    },
    {
      "playerOne": 28,
      "playerTwo": 33,
      "winPercentage": 7.843
    },
    {
      "playerOne": 28,
      "playerTwo": 34,
      "winPercentage": 71.339
    },
    {
      "playerOne": 28,
      "playerTwo": 35,
      "winPercentage": 61.408
    },
    {
      "playerOne": 28,
      "playerTwo": 36,
      "winPercentage": 46.276
    },
    {
      "playerOne": 28,
      "playerTwo": 37,
      "winPercentage": 6.356
    },
    {
      "playerOne": 28,
      "playerTwo": 38,
      "winPercentage": 3596.0
    },
    {
      "playerOne": 28,
      "playerTwo": 39,
      "winPercentage": 61.488
    },
    {
      "playerOne": 29,
      "playerTwo": 30,
      "winPercentage": 21.47
    },
    {
      "playerOne": 29,
      "playerTwo": 31,
      "winPercentage": 76.315
    },
    {
      "playerOne": 29,
      "playerTwo": 32,
      "winPercentage": 23.899
    },
    {
      "playerOne": 29,
      "playerTwo": 33,
      "winPercentage": 59.772
    },
    {
      "playerOne": 29,
      "playerTwo": 34,
      "winPercentage": 92.351
    },
    {
      "playerOne": 29,
      "playerTwo": 35,
      "winPercentage": 94.557
    },
    {
      "playerOne": 29,
      "playerTwo": 36,
      "winPercentage": 50.428
    },
    {
      "playerOne": 29,
      "playerTwo": 37,
      "winPercentage": 46.147
    },
    {
      "playerOne": 29,
      "playerTwo": 38,
      "winPercentage": 5.411
    },
    {
      "playerOne": 29,
      "playerTwo": 39,
      "winPercentage": 2.067
    },
    {
      "playerOne": 30,
      "playerTwo": 31,
      "winPercentage": 82.874
    },
    {
      "playerOne": 30,
      "playerTwo": 32,
      "winPercentage": 78.684
    },
    {
      "playerOne": 30,
      "playerTwo": 33,
      "winPercentage": 20.688
    },
    {
      "playerOne": 30,
      "playerTwo": 34,
      "winPercentage": 79.431
    },
    {
      "playerOne": 30,
      "playerTwo": 35,
      "winPercentage": 55.45
    },
    {
      "playerOne": 30,
      "playerTwo": 36,
      "winPercentage": 9.537
    },
    {
      "playerOne": 30,
      "playerTwo": 37,
      "winPercentage": 33.634
    },
    {
      "playerOne": 30,
      "playerTwo": 38,
      "winPercentage": 53.433
    },
    {
      "playerOne": 30,
      "playerTwo": 39,
      "winPercentage": 22.752
    },
    {
      "playerOne": 31,
      "playerTwo": 32,
      "winPercentage": 87.42
    },
    {
      "playerOne": 31,
      "playerTwo": 33,
      "winPercentage": 75.861
    },
    {
      "playerOne": 31,
      "playerTwo": 34,
      "winPercentage": 2552.8
    },
    {
      "playerOne": 31,
      "playerTwo": 35,
      "winPercentage": 91.476
    },
    {
      "playerOne": 31,
      "playerTwo": 36,
      "winPercentage": 84.921
    },
    {
      "playerOne": 31,
      "playerTwo": 37,
      "winPercentage": 59.995
    },
    {
      "playerOne": 31,
      "playerTwo": 38,
      "winPercentage": 36.117
    },
    {
      "playerOne": 31,
      "playerTwo": 39,
      "winPercentage": 4414.8
    },
    {
      "playerOne": 32,
      "playerTwo": 33,
      "winPercentage": 12.051
    },
    {
      "playerOne": 32,
      "playerTwo": 34,
      "winPercentage": 23.49
    },
    {
      "playerOne": 32,
      "playerTwo": 35,
      "winPercentage": 26.442
    },
    {
      "playerOne": 32,
      "playerTwo": 36,
      "winPercentage": 6.578
    },
    {
      "playerOne": 32,
      "playerTwo": 37,
      "winPercentage": 72.501
    },
    {
      "playerOne": 32,
      "playerTwo": 38,
      "winPercentage": 63.788
    },
    {
      "playerOne": 32,
      "playerTwo": 39,
      "winPercentage": 70.422
    },
    {
      "playerOne": 33,
      "playerTwo": 34,
      "winPercentage": 24.475
    },
    {
      "playerOne": 33,
      "playerTwo": 35,
      "winPercentage": 32.001
    },
    {
      "playerOne": 33,
      "playerTwo": 36,
      "winPercentage": 85.591
    },
    {
      "playerOne": 33,
      "playerTwo": 37,
      "winPercentage": 83.369
    },
    {
      "playerOne": 33,
      "playerTwo": 38,
      "winPercentage": 2.7
    },
    {
      "playerOne": 33,
      "playerTwo": 39,
      "winPercentage": 50.091
    },
    {
      "playerOne": 34,
      "playerTwo": 35,
      "winPercentage": 65.726
    },
    {
      "playerOne": 34,
      "playerTwo": 36,
      "winPercentage": 66.591
    },
    {
      "playerOne": 34,
      "playerTwo": 37,
      "winPercentage": 26.296
    },
    {
      "playerOne": 34,
      "playerTwo": 38,
      "winPercentage": 7.833
    },
    {
      "playerOne": 34,
      "playerTwo": 39,
      "winPercentage": 74.84
    },
    {
      "playerOne": 35,
      "playerTwo": 36,
      "winPercentage": 96.944
    },
    {
      "playerOne": 35,
      "playerTwo": 37,
      "winPercentage": 21.093
    },
    {
      "playerOne": 35,
      "playerTwo": 38,
      "winPercentage": 11.327
    },
    {
      "playerOne": 35,
      "playerTwo": 39,
      "winPercentage": 1.586
    },
    {
      "playerOne": 36,
      "playerTwo": 37,
      "winPercentage": 71.753
    },
    {
      "playerOne": 36,
      "playerTwo": 38,
      "winPercentage": 31.657
    },
    {
      "playerOne": 36,
      "playerTwo": 39,
      "winPercentage": 57.764
    },
    {
      "playerOne": 37,
      "playerTwo": 38,
      "winPercentage": 27.883
    },
    {
      "playerOne": 37,
      "playerTwo": 39,
      "winPercentage": 5173.3
    },
    {
      "playerOne": 38,
      "playerTwo": 39,
      "winPercentage": 97.338
    }
  ]
}