{
  "metadata": {
    "numPlayers": 40
  },
  "teamStats": [
    {
      "playerOne": 0,
      "playerTwo": 1,
      "winPercentage": 84.549
    },
    {
      "playerOne": 0,
      "playerTwo": 2,
      "winPercentage": 28.75
    },
    {
      "playerOne": 0,
      "playerTwo": 3,
      "winPercentage": 8.042
    },
    {
      "playerOne": 0,
      "playerTwo": 4,
      "winPercentage": 43.319
    },
    {
      "playerOne": 0,
      "playerTwo": 5,
      "winPercentage": 99.359
    },
    {
      "playerOne": 0,
      "playerTwo": 6,
      "winPercentage": 31.155
    },
    {
      "playerOne": 0,
      "playerTwo": 7,
      "winPercentage": 21.11
    },
    {
      "playerOne": 0,
      "playerTwo": 8,
      "winPercentage": 76.793
    },
    {
      "playerOne": 0,
      "playerTwo": 9,
      "winPercentage": 72.652
    },
    {
      "playerOne": 0,
      "playerTwo": 10,
      "winPercentage": 94.228
    },
    {
      "playerOne": 0,
      "playerTwo": 11,
      "winPercentage": 84.999
    },
    {
      "playerOne": 0,
      "playerTwo": 12,
      "winPercentage": 45.106
    },
    {
      "playerOne": 0,
      "playerTwo": 13,
      "winPercentage": 78.929
    },
    {
      "playerOne": 0,
      "playerTwo": 14,
      "winPercentage": 73.838
    },
    {
      "playerOne": 0,
      "playerTwo": 15,
      "winPercentage": 13.136
    },
    {
      "playerOne": 0,
      "playerTwo": 16,
      "winPercentage": 71.386
    },
    {
      "playerOne": 0,
      "playerTwo": 17,
      "winPercentage": 85.608
    },
    {
      "playerOne": 0,
      "playerTwo": 18,
      "winPercentage": 45.636
    },
    {
      "playerOne": 0,
      "playerTwo": 19,
      "winPercentage": 66.509
    },
    {
      "playerOne": 0,
      "playerTwo": 20,
      "winPercentage": 56.901
    },
    {
      "playerOne": 0,
      "playerTwo": 21,
      "winPercentage": 61.927
    },
    {
      "playerOne": 0,
      "playerTwo": 22,
      "winPercentage": 69.752
    },
    {
      "playerOne": 0,
      "playerTwo": 23,
      "winPercentage": 53.89
    },
    {
      "playerOne": 0,
      "playerTwo": 24,
      "winPercentage": 37.181
    },
    {
      "playerOne": 0,
      "playerTwo": 25,
      "winPercentage": 35.937
    },
    {
      "playerOne": 0,
      "playerTwo": 26,
      "winPercentage": 30.193
    },
    {
      "playerOne": 0,
      "playerTwo": 27,
      "winPercentage": 6.107
    },
    {
      "playerOne": 0,
      "playerTwo": 28,
      "winPercentage": 44.502
    },
    {
      "playerOne": 0,
      "playerTwo": 29,
      "winPercentage": 11.506
    },
    {
      "playerOne": 0,
      "playerTwo": 30,
      "winPercentage": 63.527
    },
    {
      "playerOne": 0,
      "playerTwo": 31,
      "winPercentage": 37.893
    },
    {
      "playerOne": 0,
      "playerTwo": 32,
      "winPercentage": 70.62
    },
    {
      "playerOne": 0,
      "playerTwo": 33,
      "winPercentage": 88.8
    },
    {
      "playerOne": 0,
      "playerTwo": 34,
      "winPercentage": 52.822
    },
    {
      "playerOne": 0,
      "playerTwo": 35,
      "winPercentage": 78.8
    },
    {
      "playerOne": 0,
      "playerTwo": 36,
      "winPercentage": 96.476
    },
    {
      "playerOne": 0,
      "playerTwo": 37,
      "winPercentage": 58.258
    },
    {
      "playerOne": 0,
      "playerTwo": 38,
      "winPercentage": 8.642
    },
    {
      "playerOne": 0,
      "playerTwo": 39,
      "winPercentage": 44.811
    },
    {
      "playerOne": 1,
      "playerTwo": 2,
      "winPercentage": 75.564
    },
    {
      "playerOne": 1,
      "playerTwo": 3,
      "winPercentage": 86.226
    },
    {
      "playerOne": 1,
      "playerTwo": 4,
      "winPercentage": 17.64
    },
    {
      "playerOne": 1,
      "playerTwo": 5,
      "winPercentage": 50.814
    },
    {
      "playerOne": 1,
      "playerTwo": 6,
      "winPercentage": 98.244
    },
    {
      "playerOne": 1,
      "playerTwo": 7,
      "winPercentage": 29.776
    },
    {
      "playerOne": 1,
      "playerTwo": 8,
      "winPercentage": 58.354
    },
    {
      "playerOne": 1,
      "playerTwo": 9,
      "winPercentage": 0.31
    },
    {
      "playerOne": 1,
      "playerTwo": 10,
      "winPercentage": 53.185
    },
    {
      "playerOne": 1,
      "playerTwo": 11,
      "winPercentage": 46.965
    },
    {
      "playerOne": 1,
      "playerTwo": 12,
      "winPercentage": 39.199
    },
    {
      "playerOne": 1,
      "playerTwo": 13,
      "winPercentage": 61.16
    },
    {
      "playerOne": 1,
      "playerTwo": 14,
      "winPercentage": 71.139
    },
    {
      "playerOne": 1,
      "playerTwo": 15,
      "winPercentage": 93.67
    },
    {
      "playerOne": 1,
      "playerTwo": 16,
      "winPercentage": 44.717
    },
    {
      "playerOne": 1,
      "playerTwo": 17,
      "winPercentage": 3.78
    },
    {
      "playerOne": 1,
      "playerTwo": 18,
      "winPercentage": 56.003
    },
    {
      "playerOne": 1,
      "playerTwo": 19,
      "winPercentage": 88.047
    },
    {
      "playerOne": 1,
      "playerTwo": 20,
      "winPercentage": 68.989
    },
    {
      "playerOne": 1,
      "playerTwo": 21,
      "winPercentage": 31.709
    },
    {
      "playerOne": 1,
      "playerTwo": 22,
      "winPercentage": 14.411
    },
    {
      "playerOne": 1,
      "playerTwo": 23,
      "winPercentage": 59.776
    },
    {
      "playerOne": 1,
      "playerTwo": 24,
      "winPercentage": 18.332
    },
    {
      "playerOne": 1,
      "playerTwo": 25,
      "winPercentage": 33.133
    },
    {
      "playerOne": 1,
      "playerTwo": 26,
      "winPercentage": 60.792
    },
    {
      "playerOne": 1,
      "playerTwo": 27,
      "winPercentage": 72.243
    },
    {
      "playerOne": 1,
      "playerTwo": 28,
      "winPercentage": 7.583
    },
    {
      "playerOne": 1,
      "playerTwo": 29,
      "winPercentage": 24.074
    },
    {
      "playerOne": 1,
      "playerTwo": 30,
      "winPercentage": 24.015
    },
    {
      "playerOne": 1,
      "playerTwo": 31,
      "winPercentage": 72.626
    },
    {
      "playerOne": 1,
      "playerTwo": 32,
      "winPercentage": 11.978
    },
    {
      "playerOne": 1,
      "playerTwo": 33,
      "winPercentage": 29.928
    },
    {
      "playerOne": 1,
      "playerTwo": 34,
      "winPercentage": 52.331
    },
    {
      "playerOne": 1,
      "playerTwo": 35,
      "winPercentage": 18.363
    },
    {
      "playerOne": 1,
      "playerTwo": 36,
      "winPercentage": 30.685
    },
    {
      "playerOne": 1,
      "playerTwo": 37,
      "winPercentage": 20.987
    },
    {
      "playerOne": 1,
      "playerTwo": 38,
      "winPercentage": 83.46
    },
    {
      "playerOne": 1,
      "playerTwo": 39,
      "winPercentage": 46.59
    },
    {
      "playerOne": 2,
      "playerTwo": 3,
      "winPercentage": 73.907
    },
    {
      "playerOne": 2,
      "playerTwo": 4,
      "winPercentage": 88.636
    },
    {
      "playerOne": 2,
      "playerTwo": 5,
      "winPercentage": 89.148
    },
    {
      "playerOne": 2,
      "playerTwo": 6,
      "winPercentage": 99.974
    },
    {
      "playerOne": 2,
      "playerTwo": 7,
      "winPercentage": 6.315
    },
    {
      "playerOne": 2,
      "playerTwo": 8,
      "winPercentage": 79.556
    },
    {
      "playerOne": 2,
      "playerTwo": 9,
      "winPercentage": 13.647
    },
    {
      "playerOne": 2,
      "playerTwo": 10,
      "winPercentage": 46.344
    },
    {
      "playerOne": 2,
      "playerTwo": 11,
      "winPercentage": 25.892
    },
    {
      "playerOne": 2,
      "playerTwo": 12,
      "winPercentage": 48.619
    },
    {
      "playerOne": 2,
      "playerTwo": 13,
      "winPercentage": 82.714
    },
    {
      "playerOne": 2,
      "playerTwo": 14,
      "winPercentage": 84.259
    },
    {
      "playerOne": 2,
      "playerTwo": 15,
      "winPercentage": 56.458
    },
    {
      "playerOne": 2,
      "playerTwo": 16,
      "winPercentage": 71.608
    },
    {
      "playerOne": 2,
      "playerTwo": 17,
      "winPercentage": 64.086
    },
    {
      "playerOne": 2,
      "playerTwo": 18,
      "winPercentage": 5.641
    },
    {
      "playerOne": 2,
      "playerTwo": 19,
      "winPercentage": 88.689
    },
    {
      "playerOne": 2,
      "playerTwo": 20,
      "winPercentage": 63.309
    },
    {
      "playerOne": 2,
      "playerTwo": 21,
      "winPercentage": 36.751
    },
    {
      "playerOne": 2,
      "playerTwo": 22,
      "winPercentage": 17.056
    },
    {
      "playerOne": 2,
      "playerTwo": 23,
      "winPercentage": 4.613
    },
    {
      "playerOne": 2,
      "playerTwo": 24,
      "winPercentage": 67.044
    },
    {
      "playerOne": 2,
      "playerTwo": 25,
      "winPercentage": 22.729
    },
    {
      "playerOne": 2,
      "playerTwo": 26,
      "winPercentage": 42.575
    },
    {
      "playerOne": 2,
      "playerTwo": 27,
      "winPercentage": 12.662
    },
    {
      "playerOne": 2,
      "playerTwo": 28,
      "winPercentage": 90.155
    },
    {
      "playerOne": 2,
      "playerTwo": 29,
      "winPercentage": 80.284
    },
    {
      "playerOne": 2,
      "playerTwo": 30,
      "winPercentage": 33.871
    },
    {
      "playerOne": 2,
      "playerTwo": 31,
      "winPercentage": 82.907
    },
    {
      "playerOne": 2,
      "playerTwo": 32,
      "winPercentage": 25.475
    },
    {
      "playerOne": 2,
      "playerTwo": 33,
      "winPercentage": 25.72
    },
    {
      "playerOne": 2,
      "playerTwo": 34,
      "winPercentage": 61.07
    },
    {
      "playerOne": 2,
      "playerTwo": 35,
      "winPercentage": 86.775
    },
    {
      "playerOne": 2,
      "playerTwo": 36,
      "winPercentage": 11.874
    },
    {
      "playerOne": 2,
      "playerTwo": 37,
      "winPercentage": 84.302
    },
    {
      "playerOne": 2,
      "playerTwo": 38,
      "winPercentage": 86.522
    },
    {
      "playerOne": 2,
      "playerTwo": 39,
      "winPercentage": 89.973
    },
    {
      "playerOne": 3,
      "playerTwo": 4,
      "winPercentage": 44.431
    },
    {
      "playerOne": 3,
      "playerTwo": 5,
      "winPercentage": 43.775
    },
    {
      "playerOne": 3,
      "playerTwo": 6,
      "winPercentage": 93.229
    },
    {
      "playerOne": 3,
      "playerTwo": 7,
      "winPercentage": 12.298
    },
    {
      "playerOne": 3,
      "playerTwo": 8,
      "winPercentage": 83.106
    },
    {
      "playerOne": 3,
      "playerTwo": 9,
      "winPercentage": 7.757
    },
    {
      "playerOne": 3,
      "playerTwo": 10,
      "winPercentage": 9.97
    },
    {
      "playerOne": 3,
      "playerTwo": 11,
      "winPercentage": 81.477
    },
    {
      "playerOne": 3,
      "playerTwo": 12,
      "winPercentage": 51.37
    },
    {
      "playerOne": 3,
      "playerTwo": 13,
      "winPercentage": 61.367
    },
    {
      "playerOne": 3,
      "playerTwo": 14,
      "winPercentage": 78.657
    },
    {
      "playerOne": 3,
      "playerTwo": 15,
      "winPercentage": 64.691
    },
    {
      "playerOne": 3,
      "playerTwo": 16,
      "winPercentage": 3.196
    },
    {
      "playerOne": 3,
      "playerTwo": 17,
      "winPercentage": 51.637
    },
    {
      "playerOne": 3,
      "playerTwo": 18,
      "winPercentage": 33.421
    },
    {
      "playerOne": 3,
      "playerTwo": 19,
      "winPercentage": 70.533
    },
    {
      "playerOne": 3,
      "playerTwo": 20,
      "winPercentage": 12.104
    },
    {
      "playerOne": 3,
      "playerTwo": 21,
      "winPercentage": 88.349
    },
    {
      "playerOne": 3,
      "playerTwo": 22,
      "winPercentage": 54.167
    },
    {
      "playerOne": 3,
      "playerTwo": 23,
      "winPercentage": 24.956
    },
    {
      "playerOne": 3,
      "playerTwo": 24,
      "winPercentage": 78.807
    },
    {
      "playerOne": 3,
      "playerTwo": 25,
      "winPercentage": 85.623
    },
    {
      "playerOne": 3,
      "playerTwo": 26,
      "winPercentage": 74.191
    },
    {
      "playerOne": 3,
      "playerTwo": 27,
      "winPercentage": 99.22
    },
    {
      "playerOne": 3,
      "playerTwo": 28,
      "winPercentage": 24.043
    },
    {
      "playerOne": 3,
      "playerTwo": 29,
      "winPercentage": 30.295
    },
    {
      "playerOne": 3,
      "playerTwo": 30,
      "winPercentage": 58.035
    },
    {
      "playerOne": 3,
      "playerTwo": 31,
      "winPercentage": 66.857
    },
    {
      "playerOne": 3,
      "playerTwo": 32,
      "winPercentage": 54.774
    },
    {
      "playerOne": 3,
      "playerTwo": 33,
      "winPercentage": 43.549
    },
    {
      "playerOne": 3,
      "playerTwo": 34,
      "winPercentage": 86.724
    },
    {
      "playerOne": 3,
      "playerTwo": 35,
      "winPercentage": 82.72
    },
    {
      "playerOne": 3,
      "playerTwo": 36,
      "winPercentage": 3.985
    },
    {
      "playerOne": 3,
      "playerTwo": 37,
      "winPercentage": 67.677
    },
    {
      "playerOne": 3,
      "playerTwo": 38,
      "winPercentage": 64.127
    },
    {
      "playerOne": 3,
      "playerTwo": 39,
      "winPercentage": 55.333
    },
    {
      "playerOne": 4,
      "playerTwo": 5,
      "winPercentage": 37.349
    },
    {
      "playerOne": 4,
      "playerTwo": 6,
      "winPercentage": 65.134
    },
    {
      "playerOne": 4,
      "playerTwo": 7,
      "winPercentage": 98.577
    },
    {
      "playerOne": 4,
      "playerTwo": 8,
      "winPercentage": 95.59
    },
    {
      "playerOne": 4,
      "playerTwo": 9,
      "winPercentage": 75.446
    },
    {
      "playerOne": 4,
      "playerTwo": 10,
      "winPercentage": 70.994
    },
    {
      "playerOne": 4,
      "playerTwo": 11,
      "winPercentage": 53.51
    },
    {
      "playerOne": 4,
      "playerTwo": 12,
      "winPercentage": 45.787
    },
    {
      "playerOne": 4,
      "playerTwo": 13,
      "winPercentage": 83.747
    },
    {
      "playerOne": 4,
      "playerTwo": 14,
      "winPercentage": 15.001
    },
    {
      "playerOne": 4,
      "playerTwo": 15,
      "winPercentage": 17.13
    },
    {
      "playerOne": 4,
      "playerTwo": 16,
      "winPercentage": 97.116
    },
    {
      "playerOne": 4,
      "playerTwo": 17,
      "winPercentage": 21.886
    },
    {
      "playerOne": 4,
      "playerTwo": 18,
      "winPercentage": 34.73
    },
    {
      "playerOne": 4,
      "playerTwo": 19,
      "winPercentage": 53.098
    },
    {
      "playerOne": 4,
      "playerTwo": 20,
      "winPercentage": 74.699
    },
    {
      "playerOne": 4,
      "playerTwo": 21,
      "winPercentage": 47.121
    },
    {
      "playerOne": 4,
      "playerTwo": 22,
      "winPercentage": 85.205
    },
    {
      "playerOne": 4,
      "playerTwo": 23,
      "winPercentage": 52.632
    },
    {
      "playerOne": 4,
      "playerTwo": 24,
      "winPercentage": 99.901
    },
    {
      "playerOne": 4,
      "playerTwo": 25,
      "winPercentage": 28.322
    },
    {
      "playerOne": 4,
      "playerTwo": 26,
      "winPercentage": 79.776
    },
    {
      "playerOne": 4,
      "playerTwo": 27,
      "winPercentage": 46.806
    },
    {
      "playerOne": 4,
      "playerTwo": 28,
      "winPercentage": 3.547
    },
    {
      "playerOne": 4,
      "playerTwo": 29,
      "winPercentage": 18.929
    },
    {
      "playerOne": 4,
      "playerTwo": 30,
      "winPercentage": 84.238
    },
    {
      "playerOne": 4,
      "playerTwo": 31,
      "winPercentage": 43.853
    },
    {
      "playerOne": 4,
      "playerTwo": 32,
      "winPercentage": 36.559
    },
    {
      "playerOne": 4,
      "playerTwo": 33,
      "winPercentage": 20.833
    },
    {
      "playerOne": 4,
      "playerTwo": 34,
      "winPercentage": 11.075
    },
    {
      "playerOne": 4,
      "playerTwo": 35,
      "winPercentage": 21.68
    },
    {
      "playerOne": 4,
      "playerTwo": 36,
      "winPercentage": 37.138
    },
    {
      "playerOne": 4,
      "playerTwo": 37,
      "winPercentage": 60.361
    },
    {
      "playerOne": 4,
      "playerTwo": 38,
      "winPercentage": 18.819
    },
    {
      "playerOne": 4,
      "playerTwo": 39,
      "winPercentage": 19.739
    },
    {
      "playerOne": 5,
      "playerTwo": 6,
      "winPercentage": 79.814
    },
    {
      "playerOne": 5,
      "playerTwo": 7,
      "winPercentage": 85.786
    },
    {
      "playerOne": 5,
      "playerTwo": 8,
      "winPercentage": 86.398
    },
    {
      "playerOne": 5,
      "playerTwo": 9,
      "winPercentage": 99.686
    },
    {
      "playerOne": 5,
      "playerTwo": 10,
      "winPercentage": 38.995
    },
    {
      "playerOne": 5,
      "playerTwo": 11,
      "winPercentage": 67.442
    },
    {
      "playerOne": 5,
      "playerTwo": 12,
      "winPercentage": 78.723
    },
    {
      "playerOne": 5,
      "playerTwo": 13,
      "winPercentage": 76.597
    },
    {
      "playerOne": 5,
      "playerTwo": 14,
      "winPercentage": 25.847
    },
    {
      "playerOne": 5,
      "playerTwo": 15,
      "winPercentage": 50.531
    },
    {
      "playerOne": 5,
      "playerTwo": 16,
      "winPercentage": 82.146
    },
    {
      "playerOne": 5,
      "playerTwo": 17,
      "winPercentage": 25.434
    },
    {
      "playerOne": 5,
      "playerTwo": 18,
      "winPercentage": 9.727
    },
    {
      "playerOne": 5,
      "playerTwo": 19,
      "winPercentage": 36.689
    },
    {
      "playerOne": 5,
      "playerTwo": 20,
      "winPercentage": 36.628
    },
    {
      "playerOne": 5,
      "playerTwo": 21,
      "winPercentage": 83.232
    },
    {
      "playerOne": 5,
      "playerTwo": 22,
      "winPercentage": 55.96
    },
    {
      "playerOne": 5,
      "playerTwo": 23,
      "winPercentage": 64.827
    },
    {
      "playerOne": 5,
      "playerTwo": 24,
      "winPercentage": 21.356
    },
    {
      "playerOne": 5,
      "playerTwo": 25,
      "winPercentage": 61.811
    },
    {
      "playerOne": 5,
      "playerTwo": 26,
      "winPercentage": 35.532
    },
    {
      "playerOne": 5,
      "playerTwo": 27,
      "winPercentage": 90.24
    },
    {
      "playerOne": 5,
      "playerTwo": 28,
      "winPercentage": 14.556
    },
    {
      "playerOne": 5,
      "playerTwo": 29,
      "winPercentage": 5.903
    },
    {
      "playerOne": 5,
      "playerTwo": 30,
      "winPercentage": 72.767
    },
    {
      "playerOne": 5,
      "playerTwo": 31,
      "winPercentage": 37.089
    },
    {
      "playerOne": 5,
      "playerTwo": 32,
      "winPercentage": 67.665
    },
    {
      "playerOne": 5,
      "playerTwo": 33,
      "winPercentage": 96.347
    },
    {
      "playerOne": 5,
      "playerTwo": 34,
      "winPercentage": 26.13
    },
    {
      "playerOne": 5,
      "playerTwo": 35,
      "winPercentage": 20.294
    },
    {
      "playerOne": 5,
      "playerTwo": 36,
      "winPercentage": 52.838
    },
    {
      "playerOne": 5,
      "playerTwo": 37,
      "winPercentage": 26.314
    },
    {
      "playerOne": 5,
      "playerTwo": 38,
      "winPercentage": 84.993
    },
    {
      "playerOne": 5,
      "playerTwo": 39,
      "winPercentage": 20.322
    },
    {
      "playerOne": 6,
      "playerTwo": 7,
      "winPercentage": 25.007
    },
    {
      "playerOne": 6,
      "playerTwo": 8,
      "winPercentage": 87.819
    },
    {
      "playerOne": 6,
      "playerTwo": 9,
      "winPercentage": 0.352
    },
    {
      "playerOne": 6,
      "playerTwo": 10,
      "winPercentage": 35.949
    },
    {
      "playerOne": 6,
      "playerTwo": 11,
      "winPercentage": 97.424
    },
    {
      "playerOne": 6,
      "playerTwo": 12,
      "winPercentage": 99.041
    },
    {
      "playerOne": 6,
      "playerTwo": 13,
      "winPercentage": 3.66
    },
    {
      "playerOne": 6,
      "playerTwo": 14,
      "winPercentage": 46.896
    },
    {
      "playerOne": 6,
      "playerTwo": 15,
      "winPercentage": 1.317
    },
    {
      "playerOne": 6,
      "playerTwo": 16,
      "winPercentage": 92.365
    },
    {
      "playerOne": 6,
      "playerTwo": 17,
      "winPercentage": 91.233
    },
    {
      "playerOne": 6,
      "playerTwo": 18,
      "winPercentage": 43.979
    },
    {
      "playerOne": 6,
      "playerTwo": 19,
      "winPercentage": 39.732
    },
    {
      "playerOne": 6,
      "playerTwo": 20,
      "winPercentage": 89.847
    },
    {
      "playerOne": 6,
      "playerTwo": 21,
      "winPercentage": 45.796
    },
    {
      "playerOne": 6,
      "playerTwo": 22,
      "winPercentage": 95.128
    },
    {
      "playerOne": 6,
      "playerTwo": 23,
      "winPercentage": 94.874
    },
    {
      "playerOne": 6,
      "playerTwo": 24,
      "winPercentage": 78.166
    },
    {
      "playerOne": 6,
      "playerTwo": 25,
      "winPercentage": 64.701
    },
    {
      "playerOne": 6,
      "playerTwo": 26,
      "winPercentage": 65.543
    },
    {
      "playerOne": 6,
      "playerTwo": 27,
      "winPercentage": 7.662
    },
    {
      "playerOne": 6,
      "playerTwo": 28,
      "winPercentage": 47.491
    },
    {
      "playerOne": 6,
      "playerTwo": 29,
      "winPercentage": 23.322
    },
    {
      "playerOne": 6,
      "playerTwo": 30,
      "winPercentage": 16.168
    },
    {
      "playerOne": 6,
      "playerTwo": 31,
      "winPercentage": 24.177
    },
    {
      "playerOne": 6,
      "playerTwo": 32,
      "winPercentage": 5.347
    },
    {
      "playerOne": 6,
      "playerTwo": 33,
      "winPercentage": 76.381
    },
    {
      "playerOne": 6,
      "playerTwo": 34,
      "winPercentage": 4.424
    },
    {
      "playerOne": 6,
      "playerTwo": 35,
      "winPercentage": 84.262
    },
    {
      "playerOne": 6,
      "playerTwo": 36,
      "winPercentage": 17.051
    },
    {
      "playerOne": 6,
      "playerTwo": 37,
      "winPercentage": 41.475
    },
    {
      "playerOne": 6,
      "playerTwo": 38,
      "winPercentage": 59.59
    },
    {
      "playerOne": 6,
      "playerTwo": 39,
      "winPercentage": 84.141
    },
    {
      "playerOne": 7,
      "playerTwo": 8,
      "winPercentage": 14.29
    },
    {
      "playerOne": 7,
      "playerTwo": 9,
      "winPercentage": 99.582
    },
    {
      "playerOne": 7,
      "playerTwo": 10,
      "winPercentage": 77.298
    },
    {
      "playerOne": 7,
      "playerTwo": 11,
      "winPercentage": 26.733
    },
    {
      "playerOne": 7,
      "playerTwo": 12,
      "winPercentage": 6.996
    },
    {
      "playerOne": 7,
      "playerTwo": 13,
      "winPercentage": 31.332
    },
    {
      "playerOne": 7,
      "playerTwo": 14,
      "winPercentage": 4.26
    },
    {
      "playerOne": 7,
      "playerTwo": 15,
      "winPercentage": 44.92
    },
    {
      "playerOne": 7,
      "playerTwo": 16,
      "winPercentage": 4.656
    },
    {
      "playerOne": 7,
      "playerTwo": 17,
      "winPercentage": 0.502
    },
    {
      "playerOne": 7,
      "playerTwo": 18,
      "winPercentage": 77.623
    },
    {
      "playerOne": 7,
      "playerTwo": 19,
      "winPercentage": 43.274
    },
    {
      "playerOne": 7,
      "playerTwo": 20,
      "winPercentage": 32.001
    },
    {
      "playerOne": 7,
      "playerTwo": 21,
      "winPercentage": 83.429
    },
    {
      "playerOne": 7,
      "playerTwo": 22,
      "winPercentage": 68.826
    },
    {
      "playerOne": 7,
      "playerTwo": 23,
      "winPercentage": 33.764
    },
    {
      "playerOne": 7,
      "playerTwo": 24,
      "winPercentage": 89.761
    },
    {
      "playerOne": 7,
      "playerTwo": 25,
      "winPercentage": 69.692
    },
    {
      "playerOne": 7,
      "playerTwo": 26,
      "winPercentage": 38.206
    },
    {
      "playerOne": 7,
      "playerTwo": 27,
      "winPercentage": 0.492
    },
    {
      "playerOne": 7,
      "playerTwo": 28,
      "winPercentage": 62.215
    },
    {
      "playerOne": 7,
      "playerTwo": 29,
      "winPercentage": 53.387
    },
    {
      "playerOne": 7,
      "playerTwo": 30,
      "winPercentage": 12.086
    },
    {
      "playerOne": 7,
      "playerTwo": 31,
      "winPercentage": 64.847
    },
    {
      "playerOne": 7,
      "playerTwo": 32,
      "winPercentage": 76.142
    },
    {
      "playerOne": 7,
      "playerTwo": 33,
      "winPercentage": 22.884
    },
    {
      "playerOne": 7,
      "playerTwo": 34,
      "winPercentage": 84.391
    },
    {
      "playerOne": 7,
      "playerTwo": 35,
      "winPercentage": 15.137
    },
    {
      "playerOne": 7,
      "playerTwo": 36,
      "winPercentage": 98.418
    },
    {
      "playerOne": 7,
      "playerTwo": 37,
      "winPercentage": 9311.9
    },
    {
      "playerOne": 7,
      "playerTwo": 38,
      "winPercentage": 73.836
    },
    {
      "playerOne": 7,
      "playerTwo": 39,
      "winPercentage": 17.088
    },
    {
      "playerOne": 8,
      "playerTwo": 9,
      "winPercentage": 76.827
    },
    {
      "playerOne": 8,
      "playerTwo": 10,
      "winPercentage": 34.436
    },
    {
      "playerOne": 8,
      "playerTwo": 11,
      "winPercentage": 40.152
    },
    {
      "playerOne": 8,
      "playerTwo": 12,
      "winPercentage": 81.271
    },
    {
      "playerOne": 8,
      "playerTwo": 13,
      "winPercentage": 13.583
    },
    {
      "playerOne": 8,
      "playerTwo": 14,
      "winPercentage": 85.603
    },
    {
      "playerOne": 8,
      "playerTwo": 15,
      "winPercentage": 80.168
    },
    {
      "playerOne": 8,
      "playerTwo": 16,
      "winPercentage": 74.283
    },
    {
      "playerOne": 8,
      "playerTwo": 17,
      "winPercentage": 8.278
    },
    {
      "playerOne": 8,
      "playerTwo": 18,
      "winPercentage": 6.423
    },
    {
      "playerOne": 8,
      "playerTwo": 19,
      "winPercentage": 54.424
    },
    {
      "playerOne": 8,
      "playerTwo": 20,
      "winPercentage": 53.35
    },
    {
      "playerOne": 8,
      "playerTwo": 21,
      "winPercentage": 83.408
    },
    {
      "playerOne": 8,
      "playerTwo": 22,
      "winPercentage": 39.919
    },
    {
      "playerOne": 8,
      "playerTwo": 23,
      "winPercentage": 90.124
    },
    {
      "playerOne": 8,
      "playerTwo": 24,
      "winPercentage": 92.24
    },
    {
      "playerOne": 8,
      "playerTwo": 25,
      "winPercentage": 66.404
    },
    {
      "playerOne": 8,
      "playerTwo": 26,
      "winPercentage": 67.865
    },
    {
      "playerOne": 8,
      "playerTwo": 27,
      "winPercentage": 86.794
    },
    {
      "playerOne": 8,
      "playerTwo": 28,
      "winPercentage": 6838.5
    },
    {
      "playerOne": 8,
      "playerTwo": 29,
      "winPercentage": 25.391
    },
    {
      "playerOne": 8,
      "playerTwo": 30,
      "winPercentage": 13.421
    },
    {
      "playerOne": 8,
      "playerTwo": 31,
      "winPercentage": 59.051
    },
    {
      "playerOne": 8,
      "playerTwo": 32,
      "winPercentage": 0.484
    },
    {
      "playerOne": 8,
      "playerTwo": 33,
      "winPercentage": 29.7
    },
    {
      "playerOne": 8,
      "playerTwo": 34,
      "winPercentage": 82.631
    },
    {
      "playerOne": 8,
      "playerTwo": 35,
      "winPercentage": 6.513
    },
    {
      "playerOne": 8,
      "playerTwo": 36,
      "winPercentage": 56.336
    },
    {
      "playerOne": 8,
      "playerTwo": 37,
      "winPercentage": 78.471
    },
    {
      "playerOne": 8,
      "playerTwo": 38,
      "winPercentage": 69.995
    },
    {
      "playerOne": 8,
      "playerTwo": 39,
      "winPercentage": 79.486
    },
    {
      "playerOne": 9,
      "playerTwo": 10,
      "winPercentage": 64.686
    },
    {
      "playerOne": 9,
      "playerTwo": 11,
      "winPercentage": 2930.5
    },
    {
      "playerOne": 9,
      "playerTwo": 12,
      "winPercentage": 72.833
    },
    {
      "playerOne": 9,
      "playerTwo": 13,
      "winPercentage": 64.452
    },
    {
      "playerOne": 9,
      "playerTwo": 14,
      "winPercentage": 66.607
    },
    {
      "playerOne": 9,
      "playerTwo": 15,
      "winPercentage": 54.159
    },
    {
      "playerOne": 9,
      "playerTwo": 16,
      "winPercentage": 99.156
    },
    {
      "playerOne": 9,
      "playerTwo": 17,
      "winPercentage": 31.476
    },
    {
      "playerOne": 9,
      "playerTwo": 18,
      "winPercentage": 36.44
    },
    {
      "playerOne": 9,
      "playerTwo": 19,
      "winPercentage": 37.224
    },
    {
      "playerOne": 9,
      "playerTwo": 20,
      "winPercentage": 40.275
    },
    {
      "playerOne": 9,
      "playerTwo": 21,
      "winPercentage": 47.983
    },
    {
      "playerOne": 9,
      "playerTwo": 22,
      "winPercentage": 91.699
    },
    {
      "playerOne": 9,
      "playerTwo": 23,
      "winPercentage": 36.984
    },
    {
      "playerOne": 9,
      "playerTwo": 24,
      "winPercentage": 15.81
    },
    {
      "playerOne": 9,
      "playerTwo": 25,
      "winPercentage": 46.168
    },
    {
      "playerOne": 9,
      "playerTwo": 26,
      "winPercentage": 54.691
    },
    {
      "playerOne": 9,
      "playerTwo": 27,
      "winPercentage": 24.569
    },
    {
      "playerOne": 9,
      "playerTwo": 28,
      "winPercentage": 16.127
    },
    {
      "playerOne": 9,
      "playerTwo": 29,
      "winPercentage": 51.584
    },
    {
      "playerOne": 9,
      "playerTwo": 30,
      "winPercentage": 93.301
    },
    {
      "playerOne": 9,
      "playerTwo": 31,
      "winPercentage": 96.607
    },
    {
      "playerOne": 9,
      "playerTwo": 32,
      "winPercentage": 53.767
    },
    {
      "playerOne": 9,
      "playerTwo": 33,
      "winPercentage": 97.866
    },
    {
      "playerOne": 9,
      "playerTwo": 34,
      "winPercentage": 16.76
    },
    {
      "playerOne": 9,
      "playerTwo": 35,
      "winPercentage": 57.227
    },
    {
      "playerOne": 9,
      "playerTwo": 36,
      "winPercentage": 3.761
    },
    {
      "playerOne": 9,
      "playerTwo": 37,
      "winPercentage": 19.976
    },
    {
      "playerOne": 9,
      "playerTwo": 38,
      "winPercentage": 79.563
    },
    {
      "playerOne": 9,
      "playerTwo": 39,
      "winPercentage": 19.33
    },
    {
      "playerOne": 10,
      "playerTwo": 11,
      "winPercentage": 77.342
    },
    {
      "playerOne": 10,
      "playerTwo": 12,
      "winPercentage": 64.56
    },
    {
      "playerOne": 10,
      "playerTwo": 13,
      "winPercentage": 26.868
    },
    {
      "playerOne": 10,
      "playerTwo": 14,
      "winPercentage": 22.002
    },
    {
      "playerOne": 10,
      "playerTwo": 15,
      "winPercentage": 53.044
    },
    {
      "playerOne": 10,
      "playerTwo": 16,
      "winPercentage": 80.536
    },
    {
      "playerOne": 10,
      "playerTwo": 17,
      "winPercentage": 89.165
    },
    {
      "playerOne": 10,
      "playerTwo": 18,
      "winPercentage": 81.803
    },
    {
      "playerOne": 10,
      "playerTwo": 19,
      "winPercentage": 93.846
    },
    {
      "playerOne": 10,
      "playerTwo": 20,
      "winPercentage": 57.222
    },
    {
      "playerOne": 10,
      "playerTwo": 21,
      "winPercentage": 31.629
    },
    {
      "playerOne": 10,
      "playerTwo": 22,
      "winPercentage": 23.067
    },
    {
      "playerOne": 10,
      "playerTwo": 23,
      "winPercentage": 47.845
    },
    {
      "playerOne": 10,
      "playerTwo": 24,
      "winPercentage": 67.009
    },
    {
      "playerOne": 10,
      "playerTwo": 25,
      "winPercentage": 97.382
    },
    {
      "playerOne": 10,
      "playerTwo": 26,
      "winPercentage": 30.903
    },
    {
      "playerOne": 10,
      "playerTwo": 27,
      "winPercentage": 74.56
    },
    {
      "playerOne": 10,
      "playerTwo": 28,
      "winPercentage": 33.84
    },
    {
      "playerOne": 10,
      "playerTwo": 29,
      "winPercentage": 38.571
    },
    {
      "playerOne": 10,
      "playerTwo": 30,
      "winPercentage": 5139.1
    },
    {
      "playerOne": 10,
      "playerTwo": 31,
      "winPercentage": 14.139
    },
    {
      "playerOne": 10,
      "playerTwo": 32,
      "winPercentage": 3.215
    },
    {
      "playerOne": 10,
      "playerTwo": 33,
      "winPercentage": 19.734
    },
    {
      "playerOne": 10,
      "playerTwo": 34,
      "winPercentage": 11.78
    },
    {
      "playerOne": 10,
      "playerTwo": 35,
      "winPercentage": 85.066
    },
    {
      "playerOne": 10,
      "playerTwo": 36,
      "winPercentage": 75.531
    },
    {
      "playerOne": 10,
      "playerTwo": 37,
      "winPercentage": 54.365
    },
    {
      "playerOne": 10,
      "playerTwo": 38,
      "winPercentage": 34.691
    },
    {
      "playerOne": 10,
      "playerTwo": 39,
      "winPercentage": 96.576
    },
    {
      "playerOne": 11,
      "playerTwo": 12,
      "winPercentage": 61.67
    },
    {
      "playerOne": 11,
      "playerTwo": 13,
      "winPercentage": 7.344
    },
    {
      "playerOne": 11,
      "playerTwo": 14,
      "winPercentage": 41.349
    },
    {
      "playerOne": 11,
      "playerTwo": 15,
      "winPercentage": 66.016
    },
    {
      "playerOne": 11,
      "playerTwo": 16,
      "winPercentage": 92.22
    },
    {
      "playerOne": 11,
      "playerTwo": 17,
      "winPercentage": 36.875
    },
    {
      "playerOne": 11,
      "playerTwo": 18,
      "winPercentage": 54.872
    },
    {
      "playerOne": 11,
      "playerTwo": 19,
      "winPercentage": 63.254
    },
    {
      "playerOne": 11,
      "playerTwo": 20,
      "winPercentage": 85.107
    },
    {
      "playerOne": 11,
      "playerTwo": 21,
      "winPercentage": 74.573
    },
    {
      "playerOne": 11,
      "playerTwo": 22,
      "winPercentage": 37.791
    },
    {
      "playerOne": 11,
      "playerTwo": 23,
      "winPercentage": 74.057
    },
    {
      "playerOne": 11,
      "playerTwo": 24,
      "winPercentage": 92.746
    },
    {
      "playerOne": 11,
      "playerTwo": 25,
      "winPercentage": 15.683
    },
    {
      "playerOne": 11,
      "playerTwo": 26,
      "winPercentage": 26.379
    },
    {
      "playerOne": 11,
      "playerTwo": 27,
      "winPercentage": 2.028
    },
    {
      "playerOne": 11,
      "playerTwo": 28,
      "winPercentage": 70.504
    },
    {
      "playerOne": 11,
      "playerTwo": 29,
      "winPercentage": 76.211
    },
    {
      "playerOne": 11,
      "playerTwo": 30,
      "winPercentage": 3.675
    },
    {
      "playerOne": 11,
      "playerTwo": 31,
      "winPercentage": 52.887
    },
    {
      "playerOne": 11,
      "playerTwo": 32,
      "winPercentage": 7.483
    },
    {
      "playerOne": 11,
      "playerTwo": 33,
      "winPercentage": 11.95
    },
    {
      "playerOne": 11,
      "playerTwo": 34,
      "winPercentage": 51.13
    },
    {
      "playerOne": 11,
      "playerTwo": 35,
      "winPercentage": 79.863
    },
    {
      "playerOne": 11,
      "playerTwo": 36,
      "winPercentage": 27.496
    },
    {
      "playerOne": 11,
      "playerTwo": 37,
      "winPercentage": 16.715
    },
    {
      "playerOne": 11,
      "playerTwo": 38,
      "winPercentage": 8.978
    },
    {
      "playerOne": 11,
      "playerTwo": 39,
      "winPercentage": 59.415
    },
    {
      "playerOne": 12,
      "playerTwo": 13,
      "winPercentage": 46.527
    },
    {
      "playerOne": 12,
      "playerTwo": 14,
      "winPercentage": 27.986
    },
    {
      "playerOne": 12,
      "playerTwo": 15,
      "winPercentage": 59.305
    },
    {
      "playerOne": 12,
      "playerTwo": 16,
      "winPercentage": 36.156
    },
    {
      "playerOne": 12,
      "playerTwo": 17,
      "winPercentage": 87.423
    },
    {
      "playerOne": 12,
      "playerTwo": 18,
      "winPercentage": 56.088
    },
    {
      "playerOne": 12,
      "playerTwo": 19,
      "winPercentage": 37.288
    },
    {
      "playerOne": 12,
      "playerTwo": 20,
      "winPercentage": 45.823
    },
    {
      "playerOne": 12,
      "playerTwo": 21,
      "winPercentage": 3.588
    },
    {
      "playerOne": 12,
      "playerTwo": 22,
      "winPercentage": 15.15
    },
    {
      "playerOne": 12,
      "playerTwo": 23,
      "winPercentage": 94.696
    },
    {
      "playerOne": 12,
      "playerTwo": 24,
      "winPercentage": 92.326
    },
    {
      "playerOne": 12,
      "playerTwo": 25,
      "winPercentage": 2.937
    },
    {
      "playerOne": 12,
      "playerTwo": 26,
      "winPercentage": 57.373
    },
    {
      "playerOne": 12,
      "playerTwo": 27,
      "winPercentage": 4.614
    },
    {
      "playerOne": 12,
      "playerTwo": 28,
      "winPercentage": 85.718
    },
    {
      "playerOne": 12,
      "playerTwo": 29,
      "winPercentage": 4.051
    },
    {
      "playerOne": 12,
      "playerTwo": 30,
      "winPercentage": 68.712
    },
    {
      "playerOne": 12,
      "playerTwo": 31,
      "winPercentage": 73.469
    },
    {
      "playerOne": 12,
      "playerTwo": 32,
      "winPercentage": 28.257
    },
    {
      "playerOne": 12,
      "playerTwo": 33,
      "winPercentage": 44.873
    },
    {
      "playerOne": 12,
      "playerTwo": 34,
      "winPercentage": 27.232
    },
    {
      "playerOne": 12,
      "playerTwo": 35,
      "winPercentage": 1886.4
    },
    {
      "playerOne": 12,
      "playerTwo": 36,
      "winPercentage": 95.585
    },
    {
      "playerOne": 12,
      "playerTwo": 37,
      "winPercentage": 44.346
    },
    {
      "playerOne": 12,
      "playerTwo": 38,
      "winPercentage": 64.406
    },
    {
      "playerOne": 12,
      "playerTwo": 39,
      "winPercentage": 50.8
    },
    {
      "playerOne": 13,
      "playerTwo": 14,
      "winPercentage": 90.812
    },
    {
      "playerOne": 13,
      "playerTwo": 15,
      "winPercentage": 2.443
    },
    {
      "playerOne": 13,
      "playerTwo": 16,
      "winPercentage": 21.195
    },
    {
      "playerOne": 13,
      "playerTwo": 17,
      "winPercentage": 99.248
    },
    {
      "playerOne": 13,
      "playerTwo": 18,
      "winPercentage": 77.569
    },
    {
      "playerOne": 13,
      "playerTwo": 19,
      "winPercentage": 8.5
    },
    {
      "playerOne": 13,
      "playerTwo": 20,
      "winPercentage": 30.011
    },
    {
      "playerOne": 13,
      "playerTwo": 21,
      "winPercentage": 98.966
    },
    {
      "playerOne": 13,
      "playerTwo": 22,
      "winPercentage": 86.181
    },
    {
      "playerOne": 13,
      "playerTwo": 23,
      "winPercentage": 29.99
    },
    {
      "playerOne": 13,
      "playerTwo": 24,
      "winPercentage": 73.595
    },
    {
      "playerOne": 13,
      "playerTwo": 25,
      "winPercentage": 2.077
    },
    {
      "playerOne": 13,
      "playerTwo": 26,
      "winPercentage": 27.741
    },
    {
      "playerOne": 13,
      "playerTwo": 27,
      "winPercentage": 79.304
    },
    {
      "playerOne": 13,
      "playerTwo": 28,
      "winPercentage": 55.058
    },
    {
      "playerOne": 13,
      "playerTwo": 29,
      "winPercentage": 38.822
    },
    {
      "playerOne": 13,
      "playerTwo": 30,
      "winPercentage": 78.539
    },
    {
      "playerOne": 13,
      "playerTwo": 31,
      "winPercentage": 21.537
    },
    {
      "playerOne": 13,
      "playerTwo": 32,
      "winPercentage": 18.244
    },
    {
      "playerOne": 13,
      "playerTwo": 33,
      "winPercentage": 13.036
    },
    {
      "playerOne": 13,
      "playerTwo": 34,
      "winPercentage": 43.808
    },
    {
      "playerOne": 13,
      "playerTwo": 35,
      "winPercentage": 67.728
    },
    {
      "playerOne": 13,
      "playerTwo": 36,
      "winPercentage": 19.533
    },
    {
      "playerOne": 13,
      "playerTwo": 37,
      "winPercentage": 56.318
    },
    {
      "playerOne": 13,
      "playerTwo": 38,
      "winPercentage": 18.165
    },
    {
      "playerOne": 13,
      "playerTwo": 39,
      "winPercentage": 11.036
    },
    {
      "playerOne": 14,
      "playerTwo": 15,
      "winPercentage": 13.184
    },
    {
      "playerOne": 14,
      "playerTwo": 16,
      "winPercentage": 57.278
    },
    {
      "playerOne": 14,
      "playerTwo": 17,
      "winPercentage": 64.014
    },
    {
      "playerOne": 14,
      "playerTwo": 18,
      "winPercentage": 87.246
    },
    {
      "playerOne": 14,
      "playerTwo": 19,
      "winPercentage": 78.891
    },
    {
      "playerOne": 14,
      "playerTwo": 20,
      "winPercentage": 89.079
    },
    {
      "playerOne": 14,
      "playerTwo": 21,
      "winPercentage": 38.751
    },
    {
      "playerOne": 14,
      "playerTwo": 22,
      "winPercentage": 91.468
    },
    {
      "playerOne": 14,
      "playerTwo": 23,
      "winPercentage": 60.324
    },
    {
      "playerOne": 14,
      "playerTwo": 24,
      "winPercentage": 77.865
    },
    {
      "playerOne": 14,
      "playerTwo": 25,
      "winPercentage": 85.389
    },
    {
      "playerOne": 14,
      "playerTwo": 26,
      "winPercentage": 44.204
    },
    {
      "playerOne": 14,
      "playerTwo": 27,
      "winPercentage": 78.452
    },
    {
      "playerOne": 14,
      "playerTwo": 28,
      "winPercentage": 54.194
    },
    {
      "playerOne": 14,
      "playerTwo": 29,
      "winPercentage": 32.75
    },
    {
      "playerOne": 14,
      "playerTwo": 30,
      "winPercentage": 17.52
    },
    {
      "playerOne": 14,
      "playerTwo": 31,
      "winPercentage": 62.619
    },
    {
      "playerOne": 14,
      "playerTwo": 32,
      "winPercentage": 57.824
    },
    {
      "playerOne": 14,
      "playerTwo": 33,
      "winPercentage": 99.657
    },
    {
      "playerOne": 14,
      "playerTwo": 34,
      "winPercentage": 22.995
    },
    {
      "playerOne": 14,
      "playerTwo": 35,
      "winPercentage": 55.475
    },
    {
      "playerOne": 14,
      "playerTwo": 36,
      "winPercentage": 48.161
    },
    {
      "playerOne": 14,
      "playerTwo": 37,
      "winPercentage": 78.54
    },
    {
      "playerOne": 14,
      "playerTwo": 38,
      "winPercentage": 30.929
    },
    {
      "playerOne": 14,
      "playerTwo": 39,
      "winPercentage": 31.494
    },
    {
      "playerOne": 15,
      "playerTwo": 16,
      "winPercentage": 7.085
    },
    {
      "playerOne": 15,
      "playerTwo": 17,
      "winPercentage": 86.425
    },
    {
      "playerOne": 15,
      "playerTwo": 18,
      "winPercentage": 18.09
    },
    {
      "playerOne": 15,
      "playerTwo": 19,
      "winPercentage": 94.618
    },
    {
      "playerOne": 15,
      "playerTwo": 20,
      "winPercentage": 84.125
    },
    {
      "playerOne": 15,
      "playerTwo": 21,
      "winPercentage": 87.723
    },
    {
      "playerOne": 15,
      "playerTwo": 22,
      "winPercentage": 71.244
    },
    {
      "playerOne": 15,
      "playerTwo": 23,
      "winPercentage": 75.074
    },
    {
      "playerOne": 15,
      "playerTwo": 24,
      "winPercentage": 49.996
    },
    {
      "playerOne": 15,
      "playerTwo": 25,
      "winPercentage": 32.446
    },
    {
      "playerOne": 15,
      "playerTwo": 26,
      "winPercentage": 99.265
    },
    {
      "playerOne": 15,
      "playerTwo": 27,
      "winPercentage": 52.355
    },
    {
      "playerOne": 15,
      "playerTwo": 28,
      "winPercentage": 38.21
    },
    {
      "playerOne": 15,
      "playerTwo": 29,
      "winPercentage": 28.581
    },
    {
      "playerOne": 15,
      "playerTwo": 30,
      "winPercentage": 78.429
    },
    {
      "playerOne": 15,
      "playerTwo": 31,
      "winPercentage": 88.712
    },
    {
      "playerOne": 15,
      "playerTwo": 32,
      "winPercentage": 31.347
    },
    {
      "playerOne": 15,
      "playerTwo": 33,
      "winPercentage": 91.63
    },
    {
      "playerOne": 15,
      "playerTwo": 34,
      "winPercentage": 95.14
    },
    {
      "playerOne": 15,
      "playerTwo": 35,
      "winPercentage": 10.506
    },
    {
      "playerOne": 15,
      "playerTwo": 36,
      "winPercentage": 54.78
    },
    {
      "playerOne": 15,
      "playerTwo": 37,
      "winPercentage": 56.609
    },
    {
      "playerOne": 15,
      "playerTwo": 38,
      "winPercentage": 22.699
    },
    {
      "playerOne": 15,
      "playerTwo": 39,
      "winPercentage": 51.836
    },
    {
      "playerOne": 16,
      "playerTwo": 17,
      "winPercentage": 32.514
    },
    {
      "playerOne": 16,
      "playerTwo": 18,
      "winPercentage": 2.94
    },
    {
      "playerOne": 16,
      "playerTwo": 19,
      "winPercentage": 21.141
    },
    {
      "playerOne": 16,
      "playerTwo": 20,
      "winPercentage": 1.225
    },
    {
      "playerOne": 16,
      "playerTwo": 21,
      "winPercentage": 29.223
    },
    {
      "playerOne": 16,
      "playerTwo": 22,
      "winPercentage": 36.435
    },
    {
      "playerOne": 16,
      "playerTwo": 23,
      "winPercentage": 95.108
    },
    {
      "playerOne": 16,
      "playerTwo": 24,
      "winPercentage": 28.24
    },
    {
      "playerOne": 16,
      "playerTwo": 25,
      "winPercentage": 6.971
    },
    {
      "playerOne": 16,
      "playerTwo": 26,
      "winPercentage": 80.975
    },
    {
      "playerOne": 16,
      "playerTwo": 27,
      "winPercentage": 80.808
    },
    {
      "playerOne": 16,
      "playerTwo": 28,
      "winPercentage": 61.398
    },
    {
      "playerOne": 16,
      "playerTwo": 29,
      "winPercentage": 56.091
    },
    {
      "playerOne": 16,
      "playerTwo": 30,
      "winPercentage": 64.791
    },
    {
      "playerOne": 16,
      "playerTwo": 31,
      "winPercentage": 52.5
    },
    {
      "playerOne": 16,
      "playerTwo": 32,
      "winPercentage": 46.085
    },
    {
      "playerOne": 16,
      "playerTwo": 33,
      "winPercentage": 82.67
    },
    {
      "playerOne": 16,
      "playerTwo": 34,
      "winPercentage": 91.416
    },
    {
      "playerOne": 16,
      "playerTwo": 35,
      "winPercentage": 32.141
    },
    {
      "playerOne": 16,
      "playerTwo": 36,
      "winPercentage": 50.84
    },
    {
      "playerOne": 16,
      "playerTwo": 37,
      "winPercentage": 45.107
    },
    {
      "playerOne": 16,
      "playerTwo": 38,
      "winPercentage": 79.881
    },
    {
      "playerOne": 16,
      "playerTwo": 39,
      "winPercentage": 62.447
    },
    {
      "playerOne": 17,
      "playerTwo": 18,
      "winPercentage": 8.232
    },
    {
      "playerOne": 17,
      "playerTwo": 19,
      "winPercentage": 75.65
    },
    {
      "playerOne": 17,
      "playerTwo": 20,
      "winPercentage": 95.503
    },
    {
      "playerOne": 17,
      "playerTwo": 21,
      "winPercentage": 7.753
    },
    {
      "playerOne": 17,
      "playerTwo": 22,
      "winPercentage": 43.518
    },
    {
      "playerOne": 17,
      "playerTwo": 23,
      "winPercentage": 37.077
    },
    {
      "playerOne": 17,
      "playerTwo": 24,
      "winPercentage": 3326.6
    },
    {
      "playerOne": 17,
      "playerTwo": 25,
      "winPercentage": 39.071
    },
    {
      "playerOne": 17,
      "playerTwo": 26,
      "winPercentage": 92.249
    },
    {
      "playerOne": 17,
      "playerTwo": 27,
      "winPercentage": 16.338
    },
    {
      "playerOne": 17,
      "playerTwo": 28,
      "winPercentage": 67.767
    },
    {
      "playerOne": 17,
      "playerTwo": 29,
      "winPercentage": 63.123
    },
    {
      "playerOne": 17,
      "playerTwo": 30,
      "winPercentage": 53.786
    },
    {
      "playerOne": 17,
      "playerTwo": 31,
      "winPercentage": 64.162
    },
    {
      "playerOne": 17,
      "playerTwo": 32,
      "winPercentage": 73.028
    },
    {
      "playerOne": 17,
      "playerTwo": 33,
      "winPercentage": 79.832
    },
    {
      "playerOne": 17,
      "playerTwo": 34,
      "winPercentage": 52.656
    },
    {
      "playerOne": 17,
      "playerTwo": 35,
      "winPercentage": 74.353
    },
    {
      "playerOne": 17,
      "playerTwo": 36,
      "winPercentage": 62.589
    },
    {
      "playerOne": 17,
      "playerTwo": 37,
      "winPercentage": 84.365
    },
    {
      "playerOne": 17,
      "playerTwo": 38,
      "winPercentage": 68.064
    },
    {
      "playerOne": 17,
      "playerTwo": 39,
      "winPercentage": 21.341
    },
    {
      "playerOne": 18,
      "playerTwo": 19,
      "winPercentage": 71.682
    },
    {
      "playerOne": 18,
      "playerTwo": 20,
      "winPercentage": 26.877
    },
    {
      "playerOne": 18,
      "playerTwo": 21,
      "winPercentage": 42.545
    },
    {
      "playerOne": 18,
      "playerTwo": 22,
      "winPercentage": 40.622
    },
    {
      "playerOne": 18,
      "playerTwo": 23,
      "winPercentage": 88.37
    },
    {
      "playerOne": 18,
      "playerTwo": 24,
      "winPercentage": 22.686
    },
    {
      "playerOne": 18,
      "playerTwo": 25,
      "winPercentage": 66.723
    },
    {
      "playerOne": 18,
      "playerTwo": 26,
      "winPercentage": 68.614
    },
    {
      "playerOne": 18,
      "playerTwo": 27,
      "winPercentage": 25.023
    },
    {
      "playerOne": 18,
      "playerTwo": 28,
      "winPercentage": 99.074
    },
    {
      "playerOne": 18,
      "playerTwo": 29,
      "winPercentage": 53.373
    },
    {
      "playerOne": 18,
      "playerTwo": 30,
      "winPercentage": 47.625
    },
    {
      "playerOne": 18,
      "playerTwo": 31,
      "winPercentage": 8.106
    },
    {
      "playerOne": 18,
      "playerTwo": 32,
      "winPercentage": 82.793
    },
    {
      "playerOne": 18,
      "playerTwo": 33,
      "winPercentage": 84.871
    },
    {
      "playerOne": 18,
      "playerTwo": 34,
      "winPercentage": 4.327
    },
    {
      "playerOne": 18,
      "playerTwo": 35,
      "winPercentage": 53.572
    },
    {
      "playerOne": 18,
      "playerTwo": 36,
      "winPercentage": 48.44
    },
    {
      "playerOne": 18,
      "playerTwo": 37,
      "winPercentage": 98.464
    },
    {
      "playerOne": 18,
      "playerTwo": 38,
      "winPercentage": 58.852
    },
    {
      "playerOne": 18,
      "playerTwo": 39,
      "winPercentage": 99.378
    },
    {
      "playerOne": 19,
      "playerTwo": 20,
      "winPercentage": 52.796
    },
    {
      "playerOne": 19,
      "playerTwo": 21,
      "winPercentage": 12.349
    },
    {
      "playerOne": 19,
      "playerTwo": 22,
      "winPercentage": 40.717
    },
    {
      "playerOne": 19,
      "playerTwo": 23,
      "winPercentage": 52.008
    },
    {
      "playerOne": 19,
      "playerTwo": 24,
      "winPercentage": 19.265
    },
    {
      "playerOne": 19,
      "playerTwo": 25,
      "winPercentage": 37.506
    },
    {
      "playerOne": 19,
      "playerTwo": 26,
      "winPercentage": 82.362
    },
    {
      "playerOne": 19,
      "playerTwo": 27,
      "winPercentage": 82.898
    },
    {
      "playerOne": 19,
      "playerTwo": 28,
      "winPercentage": 38.894
    },
    {
      "playerOne": 19,
      "playerTwo": 29,
      "winPercentage": 68.793
    },
    {
      "playerOne": 19,
      "playerTwo": 30,
      "winPercentage": 29.84
    },
    {
      "playerOne": 19,
      "playerTwo": 31,
      "winPercentage": 87.236
    },
    {
      "playerOne": 19,
      "playerTwo": 32,
      "winPercentage": 84.411
    },
    {
      "playerOne": 19,
      "playerTwo": 33,
      "winPercentage": 3.298
    },
    {
      "playerOne": 19,
      "playerTwo": 34,
      "winPercentage": 73.766
    },
    {
      "playerOne": 19,
      "playerTwo": 35,
      "winPercentage": 67.189
    },
    {
      "playerOne": 19,
      "playerTwo": 36,
      "winPercentage": 98.927
    },
    {
      "playerOne": 19,
      "playerTwo": 37,
      "winPercentage": 50.645
    },
    {
      "playerOne": 19,
      "playerTwo": 38,
      "winPercentage": 62.315
    },
    {
      "playerOne": 19,
      "playerTwo": 39,
      "winPercentage": 22.886
    },
    {
      "playerOne": 20,
      "playerTwo": 21,
      "winPercentage": 27.966
    },
    {
      "playerOne": 20,
      "playerTwo": 22,
      "winPercentage": 14.36
    },
    {
      "playerOne": 20,
      "playerTwo": 23,
      "winPercentage": 96.074
    },
    {
      "playerOne": 20,
      "playerTwo": 24,
      "winPercentage": 49.49
    },
    {
      "playerOne": 20,
      "playerTwo": 25,
      "winPercentage": 80.206
    },
    {
      "playerOne": 20,
      "playerTwo": 26,
      "winPercentage": 68.578
    },
    {
      "playerOne": 20,
      "playerTwo": 27,
      "winPercentage": 74.755
    },
    {
      "playerOne": 20,
      "playerTwo": 28,
      "winPercentage": 90.43
    },
    {
      "playerOne": 20,
      "playerTwo": 29,
      "winPercentage": 65.098
    },
    {
      "playerOne": 20,
      "playerTwo": 30,
      "winPercentage": 67.819
    },
    {
      "playerOne": 20,
      "playerTwo": 31,
      "winPercentage": 64.14
    },
    {
      "playerOne": 20,
      "playerTwo": 32,
      "winPercentage": 2.422
    },
    {
      "playerOne": 20,
      "playerTwo": 33,
      "winPercentage": 22.775
    },
    {
      "playerOne": 20,
      "playerTwo": 34,
      "winPercentage": 84.874
    },
    {
      "playerOne": 20,
      "playerTwo": 35,
      "winPercentage": 39.2
    },
    {
      "playerOne": 20,
      "playerTwo": 36,
      "winPercentage": 43.327
    },
    {
      "playerOne": 20,
      "playerTwo": 37,
      "winPercentage": 96.787
    },
    {
      "playerOne": 20,
      "playerTwo": 38,
      "winPercentage": 87.808
    },
    {
      "playerOne": 20,
      "playerTwo": 39,
      "winPercentage": 68.973
    },
    {
      "playerOne": 21,
      "playerTwo": 22,
      "winPercentage": 59.561
    },
    {
      "playerOne": 21,
      "playerTwo": 23,
      "winPercentage": 58.101
    },
    {
      "playerOne": 21,
      "playerTwo": 24,
      "winPercentage": 51.054
    },
    {
      "playerOne": 21,
      "playerTwo": 25,
      "winPercentage": 87.868
    },
    {
      "playerOne": 21,
      "playerTwo": 26,
      "winPercentage": 41.401
    },
    {
      "playerOne": 21,
      "playerTwo": 27,
      "winPercentage": 37.911
    },
    {
      "playerOne": 21,
      "playerTwo": 28,
      "winPercentage": 45.752
    },
    {
      "playerOne": 21,
      "playerTwo": 29,
      "winPercentage": 51.156
    },
    {
      "playerOne": 21,
      "playerTwo": 30,
      "winPercentage": 11.464
    },
    {
      "playerOne": 21,
      "playerTwo": 31,
      "winPercentage": 53.887
    },
    {
      "playerOne": 21,
      "playerTwo": 32,
      "winPercentage": 69.051
    },
    {
      "playerOne": 21,
      "playerTwo": 33,
      "winPercentage": 1.356
    },
    {
      "playerOne": 21,
      "playerTwo": 34,
      "winPercentage": 25.601
    },
    {
      "playerOne": 21,
      "playerTwo": 35,
      "winPercentage": 94.837
    },
    {
      "playerOne": 21,
      "playerTwo": 36,
      "winPercentage": 7.305
    },
    {
      "playerOne": 21,
      "playerTwo": 37,
      "winPercentage": 27.152
    },
    {
      "playerOne": 21,
      "playerTwo": 38,
      "winPercentage": 46.585
    },
    {
      "playerOne": 21,
      "playerTwo": 39,
      "winPercentage": 51.672
    },
    {
      "playerOne": 22,
      "playerTwo": 23,
      "winPercentage": 12.057
    },
    {
      "playerOne": 22,
      "playerTwo": 24,
      "winPercentage": 13.812
    },
    {
      "playerOne": 22,
      "playerTwo": 25,
      "winPercentage": 43.678
    },
    {
      "playerOne": 22,
      "playerTwo": 26,
      "winPercentage": 4.946
    },
    {
      "playerOne": 22,
      "playerTwo": 27,
      "winPercentage": 28.306
    },
    {
      "playerOne": 22,
      "playerTwo": 28,
      "winPercentage": 63.905
    },
    {
      "playerOne": 22,
      "playerTwo": 29,
      "winPercentage": 95.456
    },
    {
      "playerOne": 22,
      "playerTwo": 30,
      "winPercentage": 49.495
    },
    {
      "playerOne": 22,
      "playerTwo": 31,
      "winPercentage": 23.573
    },
    {
      "playerOne": 22,
      "playerTwo": 32,
      "winPercentage": 48.259
    },
    {
      "playerOne": 22,
      "playerTwo": 33,
      "winPercentage": 60.032
    },
    {
      "playerOne": 22,
      "playerTwo": 34,
      "winPercentage": 82.952
    },
    {
      "playerOne": 22,
      "playerTwo": 35,
      "winPercentage": 66.117
    },
    {
      "playerOne": 22,
      "playerTwo": 36,
      "winPercentage": 62.714
    },
    {
      "playerOne": 22,
      "playerTwo": 37,
      "winPercentage": 30.502
    },
    {
      "playerOne": 22,
      "playerTwo": 38,
      "winPercentage": 33.422
    },
    {
      "playerOne": 22,
      "playerTwo": 39,
      "winPercentage": 36.684
    },
    {
      "playerOne": 23,
      "playerTwo": 24,
      "winPercentage": 46.969
    },
    {
      "playerOne": 23,
      "playerTwo": 25,
      "winPercentage": 26.541
    },
    {
      "playerOne": 23,
      "playerTwo": 26,
      "winPercentage": 35.707
    },
    {
      "playerOne": 23,
      "playerTwo": 27,
      "winPercentage": 37.89
    },
    {
      "playerOne": 23,
      "playerTwo": 28,
      "winPercentage": 51.791
    },
    {
      "playerOne": 23,
      "playerTwo": 29,
      "winPercentage": 36.613
    },
    {
      "playerOne": 23,
      "playerTwo": 30,
      "winPercentage": 2.809
    },
    {
      "playerOne": 23,
      "playerTwo": 31,
      "winPercentage": 79.047
    },
    {
      "playerOne": 23,
      "playerTwo": 32,
      "winPercentage": 13.028
    },
    {
      "playerOne": 23,
      "playerTwo": 33,
      "winPercentage": 77.823
    },
    {
      "playerOne": 23,
      "playerTwo": 34,
      "winPercentage": 73.322
    },
    {
      "playerOne": 23,
      "playerTwo": 35,
      "winPercentage": 84.3
    },
    {
      "playerOne": 23,
      "playerTwo": 36,
      "winPercentage": 48.178
    },
    {
      "playerOne": 23,
      "playerTwo": 37,
      "winPercentage": 77.683
    },
    {
      "playerOne": 23,
      "playerTwo": 38,
      "winPercentage": 12.848
    },
    {
      "playerOne": 23,
      "playerTwo": 39,
      "winPercentage": 90.312
    },
    {
      "playerOne": 24,
      "playerTwo": 25,
      "winPercentage": 35.448
    },
    {
      "playerOne": 24,
      "playerTwo": 26,
      "winPercentage": 90.421
    },
    {
      "playerOne": 24,
      "playerTwo": 27,
      "winPercentage": 56.179
    },
    {
      "playerOne": 24,
      "playerTwo": 28,
      "winPercentage": 85.292
    },
    {
      "playerOne": 24,
      "playerTwo": 29,
      "winPercentage": 77.767
    },
    {
      "playerOne": 24,
      "playerTwo": 30,
      "winPercentage": 22.186
    },
    {
      "playerOne": 24,
      "playerTwo": 31,
      "winPercentage": 50.182
    },
    {
      "playerOne": 24,
      "playerTwo": 32,
      "winPercentage": 6448.3
    },
    {
      "playerOne": 24,
      "playerTwo": 33,
      "winPercentage": 1.208
    },
    {
      "playerOne": 24,
      "playerTwo": 34,
      "winPercentage": 1.256
    },
    {
      "playerOne": 24,
      "playerTwo": 35,
      "winPercentage": 74.083
    },
    {
      "playerOne": 24,
      "playerTwo": 36,
      "winPercentage": 71.832
    },
    {
      "playerOne": 24,
      "playerTwo": 37,
      "winPercentage": 3732.9
    },
    {
      "playerOne": 24,
      "playerTwo": 38,
      "winPercentage": 51.855
    },
    {
      "playerOne": 24,
      "playerTwo": 39,
      "winPercentage": 66.812
    },
    {
      "playerOne": 25,
      "playerTwo": 26,
      "winPercentage": 67.641
    },
    {
      "playerOne": 25,
      "playerTwo": 27,
      "winPercentage": 33.295
    },
    {
      "playerOne": 25,
      "playerTwo": 28,
      "winPercentage": 71.358
    },
    {
      "playerOne": 25,
      "playerTwo": 29,
      "winPercentage": 53.154
    },
    {
      "playerOne": 25,
      "playerTwo": 30,
      "winPercentage": 42.259
    },
    {
      "playerOne": 25,
      "playerTwo": 31,
      "winPercentage": 47.143
    },
    {
      "playerOne": 25,
      "playerTwo": 32,
      "winPercentage": 45.847
    },
    {
      "playerOne": 25,
      "playerTwo": 33,
      "winPercentage": 7.472
    },
    {
      "playerOne": 25,
      "playerTwo": 34,
      "winPercentage": 45.063
    },
    {
      "playerOne": 25,
      "playerTwo": 35,
      "winPercentage": 65.051
    },
    {
      "playerOne": 25,
      "playerTwo": 36,
      "winPercentage": 12.615
    },
    {
      "playerOne": 25,
      "playerTwo": 37,
      "winPercentage": 67.424
    },
    {
      "playerOne": 25,
      "playerTwo": 38,
      "winPercentage": 2.097
    },
    {
      "playerOne": 25,
      "playerTwo": 39,
      "winPercentage": 14.093
    },
    {
      "playerOne": 26,
      "playerTwo": 27,
      "winPercentage": 81.957
    },
    {
      "playerOne": 26,
      "playerTwo": 28,
      "winPercentage": 86.102
    },
    {
      "playerOne": 26,
      "playerTwo": 29,
      "winPercentage": 61.546
    },
    {
      "playerOne": 26,
      "playerTwo": 30,
      "winPercentage": 53.619
    },
    {
      "playerOne": 26,
      "playerTwo": 31,
      "winPercentage": 99.904
    },
    {
      "playerOne": 26,
      "playerTwo": 32,
      "winPercentage": 49.872
    },
    {
      "playerOne": 26,
      "playerTwo": 33,
      "winPercentage": 37.125
    },
    {
      "playerOne": 26,
      "playerTwo": 34,
      "winPercentage": 18.778
    },
    {
      "playerOne": 26,
      "playerTwo": 35,
      "winPercentage": 60.084
    },
    {
      "playerOne": 26,
      "playerTwo": 36,
      "winPercentage": 10.352
    },
    {
      "playerOne": 26,
      "playerTwo": 37,
      "winPercentage": 3.257
    },
    {
      "playerOne": 26,
      "playerTwo": 38,
      "winPercentage": 40.937
    },
    {
      "playerOne": 26,
      "playerTwo": 39,
      "winPercentage": 80.693
    },
    {
      "playerOne": 27,
      "playerTwo": 28,
      "winPercentage": 84.012
    },
    {
      "playerOne": 27,
      "playerTwo": 29,
      "winPercentage": 19.797
    },
    {
      "playerOne": 27,
      "playerTwo": 30,
      "winPercentage": 38.442
    },
    {
      "playerOne": 27,
      "playerTwo": 31,
      "winPercentage": 44.864
    },
    {
      "playerOne": 27,
      "playerTwo": 32,
      "winPercentage": 86.359
    },
    {
      "playerOne": 27,
      "playerTwo": 33,
      "winPercentage": 53.76
    },
    {
      "playerOne": 27,
      "playerTwo": 34,
      "winPercentage": 63.764
    },
    {
      "playerOne": 27,
      "playerTwo": 35,
      "winPercentage": 13.328
    },
    {
      "playerOne": 27,
      "playerTwo": 36,
      "winPercentage": 11.499
    },
    {
      "playerOne": 27,
      "playerTwo": 37,
      "winPercentage": 81.41
    },
    {
      "playerOne": 27,
      "playerTwo": 38,
      "winPercentage": 59.148
    },
    {
      "playerOne": 27,
      "playerTwo": 39,
      "winPercentage": 48.545
    },
    {
      "playerOne": 28,
      "playerTwo": 29,
      "winPercentage": 0.437
    },
    {
      "playerOne": 28,
      "playerTwo": 30,
      "winPercentage": 29.138
    },
    {
      "playerOne": 28,
      "playerTwo": 31,
      "winPercentage": 85.11
    },
    {
      "playerOne": 28,
      "playerTwo": 32,
      "winPercentage": 32.912
    },
    {
      "playerOne": 28,
      "playerTwo": 33,
      "winPercentage": 32.693
    },
    {
      "playerOne": 28,
      "playerTwo": 34,
      "winPercentage": 82.814
    },
    {
      "playerOne": 28,
      "playerTwo": 35,
      "winPercentage": 80.365
    },
    {
      "playerOne": 28,
      "playerTwo": 36,
      "winPercentage": 86.453
    },
    {
      "playerOne": 28,
      "playerTwo": 37,
      "winPercentage": 99.998
    },
    {
      "playerOne": 28,
      "playerTwo": 38,
      "winPercentage": 51.866
    },
    {
      "playerOne": 28,
      "playerTwo": 39,
      "winPercentage": 39.04
    },
    {
      "playerOne": 29,
      "playerTwo": 30,
      "winPercentage": 33.094
    },
    {
      "playerOne": 29,
      "playerTwo": 31,
      "winPercentage": 67.531
    },
    {
      "playerOne": 29,
      "playerTwo": 32,
      "winPercentage": 5.823
    },
    {
      "playerOne": 29,
      "playerTwo": 33,
      "winPercentage": 51.031
    },
    {
      "playerOne": 29,
      "playerTwo": 34,
      "winPercentage": 3.998
    },
    {
      "playerOne": 29,
      "playerTwo": 35,
      "winPercentage": 73.429
    },
    {
      "playerOne": 29,
      "playerTwo": 36,
      "winPercentage": 26.477
    },
    {
      "playerOne": 29,
      "playerTwo": 37,
      "winPercentage": 0.605
    },
    {
      "playerOne": 29,
      "playerTwo": 38,
      "winPercentage": 13.117
    },
    {
      "playerOne": 29,
      "playerTwo": 39,
      "winPercentage": 13.392
    },
    {
      "playerOne": 30,
      "playerTwo": 31,
      "winPercentage": 54.473
    },
    {
      "playerOne": 30,
      "playerTwo": 32,
      "winPercentage": 88.759
    },
    {
      "playerOne": 30,
      "playerTwo": 33,
      "winPercentage": 87.004
    },
    {
      "playerOne": 30,
      "playerTwo": 34,
      "winPercentage": 55.902
    },
    {
      "playerOne": 30,
      "playerTwo": 35,
      "winPercentage": 98.545
    },
    {
      "playerOne": 30,
      "playerTwo": 36,
      "winPercentage": 64.563
    },
    {
      "playerOne": 30,
      "playerTwo": 37,
      "winPercentage": 21.774
    },
    {
      "playerOne": 30,
      "playerTwo": 38,
      "winPercentage": 13.734
    },
    {
      "playerOne": 30,
      "playerTwo": 39,
      "winPercentage": 39.485
    },
    {
      "playerOne": 31,
      "playerTwo": 32,
      "winPercentage": 57.453
    },
    {
      "playerOne": 31,
      "playerTwo": 33,
      "winPercentage": 85.749
    },
    {
      "playerOne": 31,
      "playerTwo": 34,
      "winPercentage": 52.213
    },
    {
      "playerOne": 31,
      "playerTwo": 35,
      "winPercentage": 88.004
    },
    {
      "playerOne": 31,
      "playerTwo": 36,
      "winPercentage": 70.888
    },
    {
      "playerOne": 31,
      "playerTwo": 37,
      "winPercentage": 18.113
    },
    {
      "playerOne": 31,
      "playerTwo": 38,
      "winPercentage": 41.643
    },
    {
      "playerOne": 31,
      "playerTwo": 39,
      "winPercentage": 15.223
    },
    {
      "playerOne": 32,
      "playerTwo": 33,
      "winPercentage": 14.398
    },
    {
      "playerOne": 32,
      "playerTwo": 34,
      "winPercentage": 45.473
    },
    {
      "playerOne": 32,
      "playerTwo": 35,
      "winPercentage": 78.691
    },
    {
      "playerOne": 32,
      "playerTwo": 36,
      "winPercentage": 5.808
    },
    {
      "playerOne": 32,
      "playerTwo": 37,
      "winPercentage": 84.633
    },
    {
      "playerOne": 32,
      "playerTwo": 38,
      "winPercentage": 59.287
    },
    {
      "playerOne": 32,
      "playerTwo": 39,
      "winPercentage": 4909.4
    },
    {
      "playerOne": 33,
      "playerTwo": 34,
      "winPercentage": 62.974
    },
    {
      "playerOne": 33,
      "playerTwo": 35,
      "winPercentage": 57.618
    },
    {
      "playerOne": 33,
      "playerTwo": 36,
      "winPercentage": 57.344
    },
    {
      "playerOne": 33,
      "playerTwo": 37,
      "winPercentage": 35.769
    },
    {
      "playerOne": 33,
      "playerTwo": 38,
      "winPercentage": 45.89
    },
    {
      "playerOne": 33,
      "playerTwo": 39,
      "winPercentage": 52.288
    },
    {
      "playerOne": 34,
      "playerTwo": 35,
      "winPercentage": 14.149
    },
    {
      "playerOne": 34,
      "playerTwo": 36,
      "winPercentage": 41.266
    },
    {
      "playerOne": 34,
      "playerTwo": 37,
      "winPercentage": 91.518
    },
    {
      "playerOne": 34,
      "playerTwo": 38,
      "winPercentage": 60.199
    },
    {
      "playerOne": 34,
      "playerTwo": 39,
      "winPercentage": 46.289
    },
    {
      "playerOne": 35,
      "playerTwo": 36,
      "winPercentage": 7.414
    },
    {
      "playerOne": 35,
      "playerTwo": 37,
      "winPercentage": 68.513
    },
    {
      "playerOne": 35,
      "playerTwo": 38,
      "winPercentage": 44.135
    },
    {
      "playerOne": 35,
      "playerTwo": 39,
      "winPercentage": 18.818
    },
    {
      "playerOne": 36,
      "playerTwo": 37,
      "winPercentage": 14.283
    },
    {
      "playerOne": 36,
      "playerTwo": 38,
      "winPercentage": 43.684
    },
    {
      "playerOne": 36,
      "playerTwo": 39,
      "winPercentage": 53.425
    },
    {
      "playerOne": 37,
      "playerTwo": 38,
      "winPercentage": 83.763
    },
    {
      "playerOne": 37,
      "playerTwo": 39,
      "winPercentage": 50.311
    },
    {
      "playerOne": 38,
      "playerTwo": 39,
      "winPercentage": 29.674
    }
  ]
}