{
  "metadata": {
    "numPlayers": 40
  },
  "teamStats": [
    {
      "playerOne": 0,
      "playerTwo": 1,
      "winPercentage": 34.999
    },
    {
      "playerOne": 0,
      "playerTwo": 2,
      "winPercentage": 27.252
    },
    {
      "playerOne": 0,
      "playerTwo": 3,
      "winPercentage": 31.473
    },
    {
      "playerOne": 0,
      "playerTwo": 4,
      "winPercentage": 8.041
    },
    {
      "playerOne": 0,
      "playerTwo": 5,
      "winPercentage": 68.009
    },
    {
      "playerOne": 0,
      "playerTwo": 6,
      "winPercentage": 78.751
    },
    {
      "playerOne": 0,
      "playerTwo": 7,
      "winPercentage": 6.08
    },
    {
      "playerOne": 0,
      "playerTwo": 8,
      "winPercentage": 40.775
    },
    {
      "playerOne": 0,
      "playerTwo": 9,
      "winPercentage": 77.52
    },
    {
      "playerOne": 0,
      "playerTwo": 10,
      "winPercentage": 25.591
    },
    {
      "playerOne": 0,
      "playerTwo": 11,
      "winPercentage": 45.657
    },
    {
      "playerOne": 0,
      "playerTwo": 12,
      "winPercentage": 66.319
    },
    {
      "playerOne": 0,
      "playerTwo": 13,
      "winPercentage": 61.908
    },
    {
      "playerOne": 0,
      "playerTwo": 14,
      "winPercentage": 56.477
    },
    {
      "playerOne": 0,
      "playerTwo": 15,
      "winPercentage": 51.53
    },
    {
      "playerOne": 0,
      "playerTwo": 16,
      "winPercentage": 21.302
    },
    {
      "playerOne": 0,
      "playerTwo": 17,
      "winPercentage": 24.399
    },
    {
      "playerOne": 0,
      "playerTwo": 18,
      "winPercentage": 56.183
    },
    {
      "playerOne": 0,
      "playerTwo": 19,
      "winPercentage": 85.47
    },
    {
      "playerOne": 0,
      "playerTwo": 20,
      "winPercentage": 88.387
    },
    {
      "playerOne": 0,
      "playerTwo": 21,
      "winPercentage": 1.643
    },
    {
      "playerOne": 0,
      "playerTwo": 22,
      "winPercentage": 90.334
    },
    {
      "playerOne": 0,
      "playerTwo": 23,
      "winPercentage": 88.188
    },
    {
      "playerOne": 0,
      "playerTwo": 24,
      "winPercentage": 91.483
    },
    {
      "playerOne": 0,
      "playerTwo": 25,
      "winPercentage": 81.802
    },
    {
      "playerOne": 0,
      "playerTwo": 26,
      "winPercentage": 7.061
    },
    {
      "playerOne": 0,
      "playerTwo": 27,
      "winPercentage": 23.168
    },
    {
      "playerOne": 0,
      "playerTwo": 28,
      "winPercentage": 37.215
    },
    {
      "playerOne": 0,
      "playerTwo": 29,
      "winPercentage": 40.452
    },
    {
      "playerOne": 0,
      "playerTwo": 30,
      "winPercentage": 87.155
    },
    {
      "playerOne": 0,
      "playerTwo": 31,
      "winPercentage": 90.775
    },
    {
      "playerOne": 0,
      "playerTwo": 32,
      "winPercentage": 78.036
    },
    {
      "playerOne": 0,
      "playerTwo": 33,
      "winPercentage": 42.314
    },
    {
      "playerOne": 0,
      "playerTwo": 34,
      "winPercentage": 82.781
    },
    {
      "playerOne": 0,
      "playerTwo": 35,
      "winPercentage": 46.716
    },
    {
      "playerOne": 0,
      "playerTwo": 36,
      "winPercentage": 83.679
    },
    {
      "playerOne": 0,
      "playerTwo": 37,
      "winPercentage": 21.947
    },
    {
      "playerOne": 0,
      "playerTwo": 38,
      "winPercentage": 98.389
    },
    {
      "playerOne": 0,
      "playerTwo": 39,
      "winPercentage": 46.592
    },
    {
      "playerOne": 1,
      "playerTwo": 2,
      "winPercentage": 96.689
    },
    {
      "playerOne": 1,
      "playerTwo": 3,
      "winPercentage": 92.289
    },
    {
      "playerOne": 1,
      "playerTwo": 4,
      "winPercentage": 89.001
    },
    {
      "playerOne": 1,
      "playerTwo": 5,
      "winPercentage": 0.963
    },
    {
      "playerOne": 1,
      "playerTwo": 6,
      "winPercentage": 62.786
    },
    {
      "playerOne": 1,
      "playerTwo": 7,
      "winPercentage": 63.536
    },
    {
      "playerOne": 1,
      "playerTwo": 8,
      "winPercentage": 18.349
    },
    {
      "playerOne": 1,
      "playerTwo": 9,
      "winPercentage": 7.915
    },
    {
      "playerOne": 1,
      "playerTwo": 10,
      "winPercentage": 71.767
    },
    {
      "playerOne": 1,
      "playerTwo": 11,
      "winPercentage": 82.591
    },
    {
      "playerOne": 1,
      "playerTwo": 12,
      "winPercentage": 1.084
    },
    {
      "playerOne": 1,
      "playerTwo": 13,
      "winPercentage": 78.98
    },
    {
      "playerOne": 1,
      "playerTwo": 14,
      "winPercentage": 29.999
    },
    {
      "playerOne": 1,
      "playerTwo": 15,
      "winPercentage": 7.936
    },
    {
      "playerOne": 1,
      "playerTwo": 16,
      "winPercentage": 71.636
    },
    {
      "playerOne": 1,
      "playerTwo": 17,
      "winPercentage": 46.64
    },
    {
      "playerOne": 1,
      "playerTwo": 18,
      "winPercentage": 28.909
    },
    {
      "playerOne": 1,
      "playerTwo": 19,
      "winPercentage": 98.071
    },
    {
      "playerOne": 1,
      "playerTwo": 20,
      "winPercentage": 65.415
    },
    {
      "playerOne": 1,
      "playerTwo": 21,
      "winPercentage": 30.196
    },
    {
      "playerOne": 1,
      "playerTwo": 22,
      "winPercentage": 49.206
    },
    {
      "playerOne": 1,
      "playerTwo": 23,
      "winPercentage": 29.211
    },
    {
      "playerOne": 1,
      "playerTwo": 24,
      "winPercentage": 7.574
    },
    {
      "playerOne": 1,
      "playerTwo": 25,
      "winPercentage": 19.653
    },
    {
      "playerOne": 1,
      "playerTwo": 26,
      "winPercentage": 35.385
    },
    {
      "playerOne": 1,
      "playerTwo": 27,
      "winPercentage": 17.461
    },
    {
      "playerOne": 1,
      "playerTwo": 28,
      "winPercentage": 83.228
    },
    {
      "playerOne": 1,
      "playerTwo": 29,
      "winPercentage": 18.768
    },
    {
      "playerOne": 1,
      "playerTwo": 30,
      "winPercentage": 10.564
    },
    {
      "playerOne": 1,
      "playerTwo": 31,
      "winPercentage": 43.446
    },
    {
      "playerOne": 1,
      "playerTwo": 32,
      "winPercentage": 28.605
    },
    {
      "playerOne": 1,
      "playerTwo": 33,
      "winPercentage": 79.349
    },
    {
      "playerOne": 1,
      "playerTwo": 34,
      "winPercentage": 72.467
    },
    {
      "playerOne": 1,
      "playerTwo": 35,
      "winPercentage": 76.766
    },
    {
      "playerOne": 1,
      "playerTwo": 36,
      "winPercentage": 74.693
    },
    {
      "playerOne": 1,
      "playerTwo": 37,
      "winPercentage": 74.581
    },
    {
      "playerOne": 1,
      "playerTwo": 38,
      "winPercentage": 1.356
    },
    {
      "playerOne": 1,
      "playerTwo": 39,
      "winPercentage": 93.485
    },
    {
      "playerOne": 2,
      "playerTwo": 3,
      "winPercentage": 46.407
    },
    {
      "playerOne": 2,
      "playerTwo": 4,
      "winPercentage": 35.934
    },
    {
      "playerOne": 2,
      "playerTwo": 5,
      "winPercentage": 22.875
    },
    {
      "playerOne": 2,
      "playerTwo": 6,
      "winPercentage": 57.114
    },
    {
      "playerOne": 2,
      "playerTwo": 7,
      "winPercentage": 15.472
    },
    {
      "playerOne": 2,
      "playerTwo": 8,
      "winPercentage": 52.763
    },
    {
      "playerOne": 2,
      "playerTwo": 9,
      "winPercentage": 45.595
    },
    {
      "playerOne": 2,
      "playerTwo": 10,
      "winPercentage": 53.85
    },
    {
      "playerOne": 2,
      "playerTwo": 11,
      "winPercentage": 86.835
    },
    {
      "playerOne": 2,
      "playerTwo": 12,
      "winPercentage": 99.262
    },
    {
      "playerOne": 2,
      "playerTwo": 13,
      "winPercentage": 63.769
    },
    {
      "playerOne": 2,
      "playerTwo": 14,
      "winPercentage": 32.627
    },
    {
      "playerOne": 2,
      "playerTwo": 15,
      "winPercentage": 91.263
    },
    {
      "playerOne": 2,
      "playerTwo": 16,
      "winPercentage": 2.424
    },
    {
      "playerOne": 2,
      "playerTwo": 17,
      "winPercentage": 8.355
    },
    {
      "playerOne": 2,
      "playerTwo": 18,
      "winPercentage": 90.578
    },
    {
      "playerOne": 2,
      "playerTwo": 19,
      "winPercentage": 52.088
    },
    {
      "playerOne": 2,
      "playerTwo": 20,
      "winPercentage": 79.844
    },
    {
      "playerOne": 2,
      "playerTwo": 21,
      "winPercentage": 55.706
    },
    {
      "playerOne": 2,
      "playerTwo": 22,
      "winPercentage": 63.43
    },
    {
      "playerOne": 2,
      "playerTwo": 23,
      "winPercentage": 38.557
    },
    {
      "playerOne": 2,
      "playerTwo": 24,
      "winPercentage": 34.12
    },
    {
      "playerOne": 2,
      "playerTwo": 25,
      "winPercentage": 72.014
    },
    {
      "playerOne": 2,
      "playerTwo": 26,
      "winPercentage": 86.007
    },
    {
      "playerOne": 2,
      "playerTwo": 27,
      "winPercentage": 25.978
    },
    {
      "playerOne": 2,
      "playerTwo": 28,
      "winPercentage": 36.45
    },
    {
      "playerOne": 2,
      "playerTwo": 29,
      "winPercentage": 40.219
    },
    {
      "playerOne": 2,
      "playerTwo": 30,
      "winPercentage": 98.66
    },
    {
      "playerOne": 2,
      "playerTwo": 31,
      "winPercentage": 16.967
    },
    {
      "playerOne": 2,
      "playerTwo": 32,
      "winPercentage": 26.76
    },
    {
      "playerOne": 2,
      "playerTwo": 33,
      "winPercentage": 6.372
    },
    {
      "playerOne": 2,
      "playerTwo": 34,
      "winPercentage": 81.822
    },
    {
      "playerOne": 2,
      "playerTwo": 35,
      "winPercentage": 35.324
    },
    {
      "playerOne": 2,
      "playerTwo": 36,
      "winPercentage": 19.535
    },
    {
      "playerOne": 2,
      "playerTwo": 37,
      "winPercentage": 29.52
    },
    {
      "playerOne": 2,
      "playerTwo": 38,
      "winPercentage": 82.268
    },
    {
      "playerOne": 2,
      "playerTwo": 39,
      "winPercentage": 7.471
    },
    {
      "playerOne": 3,
      "playerTwo": 4,
      "winPercentage": 55.682
    },
    {
      "playerOne": 3,
      "playerTwo": 5,
      "winPercentage": 35.914
    },
    {
      "playerOne": 3,
      "playerTwo": 6,
      "winPercentage": 14.946
    },
    {
      "playerOne": 3,
      "playerTwo": 7,
      "winPercentage": 28.49
    },
    {
      "playerOne": 3,
      "playerTwo": 8,
      "winPercentage": 81.061
    },
    {
      "playerOne": 3,
      "playerTwo": 9,
      "winPercentage": 96.475
    },
    {
      "playerOne": 3,
      "playerTwo": 10,
      "winPercentage": 12.369
    },
    {
      "playerOne": 3,
      "playerTwo": 11,
      "winPercentage": 50.942
    },
    {
      "playerOne": 3,
      "playerTwo": 12,
      "winPercentage": 91.489
    },
    {
      "playerOne": 3,
      "playerTwo": 13,
      "winPercentage": 91.528
    },
    {
      "playerOne": 3,
      "playerTwo": 14,
      "winPercentage": 67.475
    },
    {
      "playerOne": 3,
      "playerTwo": 15,
      "winPercentage": 45.464
    },
    {
      "playerOne": 3,
      "playerTwo": 16,
      "winPercentage": 82.024
    },
    {
      "playerOne": 3,
      "playerTwo": 17,
      "winPercentage": 35.721
    },
    {
      "playerOne": 3,
      "playerTwo": 18,
      "winPercentage": 47.965
    },
    {
      "playerOne": 3,
      "playerTwo": 19,
      "winPercentage": 44.939
    },
    {
      "playerOne": 3,
      "playerTwo": 20,
      "winPercentage": 60.845
    },
    {
      "playerOne": 3,
      "playerTwo": 21,
      "winPercentage": 1.219
    },
    {
      "playerOne": 3,
      "playerTwo": 22,
      "winPercentage": 27.445
    },
    {
      "playerOne": 3,
      "playerTwo": 23,
      "winPercentage": 37.29
    },
    {
      "playerOne": 3,
      "playerTwo": 24,
      "winPercentage": 13.324
    },
    {
      "playerOne": 3,
      "playerTwo": 25,
      "winPercentage": 0.095
    },
    {
      "playerOne": 3,
      "playerTwo": 26,
      "winPercentage": 78.263
    },
    {
      "playerOne": 3,
      "playerTwo": 27,
      "winPercentage": 30.537
    },
    {
      "playerOne": 3,
      "playerTwo": 28,
      "winPercentage": 68.483
    },
    {
      "playerOne": 3,
      "playerTwo": 29,
      "winPercentage": 91.895
    },
    {
      "playerOne": 3,
      "playerTwo": 30,
      "winPercentage": 44.275
    },
    {
      "playerOne": 3,
      "playerTwo": 31,
      "winPercentage": 85.301
    },
    {
      "playerOne": 3,
      "playerTwo": 32,
      "winPercentage": 70.964
    },
    {
      "playerOne": 3,
      "playerTwo": 33,
      "winPercentage": 24.68
    },
    {
      "playerOne": 3,
      "playerTwo": 34,
      "winPercentage": 74.068
    },
    {
      "playerOne": 3,
      "playerTwo": 35,
      "winPercentage": 86.978
    },
    {
      "playerOne": 3,
      "playerTwo": 36,
      "winPercentage": 83.305
    },
    {
      "playerOne": 3,
      "playerTwo": 37,
      "winPercentage": 86.975
    },
    {
      "playerOne": 3,
      "playerTwo": 38,
      "winPercentage": 68.569
    },
    {
      "playerOne": 3,
      "playerTwo": 39,
      "winPercentage": 68.041
    },
    {
      "playerOne": 4,
      "playerTwo": 5,
      "winPercentage": 52.996
    },
    {
      "playerOne": 4,
      "playerTwo": 6,
      "winPercentage": 97.701
    },
    {
      "playerOne": 4,
      "playerTwo": 7,
      "winPercentage": 40.834
    },
    {
      "playerOne": 4,
      "playerTwo": 8,
      "winPercentage": 48.171
    },
    {
      "playerOne": 4,
      "playerTwo": 9,
      "winPercentage": 67.201
    },
    {
      "playerOne": 4,
      "playerTwo": 10,
      "winPercentage": 89.079
    },
    {
      "playerOne": 4,
      "playerTwo": 11,
      "winPercentage": 96.021
    },
    {
      "playerOne": 4,
      "playerTwo": 12,
      "winPercentage": 10.117
    },
    {
      "playerOne": 4,
      "playerTwo": 13,
      "winPercentage": 49.728
    },
    {
      "playerOne": 4,
      "playerTwo": 14,
      "winPercentage": 28.675
    },
    {
      "playerOne": 4,
      "playerTwo": 15,
      "winPercentage": 16.986
    },
    {
      "playerOne": 4,
      "playerTwo": 16,
      "winPercentage": 78.831
    },
    {
      "playerOne": 4,
      "playerTwo": 17,
      "winPercentage": 75.76
    },
    {
      "playerOne": 4,
      "playerTwo": 18,
      "winPercentage": 32.729
    },
    {
      "playerOne": 4,
      "playerTwo": 19,
      "winPercentage": 56.995
    },
    {
      "playerOne": 4,
      "playerTwo": 20,
      "winPercentage": 86.212
    },
    {
      "playerOne": 4,
      "playerTwo": 21,
      "winPercentage": 19.826
    },
    {
      "playerOne": 4,
      "playerTwo": 22,
      "winPercentage": 76.54
    },
    {
      "playerOne": 4,
      "playerTwo": 23,
      "winPercentage": 12.531
    },
    {
      "playerOne": 4,
      "playerTwo": 24,
      "winPercentage": 72.211
    },
    {
      "playerOne": 4,
      "playerTwo": 25,
      "winPercentage": 98.358
    },
    {
      "playerOne": 4,
      "playerTwo": 26,
      "winPercentage": 99.162
    },
    {
      "playerOne": 4,
      "playerTwo": 27,
      "winPercentage": 41.682
    },
    {
      "playerOne": 4,
      "playerTwo": 28,
      "winPercentage": 25.046
    },
    {
      "playerOne": 4,
      "playerTwo": 29,
      "winPercentage": 1.391
    },
    {
      "playerOne": 4,
      "playerTwo": 30,
      "winPercentage": 43.94
    },
    {
      "playerOne": 4,
      "playerTwo": 31,
      "winPercentage": 0.472
    },
    {
      "playerOne": 4,
      "playerTwo": 32,
      "winPercentage": 66.99
    },
    {
      "playerOne": 4,
      "playerTwo": 33,
      "winPercentage": 19.45
    },
    {
      "playerOne": 4,
      "playerTwo": 34,
      "winPercentage": 76.334
    },
    {
      "playerOne": 4,
      "playerTwo": 35,
      "winPercentage": 6.343
    },
    {
      "playerOne": 4,
      "playerTwo": 36,
      "winPercentage": 44.268
    },
    {
      "playerOne": 4,
      "playerTwo": 37,
      "winPercentage": 99.323
    },
    {
      "playerOne": 4,
      "playerTwo": 38,
      "winPercentage": 34.599
    },
    {
      "playerOne": 4,
      "playerTwo": 39,
      "winPercentage": 50.9
    },
    {
      "playerOne": 5,
      "playerTwo": 6,
      "winPercentage": 39.854
    },
    {
      "playerOne": 5,
      "playerTwo": 7,
      "winPercentage": 6.674
    },
    {
      "playerOne": 5,
      "playerTwo": 8,
      "winPercentage": 32.919
    },
    {
      "playerOne": 5,
      "playerTwo": 9,
      "winPercentage": 25.246
    },
    {
      "playerOne": 5,
      "playerTwo": 10,
      "winPercentage": 87.97
    },
    {
      "playerOne": 5,
      "playerTwo": 11,
      "winPercentage": 33.605
    },
    {
      "playerOne": 5,
      "playerTwo": 12,
      "winPercentage": 65.307
    },
    {
      "playerOne": 5,
      "playerTwo": 13,
      "winPercentage": 69.167
    },
    {
      "playerOne": 5,
      "playerTwo": 14,
      "winPercentage": 62.557
    },
    {
      "playerOne": 5,
      "playerTwo": 15,
      "winPercentage": 33.525
    },
    {
      "playerOne": 5,
      "playerTwo": 16,
      "winPercentage": 34.617
    },
    {
      "playerOne": 5,
      "playerTwo": 17,
      "winPercentage": 76.01
    },
    {
      "playerOne": 5,
      "playerTwo": 18,
      "winPercentage": 54.087
    },
    {
      "playerOne": 5,
      "playerTwo": 19,
      "winPercentage": 99.417
    },
    {
      "playerOne": 5,
      "playerTwo": 20,
      "winPercentage": 37.412
    },
    {
      "playerOne": 5,
      "playerTwo": 21,
      "winPercentage": 50.496
    },
    {
      "playerOne": 5,
      "playerTwo": 22,
      "winPercentage": 48.424
    },
    {
      "playerOne": 5,
      "playerTwo": 23,
      "winPercentage": 38.526
    },
    {
      "playerOne": 5,
      "playerTwo": 24,
      "winPercentage": 69.43
    },
    {
      "playerOne": 5,
      "playerTwo": 25,
      "winPercentage": 28.32
    },
    {
      "playerOne": 5,
      "playerTwo": 26,
      "winPercentage": 96.251
    },
    {
      "playerOne": 5,
      "playerTwo": 27,
      "winPercentage": 56.332
    },
    {
      "playerOne": 5,
      "playerTwo": 28,
      "winPercentage": 78.545
    },
    {
      "playerOne": 5,
      "playerTwo": 29,
      "winPercentage": 43.525
    },
    {
      "playerOne": 5,
      "playerTwo": 30,
      "winPercentage": 5.149
    },
    {
      "playerOne": 5,
      "playerTwo": 31,
      "winPercentage": 84.465
    },
    {
      "playerOne": 5,
      "playerTwo": 32,
      "winPercentage": 93.292
    },
    {
      "playerOne": 5,
      "playerTwo": 33,
      "winPercentage": 79.342
    },
    {
      "playerOne": 5,
      "playerTwo": 34,
      "winPercentage": 92.273
    },
    {
      "playerOne": 5,
      "playerTwo": 35,
      "winPercentage": 70.2
    },
    {
      "playerOne": 5,
      "playerTwo": 36,
      "winPercentage": 85.677
    },
    {
      "playerOne": 5,
      "playerTwo": 37,
      "winPercentage": 43.41
    },
    {
      "playerOne": 5,
      "playerTwo": 38,
      "winPercentage": 31.019
    },
    {
      "playerOne": 5,
      "playerTwo": 39,
      "winPercentage": 54.985
    },
    {
      "playerOne": 6,
      "playerTwo": 7,
      "winPercentage": 11.912
    },
    {
      "playerOne": 6,
      "playerTwo": 8,
      "winPercentage": 11.489
    },
    {
      "playerOne": 6,
      "playerTwo": 9,
      "winPercentage": 4.141
    },
    {
      "playerOne": 6,
      "playerTwo": 10,
      "winPercentage": 93.348
    },
    {
      "playerOne": 6,
      "playerTwo": 11,
      "winPercentage": 39.976
    },
    {
      "playerOne": 6,
      "playerTwo": 12,
      "winPercentage": 94.212
    },
    {
      "playerOne": 6,
      "playerTwo": 13,
      "winPercentage": 26.912
    },
    {
      "playerOne": 6,
      "playerTwo": 14,
      "winPercentage": 98.837
    },
    {
      "playerOne": 6,
      "playerTwo": 15,
      "winPercentage": 23.368
    },
    {
      "playerOne": 6,
      "playerTwo": 16,
      "winPercentage": 8.688
    },
    {
      "playerOne": 6,
      "playerTwo": 17,
      "winPercentage": 37.093
    },
    {
      "playerOne": 6,
      "playerTwo": 18,
      "winPercentage": 58.029
    },
    {
      "playerOne": 6,
      "playerTwo": 19,
      "winPercentage": 53.26
    },
    {
      "playerOne": 6,
      "playerTwo": 20,
      "winPercentage": 78.106
    },
    {
      "playerOne": 6,
      "playerTwo": 21,
      "winPercentage": 40.953
    },
    {
      "playerOne": 6,
      "playerTwo": 22,
      "winPercentage": 75.756
    },
    {
      "playerOne": 6,
      "playerTwo": 23,
      "winPercentage": 18.757
    },
    {
      "playerOne": 6,
      "playerTwo": 24,
      "winPercentage": 12.195
    },
    {
      "playerOne": 6,
      "playerTwo": 25,
      "winPercentage": 22.454
    },
    {
      "playerOne": 6,
      "playerTwo": 26,
      "winPercentage": 39.881
    },
    {
      "playerOne": 6,
      "playerTwo": 27,
      "winPercentage": 63.22
    },
    {
      "playerOne": 6,
      "playerTwo": 28,
      "winPercentage": 25.44
    },
    {
      "playerOne": 6,
      "playerTwo": 29,
      "winPercentage": 10.525
    },
    {
      "playerOne": 6,
      "playerTwo": 30,
      "winPercentage": 84.673
    },
    {
      "playerOne": 6,
      "playerTwo": 31,
      "winPercentage": 85.413
    },
    {
      "playerOne": 6,
      "playerTwo": 32,
      "winPercentage": 10.749
    },
    {
      "playerOne": 6,
      "playerTwo": 33,
      "winPercentage": 20.149
    },
    {
      "playerOne": 6,
      "playerTwo": 34,
      "winPercentage": 38.97
    },
    {
      "playerOne": 6,
      "playerTwo": 35,
      "winPercentage": 75.397
    },
    {
      "playerOne": 6,
      "playerTwo": 36,
      "winPercentage": 79.215
    },
    {
      "playerOne": 6,
      "playerTwo": 37,
      "winPercentage": 20.456
    },
    {
      "playerOne": 6,
      "playerTwo": 38,
      "winPercentage": 62.647
    },
    {
      "playerOne": 6,
      "playerTwo": 39,
      "winPercentage": 90.092
    },
    {
      "playerOne": 7,
      "playerTwo": 8,
      "winPercentage": 19.261
    },
    {
      "playerOne": 7,
      "playerTwo": 9,
      "winPercentage": 69.986
    },
    {
      "playerOne": 7,
      "playerTwo": 10,
      "winPercentage": 64.021
    },
    {
      "playerOne": 7,
      "playerTwo": 11,
      "winPercentage": 99.324
    },
    {
      "playerOne": 7,
      "playerTwo": 12,
      "winPercentage": 61.49
    },
    {
      "playerOne": 7,
      "playerTwo": 13,
      "winPercentage": 3.403
    },
    {
      "playerOne": 7,
      "playerTwo": 14,
      "winPercentage": 16.247
    },
    {
      "playerOne": 7,
      "playerTwo": 15,
      "winPercentage": 71.259
    },
    {
      "playerOne": 7,
      "playerTwo": 16,
      "winPercentage": 35.329
    },
    {
      "playerOne": 7,
      "playerTwo": 17,
      "winPercentage": 60.222
    },
    {
      "playerOne": 7,
      "playerTwo": 18,
      "winPercentage": 45.122
    },
    {
      "playerOne": 7,
      "playerTwo": 19,
      "winPercentage": 0.919
    },
    {
      "playerOne": 7,
      "playerTwo": 20,
      "winPercentage": 67.657
    },
    {
      "playerOne": 7,
      "playerTwo": 21,
      "winPercentage": 55.37
    },
    {
      "playerOne": 7,
      "playerTwo": 22,
      "winPercentage": 59.114
    },
    {
      "playerOne": 7,
      "playerTwo": 23,
      "winPercentage": 52.849
    },
    {
      "playerOne": 7,
      "playerTwo": 24,
      "winPercentage": 27.363
    },
    {
      "playerOne": 7,
      "playerTwo": 25,
      "winPercentage": 46.555
    },
    {
      "playerOne": 7,
      "playerTwo": 26,
      "winPercentage": 85.588
    },
    {
      "playerOne": 7,
      "playerTwo": 27,
      "winPercentage": 13.941
    },
    {
      "playerOne": 7,
      "playerTwo": 28,
      "winPercentage": 63.476
    },
    {
      "playerOne": 7,
      "playerTwo": 29,
      "winPercentage": 58.309
    },
    {
      "playerOne": 7,
      "playerTwo": 30,
      "winPercentage": 84.958
    },
    {
      "playerOne": 7,
      "playerTwo": 31,
      "winPercentage": 94.614
    },
    {
      "playerOne": 7,
      "playerTwo": 32,
      "winPercentage": 14.003
    },
    {
      "playerOne": 7,
      "playerTwo": 33,
      "winPercentage": 24.226
    },
    {
      "playerOne": 7,
      "playerTwo": 34,
      "winPercentage": 88.412
    },
    {
      "playerOne": 7,
      "playerTwo": 35,
      "winPercentage": 84.751
    },
    {
      "playerOne": 7,
      "playerTwo": 36,
      "winPercentage": 79.996
    },
    {
      "playerOne": 7,
      "playerTwo": 37,
      "winPercentage": 82.576
    },
    {
      "playerOne": 7,
      "playerTwo": 38,
      "winPercentage": 92.354
    },
    {
      "playerOne": 7,
      "playerTwo": 39,
      "winPercentage": 42.084
    },
    {
      "playerOne": 8,
      "playerTwo": 9,
      "winPercentage": 87.821
    },
    {
      "playerOne": 8,
      "playerTwo": 10,
      "winPercentage": 6.88
    },
    {
      "playerOne": 8,
      "playerTwo": 11,
      "winPercentage": 46.687
    },
    {
      "playerOne": 8,
      "playerTwo": 12,
      "winPercentage": 11.581
    },
    {
      "playerOne": 8,
      "playerTwo": 13,
      "winPercentage": 94.489
    },
    {
      "playerOne": 8,
      "playerTwo": 14,
      "winPercentage": 78.405
    },
    {
      "playerOne": 8,
      "playerTwo": 15,
      "winPercentage": 0.527
    },
    {
      "playerOne": 8,
      "playerTwo": 16,
      "winPercentage": 7.491
    },
    {
      "playerOne": 8,
      "playerTwo": 17,
      "winPercentage": 54.262
    },
    {
      "playerOne": 8,
      "playerTwo": 18,
      "winPercentage": 45.959
    },
    {
      "playerOne": 8,
      "playerTwo": 19,
      "winPercentage": 83.517
    },
    {
      "playerOne": 8,
      "playerTwo": 20,
      "winPercentage": 41.577
    },
    {
      "playerOne": 8,
      "playerTwo": 21,
      "winPercentage": 69.549
    },
    {
      "playerOne": 8,
      "playerTwo": 22,
      "winPercentage": 62.594
    },
    {
      "playerOne": 8,
      "playerTwo": 23,
      "winPercentage": 97.583
    },
    {
      "playerOne": 8,
      "playerTwo": 24,
      "winPercentage": 67.196
    },
    {
      "playerOne": 8,
      "playerTwo": 25,
      "winPercentage": 82.574
    },
    {
      "playerOne": 8,
      "playerTwo": 26,
      "winPercentage": 22.229
    },
    {
      "playerOne": 8,
      "playerTwo": 27,
      "winPercentage": 89.861
    },
    {
      "playerOne": 8,
      "playerTwo": 28,
      "winPercentage": 28.176
    },
    {
      "playerOne": 8,
      "playerTwo": 29,
      "winPercentage": 43.34
    },
    {
      "playerOne": 8,
      "playerTwo": 30,
      "winPercentage": 5.011
    },
    {
      "playerOne": 8,
      "playerTwo": 31,
      "winPercentage": 68.163
    },
    {
      "playerOne": 8,
      "playerTwo": 32,
      "winPercentage": 98.201
    },
    {
      "playerOne": 8,
      "playerTwo": 33,
      "winPercentage": 31.648
    },
    {
      "playerOne": 8,
      "playerTwo": 34,
      "winPercentage": 97.241
    },
    {
      "playerOne": 8,
      "playerTwo": 35,
      "winPercentage": 45.496
    },
    {
      "playerOne": 8,
      "playerTwo": 36,
      "winPercentage": 41.926
    },
    {
      "playerOne": 8,
      "playerTwo": 37,
      "winPercentage": 68.687
    },
    {
      "playerOne": 8,
      "playerTwo": 38,
      "winPercentage": 97.683
    },
    {
      "playerOne": 8,
      "playerTwo": 39,
      "winPercentage": 51.611
    },
    {
      "playerOne": 9,
      "playerTwo": 10,
      "winPercentage": 18.476
    },
    {
      "playerOne": 9,
      "playerTwo": 11,
      "winPercentage": 11.288
    },
    {
      "playerOne": 9,
      "playerTwo": 12,
      "winPercentage": 96.678
    },
    {
      "playerOne": 9,
      "playerTwo": 13,
      "winPercentage": 3.465
    },
    {
      "playerOne": 9,
      "playerTwo": 14,
      "winPercentage": 90.877
    },
    {
      "playerOne": 9,
      "playerTwo": 15,
      "winPercentage": 86.746
    },
    {
      "playerOne": 9,
      "playerTwo": 16,
      "winPercentage": 94.984
    },
    {
      "playerOne": 9,
      "playerTwo": 17,
      "winPercentage": 34.623
    },
    {
      "playerOne": 9,
      "playerTwo": 18,
      "winPercentage": 56.807
    },
    {
      "playerOne": 9,
      "playerTwo": 19,
      "winPercentage": 98.259
    },
    {
      "playerOne": 9,
      "playerTwo": 20,
      "winPercentage": 41.712
    },
    {
      "playerOne": 9,
      "playerTwo": 21,
      "winPercentage": 42.752
    },
    {
      "playerOne": 9,
      "playerTwo": 22,
      "winPercentage": 50.625
    },
    {
      "playerOne": 9,
      "playerTwo": 23,
      "winPercentage": 96.183
    },
    {
      "playerOne": 9,
      "playerTwo": 24,
      "winPercentage": 6.952
    },
    {
      "playerOne": 9,
      "playerTwo": 25,
      "winPercentage": 4.09
    },
    {
      "playerOne": 9,
      "playerTwo": 26,
      "winPercentage": 4.309
    },
    {
      "playerOne": 9,
      "playerTwo": 27,
      "winPercentage": 83.432
    },
    {
      "playerOne": 9,
      "playerTwo": 28,
      "winPercentage": 97.275
    },
    {
      "playerOne": 9,
      "playerTwo": 29,
      "winPercentage": 7.888
    },
    {
      "playerOne": 9,
      "playerTwo": 30,
      "winPercentage": 43.903
    },
    {
      "playerOne": 9,
      "playerTwo": 31,
      "winPercentage": 37.369
    },
    {
      "playerOne": 9,
      "playerTwo": 32,
      "winPercentage": 75.876
    },
    {
      "playerOne": 9,
      "playerTwo": 33,
      "winPercentage": 55.281
    },
    {
      "playerOne": 9,
      "playerTwo": 34,
      "winPercentage": 87.095
    },
    {
      "playerOne": 9,
      "playerTwo": 35,
      "winPercentage": 53.312
    },
    {
      "playerOne": 9,
      "playerTwo": 36,
      "winPercentage": 62.396
    },
    {
      "playerOne": 9,
      "playerTwo": 37,
      "winPercentage": 35.271
    },
    {
      "playerOne": 9,
      "playerTwo": 38,
      "winPercentage": 29.438
    },
    {
      "playerOne": 9,
      "playerTwo": 39,
      "winPercentage": 16.265
    },
    {
      "playerOne": 10,
      "playerTwo": 11,
      "winPercentage": 92.763
    },
    {
      "playerOne": 10,
      "playerTwo": 12,
      "winPercentage": 46.985
    },
    {
      "playerOne": 10,
      "playerTwo": 13,
      "winPercentage": 67.592
    },
    {
      "playerOne": 10,
      "playerTwo": 14,
      "winPercentage": 96.306
    },
    {
      "playerOne": 10,
      "playerTwo": 15,
      "winPercentage": 2.682
    },
    {
      "playerOne": 10,
      "playerTwo": 16,
      "winPercentage": 91.64
    },
    {
      "playerOne": 10,
      "playerTwo": 17,
      "winPercentage": 54.903
    },
    {
      "playerOne": 10,
      "playerTwo": 18,
      "winPercentage": 15.923
    },
    {
      "playerOne": 10,
      "playerTwo": 19,
      "winPercentage": 96.769
    },
    {
      "playerOne": 10,
      "playerTwo": 20,
      "winPercentage": 71.481
    },
    {
      "playerOne": 10,
      "playerTwo": 21,
      "winPercentage": 69.053
    },
    {
      "playerOne": 10,
      "playerTwo": 22,
      "winPercentage": 82.054
    },
    {
      "playerOne": 10,
      "playerTwo": 23,
      "winPercentage": 35.019
    },
    {
      "playerOne": 10,
      "playerTwo": 24,
      "winPercentage": 77.014
    },
    {
      "playerOne": 10,
      "playerTwo": 25,
      "winPercentage": 51.804
    },
    {
      "playerOne": 10,
      "playerTwo": 26,
      "winPercentage": 35.076
    },
    {
      "playerOne": 10,
      "playerTwo": 27,
      "winPercentage": 19.262
    },
    {
      "playerOne": 10,
      "playerTwo": 28,
      "winPercentage": 42.248
    },
    {
      "playerOne": 10,
      "playerTwo": 29,
      "winPercentage": 54.723
    },
    {
      "playerOne": 10,
      "playerTwo": 30,
      "winPercentage": 94.803
    },
    {
      "playerOne": 10,
      "playerTwo": 31,
      "winPercentage": 12.725
    },
    {
      "playerOne": 10,
      "playerTwo": 32,
      "winPercentage": 82.1
    },
    {
      "playerOne": 10,
      "playerTwo": 33,
      "winPercentage": 26.225
    },
    {
      "playerOne": 10,
      "playerTwo": 34,
      "winPercentage": 68.004
    },
    {
      "playerOne": 10,
      "playerTwo": 35,
      "winPercentage": 63.544
    },
    {
      "playerOne": 10,
      "playerTwo": 36,
      "winPercentage": 11.772
    },
    {
      "playerOne": 10,
      "playerTwo": 37,
      "winPercentage": 13.15
    },
    {
      "playerOne": 10,
      "playerTwo": 38,
      "winPercentage": 37.255
    },
    {
      "playerOne": 10,
      "playerTwo": 39,
      "winPercentage": 0.266
    },
    {
      "playerOne": 11,
      "playerTwo": 12,
      "winPercentage": 68.914
    },
    {
      "playerOne": 11,
      "playerTwo": 13,
      "winPercentage": 44.399
    },
    {
      "playerOne": 11,
      "playerTwo": 14,
      "winPercentage": 76.707
    },
    {
      "playerOne": 11,
      "playerTwo": 15,
      "winPercentage": 30.265
    },
    {
      "playerOne": 11,
      "playerTwo": 16,
      "winPercentage": 77.317
    },
    {
      "playerOne": 11,
      "playerTwo": 17,
      "winPercentage": 45.977
    },
    {
      "playerOne": 11,
      "playerTwo": 18,
      "winPercentage": 61.01
    },
    {
      "playerOne": 11,
      "playerTwo": 19,
      "winPercentage": 34.932
    },
    {
      "playerOne": 11,
      "playerTwo": 20,
      "winPercentage": 50.511
    },
    {
      "playerOne": 11,
      "playerTwo": 21,
      "winPercentage": 63.372
    },
    {
      "playerOne": 11,
      "playerTwo": 22,
      "winPercentage": 0.34
    },
    {
      "playerOne": 11,
      "playerTwo": 23,
      "winPercentage": 46.282
    },
    {
      "playerOne": 11,
      "playerTwo": 24,
      "winPercentage": 9.913
    },
    {
      "playerOne": 11,
      "playerTwo": 25,
      "winPercentage": 88.922
    },
    {
      "playerOne": 11,
      "playerTwo": 26,
      "winPercentage": 80.406
    },
    {
      "playerOne": 11,
      "playerTwo": 27,
      "winPercentage": 81.112
    },
    {
      "playerOne": 11,
      "playerTwo": 28,
      "winPercentage": 35.924
    },
    {
      "playerOne": 11,
      "playerTwo": 29,
      "winPercentage": 10.762
    },
    {
      "playerOne": 11,
      "playerTwo": 30,
      "winPercentage": 56.902
    },
    {
      "playerOne": 11,
      "playerTwo": 31,
      "winPercentage": 82.209
    },
    {
      "playerOne": 11,
      "playerTwo": 32,
      "winPercentage": 98.766
    },
    {
      "playerOne": 11,
      "playerTwo": 33,
      "winPercentage": 43.861
    },
    {
      "playerOne": 11,
      "playerTwo": 34,
      "winPercentage": 19.202
    },
    {
      "playerOne": 11,
      "playerTwo": 35,
      "winPercentage": 5.292
    },
    {
      "playerOne": 11,
      "playerTwo": 36,
      "winPercentage": 90.096
    },
    {
      "playerOne": 11,
      "playerTwo": 37,
      "winPercentage": 88.715
    },
    {
      "playerOne": 11,
      "playerTwo": 38,
      "winPercentage": 29.509
    },
    {
      "playerOne": 11,
      "playerTwo": 39,
      "winPercentage": 59.813
    },
    {
      "playerOne": 12,
      "playerTwo": 13,
      "winPercentage": 42.194
    },
    {
      "playerOne": 12,
      "playerTwo": 14,
      "winPercentage": 49.926
    },
    {
      "playerOne": 12,
      "playerTwo": 15,
      "winPercentage": 64.495
    },
    {
      "playerOne": 12,
      "playerTwo": 16,
      "winPercentage": 75.813
    },
    {
      "playerOne": 12,
      "playerTwo": 17,
      "winPercentage": 23.621
    },
    {
      "playerOne": 12,
      "playerTwo": 18,
      "winPercentage": 83.479
    },
    {
      "playerOne": 12,
      "playerTwo": 19,
      "winPercentage": 35.234
    },
    {
      "playerOne": 12,
      "playerTwo": 20,
      "winPercentage": 62.496
    },
    {
      "playerOne": 12,
      "playerTwo": 21,
      "winPercentage": 48.397
    },
    {
      "playerOne": 12,
      "playerTwo": 22,
      "winPercentage": 9.668
    },
    {
      "playerOne": 12,
      "playerTwo": 23,
      "winPercentage": 5.982
    },
    {
      "playerOne": 12,
      "playerTwo": 24,
      "winPercentage": 30.313
    },
    {
      "playerOne": 12,
      "playerTwo": 25,
      "winPercentage": 97.87
    },
    {
      "playerOne": 12,
      "playerTwo": 26,
      "winPercentage": 41.323
    },
    {
      "playerOne": 12,
      "playerTwo": 27,
      "winPercentage": 79.249
    },
    {
      "playerOne": 12,
      "playerTwo": 28,
      "winPercentage": 58.859
    },
    {
      "playerOne": 12,
      "playerTwo": 29,
      "winPercentage": 61.046
    },
    {
      "playerOne": 12,
      "playerTwo": 30,
      "winPercentage": 45.691
    },
    {
      "playerOne": 12,
      "playerTwo": 31,
      "winPercentage": 56.254
    },
    {
      "playerOne": 12,
      "playerTwo": 32,
      "winPercentage": 64.613
    },
    {
      "playerOne": 12,
      "playerTwo": 33,
      "winPercentage": 91.019
    },
    {
      "playerOne": 12,
      "playerTwo": 34,
      "winPercentage": 60.144
    },
    {
      "playerOne": 12,
      "playerTwo": 35,
      "winPercentage": 66.457
    },
    {
      "playerOne": 12,
      "playerTwo": 36,
      "winPercentage": 79.388
    },
    {
      "playerOne": 12,
      "playerTwo": 37,
      "winPercentage": 90.27
    },
    {
      "playerOne": 12,
      "playerTwo": 38,
      "winPercentage": 72.413
    },
    {
      "playerOne": 12,
      "playerTwo": 39,
      "winPercentage": 27.212
    },
    {
      "playerOne": 13,
      "playerTwo": 14,
      "winPercentage": 92.195
    },
    {
      "playerOne": 13,
      "playerTwo": 15,
      "winPercentage": 27.544
    },
    {
      "playerOne": 13,
      "playerTwo": 16,
      "winPercentage": 10.39
    },
    {
      "playerOne": 13,
      "playerTwo": 17,
      "winPercentage": 8.374
    },
    {
      "playerOne": 13,
      "playerTwo": 18,
      "winPercentage": 17.539
    },
    {
      "playerOne": 13,
      "playerTwo": 19,
      "winPercentage": 4.752
    },
    {
      "playerOne": 13,
      "playerTwo": 20,
      "winPercentage": 38.269
    },
    {
      "playerOne": 13,
      "playerTwo": 21,
      "winPercentage": 61.153
    },
    {
      "playerOne": 13,
      "playerTwo": 22,
      "winPercentage": 76.501
    },
    {
      "playerOne": 13,
      "playerTwo": 23,
      "winPercentage": 92.695
    },
    {
      "playerOne": 13,
      "playerTwo": 24,
      "winPercentage": 7.586
    },
    {
      "playerOne": 13,
      "playerTwo": 25,
      "winPercentage": 68.242
    },
    {
      "playerOne": 13,
      "playerTwo": 26,
      "winPercentage": 60.953
    },
    {
      "playerOne": 13,
      "playerTwo": 27,
      "winPercentage": 22.938
    },
    {
      "playerOne": 13,
      "playerTwo": 28,
      "winPercentage": 73.028
    },
    {
      "playerOne": 13,
      "playerTwo": 29,
      "winPercentage": 30.559
    },
    {
      "playerOne": 13,
      "playerTwo": 30,
      "winPercentage": 17.723
    },
    {
      "playerOne": 13,
      "playerTwo": 31,
      "winPercentage": 64.943
    },
    {
      "playerOne": 13,
      "playerTwo": 32,
      "winPercentage": 25.387
    },
    {
      "playerOne": 13,
      "playerTwo": 33,
      "winPercentage": 6.14
    },
    {
      "playerOne": 13,
      "playerTwo": 34,
      "winPercentage": 32.399
    },
    {
      "playerOne": 13,
      "playerTwo": 35,
      "winPercentage": 74.79
    },
    {
      "playerOne": 13,
      "playerTwo": 36,
      "winPercentage": 32.441
    },
    {
      "playerOne": 13,
      "playerTwo": 37,
      "winPercentage": 73.197
    },
    {
      "playerOne": 13,
      "playerTwo": 38,
      "winPercentage": 28.336
    },
    {
      "playerOne": 13,
      "playerTwo": 39,
      "winPercentage": 52.842
    },
    {
      "playerOne": 14,
      "playerTwo": 15,
      "winPercentage": 15.022
    },
    {
      "playerOne": 14,
      "playerTwo": 16,
      "winPercentage": 91.891
    },
    {
      "playerOne": 14,
      "playerTwo": 17,
      "winPercentage": 36.228
    },
    {
      "playerOne": 14,
      "playerTwo": 18,
      "winPercentage": 18.301
    },
    {
      "playerOne": 14,
      "playerTwo": 19,
      "winPercentage": 91.359
    },
    {
      "playerOne": 14,
      "playerTwo": 20,
      "winPercentage": 26.466
    },
    {
      "playerOne": 14,
      "playerTwo": 21,
      "winPercentage": 80.518
    },
    {
      "playerOne": 14,
      "playerTwo": 22,
      "winPercentage": 7.001
    },
    {
      "playerOne": 14,
      "playerTwo": 23,
      "winPercentage": 9.703
    },
    {
      "playerOne": 14,
      "playerTwo": 24,
      "winPercentage": 56.734
    },
    {
      "playerOne": 14,
      "playerTwo": 25,
      "winPercentage": 15.656
    },
    {
      "playerOne": 14,
      "playerTwo": 26,
      "winPercentage": 74.621
    },
    {
      "playerOne": 14,
      "playerTwo": 27,
      "winPercentage": 26.821
    },
    {
      "playerOne": 14,
      "playerTwo": 28,
      "winPercentage": 95.883
    },
    {
      "playerOne": 14,
      "playerTwo": 29,
      "winPercentage": 76.649
    },
    {
      "playerOne": 14,
      "playerTwo": 30,
      "winPercentage": 73.415
    },
    {
      "playerOne": 14,
      "playerTwo": 31,
      "winPercentage": 10.047
    },
    {
      "playerOne": 14,
      "playerTwo": 32,
      "winPercentage": 94.712
    },
    {
      "playerOne": 14,
      "playerTwo": 33,
      "winPercentage": 55.605
    },
    {
      "playerOne": 14,
      "playerTwo": 34,
      "winPercentage": 9.134
    },
    {
      "playerOne": 14,
      "playerTwo": 35,
      "winPercentage": 50.337
    },
    {
      "playerOne": 14,
      "playerTwo": 36,
      "winPercentage": 54.116
    },
    {
      "playerOne": 14,
      "playerTwo": 37,
      "winPercentage": 5653.2
    },
    {
      "playerOne": 14,
      "playerTwo": 38,
      "winPercentage": 59.109
    },
    {
      "playerOne": 14,
      "playerTwo": 39,
      "winPercentage": 37.416
    },
    {
      "playerOne": 15,
      "playerTwo": 16,
      "winPercentage": 86.655
    },
    {
      "playerOne": 15,
      "playerTwo": 17,
      "winPercentage": 82.996
    },
    {
      "playerOne": 15,
      "playerTwo": 18,
      "winPercentage": 4.637
    },
    {
      "playerOne": 15,
      "playerTwo": 19,
      "winPercentage": 39.746
    },
    {
      "playerOne": 15,
      "playerTwo": 20,
      "winPercentage": 83.001
    },
    {
      "playerOne": 15,
      "playerTwo": 21,
      "winPercentage": 61.339
    },
    {
      "playerOne": 15,
      "playerTwo": 22,
      "winPercentage": 68.097
    },
    {
      "playerOne": 15,
      "playerTwo": 23,
      "winPercentage": 95.93
    },
    {
      "playerOne": 15,
      "playerTwo": 24,
      "winPercentage": 44.023
    },
    {
      "playerOne": 15,
      "playerTwo": 25,
      "winPercentage": 68.704
    },
    {
      "playerOne": 15,
      "playerTwo": 26,
      "winPercentage": 42.293
    },
    {
      "playerOne": 15,
      "playerTwo": 27,
      "winPercentage": 34.96
    },
    {
      "playerOne": 15,
      "playerTwo": 28,
      "winPercentage": 38.372
    },
    {
      "playerOne": 15,
      "playerTwo": 29,
      "winPercentage": 12.427
    },
    {
      "playerOne": 15,
      "playerTwo": 30,
      "winPercentage": 48.958
    },
    {
      "playerOne": 15,
      "playerTwo": 31,
      "winPercentage": 5.51
    },
    {
      "playerOne": 15,
      "playerTwo": 32,
      "winPercentage": 43.042
    },
    {
      "playerOne": 15,
      "playerTwo": 33,
      "winPercentage": 21.523
    },
    {
      "playerOne": 15,
      "playerTwo": 34,
      "winPercentage": 3.425
    },
    {
      "playerOne": 15,
      "playerTwo": 35,
      "winPercentage": 27.129
    },
    {
      "playerOne": 15,
      "playerTwo": 36,
      "winPercentage": 34.962
    },
    {
      "playerOne": 15,
      "playerTwo": 37,
      "winPercentage": 46.847
    },
    {
      "playerOne": 15,
      "playerTwo": 38,
      "winPercentage": 10.522
    },
    {
      "playerOne": 15,
      "playerTwo": 39,
      "winPercentage": 10.852
    },
    {
      "playerOne": 16,
      "playerTwo": 17,
      "winPercentage": 26.1
    },
    {
      "playerOne": 16,
      "playerTwo": 18,
      "winPercentage": 9.801
    },
    {
      "playerOne": 16,
      "playerTwo": 19,
      "winPercentage": 46.749
    },
    {
      "playerOne": 16,
      "playerTwo": 20,
      "winPercentage": 64.933
    },
    {
      "playerOne": 16,
      "playerTwo": 21,
      "winPercentage": 51.149
    },
    {
      "playerOne": 16,
      "playerTwo": 22,
      "winPercentage": 37.907
    },
    {
      "playerOne": 16,
      "playerTwo": 23,
      "winPercentage": 68.859
    },
    {
      "playerOne": 16,
      "playerTwo": 24,
      "winPercentage": 52.87
    },
    {
      "playerOne": 16,
      "playerTwo": 25,
      "winPercentage": 56.393
    },
    {
      "playerOne": 16,
      "playerTwo": 26,
      "winPercentage": 95.502
    },
    {
      "playerOne": 16,
      "playerTwo": 27,
      "winPercentage": 75.159
    },
    {
      "playerOne": 16,
      "playerTwo": 28,
      "winPercentage": 17.863
    },
    {
      "playerOne": 16,
      "playerTwo": 29,
      "winPercentage": 65.0
    },
    {
      "playerOne": 16,
      "playerTwo": 30,
      "winPercentage": 61.398
    },
    {
      "playerOne": 16,
      "playerTwo": 31,
      "winPercentage": 87.293
    },
    {
      "playerOne": 16,
      "playerTwo": 32,
      "winPercentage": 8.272
    },
    {
      "playerOne": 16,
      "playerTwo": 33,
      "winPercentage": 21.702
    },
    {
      "playerOne": 16,
      "playerTwo": 34,
      "winPercentage": 7.83
    },
    {
      "playerOne": 16,
      "playerTwo": 35,
      "winPercentage": 81.684
    },
    {
      "playerOne": 16,
      "playerTwo": 36,
      "winPercentage": 12.788
    },
    {
      "playerOne": 16,
      "playerTwo": 37,
      "winPercentage": 36.193
    },
    {
      "playerOne": 16,
      "playerTwo": 38,
      "winPercentage": 29.48
    },
    {
      "playerOne": 16,
      "playerTwo": 39,
      "winPercentage": 21.83
    },
    {
      "playerOne": 17,
      "playerTwo": 18,
      "winPercentage": 97.549
    },
    {
      "playerOne": 17,
      "playerTwo": 19,
      "winPercentage": 73.394
    },
    {
      "playerOne": 17,
      "playerTwo": 20,
      "winPercentage": 85.932
    },
    {
      "playerOne": 17,
      "playerTwo": 21,
      "winPercentage": 63.188
    },
    {
      "playerOne": 17,
      "playerTwo": 22,
      "winPercentage": 89.375
    },
    {
      "playerOne": 17,
      "playerTwo": 23,
      "winPercentage": 65.366
    },
    {
      "playerOne": 17,
      "playerTwo": 24,
      "winPercentage": 92.242
    },
    {
      "playerOne": 17,
      "playerTwo": 25,
      "winPercentage": 74.184
    },
    {
      "playerOne": 17,
      "playerTwo": 26,
      "winPercentage": 83.987
    },
    {
      "playerOne": 17,
      "playerTwo": 27,
      "winPercentage": 37.81
    },
    {
      "playerOne": 17,
      "playerTwo": 28,
      "winPercentage": 62.305
    },
    {
      "playerOne": 17,
      "playerTwo": 29,
      "winPercentage": 92.926
    },
    {
      "playerOne": 17,
      "playerTwo": 30,
      "winPercentage": 37.92
    },
    {
      "playerOne": 17,
      "playerTwo": 31,
      "winPercentage": 46.983
    },
    {
      "playerOne": 17,
      "playerTwo": 32,
      "winPercentage": 59.731
    },
    {
      "playerOne": 17,
      "playerTwo": 33,
      "winPercentage": 99.718
    },
    {
      "playerOne": 17,
      "playerTwo": 34,
      "winPercentage": 0.227
    },
    {
      "playerOne": 17,
      "playerTwo": 35,
      "winPercentage": 26.417
    },
    {
      "playerOne": 17,
      "playerTwo": 36,
      "winPercentage": 53.957
    },
    {
      "playerOne": 17,
      "playerTwo": 37,
      "winPercentage": 59.436
    },
    {
      "playerOne": 17,
      "playerTwo": 38,
      "winPercentage": 8.271
    },
    {
      "playerOne": 17,
      "playerTwo": 39,
      "winPercentage": 65.212
    },
    {
      "playerOne": 18,
      "playerTwo": 19,
      "winPercentage": 44.824
    },
    {
      "playerOne": 18,
      "playerTwo": 20,
      "winPercentage": 64.545
    },
    {
      "playerOne": 18,
      "playerTwo": 21,
      "winPercentage": 26.648
    },
    {
      "playerOne": 18,
      "playerTwo": 22,
      "winPercentage": 43.428
    },
    {
      "playerOne": 18,
      "playerTwo": 23,
      "winPercentage": 61.287
    },
    {
      "playerOne": 18,
      "playerTwo": 24,
      "winPercentage": 42.024
    },
    {
      "playerOne": 18,
      "playerTwo": 25,
      "winPercentage": 19.508
    },
    {
      "playerOne": 18,
      "playerTwo": 26,
      "winPercentage": 61.274
    },
    {
      "playerOne": 18,
      "playerTwo": 27,
      "winPercentage": 54.342
    },
    {
      "playerOne": 18,
      "playerTwo": 28,
      "winPercentage": 61.317
    },
    {
      "playerOne": 18,
      "playerTwo": 29,
      "winPercentage": 47.264
    },
    {
      "playerOne": 18,
      "playerTwo": 30,
      "winPercentage": 76.953
    },
    {
      "playerOne": 18,
      "playerTwo": 31,
      "winPercentage": 37.726
    },
    {
      "playerOne": 18,
      "playerTwo": 32,
      "winPercentage": 70.613
    },
    {
      "playerOne": 18,
      "playerTwo": 33,
      "winPercentage": 3.647
    },
    {
      "playerOne": 18,
      "playerTwo": 34,
      "winPercentage": 29.354
    },
    {
      "playerOne": 18,
      "playerTwo": 35,
      "winPercentage": 24.072
    },
    {
      "playerOne": 18,
      "playerTwo": 36,
      "winPercentage": 3.959
    },
    {
      "playerOne": 18,
      "playerTwo": 37,
      "winPercentage": 43.849
    },
    {
      "playerOne": 18,
      "playerTwo": 38,
      "winPercentage": 97.898
    },
    {
      "playerOne": 18,
      "playerTwo": 39,
      "winPercentage": 83.161
    },
    {
      "playerOne": 19,
      "playerTwo": 20,
      "winPercentage": 74.154
    },
    {
      "playerOne": 19,
      "playerTwo": 21,
      "winPercentage": 31.395
    },
    {
      "playerOne": 19,
      "playerTwo": 22,
      "winPercentage": 35.388
    },
    {
      "playerOne": 19,
      "playerTwo": 23,
      "winPercentage": 91.188
    },
    {
      "playerOne": 19,
      "playerTwo": 24,
      "winPercentage": 27.233
    },
    {
      "playerOne": 19,
      "playerTwo": 25,
      "winPercentage": 50.023
    },
    {
      "playerOne": 19,
      "playerTwo": 26,
      "winPercentage": 32.928
    },
    {
      "playerOne": 19,
      "playerTwo": 27,
      "winPercentage": 61.042
    },
    {
      "playerOne": 19,
      "playerTwo": 28,
      "winPercentage": 36.578
    },
    {
      "playerOne": 19,
      "playerTwo": 29,
      "winPercentage": 39.716
    },
    {
      "playerOne": 19,
      "playerTwo": 30,
      "winPercentage": 47.286
    },
    {
      "playerOne": 19,
      "playerTwo": 31,
      "winPercentage": 35.496
    },
    {
      "playerOne": 19,
      "playerTwo": 32,
      "winPercentage": 51.281
    },
    {
      "playerOne": 19,
      "playerTwo": 33,
      "winPercentage": 74.719
    },
    {
      "playerOne": 19,
      "playerTwo": 34,
      "winPercentage": 42.71
    },
    {
      "playerOne": 19,
      "playerTwo": 35,
      "winPercentage": 83.561
    },
    {
      "playerOne": 19,
      "playerTwo": 36,
      "winPercentage": 63.208
    },
    {
      "playerOne": 19,
      "playerTwo": 37,
      "winPercentage": 7.135
    },
    {
      "playerOne": 19,
      "playerTwo": 38,
      "winPercentage": 49.661
    },
    {
      "playerOne": 19,
      "playerTwo": 39,
      "winPercentage": 22.364
    },
    {
      "playerOne": 20,
      "playerTwo": 21,
      "winPercentage": 30.242
    },
    {
      "playerOne": 20,
      "playerTwo": 22,
      "winPercentage": 62.1
    },
    {
      "playerOne": 20,
      "playerTwo": 23,
      "winPercentage": 22.696
    },
    {
      "playerOne": 20,
      "playerTwo": 24,
      "winPercentage": 36.748
    },
    {
      "playerOne": 20,
      "playerTwo": 25,
      "winPercentage": 80.52
    },
    {
      "playerOne": 20,
      "playerTwo": 26,
      "winPercentage": 56.127
    },
    {
      "playerOne": 20,
      "playerTwo": 27,
      "winPercentage": 34.822
    },
    {
      "playerOne": 20,
      "playerTwo": 28,
      "winPercentage": 2.451
    },
    {
      "playerOne": 20,
      "playerTwo": 29,
      "winPercentage": 66.505
    },
    {
      "playerOne": 20,
      "playerTwo": 30,
      "winPercentage": 20.753
    },
    {
      "playerOne": 20,
      "playerTwo": 31,
      "winPercentage": 75.107
    },
    {
      "playerOne": 20,
      "playerTwo": 32,
      "winPercentage": 15.842
    },
    {
      "playerOne": 20,
      "playerTwo": 33,
      "winPercentage": 86.02
    },
    {
      "playerOne": 20,
      "playerTwo": 34,
      "winPercentage": 67.08
    },
    {
      "playerOne": 20,
      "playerTwo": 35,
      "winPercentage": 85.848
    },
    {
      "playerOne": 20,
      "playerTwo": 36,
      "winPercentage": 70.719
    },
    {
      "playerOne": 20,
      "playerTwo": 37,
      "winPercentage": 67.174
    },
    {
      "playerOne": 20,
      "playerTwo": 38,
      "winPercentage": 89.042
    },
    {
      "playerOne": 20,
      "playerTwo": 39,
      "winPercentage": 31.852
    },
    {
      "playerOne": 21,
      "playerTwo": 22,
      "winPercentage": 71.806
    },
    {
      "playerOne": 21,
      "playerTwo": 23,
      "winPercentage": 36.307
    },
    {
      "playerOne": 21,
      "playerTwo": 24,
      "winPercentage": 36.061
    },
    {
      "playerOne": 21,
      "playerTwo": 25,
      "winPercentage": 98.942
    },
    {
      "playerOne": 21,
      "playerTwo": 26,
      "winPercentage": 44.877
    },
    {
      "playerOne": 21,
      "playerTwo": 27,
      "winPercentage": 11.083
    },
    {
      "playerOne": 21,
      "playerTwo": 28,
      "winPercentage": 13.167
    },
    {
      "playerOne": 21,
      "playerTwo": 29,
      "winPercentage": 40.249
    },
    {
      "playerOne": 21,
      "playerTwo": 30,
      "winPercentage": 61.549
    },
    {
      "playerOne": 21,
      "playerTwo": 31,
      "winPercentage": 73.551
    },
    {
      "playerOne": 21,
      "playerTwo": 32,
      "winPercentage": 20.74
    },
    {
      "playerOne": 21,
      "playerTwo": 33,
      "winPercentage": 83.867
    },
    {
      "playerOne": 21,
      "playerTwo": 34,
      "winPercentage": 39.844
    },
    {
      "playerOne": 21,
      "playerTwo": 35,
      "winPercentage": 94.753
    },
    {
      "playerOne": 21,
      "playerTwo": 36,
      "winPercentage": 57.925
    },
    {
      "playerOne": 21,
      "playerTwo": 37,
      "winPercentage": 73.072
    },
    {
      "playerOne": 21,
      "playerTwo": 38,
      "winPercentage": 74.115
    },
    {
      "playerOne": 21,
      "playerTwo": 39,
      "winPercentage": 98.905
    },
    {
      "playerOne": 22,
      "playerTwo": 23,
      "winPercentage": 88.036
    },
    {
      "playerOne": 22,
      "playerTwo": 24,
      "winPercentage": 32.99
    },
    {
      "playerOne": 22,
      "playerTwo": 25,
      "winPercentage": 30.766
    },
    {
      "playerOne": 22,
      "playerTwo": 26,
      "winPercentage": 52.308
    },
    {
      "playerOne": 22,
      "playerTwo": 27,
      "winPercentage": 0.28
    },
    {
      "playerOne": 22,
      "playerTwo": 28,
      "winPercentage": 32.383
    },
    {
      "playerOne": 22,
      "playerTwo": 29,
      "winPercentage": 81.216
    },
    {
      "playerOne": 22,
      "playerTwo": 30,
      "winPercentage": 74.005
    },
    {
      "playerOne": 22,
      "playerTwo": 31,
      "winPercentage": 78.14
    },
    {
      "playerOne": 22,
      "playerTwo": 32,
      "winPercentage": 98.069
    },
    {
      "playerOne": 22,
      "playerTwo": 33,
      "winPercentage": 94.336
    },
    {
      "playerOne": 22,
      "playerTwo": 34,
      "winPercentage": 68.008
    },
    {
      "playerOne": 22,
      "playerTwo": 35,
      "winPercentage": 29.263
    },
    {
      "playerOne": 22,
      "playerTwo": 36,
      "winPercentage": 43.744
    },
    {
      "playerOne": 22,
      "playerTwo": 37,
      "winPercentage": 18.919
    },
    {
      "playerOne": 22,
      "playerTwo": 38,
      "winPercentage": 36.691
    },
    {
      "playerOne": 22,
      "playerTwo": 39,
      "winPercentage": 10.994
    },
    {
      "playerOne": 23,
      "playerTwo": 24,
      "winPercentage": 26.228
    },
    {
      "playerOne": 23,
      "playerTwo": 25,
      "winPercentage": 65.081
    },
    {
      "playerOne": 23,
      "playerTwo": 26,
      "winPercentage": 20.528
    },
    {
      "playerOne": 23,
      "playerTwo": 27,
      "winPercentage": 23.548
    },
    {
      "playerOne": 23,
      "playerTwo": 28,
      "winPercentage": 65.842
    },
    {
      "playerOne": 23,
      "playerTwo": 29,
      "winPercentage": 21.675
    },
    {
      "playerOne": 23,
      "playerTwo": 30,
      "winPercentage": 63.516
    },
    {
      "playerOne": 23,
      "playerTwo": 31,
      "winPercentage": 70.492
    },
    {
      "playerOne": 23,
      "playerTwo": 32,
      "winPercentage": 79.675
    },
    {
      "playerOne": 23,
      "playerTwo": 33,
      "winPercentage": 70.128
    },
    {
      "playerOne": 23,
      "playerTwo": 34,
      "winPercentage": 25.176
    },
    {
      "playerOne": 23,
      "playerTwo": 35,
      "winPercentage": 13.098
    },
    {
      "playerOne": 23,
      "playerTwo": 36,
      "winPercentage": 17.048
    },
    {
      "playerOne": 23,
      "playerTwo": 37,
      "winPercentage": 33.457
    },
    {
      "playerOne": 23,
      "playerTwo": 38,
      "winPercentage": 3.004
    },
    {
      "playerOne": 23,
      "playerTwo": 39,
      "winPercentage": 73.015
    },
    {
      "playerOne": 24,
      "playerTwo": 25,
      "winPercentage": 74.009
    },
    {
      "playerOne": 24,
      "playerTwo": 26,
      "winPercentage": 94.622
    },
    {
      "playerOne": 24,
      "playerTwo": 27,
      "winPercentage": 51.4
    },
    {
      "playerOne": 24,
      "playerTwo": 28,
      "winPercentage": 39.074
    },
    {
      "playerOne": 24,
      "playerTwo": 29,
      "winPercentage": 24.317
    },
    {
      "playerOne": 24,
      "playerTwo": 30,
      "winPercentage": 45.071
    },
    {
      "playerOne": 24,
      "playerTwo": 31,
      "winPercentage": 74.007
    },
    {
      "playerOne": 24,
      "playerTwo": 32,
      "winPercentage": 75.678
    },
    {
      "playerOne": 24,
      "playerTwo": 33,
      "winPercentage": 53.237
    },
    {
      "playerOne": 24,
      "playerTwo": 34,
      "winPercentage": 12.817
    },
    {
      "playerOne": 24,
      "playerTwo": 35,
      "winPercentage": 49.803
    },
    {
      "playerOne": 24,
      "playerTwo": 36,
      "winPercentage": 9.166
    },
    {
      "playerOne": 24,
      "playerTwo": 37,
      "winPercentage": 37.777
    },
    {
      "playerOne": 24,
      "playerTwo": 38,
      "winPercentage": 92.593
    },
    {
      "playerOne": 24,
      "playerTwo": 39,
      "winPercentage": 93.91
    },
    {
      "playerOne": 25,
      "playerTwo": 26,
      "winPercentage": 79.171
    },
    {
      "playerOne": 25,
      "playerTwo": 27,
      "winPercentage": 2.138
    },
    {
      "playerOne": 25,
      "playerTwo": 28,
      "winPercentage": 82.82
    },
    {
      "playerOne": 25,
      "playerTwo": 29,
      "winPercentage": 22.902
    },
    {
      "playerOne": 25,
      "playerTwo": 30,
      "winPercentage": 2.917
    },
    {
      "playerOne": 25,
      "playerTwo": 31,
      "winPercentage": 59.975
    },
    {
      "playerOne": 25,
      "playerTwo": 32,
      "winPercentage": 26.087
    },
    {
      "playerOne": 25,
      "playerTwo": 33,
      "winPercentage": 4.673
    },
    {
      "playerOne": 25,
      "playerTwo": 34,
      "winPercentage": 97.483
    },
    {
      "playerOne": 25,
      "playerTwo": 35,
      "winPercentage": 0.44
    },
    {
      "playerOne": 25,
      "playerTwo": 36,
      "winPercentage": 29.374
    },
    {
      "playerOne": 25,
      "playerTwo": 37,
      "winPercentage": 60.98
    },
    {
      "playerOne": 25,
      "playerTwo": 38,
      "winPercentage": 25.815
    },
    {
      "playerOne": 25,
      "playerTwo": 39,
      "winPercentage": 16.928
    },
    {
      "playerOne": 26,
      "playerTwo": 27,
      "winPercentage": 93.714
    },
    {
      "playerOne": 26,
      "playerTwo": 28,
      "winPercentage": 68.726
    },
    {
      "playerOne": 26,
      "playerTwo": 29,
      "winPercentage": 41.286
    },
    {
      "playerOne": 26,
      "playerTwo": 30,
      "winPercentage": 47.459
    },
    {
      "playerOne": 26,
      "playerTwo": 31,
      "winPercentage": 23.281
    },
    {
      "playerOne": 26,
      "playerTwo": 32,
      "winPercentage": 25.343
    },
    {
      "playerOne": 26,
      "playerTwo": 33,
      "winPercentage": 78.198
    },
    {
      "playerOne": 26,
      "playerTwo": 34,
      "winPercentage": 30.673
    },
    {
      "playerOne": 26,
      "playerTwo": 35,
      "winPercentage": 21.179
    },
    {
      "playerOne": 26,
      "playerTwo": 36,
      "winPercentage": 87.946
    },
    {
      "playerOne": 26,
      "playerTwo": 37,
      "winPercentage": 80.061
    },
    {
      "playerOne": 26,
      "playerTwo": 38,
      "winPercentage": 21.655
    },
    {
      "playerOne": 26,
      "playerTwo": 39,
      "winPercentage": 5.79
    },
    {
      "playerOne": 27,
      "playerTwo": 28,
      "winPercentage": 82.67
    },
    {
      "playerOne": 27,
      "playerTwo": 29,
      "winPercentage": 86.326
    },
    {
      "playerOne": 27,
      "playerTwo": 30,
      "winPercentage": 25.429
    },
    {
      "playerOne": 27,
      "playerTwo": 31,
      "winPercentage": 23.44
    },
    {
      "playerOne": 27,
      "playerTwo": 32,
      "winPercentage": 4.101
    },
    {
      "playerOne": 27,
      "playerTwo": 33,
      "winPercentage": 5.322
    },
    {
      "playerOne": 27,
      "playerTwo": 34,
      "winPercentage": 88.503
    },
    {
      "playerOne": 27,
      "playerTwo": 35,
      "winPercentage": 88.117
    },
    {
      "playerOne": 27,
      "playerTwo": 36,
      "winPercentage": 45.589
    },
    {
      "playerOne": 27,
      "playerTwo": 37,
      "winPercentage": 65.441
    },
    {
      "playerOne": 27,
      "playerTwo": 38,
      "winPercentage": 34.653
    },
    {
      "playerOne": 27,
      "playerTwo": 39,
      "winPercentage": 66.212
    },
    {
      "playerOne": 28,
      "playerTwo": 29,
      "winPercentage": 87.216
    },
    {
      "playerOne": 28,
      "playerTwo": 30,
      "winPercentage": 41.071
    },
    {
      "playerOne": 28,
      "playerTwo": 31,
      "winPercentage": 78.583
    },
    {
      "playerOne": 28,
      "playerTwo": 32,
      "winPercentage": 67.607
    },
    {
      "playerOne": 28,
      "playerTwo": 33,
      "winPercentage": 2.902
    },
    {
      "playerOne": 28,
      "playerTwo": 34,
      "winPercentage": 33.864
    },
    {
      "playerOne": 28,
      "playerTwo": 35,
      "winPercentage": 22.092
    },
    {
      "playerOne": 28,
      "playerTwo": 36,
      "winPercentage": 87.536
    },
    {
      "playerOne": 28,
      "playerTwo": 37,
      "winPercentage": 10.317
    },
    {
      "playerOne": 28,
      "playerTwo": 38,
      "winPercentage": 90.046
    },
    {
      "playerOne": 28,
      "playerTwo": 39,
      "winPercentage": 3.156
    },
    {
      "playerOne": 29,
      "playerTwo": 30,
      "winPercentage": 71.129
    },
    {
      "playerOne": 29,
      "playerTwo": 31,
      "winPercentage": 71.451
    },
    {
      "playerOne": 29,
      "playerTwo": 32,
      "winPercentage": 34.43
    },
    {
      "playerOne": 29,
      "playerTwo": 33,
      "winPercentage": 55.741
    },
    {
      "playerOne": 29,
      "playerTwo": 34,
      "winPercentage": 16.758
    },
    {
      "playerOne": 29,
      "playerTwo": 35,
      "winPercentage": 17.9
    },
    {
      "playerOne": 29,
      "playerTwo": 36,
      "winPercentage": 6.633
    },
    {
      "playerOne": 29,
      "playerTwo": 37,
      "winPercentage": 62.76
    },
    {
      "playerOne": 29,
      "playerTwo": 38,
      "winPercentage": 8.827
    },
    {
      "playerOne": 29,
      "playerTwo": 39,
      "winPercentage": 61.873
    },
    {
      "playerOne": 30,
      "playerTwo": 31,
      "winPercentage": 84.984
    },
    {
      "playerOne": 30,
      "playerTwo": 32,
      "winPercentage": 66.757
    },
    {
      "playerOne": 30,
      "playerTwo": 33,
      "winPercentage": 53.327
    },
    {
      "playerOne": 30,
      "playerTwo": 34,
      "winPercentage": 63.491
    },
    {
      "playerOne": 30,
      "playerTwo": 35,
      "winPercentage": 81.759
    },
    {
      "playerOne": 30,
      "playerTwo": 36,
      "winPercentage": 16.906
    },
    {
      "playerOne": 30,
      "playerTwo": 37,
      "winPercentage": 36.314
    },
    {
      "playerOne": 30,
      "playerTwo": 38,
      "winPercentage": 1.995
    },
    {
      "playerOne": 30,
      "playerTwo": 39,
      "winPercentage": 39.245
    },
    {
      "playerOne": 31,
      "playerTwo": 32,
      "winPercentage": 31.927
    },
    {
      "playerOne": 31,
      "playerTwo": 33,
      "winPercentage": 61.233
    },
    {
      "playerOne": 31,
      "playerTwo": 34,
      "winPercentage": 17.89
    },
    {
      "playerOne": 31,
      "playerTwo": 35,
      "winPercentage": 11.099
    },
    {
      "playerOne": 31,
      "playerTwo": 36,
      "winPercentage": 85.705
    },
    {
      "playerOne": 31,
      "playerTwo": 37,
      "winPercentage": 20.444
    },
    {
      "playerOne": 31,
      "playerTwo": 38,
      "winPercentage": 11.549
    },
    {
      "playerOne": 31,
      "playerTwo": 39,
      "winPercentage": 23.797
    },
    {
      "playerOne": 32,
      "playerTwo": 33,
      "winPercentage": 21.217
    },
    {
      "playerOne": 32,
      "playerTwo": 34,
      "winPercentage": 67.108
    },
    {
      "playerOne": 32,
      "playerTwo": 35,
      "winPercentage": 71.108
    },
    {
      "playerOne": 32,
      "playerTwo": 36,
      "winPercentage": 46.803
    },
    {
      "playerOne": 32,
      "playerTwo": 37,
      "winPercentage": 81.642
    },
    {
      "playerOne": 32,
      "playerTwo": 38,
      "winPercentage": 91.731
    },
    {
      "playerOne": 32,
      "playerTwo": 39,
      "winPercentage": 37.261
    },
    {
      "playerOne": 33,
      "playerTwo": 34,
      "winPercentage": 8.453
    },
    {
      "playerOne": 33,
      "playerTwo": 35,
      "winPercentage": 13.07
    },
    {
      "playerOne": 33,
      "playerTwo": 36,
      "winPercentage": 81.181
    },
    {
      "playerOne": 33,
      "playerTwo": 37,
      "winPercentage": 44.214
    },
    {
      "playerOne": 33,
      "playerTwo": 38,
      "winPercentage": 7.643
    },
    {
      "playerOne": 33,
      "playerTwo": 39,
      "winPercentage": 61.918
    },
    {
      "playerOne": 34,
      "playerTwo": 35,
      "winPercentage": 56.479
    },
    {
      "playerOne": 34,
      "playerTwo": 36,
      "winPercentage": 80.713
    },
    {
      "playerOne": 34,
      "playerTwo": 37,
      "winPercentage": 77.621
    },
    {
      "playerOne": 34,
      "playerTwo": 38,
      "winPercentage": 87.191
    },
    {
      "playerOne": 34,
      "playerTwo": 39,
      "winPercentage": 23.936
    },
    {
      "playerOne": 35,
      "playerTwo": 36,
      "winPercentage": 49.384
    },
    {
      "playerOne": 35,
      "playerTwo": 37,
      "winPercentage": 36.947
    },
    {
      "playerOne": 35,
      "playerTwo": 38,
      "winPercentage": 75.15
    },
    {
      "playerOne": 35,
      "playerTwo": 39,
      "winPercentage": 10.201
    },
    {
      "playerOne": 36,
      "playerTwo": 37,
      "winPercentage": 84.726
    },
    {
      "playerOne": 36,
      "playerTwo": 38,
      "winPercentage": 71.738
    },
    {
      "playerOne": 36,
      "playerTwo": 39,
      "winPercentage": 13.931
    },
    {
      "playerOne": 37,
      "playerTwo": 38,
      "winPercentage": 5.421
    },
    {
      "playerOne": 37,
      "playerTwo": 39,
      "winPercentage": 31.512
    },
    {
      "playerOne": 38,
      "playerTwo": 39,
      "winPercentage": 86.372
    }
  ]
}