{
  "metadata": {
    "numPlayers": 40
  },
  "teamStats": [
    {
      "playerOne": 0,
      "playerTwo": 1,
      "winPercentage": 88.843
    },
    {
      "playerOne": 0,
      "playerTwo": 2,
      "winPercentage": 23.664
    },
    {
      "playerOne": 0,
      "playerTwo": 3,
      "winPercentage": 73.48
    },
    {
      "playerOne": 0,
      "playerTwo": 4,
      "winPercentage": 12.012
    },
    {
      "playerOne": 0,
      "playerTwo": 5,
      "winPercentage": 83.645
    },
    {
      "playerOne": 0,
      "playerTwo": 6,
      "winPercentage": 58.185
    },
    {
      "playerOne": 0,
      "playerTwo": 7,
      "winPercentage": 75.262
    },
    {
      "playerOne": 0,
      "playerTwo": 8,
      "winPercentage": 4.845
    },
    {
      "playerOne": 0,
      "playerTwo": 9,
      "winPercentage": 79.414
    },
    {
      "playerOne": 0,
      "playerTwo": 10,
      "winPercentage": 60.107
    },
    {
      "playerOne": 0,
      "playerTwo": 11,
      "winPercentage": 36.566
    },
    {
      "playerOne": 0,
      "playerTwo": 12,
      "winPercentage": 19.399
    },
    {
      "playerOne": 0,
      "playerTwo": 13,
      "winPercentage": 19.138
    },
    {
      "playerOne": 0,
      "playerTwo": 14,
      "winPercentage": 54.233
    },
    {
      "playerOne": 0,
      "playerTwo": 15,
      "winPercentage": 71.998
    },
    {
      "playerOne": 0,
      "playerTwo": 16,
      "winPercentage": 73.043
    },
    {
      "playerOne": 0,
      "playerTwo": 17,
      "winPercentage": 97.942
    },
    {
      "playerOne": 0,
      "playerTwo": 18,
      "winPercentage": 79.705
    },
    {
      "playerOne": 0,
      "playerTwo": 19,
      "winPercentage": 17.929
    },
    {
      "playerOne": 0,
      "playerTwo": 20,
      "winPercentage": 41.525
    },
    {
      "playerOne": 0,
      "playerTwo": 21,
      "winPercentage": 99.635
    },
    {
      "playerOne": 0,
      "playerTwo": 22,
      "winPercentage": 72.841
    },
    {
      "playerOne": 0,
      "playerTwo": 23,
      "winPercentage": 90.957
    },
    {
      "playerOne": 0,
      "playerTwo": 24,
      "winPercentage": 29.388
    },
    {
      "playerOne": 0,
      "playerTwo": 25,
      "winPercentage": 67.312
    },
    {
      "playerOne": 0,
      "playerTwo": 26,
      "winPercentage": 82.628
    },
    {
      "playerOne": 0,
      "playerTwo": 27,
      "winPercentage": 31.71
    },
    {
      "playerOne": 0,
      "playerTwo": 28,
      "winPercentage": 80.494
    },
    {
      "playerOne": 0,
      "playerTwo": 29,
      "winPercentage": 11.233
    },
    {
      "playerOne": 0,
      "playerTwo": 30,
      "winPercentage": 68.576
    },
    {
      "playerOne": 0,
      "playerTwo": 31,
      "winPercentage": 46.122
    },
    {
      "playerOne": 0,
      "playerTwo": 32,
      "winPercentage": 54.817
    },
    {
      "playerOne": 0,
      "playerTwo": 33,
      "winPercentage": 55.484
    },
    {
      "playerOne": 0,
      "playerTwo": 34,
      "winPercentage": 2.764
    },
    {
      "playerOne": 0,
      "playerTwo": 35,
      "winPercentage": 38.951
    },
    {
      "playerOne": 0,
      "playerTwo": 36,
      "winPercentage": 79.532
    },
    {
      "playerOne": 0,
      "playerTwo": 37,
      "winPercentage": 35.372
    },
    {
      "playerOne": 0,
      "playerTwo": 38,
      "winPercentage": 24.675
    },
    {
      "playerOne": 0,
      "playerTwo": 39,
      "winPercentage": 62.04
    },
    {
      "playerOne": 1,
      "playerTwo": 2,
      "winPercentage": 72.864
    },
    {
      "playerOne": 1,
      "playerTwo": 3,
      "winPercentage": 71.37
    },
    {
      "playerOne": 1,
      "playerTwo": 4,
      "winPercentage": 67.793
    },
    {
      "playerOne": 1,
      "playerTwo": 5,
      "winPercentage": 71.428
    },
    {
      "playerOne": 1,
      "playerTwo": 6,
      "winPercentage": 7.161
    },
    {
      "playerOne": 1,
      "playerTwo": 7,
      "winPercentage": 8.96
    },
    {
      "playerOne": 1,
      "playerTwo": 8,
      "winPercentage": 71.836
    },
    {
      "playerOne": 1,
      "playerTwo": 9,
      "winPercentage": 60.8
    },
    {
      "playerOne": 1,
      "playerTwo": 10,
      "winPercentage": 60.333
    },
    {
      "playerOne": 1,
      "playerTwo": 11,
      "winPercentage": 3.17
    },
    {
      "playerOne": 1,
      "playerTwo": 12,
      "winPercentage": 15.017
    },
    {
      "playerOne": 1,
      "playerTwo": 13,
      "winPercentage": 67.379
    },
    {
      "playerOne": 1,
      "playerTwo": 14,
      "winPercentage": 7.756
    },
    {
      "playerOne": 1,
      "playerTwo": 15,
      "winPercentage": 43.115
    },
    {
      "playerOne": 1,
      "playerTwo": 16,
      "winPercentage": 65.641
    },
    {
      "playerOne": 1,
      "playerTwo": 17,
      "winPercentage": 3.521
    },
    {
      "playerOne": 1,
      "playerTwo": 18,
      "winPercentage": 84.35
    },
    {
      "playerOne": 1,
      "playerTwo": 19,
      "winPercentage": 47.394
    },
    {
      "playerOne": 1,
      "playerTwo": 20,
      "winPercentage": 68.537
    },
    {
      "playerOne": 1,
      "playerTwo": 21,
      "winPercentage": 80.238
    },
    {
      "playerOne": 1,
      "playerTwo": 22,
      "winPercentage": 18.781
    },
    {
      "playerOne": 1,
      "playerTwo": 23,
      "winPercentage": 44.491
    },
    {
      "playerOne": 1,
      "playerTwo": 24,
      "winPercentage": 95.014
    },
    {
      "playerOne": 1,
      "playerTwo": 25,
      "winPercentage": 0.715
    },
    {
      "playerOne": 1,
      "playerTwo": 26,
      "winPercentage": 72.822
    },
    {
      "playerOne": 1,
      "playerTwo": 27,
      "winPercentage": 15.936
    },
    {
      "playerOne": 1,
      "playerTwo": 28,
      "winPercentage": 59.283
    },
    {
      "playerOne": 1,
      "playerTwo": 29,
      "winPercentage": 85.81
    },
    {
      "playerOne": 1,
      "playerTwo": 30,
      "winPercentage": 90.015
    },
    {
      "playerOne": 1,
      "playerTwo": 31,
      "winPercentage": 27.317
    },
    {
      "playerOne": 1,
      "playerTwo": 32,
      "winPercentage": 22.181
    },
    {
      "playerOne": 1,
      "playerTwo": 33,
      "winPercentage": 39.387
    },
    {
      "playerOne": 1,
      "playerTwo": 34,
      "winPercentage": 61.05
    },
    {
      "playerOne": 1,
      "playerTwo": 35,
      "winPercentage": 16.888
    },
    {
      "playerOne": 1,
      "playerTwo": 36,
      "winPercentage": 39.628
    },
    {
      "playerOne": 1,
      "playerTwo": 37,
      "winPercentage": 29.747
    },
    {
      "playerOne": 1,
      "playerTwo": 38,
      "winPercentage": 75.256
    },
    {
      "playerOne": 1,
      "playerTwo": 39,
      "winPercentage": 85.814
    },
    {
      "playerOne": 2,
      "playerTwo": 3,
      "winPercentage": 43.211
    },
    {
      "playerOne": 2,
      "playerTwo": 4,
      "winPercentage": 61.74
    },
    {
      "playerOne": 2,
      "playerTwo": 5,
      "winPercentage": 99.809
    },
    {
      "playerOne": 2,
      "playerTwo": 6,
      "winPercentage": 56.858
    },
    {
      "playerOne": 2,
      "playerTwo": 7,
      "winPercentage": 94.382
    },
    {
      "playerOne": 2,
      "playerTwo": 8,
      "winPercentage": 60.466
    },
    {
      "playerOne": 2,
      "playerTwo": 9,
      "winPercentage": 45.743
    },
    {
      "playerOne": 2,
      "playerTwo": 10,
      "winPercentage": 78.657
    },
    {
      "playerOne": 2,
      "playerTwo": 11,
      "winPercentage": 96.352
    },
    {
      "playerOne": 2,
      "playerTwo": 12,
      "winPercentage": 1.617
    },
    {
      "playerOne": 2,
      "playerTwo": 13,
      "winPercentage": 67.777
    },
    {
      "playerOne": 2,
      "playerTwo": 14,
      "winPercentage": 20.798
    },
    {
      "playerOne": 2,
      "playerTwo": 15,
      "winPercentage": 56.569
    },
    {
      "playerOne": 2,
      "playerTwo": 16,
      "winPercentage": 4.261
    },
    {
      "playerOne": 2,
      "playerTwo": 17,
      "winPercentage": 19.36
    },
    {
      "playerOne": 2,
      "playerTwo": 18,
      "winPercentage": 75.084
    },
    {
      "playerOne": 2,
      "playerTwo": 19,
      "winPercentage": 45.802
    },
    {
      "playerOne": 2,
      "playerTwo": 20,
      "winPercentage": 43.923
    },
    {
      "playerOne": 2,
      "playerTwo": 21,
      "winPercentage": 11.353
    },
    {
      "playerOne": 2,
      "playerTwo": 22,
      "winPercentage": 11.848
    },
    {
      "playerOne": 2,
      "playerTwo": 23,
      "winPercentage": 81.535
    },
    {
      "playerOne": 2,
      "playerTwo": 24,
      "winPercentage": 88.886
    },
    {
      "playerOne": 2,
      "playerTwo": 25,
      "winPercentage": 10.072
    },
    {
      "playerOne": 2,
      "playerTwo": 26,
      "winPercentage": 25.57
    },
    {
      "playerOne": 2,
      "playerTwo": 27,
      "winPercentage": 41.55
    },
    {
      "playerOne": 2,
      "playerTwo": 28,
      "winPercentage": 38.808
    },
    {
      "playerOne": 2,
      "playerTwo": 29,
      "winPercentage": 70.379
    },
    {
      "playerOne": 2,
      "playerTwo": 30,
      "winPercentage": 92.431
    },
    {
      "playerOne": 2,
      "playerTwo": 31,
      "winPercentage": 18.864
    },
    {
      "playerOne": 2,
      "playerTwo": 32,
      "winPercentage": 46.23
    },
    {
      "playerOne": 2,
      "playerTwo": 33,
      "winPercentage": 9.684
    },
    {
      "playerOne": 2,
      "playerTwo": 34,
      "winPercentage": 14.839
    },
    {
      "playerOne": 2,
      "playerTwo": 35,
      "winPercentage": 17.889
    },
    {
      "playerOne": 2,
      "playerTwo": 36,
      "winPercentage": 84.545
    },
    {
      "playerOne": 2,
      "playerTwo": 37,
      "winPercentage": 36.543
    },
    {
      "playerOne": 2,
      "playerTwo": 38,
      "winPercentage": 29.936
    },
    {
      "playerOne": 2,
      "playerTwo": 39,
      "winPercentage": 38.429
    },
    {
      "playerOne": 3,
      "playerTwo": 4,
      "winPercentage": 20.185
    },
    {
      "playerOne": 3,
      "playerTwo": 5,
      "winPercentage": 16.444
    },
    {
      "playerOne": 3,
      "playerTwo": 6,
      "winPercentage": 69.442
    },
    {
      "playerOne": 3,
      "playerTwo": 7,
      "winPercentage": 85.828
    },
    {
      "playerOne": 3,
      "playerTwo": 8,
      "winPercentage": 78.288
    },
    {
      "playerOne": 3,
      "playerTwo": 9,
      "winPercentage": 95.204
    },
    {
      "playerOne": 3,
      "playerTwo": 10,
      "winPercentage": 38.7
    },
    {
      "playerOne": 3,
      "playerTwo": 11,
      "winPercentage": 86.663
    },
    {
      "playerOne": 3,
      "playerTwo": 12,
      "winPercentage": 69.238
    },
    {
      "playerOne": 3,
      "playerTwo": 13,
      "winPercentage": 66.596
    },
    {
      "playerOne": 3,
      "playerTwo": 14,
      "winPercentage": 32.885
    },
    {
      "playerOne": 3,
      "playerTwo": 15,
      "winPercentage": 4.808
    },
    {
      "playerOne": 3,
      "playerTwo": 16,
      "winPercentage": 89.133
    },
    {
      "playerOne": 3,
      "playerTwo": 17,
      "winPercentage": 1.552
    },
    {
      "playerOne": 3,
      "playerTwo": 18,
      "winPercentage": 41.083
    },
    {
      "playerOne": 3,
      "playerTwo": 19,
      "winPercentage": 76.355
    },
    {
      "playerOne": 3,
      "playerTwo": 20,
      "winPercentage": 17.981
    },
    {
      "playerOne": 3,
      "playerTwo": 21,
      "winPercentage": 55.732
    },
    {
      "playerOne": 3,
      "playerTwo": 22,
      "winPercentage": 73.699
    },
    {
      "playerOne": 3,
      "playerTwo": 23,
      "winPercentage": 75.98
    },
    {
      "playerOne": 3,
      "playerTwo": 24,
      "winPercentage": 7.757
    },
    {
      "playerOne": 3,
      "playerTwo": 25,
      "winPercentage": 27.54
    },
    {
      "playerOne": 3,
      "playerTwo": 26,
      "winPercentage": 48.103
    },
    {
      "playerOne": 3,
      "playerTwo": 27,
      "winPercentage": 73.464
    },
    {
      "playerOne": 3,
      "playerTwo": 28,
      "winPercentage": 47.265
    },
    {
      "playerOne": 3,
      "playerTwo": 29,
      "winPercentage": 29.508
    },
    {
      "playerOne": 3,
      "playerTwo": 30,
      "winPercentage": 75.398
    },
    {
      "playerOne": 3,
      "playerTwo": 31,
      "winPercentage": 16.339
    },
    {
      "playerOne": 3,
      "playerTwo": 32,
      "winPercentage": 77.08
    },
    {
      "playerOne": 3,
      "playerTwo": 33,
      "winPercentage": 93.096
    },
    {
      "playerOne": 3,
      "playerTwo": 34,
      "winPercentage": 91.957
    },
    {
      "playerOne": 3,
      "playerTwo": 35,
      "winPercentage": 65.621
    },
    {
      "playerOne": 3,
      "playerTwo": 36,
      "winPercentage": 77.779
    },
    {
      "playerOne": 3,
      "playerTwo": 37,
      "winPercentage": 23.912
    },
    {
      "playerOne": 3,
      "playerTwo": 38,
      "winPercentage": 24.732
    },
    {
      "playerOne": 3,
      "playerTwo": 39,
      "winPercentage": 57.057
    },
    {
      "playerOne": 4,
      "playerTwo": 5,
      "winPercentage": 1.283
    },
    {
      "playerOne": 4,
      "playerTwo": 6,
      "winPercentage": 32.51
    },
    {
      "playerOne": 4,
      "playerTwo": 7,
      "winPercentage": 40.592
    },
    {
      "playerOne": 4,
      "playerTwo": 8,
      "winPercentage": 64.1
    },
    {
      "playerOne": 4,
      "playerTwo": 9,
      "winPercentage": 64.74
    },
    {
      "playerOne": 4,
      "playerTwo": 10,
      "winPercentage": 53.852
    },
    {
      "playerOne": 4,
      "playerTwo": 11,
      "winPercentage": 80.932
    },
    {
      "playerOne": 4,
      "playerTwo": 12,
      "winPercentage": 77.795
    },
    {
      "playerOne": 4,
      "playerTwo": 13,
      "winPercentage": 90.895
    },
    {
      "playerOne": 4,
      "playerTwo": 14,
      "winPercentage": 50.13
    },
    {
      "playerOne": 4,
      "playerTwo": 15,
      "winPercentage": 17.869
    },
    {
      "playerOne": 4,
      "playerTwo": 16,
      "winPercentage": 9.711
    },
    {
      "playerOne": 4,
      "playerTwo": 17,
      "winPercentage": 65.873
    },
    {
      "playerOne": 4,
      "playerTwo": 18,
      "winPercentage": 39.051
    },
    {
      "playerOne": 4,
      "playerTwo": 19,
      "winPercentage": 63.619
    },
    {
      "playerOne": 4,
      "playerTwo": 20,
      "winPercentage": 80.23
    },
    {
      "playerOne": 4,
      "playerTwo": 21,
      "winPercentage": 9.688
    },
    {
      "playerOne": 4,
      "playerTwo": 22,
      "winPercentage": 49.483
    },
    {
      "playerOne": 4,
      "playerTwo": 23,
      "winPercentage": 49.398
    },
    {
      "playerOne": 4,
      "playerTwo": 24,
      "winPercentage": 53.709
    },
    {
      "playerOne": 4,
      "playerTwo": 25,
      "winPercentage": 4.33
    },
    {
      "playerOne": 4,
      "playerTwo": 26,
      "winPercentage": 46.141
    },
    {
      "playerOne": 4,
      "playerTwo": 27,
      "winPercentage": 9.03
    },
    {
      "playerOne": 4,
      "playerTwo": 28,
      "winPercentage": 49.739
    },
    {
      "playerOne": 4,
      "playerTwo": 29,
      "winPercentage": 75.615
    },
    {
      "playerOne": 4,
      "playerTwo": 30,
      "winPercentage": 25.043
    },
    {
      "playerOne": 4,
      "playerTwo": 31,
      "winPercentage": 9.168
    },
    {
      "playerOne": 4,
      "playerTwo": 32,
      "winPercentage": 38.121
    },
    {
      "playerOne": 4,
      "playerTwo": 33,
      "winPercentage": 9.641
    },
    {
      "playerOne": 4,
      "playerTwo": 34,
      "winPercentage": 18.766
    },
    {
      "playerOne": 4,
      "playerTwo": 35,
      "winPercentage": 62.794
    },
    {
      "playerOne": 4,
      "playerTwo": 36,
      "winPercentage": 13.483
    },
    {
      "playerOne": 4,
      "playerTwo": 37,
      "winPercentage": 52.122
    },
    {
      "playerOne": 4,
      "playerTwo": 38,
      "winPercentage": 20.408
    },
    {
      "playerOne": 4,
      "playerTwo": 39,
      "winPercentage": 45.716
    },
    {
      "playerOne": 5,
      "playerTwo": 6,
      "winPercentage": 91.065
    },
    {
      "playerOne": 5,
      "playerTwo": 7,
      "winPercentage": 22.357
    },
    {
      "playerOne": 5,
      "playerTwo": 8,
      "winPercentage": 80.148
    },
    {
      "playerOne": 5,
      "playerTwo": 9,
      "winPercentage": 27.424
    },
    {
      "playerOne": 5,
      "playerTwo": 10,
      "winPercentage": 61.174
    },
    {
      "playerOne": 5,
      "playerTwo": 11,
      "winPercentage": 63.865
    },
    {
      "playerOne": 5,
      "playerTwo": 12,
      "winPercentage": 39.316
    },
    {
      "playerOne": 5,
      "playerTwo": 13,
      "winPercentage": 75.333
    },
    {
      "playerOne": 5,
      "playerTwo": 14,
      "winPercentage": 33.876
    },
    {
      "playerOne": 5,
      "playerTwo": 15,
      "winPercentage": 22.43
    },
    {
      "playerOne": 5,
      "playerTwo": 16,
      "winPercentage": 61.091
    },
    {
      "playerOne": 5,
      "playerTwo": 17,
      "winPercentage": 84.537
    },
    {
      "playerOne": 5,
      "playerTwo": 18,
      "winPercentage": 42.179
    },
    {
      "playerOne": 5,
      "playerTwo": 19,
      "winPercentage": 46.989
    },
    {
      "playerOne": 5,
      "playerTwo": 20,
      "winPercentage": 32.64
    },
    {
      "playerOne": 5,
      "playerTwo": 21,
      "winPercentage": 74.126
    },
    {
      "playerOne": 5,
      "playerTwo": 22,
      "winPercentage": 38.964
    },
    {
      "playerOne": 5,
      "playerTwo": 23,
      "winPercentage": 97.354
    },
    {
      "playerOne": 5,
      "playerTwo": 24,
      "winPercentage": 91.216
    },
    {
      "playerOne": 5,
      "playerTwo": 25,
      "winPercentage": 16.996
    },
    {
      "playerOne": 5,
      "playerTwo": 26,
      "winPercentage": 6.575
    },
    {
      "playerOne": 5,
      "playerTwo": 27,
      "winPercentage": 88.117
    },
    {
      "playerOne": 5,
      "playerTwo": 28,
      "winPercentage": 14.986
    },
    {
      "playerOne": 5,
      "playerTwo": 29,
      "winPercentage": 13.719
    },
    {
      "playerOne": 5,
      "playerTwo": 30,
      "winPercentage": 61.79
    },
    {
      "playerOne": 5,
      "playerTwo": 31,
      "winPercentage": 97.09
    },
    {
      "playerOne": 5,
      "playerTwo": 32,
      "winPercentage": 90.648
    },
    {
      "playerOne": 5,
      "playerTwo": 33,
      "winPercentage": 95.392
    },
    {
      "playerOne": 5,
      "playerTwo": 34,
      "winPercentage": 93.721
    },
    {
      "playerOne": 5,
      "playerTwo": 35,
      "winPercentage": 92.991
    },
    {
      "playerOne": 5,
      "playerTwo": 36,
      "winPercentage": 54.519
    },
    {
      "playerOne": 5,
      "playerTwo": 37,
      "winPercentage": 31.091
    },
    {
      "playerOne": 5,
      "playerTwo": 38,
      "winPercentage": 60.231
    },
    {
      "playerOne": 5,
      "playerTwo": 39,
      "winPercentage": 60.292
    },
    {
      "playerOne": 6,
      "playerTwo": 7,
      "winPercentage": 87.976
    },
    {
      "playerOne": 6,
      "playerTwo": 8,
      "winPercentage": 38.663
    },
    {
      "playerOne": 6,
      "playerTwo": 9,
      "winPercentage": 63.888
    },
    {
      "playerOne": 6,
      "playerTwo": 10,
      "winPercentage": 37.649
    },
    {
      "playerOne": 6,
      "playerTwo": 11,
      "winPercentage": 4.579
    },
    {
      "playerOne": 6,
      "playerTwo": 12,
      "winPercentage": 83.613
    },
    {
      "playerOne": 6,
      "playerTwo": 13,
      "winPercentage": 13.949
    },
    {
      "playerOne": 6,
      "playerTwo": 14,
      "winPercentage": 57.305
    },
    {
      "playerOne": 6,
      "playerTwo": 15,
      "winPercentage": 6.035
    },
    {
      "playerOne": 6,
      "playerTwo": 16,
      "winPercentage": 39.298
    },
    {
      "playerOne": 6,
      "playerTwo": 17,
      "winPercentage": 85.171
    },
    {
      "playerOne": 6,
      "playerTwo": 18,
      "winPercentage": 79.769
    },
    {
      "playerOne": 6,
      "playerTwo": 19,
      "winPercentage": 84.016
    },
    {
      "playerOne": 6,
      "playerTwo": 20,
      "winPercentage": 87.527
    },
    {
      "playerOne": 6,
      "playerTwo": 21,
      "winPercentage": 16.123
    },
    {
      "playerOne": 6,
      "playerTwo": 22,
      "winPercentage": 14.801
    },
    {
      "playerOne": 6,
      "playerTwo": 23,
      "winPercentage": 70.893
    },
    {
      "playerOne": 6,
      "playerTwo": 24,
      "winPercentage": 23.953
    },
    {
      "playerOne": 6,
      "playerTwo": 25,
      "winPercentage": 50.909
    },
    {
      "playerOne": 6,
      "playerTwo": 26,
      "winPercentage": 26.803
    },
    {
      "playerOne": 6,
      "playerTwo": 27,
      "winPercentage": 50.667
    },
    {
      "playerOne": 6,
      "playerTwo": 28,
      "winPercentage": 66.977
    },
    {
      "playerOne": 6,
      "playerTwo": 29,
      "winPercentage": 20.302
    },
    {
      "playerOne": 6,
      "playerTwo": 30,
      "winPercentage": 28.402
    },
    {
      "playerOne": 6,
      "playerTwo": 31,
      "winPercentage": 56.799
    },
    {
      "playerOne": 6,
      "playerTwo": 32,
      "winPercentage": 23.759
    },
    {
      "playerOne": 6,
      "playerTwo": 33,
      "winPercentage": 72.716
    },
    {
      "playerOne": 6,
      "playerTwo": 34,
      "winPercentage": 47.064
    },
    {
      "playerOne": 6,
      "playerTwo": 35,
      "winPercentage": 73.651
    },
    {
      "playerOne": 6,
      "playerTwo": 36,
      "winPercentage": 45.416
    },
    {
      "playerOne": 6,
      "playerTwo": 37,
      "winPercentage": 62.563
    },
    {
      "playerOne": 6,
      "playerTwo": 38,
      "winPercentage": 65.017
    },
    {
      "playerOne": 6,
      "playerTwo": 39,
      "winPercentage": 53.551
    },
    {
      "playerOne": 7,
      "playerTwo": 8,
      "winPercentage": 45.88
    },
    {
      "playerOne": 7,
      "playerTwo": 9,
      "winPercentage": 5.103
    },
    {
      "playerOne": 7,
      "playerTwo": 10,
      "winPercentage": 90.235
    },
    {
      "playerOne": 7,
      "playerTwo": 11,
      "winPercentage": 5.075
    },
    {
      "playerOne": 7,
      "playerTwo": 12,
      "winPercentage": 28.771
    },
    {
      "playerOne": 7,
      "playerTwo": 13,
      "winPercentage": 55.819
    },
    {
      "playerOne": 7,
      "playerTwo": 14,
      "winPercentage": 61.365
    },
    {
      "playerOne": 7,
      "playerTwo": 15,
      "winPercentage": 3.282
    },
    {
      "playerOne": 7,
      "playerTwo": 16,
      "winPercentage": 31.244
    },
    {
      "playerOne": 7,
      "playerTwo": 17,
      "winPercentage": 34.46
    },
    {
      "playerOne": 7,
      "playerTwo": 18,
      "winPercentage": 44.35
    },
    {
      "playerOne": 7,
      "playerTwo": 19,
      "winPercentage": 15.754
    },
    {
      "playerOne": 7,
      "playerTwo": 20,
      "winPercentage": 54.594
    },
    {
      "playerOne": 7,
      "playerTwo": 21,
      "winPercentage": 72.789
    },
    {
      "playerOne": 7,
      "playerTwo": 22,
      "winPercentage": 60.564
    },
    {
      "playerOne": 7,
      "playerTwo": 23,
      "winPercentage": 81.473
    },
    {
      "playerOne": 7,
      "playerTwo": 24,
      "winPercentage": 57.722
    },
    {
      "playerOne": 7,
      "playerTwo": 25,
      "winPercentage": 43.778
    },
    {
      "playerOne": 7,
      "playerTwo": 26,
      "winPercentage": 84.988
    },
    {
      "playerOne": 7,
      "playerTwo": 27,
      "winPercentage": 9841.9
    },
    {
      "playerOne": 7,
      "playerTwo": 28,
      "winPercentage": 91.432
    },
    {
      "playerOne": 7,
      "playerTwo": 29,
      "winPercentage": 65.659
    },
    {
      "playerOne": 7,
      "playerTwo": 30,
      "winPercentage": 90.874
    },
    {
      "playerOne": 7,
      "playerTwo": 31,
      "winPercentage": 0.422
    },
    {
      "playerOne": 7,
      "playerTwo": 32,
      "winPercentage": 10.373
    },
    {
      "playerOne": 7,
      "playerTwo": 33,
      "winPercentage": 87.379
    },
    {
      "playerOne": 7,
      "playerTwo": 34,
      "winPercentage": 21.354
    },
    {
      "playerOne": 7,
      "playerTwo": 35,
      "winPercentage": 86.45
    },
    {
      "playerOne": 7,
      "playerTwo": 36,
      "winPercentage": 39.951
    },
    {
      "playerOne": 7,
      "playerTwo": 37,
      "winPercentage": 28.765
    },
    {
      "playerOne": 7,
      "playerTwo": 38,
      "winPercentage": 70.173
    },
    {
      "playerOne": 7,
      "playerTwo": 39,
      "winPercentage": 6.938
    },
    {
      "playerOne": 8,
      "playerTwo": 9,
      "winPercentage": 68.189
    },
    {
      "playerOne": 8,
      "playerTwo": 10,
      "winPercentage": 95.413
    },
    {
      "playerOne": 8,
      "playerTwo": 11,
      "winPercentage": 59.182
    },
    {
      "playerOne": 8,
      "playerTwo": 12,
      "winPercentage": 93.705
    },
    {
      "playerOne": 8,
      "playerTwo": 13,
      "winPercentage": 24.846
    },
    {
      "playerOne": 8,
      "playerTwo": 14,
      "winPercentage": 98.547
    },
    {
      "playerOne": 8,
      "playerTwo": 15,
      "winPercentage": 76.96
    },
    {
      "playerOne": 8,
      "playerTwo": 16,
      "winPercentage": 68.336
    },
    {
      "playerOne": 8,
      "playerTwo": 17,
      "winPercentage": 65.522
    },
    {
      "playerOne": 8,
      "playerTwo": 18,
      "winPercentage": 29.967
    },
    {
      "playerOne": 8,
      "playerTwo": 19,
      "winPercentage": 54.869
    },
    {
      "playerOne": 8,
      "playerTwo": 20,
      "winPercentage": 22.809
    },
    {
      "playerOne": 8,
      "playerTwo": 21,
      "winPercentage": 67.276
    },
    {
      "playerOne": 8,
      "playerTwo": 22,
      "winPercentage": 99.956
    },
    {
      "playerOne": 8,
      "playerTwo": 23,
      "winPercentage": 14.923
    },
    {
      "playerOne": 8,
      "playerTwo": 24,
      "winPercentage": 49.13
    },
    {
      "playerOne": 8,
      "playerTwo": 25,
      "winPercentage": 46.218
    },
    {
      "playerOne": 8,
      "playerTwo": 26,
      "winPercentage": 2.531
    },
    {
      "playerOne": 8,
      "playerTwo": 27,
      "winPercentage": 63.451
    },
    {
      "playerOne": 8,
      "playerTwo": 28,
      "winPercentage": 15.046
    },
    {
      "playerOne": 8,
      "playerTwo": 29,
      "winPercentage": 76.359
    },
    {
      "playerOne": 8,
      "playerTwo": 30,
      "winPercentage": 93.804
    },
    {
      "playerOne": 8,
      "playerTwo": 31,
      "winPercentage": 53.819
    },
    {
      "playerOne": 8,
      "playerTwo": 32,
      "winPercentage": 98.245
    },
    {
      "playerOne": 8,
      "playerTwo": 33,
      "winPercentage": 34.222
    },
    {
      "playerOne": 8,
      "playerTwo": 34,
      "winPercentage": 90.825
    },
    {
      "playerOne": 8,
      "playerTwo": 35,
      "winPercentage": 95.191
    },
    {
      "playerOne": 8,
      "playerTwo": 36,
      "winPercentage": 18.647
    },
    {
      "playerOne": 8,
      "playerTwo": 37,
      "winPercentage": 24.987
    },
    {
      "playerOne": 8,
      "playerTwo": 38,
      "winPercentage": 78.573
    },
    {
      "playerOne": 8,
      "playerTwo": 39,
      "winPercentage": 52.301
    },
    {
      "playerOne": 9,
      "playerTwo": 10,
      "winPercentage": 59.394
    },
    {
      "playerOne": 9,
      "playerTwo": 11,
      "winPercentage": 45.593
    },
    {
      "playerOne": 9,
      "playerTwo": 12,
      "winPercentage": 54.127
    },
    {
      "playerOne": 9,
      "playerTwo": 13,
      "winPercentage": 25.159
    },
    {
      "playerOne": 9,
      "playerTwo": 14,
      "winPercentage": 24.264
    },
    {
      "playerOne": 9,
      "playerTwo": 15,
      "winPercentage": 83.57
    },
    {
      "playerOne": 9,
      "playerTwo": 16,
      "winPercentage": 29.966
    },
    {
      "playerOne": 9,
      "playerTwo": 17,
      "winPercentage": 73.667
    },
    {
      "playerOne": 9,
      "playerTwo": 18,
      "winPercentage": 63.192
    },
    {
      "playerOne": 9,
      "playerTwo": 19,
      "winPercentage": 67.774
    },
    {
      "playerOne": 9,
      "playerTwo": 20,
      "winPercentage": 83.147
    },
    {
      "playerOne": 9,
      "playerTwo": 21,
      "winPercentage": 49.74
    },
    {
      "playerOne": 9,
      "playerTwo": 22,
      "winPercentage": 22.444
    },
    {
      "playerOne": 9,
      "playerTwo": 23,
      "winPercentage": 95.988
    },
    {
      "playerOne": 9,
      "playerTwo": 24,
      "winPercentage": 36.368
    },
    {
      "playerOne": 9,
      "playerTwo": 25,
      "winPercentage": 40.751
    },
    {
      "playerOne": 9,
      "playerTwo": 26,
      "winPercentage": 12.382
    },
    {
      "playerOne": 9,
      "playerTwo": 27,
      "winPercentage": 15.027
    },
    {
      "playerOne": 9,
      "playerTwo": 28,
      "winPercentage": 64.933
    },
    {
      "playerOne": 9,
      "playerTwo": 29,
      "winPercentage": 87.863
    },
    {
      "playerOne": 9,
      "playerTwo": 30,
      "winPercentage": 64.76
    },
    {
      "playerOne": 9,
      "playerTwo": 31,
      "winPercentage": 7.271
    },
    {
      "playerOne": 9,
      "playerTwo": 32,
      "winPercentage": 30.398
    },
    {
      "playerOne": 9,
      "playerTwo": 33,
      "winPercentage": 91.053
    },
    {
      "playerOne": 9,
      "playerTwo": 34,
      "winPercentage": 59.276
    },
    {
      "playerOne": 9,
      "playerTwo": 35,
      "winPercentage": 66.151
    },
    {
      "playerOne": 9,
      "playerTwo": 36,
      "winPercentage": 83.529
    },
    {
      "playerOne": 9,
      "playerTwo": 37,
      "winPercentage": 81.001
    },
    {
      "playerOne": 9,
      "playerTwo": 38,
      "winPercentage": 42.464
    },
    {
      "playerOne": 9,
      "playerTwo": 39,
      "winPercentage": 61.531
    },
    {
      "playerOne": 10,
      "playerTwo": 11,
      "winPercentage": 63.84
    },
    {
      "playerOne": 10,
      "playerTwo": 12,
      "winPercentage": 35.229
    },
    {
      "playerOne": 10,
      "playerTwo": 13,
      "winPercentage": 16.362
    },
    {
      "playerOne": 10,
      "playerTwo": 14,
      "winPercentage": 44.488
    },
    {
      "playerOne": 10,
      "playerTwo": 15,
      "winPercentage": 13.422
    },
    {
      "playerOne": 10,
      "playerTwo": 16,
      "winPercentage": 57.004
    },
    {
      "playerOne": 10,
      "playerTwo": 17,
      "winPercentage": 80.355
    },
    {
      "playerOne": 10,
      "playerTwo": 18,
      "winPercentage": 81.409
    },
    {
      "playerOne": 10,
      "playerTwo": 19,
      "winPercentage": 59.186
    },
    {
      "playerOne": 10,
      "playerTwo": 20,
      "winPercentage": 8.403
    },
    {
      "playerOne": 10,
      "playerTwo": 21,
      "winPercentage": 67.441
    },
    {
      "playerOne": 10,
      "playerTwo": 22,
      "winPercentage": 94.242
    },
    {
      "playerOne": 10,
      "playerTwo": 23,
      "winPercentage": 6.534
    },
    {
      "playerOne": 10,
      "playerTwo": 24,
      "winPercentage": 18.67
    },
    {
      "playerOne": 10,
      "playerTwo": 25,
      "winPercentage": 90.0
    },
    {
      "playerOne": 10,
      "playerTwo": 26,
      "winPercentage": 8.225
    },
    {
      "playerOne": 10,
      "playerTwo": 27,
      "winPercentage": 89.368
    },
    {
      "playerOne": 10,
      "playerTwo": 28,
      "winPercentage": 51.725
    },
    {
      "playerOne": 10,
      "playerTwo": 29,
      "winPercentage": 13.188
    },
    {
      "playerOne": 10,
      "playerTwo": 30,
      "winPercentage": 75.355
    },
    {
      "playerOne": 10,
      "playerTwo": 31,
      "winPercentage": 64.905
    },
    {
      "playerOne": 10,
      "playerTwo": 32,
      "winPercentage": 60.202
    },
    {
      "playerOne": 10,
      "playerTwo": 33,
      "winPercentage": 39.996
    },
    {
      "playerOne": 10,
      "playerTwo": 34,
      "winPercentage": 47.056
    },
    {
      "playerOne": 10,
      "playerTwo": 35,
      "winPercentage": 44.377
    },
    {
      "playerOne": 10,
      "playerTwo": 36,
      "winPercentage": 89.048
    },
    {
      "playerOne": 10,
      "playerTwo": 37,
      "winPercentage": 50.862
    },
    {
      "playerOne": 10,
      "playerTwo": 38,
      "winPercentage": 99.215
    },
    {
      "playerOne": 10,
      "playerTwo": 39,
      "winPercentage": 6.128
    },
    {
      "playerOne": 11,
      "playerTwo": 12,
      "winPercentage": 58.89
    },
    {
      "playerOne": 11,
      "playerTwo": 13,
      "winPercentage": 19.7
    },
    {
      "playerOne": 11,
      "playerTwo": 14,
      "winPercentage": 26.649
    },
    {
      "playerOne": 11,
      "playerTwo": 15,
      "winPercentage": 15.314
    },
    {
      "playerOne": 11,
      "playerTwo": 16,
      "winPercentage": 53.802
    },
    {
      "playerOne": 11,
      "playerTwo": 17,
      "winPercentage": 41.875
    },
    {
      "playerOne": 11,
      "playerTwo": 18,
      "winPercentage": 53.226
    },
    {
      "playerOne": 11,
      "playerTwo": 19,
      "winPercentage": 93.128
    },
    {
      "playerOne": 11,
      "playerTwo": 20,
      "winPercentage": 12.742
    },
    {
      "playerOne": 11,
      "playerTwo": 21,
      "winPercentage": 85.606
    },
    {
      "playerOne": 11,
      "playerTwo": 22,
      "winPercentage": 64.951
    },
    {
      "playerOne": 11,
      "playerTwo": 23,
      "winPercentage": 74.06
    },
    {
      "playerOne": 11,
      "playerTwo": 24,
      "winPercentage": 78.541
    },
    {
      "playerOne": 11,
      "playerTwo": 25,
      "winPercentage": 34.771
    },
    {
      "playerOne": 11,
      "playerTwo": 26,
      "winPercentage": 26.895
    },
    {
      "playerOne": 11,
      "playerTwo": 27,
      "winPercentage": 9.365
    },
    {
      "playerOne": 11,
      "playerTwo": 28,
      "winPercentage": 43.08
    },
    {
      "playerOne": 11,
      "playerTwo": 29,
      "winPercentage": 42.828
    },
    {
      "playerOne": 11,
      "playerTwo": 30,
      "winPercentage": 88.276
    },
    {
      "playerOne": 11,
      "playerTwo": 31,
      "winPercentage": 94.915
    },
    {
      "playerOne": 11,
      "playerTwo": 32,
      "winPercentage": 45.099
    },
    {
      "playerOne": 11,
      "playerTwo": 33,
      "winPercentage": 62.086
    },
    {
      "playerOne": 11,
      "playerTwo": 34,
      "winPercentage": 99.761
    },
    {
      "playerOne": 11,
      "playerTwo": 35,
      "winPercentage": 82.035
    },
    {
      "playerOne": 11,
      "playerTwo": 36,
      "winPercentage": 6.336
    },
    {
      "playerOne": 11,
      "playerTwo": 37,
      "winPercentage": 10.245
    },
    {
      "playerOne": 11,
      "playerTwo": 38,
      "winPercentage": 60.265
    },
    {
      "playerOne": 11,
      "playerTwo": 39,
      "winPercentage": 97.693
    },
    {
      "playerOne": 12,
      "playerTwo": 13,
      "winPercentage": 32.058
    },
    {
      "playerOne": 12,
      "playerTwo": 14,
      "winPercentage": 50.811
    },
    {
      "playerOne": 12,
      "playerTwo": 15,
      "winPercentage": 3.269
    },
    {
      "playerOne": 12,
      "playerTwo": 16,
      "winPercentage": 15.987
    },
    {
      "playerOne": 12,
      "playerTwo": 17,
      "winPercentage": 8.092
    },
    {
      "playerOne": 12,
      "playerTwo": 18,
      "winPercentage": 72.977
    },
    {
      "playerOne": 12,
      "playerTwo": 19,
      "winPercentage": 4.63
    },
    {
      "playerOne": 12,
      "playerTwo": 20,
      "winPercentage": 88.63
    },
    {
      "playerOne": 12,
      "playerTwo": 21,
      "winPercentage": 28.813
    },
    {
      "playerOne": 12,
      "playerTwo": 22,
      "winPercentage": 58.899
    },
    {
      "playerOne": 12,
      "playerTwo": 23,
      "winPercentage": 7.36
    },
    {
      "playerOne": 12,
      "playerTwo": 24,
      "winPercentage": 99.021
    },
    {
      "playerOne": 12,
      "playerTwo": 25,
      "winPercentage": 18.177
    },
    {
      "playerOne": 12,
      "playerTwo": 26,
      "winPercentage": 34.981
    },
    {
      "playerOne": 12,
      "playerTwo": 27,
      "winPercentage": 11.681
    },
    {
      "playerOne": 12,
      "playerTwo": 28,
      "winPercentage": 71.921
    },
    {
      "playerOne": 12,
      "playerTwo": 29,
      "winPercentage": 14.93
    },
    {
      "playerOne": 12,
      "playerTwo": 30,
      "winPercentage": 8.573
    },
    {
      "playerOne": 12,
      "playerTwo": 31,
      "winPercentage": 81.256
    },
    {
      "playerOne": 12,
      "playerTwo": 32,
      "winPercentage": 52.657
    },
    {
      "playerOne": 12,
      "playerTwo": 33,
      "winPercentage": 94.238
    },
    {
      "playerOne": 12,
      "playerTwo": 34,
      "winPercentage": 33.23
    },
    {
      "playerOne": 12,
      "playerTwo": 35,
      "winPercentage": 70.835
    },
    {
      "playerOne": 12,
      "playerTwo": 36,
      "winPercentage": 10.699
    },
    {
      "playerOne": 12,
      "playerTwo": 37,
      "winPercentage": 84.544
    },
    {
      "playerOne": 12,
      "playerTwo": 38,
      "winPercentage": 31.845
    },
    {
      "playerOne": 12,
      "playerTwo": 39,
      "winPercentage": 49.194
    },
    {
      "playerOne": 13,
      "playerTwo": 14,
      "winPercentage": 36.681
    },
    {
      "playerOne": 13,
      "playerTwo": 15,
      "winPercentage": 8.199
    },
    {
      "playerOne": 13,
      "playerTwo": 16,
      "winPercentage": 68.195
    },
    {
      "playerOne": 13,
      "playerTwo": 17,
      "winPercentage": 12.777
    },
    {
      "playerOne": 13,
      "playerTwo": 18,
      "winPercentage": 19.458
    },
    {
      "playerOne": 13,
      "playerTwo": 19,
      "winPercentage": 54.368
    },
    {
      "playerOne": 13,
      "playerTwo": 20,
      "winPercentage": 89.01
    },
    {
      "playerOne": 13,
      "playerTwo": 21,
      "winPercentage": 69.389
    },
    {
      "playerOne": 13,
      "playerTwo": 22,
      "winPercentage": 27.35
    },
    {
      "playerOne": 13,
      "playerTwo": 23,
      "winPercentage": 97.409
    },
    {
      "playerOne": 13,
      "playerTwo": 24,
      "winPercentage": 69.393
    },
    {
      "playerOne": 13,
      "playerTwo": 25,
      "winPercentage": 27.448
    },
    {
      "playerOne": 13,
      "playerTwo": 26,
      "winPercentage": 26.736
    },
    {
      "playerOne": 13,
      "playerTwo": 27,
      "winPercentage": 86.116
    },
    {
      "playerOne": 13,
      "playerTwo": 28,
      "winPercentage": 95.186
    },
    {
      "playerOne": 13,
      "playerTwo": 29,
      "winPercentage": 40.561
    },
    {
      "playerOne": 13,
      "playerTwo": 30,
      "winPercentage": 9.877
    },
    {
      "playerOne": 13,
      "playerTwo": 31,
      "winPercentage": 22.638
    },
    {
      "playerOne": 13,
      "playerTwo": 32,
      "winPercentage": 77.759
    },
    {
      "playerOne": 13,
      "playerTwo": 33,
      "winPercentage": 24.856
    },
    {
      "playerOne": 13,
      "playerTwo": 34,
      "winPercentage": 96.211
    },
    {
      "playerOne": 13,
      "playerTwo": 35,
      "winPercentage": 38.803
    },
    {
      "playerOne": 13,
      "playerTwo": 36,
      "winPercentage": 97.697
    },
    {
      "playerOne": 13,
      "playerTwo": 37,
      "winPercentage": 48.388
    },
    {
      "playerOne": 13,
      "playerTwo": 38,
      "winPercentage": 82.228
    },
    {
      "playerOne": 13,
      "playerTwo": 39,
      "winPercentage": 86.142
    },
    {
      "playerOne": 14,
      "playerTwo": 15,
      "winPercentage": 71.463
    },
    {
      "playerOne": 14,
      "playerTwo": 16,
      "winPercentage": 84.333
    },
    {
      "playerOne": 14,
      "playerTwo": 17,
      "winPercentage": 4.69
    },
    {
      "playerOne": 14,
      "playerTwo": 18,
      "winPercentage": 43.232
    },
    {
      "playerOne": 14,
      "playerTwo": 19,
      "winPercentage": 88.796
    },
    {
      "playerOne": 14,
      "playerTwo": 20,
      "winPercentage": 76.451
    },
    {
      "playerOne": 14,
      "playerTwo": 21,
      "winPercentage": 72.799
    },
    {
      "playerOne": 14,
      "playerTwo": 22,
      "winPercentage": 86.148
    },
    {
      "playerOne": 14,
      "playerTwo": 23,
      "winPercentage": 46.867
    },
    {
      "playerOne": 14,
      "playerTwo": 24,
      "winPercentage": 23.707
    },
    {
      "playerOne": 14,
      "playerTwo": 25,
      "winPercentage": 13.902
    },
    {
      "playerOne": 14,
      "playerTwo": 26,
      "winPercentage": 64.377
    },
    {
      "playerOne": 14,
      "playerTwo": 27,
      "winPercentage": 13.734
    },
    {
      "playerOne": 14,
      "playerTwo": 28,
      "winPercentage": 55.406
    },
    {
      "playerOne": 14,
      "playerTwo": 29,
      "winPercentage": 22.081
    },
    {
      "playerOne": 14,
      "playerTwo": 30,
      "winPercentage": 77.734
    },
    {
      "playerOne": 14,
      "playerTwo": 31,
      "winPercentage": 25.684
    },
    {
      "playerOne": 14,
      "playerTwo": 32,
      "winPercentage": 22.033
    },
    {
      "playerOne": 14,
      "playerTwo": 33,
      "winPercentage": 27.624
    },
    {
      "playerOne": 14,
      "playerTwo": 34,
      "winPercentage": 35.256
    },
    {
      "playerOne": 14,
      "playerTwo": 35,
      "winPercentage": 62.618
    },
    {
      "playerOne": 14,
      "playerTwo": 36,
      "winPercentage": 83.675
    },
    {
      "playerOne": 14,
      "playerTwo": 37,
      "winPercentage": 53.977
    },
    {
      "playerOne": 14,
      "playerTwo": 38,
      "winPercentage": 75.807
    },
    {
      "playerOne": 14,
      "playerTwo": 39,
      "winPercentage": 57.927
    },
    {
      "playerOne": 15,
      "playerTwo": 16,
      "winPercentage": 94.614
    },
    {
      "playerOne": 15,
      "playerTwo": 17,
      "winPercentage": 80.644
    },
    {
      "playerOne": 15,
      "playerTwo": 18,
      "winPercentage": 86.409
    },
    {
      "playerOne": 15,
      "playerTwo": 19,
      "winPercentage": 60.789
    },
    {
      "playerOne": 15,
      "playerTwo": 20,
      "winPercentage": 77.097
    },
    {
      "playerOne": 15,
      "playerTwo": 21,
      "winPercentage": 40.948
    },
    {
      "playerOne": 15,
      "playerTwo": 22,
      "winPercentage": 59.601
    },
    {
      "playerOne": 15,
      "playerTwo": 23,
      "winPercentage": 60.189
    },
    {
      "playerOne": 15,
      "playerTwo": 24,
      "winPercentage": 71.935
    },
    {
      "playerOne": 15,
      "playerTwo": 25,
      "winPercentage": 4.812
    },
    {
      "playerOne": 15,
      "playerTwo": 26,
      "winPercentage": 63.668
    },
    {
      "playerOne": 15,
      "playerTwo": 27,
      "winPercentage": 36.28
    },
    {
      "playerOne": 15,
      "playerTwo": 28,
      "winPercentage": 21.497
    },
    {
      "playerOne": 15,
      "playerTwo": 29,
      "winPercentage": 3.522
    },
    {
      "playerOne": 15,
      "playerTwo": 30,
      "winPercentage": 59.075
    },
    {
      "playerOne": 15,
      "playerTwo": 31,
      "winPercentage": 91.504
    },
    {
      "playerOne": 15,
      "playerTwo": 32,
      "winPercentage": 29.114
    },
    {
      "playerOne": 15,
      "playerTwo": 33,
      "winPercentage": 9.487
    },
    {
      "playerOne": 15,
      "playerTwo": 34,
      "winPercentage": 48.345
    },
    {
      "playerOne": 15,
      "playerTwo": 35,
      "winPercentage": 67.636
    },
    {
      "playerOne": 15,
      "playerTwo": 36,
      "winPercentage": 79.465
    },
    {
      "playerOne": 15,
      "playerTwo": 37,
      "winPercentage": 85.587
    },
    {
      "playerOne": 15,
      "playerTwo": 38,
      "winPercentage": 69.846
    },
    {
      "playerOne": 15,
      "playerTwo": 39,
      "winPercentage": 64.333
    },
    {
      "playerOne": 16,
      "playerTwo": 17,
      "winPercentage": 15.327
    },
    {
      "playerOne": 16,
      "playerTwo": 18,
      "winPercentage": 93.023
    },
    {
      "playerOne": 16,
      "playerTwo": 19,
      "winPercentage": 5.251
    },
    {
      "playerOne": 16,
      "playerTwo": 20,
      "winPercentage": 43.943
    },
    {
      "playerOne": 16,
      "playerTwo": 21,
      "winPercentage": 62.436
    },
    {
      "playerOne": 16,
      "playerTwo": 22,
      "winPercentage": 25.245
    },
    {
      "playerOne": 16,
      "playerTwo": 23,
      "winPercentage": 27.143
    },
    {
      "playerOne": 16,
      "playerTwo": 24,
      "winPercentage": 81.249
    },
    {
      "playerOne": 16,
      "playerTwo": 25,
      "winPercentage": 95.412
    },
    {
      "playerOne": 16,
      "playerTwo": 26,
      "winPercentage": 20.438
    },
    {
      "playerOne": 16,
      "playerTwo": 27,
      "winPercentage": 24.187
    },
    {
      "playerOne": 16,
      "playerTwo": 28,
      "winPercentage": 68.446
    },
    {
      "playerOne": 16,
      "playerTwo": 29,
      "winPercentage": 3.147
    },
    {
      "playerOne": 16,
      "playerTwo": 30,
      "winPercentage": 32.636
    },
    {
      "playerOne": 16,
      "playerTwo": 31,
      "winPercentage": 89.469
    },
    {
      "playerOne": 16,
      "playerTwo": 32,
      "winPercentage": 92.477
    },
    {
      "playerOne": 16,
      "playerTwo": 33,
      "winPercentage": 59.53
    },
    {
      "playerOne": 16,
      "playerTwo": 34,
      "winPercentage": 61.179
    },
    {
      "playerOne": 16,
      "playerTwo": 35,
      "winPercentage": 13.869
    },
    {
      "playerOne": 16,
      "playerTwo": 36,
      "winPercentage": 14.776
    },
    {
      "playerOne": 16,
      "playerTwo": 37,
      "winPercentage": 58.953
    },
    {
      "playerOne": 16,
      "playerTwo": 38,
      "winPercentage": 23.417
    },
    {
      "playerOne": 16,
      "playerTwo": 39,
      "winPercentage": 24.797
    },
    {
      "playerOne": 17,
      "playerTwo": 18,
      "winPercentage": 37.148
    },
    {
      "playerOne": 17,
      "playerTwo": 19,
      "winPercentage": 34.096
    },
    {
      "playerOne": 17,
      "playerTwo": 20,
      "winPercentage": 18.295
    },
    {
      "playerOne": 17,
      "playerTwo": 21,
      "winPercentage": 2.185
    },
    {
      "playerOne": 17,
      "playerTwo": 22,
      "winPercentage": 85.66
    },
    {
      "playerOne": 17,
      "playerTwo": 23,
      "winPercentage": 89.185
    },
    {
      "playerOne": 17,
      "playerTwo": 24,
      "winPercentage": 51.94
    },
    {
      "playerOne": 17,
      "playerTwo": 25,
      "winPercentage": 31.42
    },
    {
      "playerOne": 17,
      "playerTwo": 26,
      "winPercentage": 27.021
    },
    {
      "playerOne": 17,
      "playerTwo": 27,
      "winPercentage": 36.304
    },
    {
      "playerOne": 17,
      "playerTwo": 28,
      "winPercentage": 30.128
    },
    {
      "playerOne": 17,
      "playerTwo": 29,
      "winPercentage": 31.774
    },
    {
      "playerOne": 17,
      "playerTwo": 30,
      "winPercentage": 85.24
    },
    {
      "playerOne": 17,
      "playerTwo": 31,
      "winPercentage": 63.316
    },
    {
      "playerOne": 17,
      "playerTwo": 32,
      "winPercentage": 59.902
    },
    {
      "playerOne": 17,
      "playerTwo": 33,
      "winPercentage": 63.602
    },
    {
      "playerOne": 17,
      "playerTwo": 34,
      "winPercentage": 82.814
    },
    {
      "playerOne": 17,
      "playerTwo": 35,
      "winPercentage": 94.76
    },
    {
      "playerOne": 17,
      "playerTwo": 36,
      "winPercentage": 67.329
    },
    {
      "playerOne": 17,
      "playerTwo": 37,
      "winPercentage": 26.233
    },
    {
      "playerOne": 17,
      "playerTwo": 38,
      "winPercentage": 17.696
    },
    {
      "playerOne": 17,
      "playerTwo": 39,
      "winPercentage": 37.077
    },
    {
      "playerOne": 18,
      "playerTwo": 19,
      "winPercentage": 61.642
    },
    {
      "playerOne": 18,
      "playerTwo": 20,
      "winPercentage": 13.848
    },
    {
      "playerOne": 18,
      "playerTwo": 21,
      "winPercentage": 79.016
    },
    {
      "playerOne": 18,
      "playerTwo": 22,
      "winPercentage": 99.401
    },
    {
      "playerOne": 18,
      "playerTwo": 23,
      "winPercentage": 5.737
    },
    {
      "playerOne": 18,
      "playerTwo": 24,
      "winPercentage": 58.545
    },
    {
      "playerOne": 18,
      "playerTwo": 25,
      "winPercentage": 81.483
    },
    {
      "playerOne": 18,
      "playerTwo": 26,
      "winPercentage": 10.933
    },
    {
      "playerOne": 18,
      "playerTwo": 27,
      "winPercentage": 57.823
    },
    {
      "playerOne": 18,
      "playerTwo": 28,
      "winPercentage": 86.357
    },
    {
      "playerOne": 18,
      "playerTwo": 29,
      "winPercentage": 32.713
    },
    {
      "playerOne": 18,
      "playerTwo": 30,
      "winPercentage": 94.978
    },
    {
      "playerOne": 18,
      "playerTwo": 31,
      "winPercentage": 32.587
    },
    {
      "playerOne": 18,
      "playerTwo": 32,
      "winPercentage": 32.046
    },
    {
      "playerOne": 18,
      "playerTwo": 33,
      "winPercentage": 5063.2
    },
    {
      "playerOne": 18,
      "playerTwo": 34,
      "winPercentage": 95.996
    },
    {
      "playerOne": 18,
      "playerTwo": 35,
      "winPercentage": 59.238
    },
    {
      "playerOne": 18,
      "playerTwo": 36,
      "winPercentage": 30.644
    },
    {
      "playerOne": 18,
      "playerTwo": 37,
      "winPercentage": 58.519
    },
    {
      "playerOne": 18,
      "playerTwo": 38,
      "winPercentage": 46.252
    },
    {
      "playerOne": 18,
      "playerTwo": 39,
      "winPercentage": 70.47
    },
    {
      "playerOne": 19,
      "playerTwo": 20,
      "winPercentage": 27.036
    },
    {
      "playerOne": 19,
      "playerTwo": 21,
      "winPercentage": 64.131
    },
    {
      "playerOne": 19,
      "playerTwo": 22,
      "winPercentage": 6.946
    },
    {
      "playerOne": 19,
      "playerTwo": 23,
      "winPercentage": 97.954
    },
    {
      "playerOne": 19,
      "playerTwo": 24,
      "winPercentage": 25.929
    },
    {
      "playerOne": 19,
      "playerTwo": 25,
      "winPercentage": 29.237
    },
    {
      "playerOne": 19,
      "playerTwo": 26,
      "winPercentage": 73.1
    },
    {
      "playerOne": 19,
      "playerTwo": 27,
      "winPercentage": 59.461
    },
    {
      "playerOne": 19,
      "playerTwo": 28,
      "winPercentage": 17.302
    },
    {
      "playerOne": 19,
      "playerTwo": 29,
      "winPercentage": 47.314
    },
    {
      "playerOne": 19,
      "playerTwo": 30,
      "winPercentage": 96.594
    },
    {
      "playerOne": 19,
      "playerTwo": 31,
      "winPercentage": 84.453
    },
    {
      "playerOne": 19,
      "playerTwo": 32,
      "winPercentage": 49.372
    },
    {
      "playerOne": 19,
      "playerTwo": 33,
      "winPercentage": 52.5
    },
    {
      "playerOne": 19,
      "playerTwo": 34,
      "winPercentage": 71.575
    },
    {
      "playerOne": 19,
      "playerTwo": 35,
      "winPercentage": 73.997
    },
    {
      "playerOne": 19,
      "playerTwo": 36,
      "winPercentage": 44.648
    },
    {
      "playerOne": 19,
      "playerTwo": 37,
      "winPercentage": 53.639
    },
    {
      "playerOne": 19,
      "playerTwo": 38,
      "winPercentage": 96.134
    },
    {
      "playerOne": 19,
      "playerTwo": 39,
      "winPercentage": 69.014
    },
    {
      "playerOne": 20,
      "playerTwo": 21,
      "winPercentage": 61.576
    },
    {
      "playerOne": 20,
      "playerTwo": 22,
      "winPercentage": 43.37
    },
    {
      "playerOne": 20,
      "playerTwo": 23,
      "winPercentage": 60.495
    },
    {
      "playerOne": 20,
      "playerTwo": 24,
      "winPercentage": 67.436
    },
    {
      "playerOne": 20,
      "playerTwo": 25,
      "winPercentage": 15.38
    },
    {
      "playerOne": 20,
      "playerTwo": 26,
      "winPercentage": 94.808
    },
    {
      "playerOne": 20,
      "playerTwo": 27,
      "winPercentage": 72.844
    },
    {
      "playerOne": 20,
      "playerTwo": 28,
      "winPercentage": 54.564
    },
    {
      "playerOne": 20,
      "playerTwo": 29,
      "winPercentage": 37.217
    },
    {
      "playerOne": 20,
      "playerTwo": 30,
      "winPercentage": 80.307
    },
    {
      "playerOne": 20,
      "playerTwo": 31,
      "winPercentage": 27.422
    },
    {
      "playerOne": 20,
      "playerTwo": 32,
      "winPercentage": 44.468
    },
    {
      "playerOne": 20,
      "playerTwo": 33,
      "winPercentage": 20.62
    },
    {
      "playerOne": 20,
      "playerTwo": 34,
      "winPercentage": 0.243
    },
    {
      "playerOne": 20,
      "playerTwo": 35,
      "winPercentage": 86.344
    },
    {
      "playerOne": 20,
      "playerTwo": 36,
      "winPercentage": 80.492
    },
    {
      "playerOne": 20,
      "playerTwo": 37,
      "winPercentage": 39.155
    },
    {
      "playerOne": 20,
      "playerTwo": 38,
      "winPercentage": 89.541
    },
    {
      "playerOne": 20,
      "playerTwo": 39,
      "winPercentage": 97.686
    },
    {
      "playerOne": 21,
      "playerTwo": 22,
      "winPercentage": 88.581
    },
    {
      "playerOne": 21,
      "playerTwo": 23,
      "winPercentage": 23.874
    },
    {
      "playerOne": 21,
      "playerTwo": 24,
      "winPercentage": 63.675
    },
    {
      "playerOne": 21,
      "playerTwo": 25,
      "winPercentage": 77.695
    },
    {
      "playerOne": 21,
      "playerTwo": 26,
      "winPercentage": 31.302
    },
    {
      "playerOne": 21,
      "playerTwo": 27,
      "winPercentage": 62.702
    },
    {
      "playerOne": 21,
      "playerTwo": 28,
      "winPercentage": 95.913
    },
    {
      "playerOne": 21,
      "playerTwo": 29,
      "winPercentage": 94.287
    },
    {
      "playerOne": 21,
      "playerTwo": 30,
      "winPercentage": 17.692
    },
    {
      "playerOne": 21,
      "playerTwo": 31,
      "winPercentage": 75.261
    },
    {
      "playerOne": 21,
      "playerTwo": 32,
      "winPercentage": 37.045
    },
    {
      "playerOne": 21,
      "playerTwo": 33,
      "winPercentage": 62.368
    },
    {
      "playerOne": 21,
      "playerTwo": 34,
      "winPercentage": 69.268
    },
    {
      "playerOne": 21,
      "playerTwo": 35,
      "winPercentage": 39.173
    },
    {
      "playerOne": 21,
      "playerTwo": 36,
      "winPercentage": 3.616
    },
    {
      "playerOne": 21,
      "playerTwo": 37,
      "winPercentage": 11.33
    },
    {
      "playerOne": 21,
      "playerTwo": 38,
      "winPercentage": 5.331
    },
    {
      "playerOne": 21,
      "playerTwo": 39,
      "winPercentage": 12.932
    },
    {
      "playerOne": 22,
      "playerTwo": 23,
      "winPercentage": 64.658
    },
    {
      "playerOne": 22,
      "playerTwo": 24,
      "winPercentage": 51.302
    },
    {
      "playerOne": 22,
      "playerTwo": 25,
      "winPercentage": 85.632
    },
    {
      "playerOne": 22,
      "playerTwo": 26,
      "winPercentage": 8.037
    },
    {
      "playerOne": 22,
      "playerTwo": 27,
      "winPercentage": 55.55
    },
    {
      "playerOne": 22,
      "playerTwo": 28,
      "winPercentage": 75.192
    },
    {
      "playerOne": 22,
      "playerTwo": 29,
      "winPercentage": 40.289
    },
    {
      "playerOne": 22,
      "playerTwo": 30,
      "winPercentage": 82.898
    },
    {
      "playerOne": 22,
      "playerTwo": 31,
      "winPercentage": 50.574
    },
    {
      "playerOne": 22,
      "playerTwo": 32,
      "winPercentage": 52.167
    },
    {
      "playerOne": 22,
      "playerTwo": 33,
      "winPercentage": 77.631
    },
    {
      "playerOne": 22,
      "playerTwo": 34,
      "winPercentage": 20.817
    },
    {
      "playerOne": 22,
      "playerTwo": 35,
      "winPercentage": 31.726
    },
    {
      "playerOne": 22,
      "playerTwo": 36,
      "winPercentage": 28.528
    },
    {
      "playerOne": 22,
      "playerTwo": 37,
      "winPercentage": 24.433
    },
    {
      "playerOne": 22,
      "playerTwo": 38,
      "winPercentage": 67.516
    },
    {
      "playerOne": 22,
      "playerTwo": 39,
      "winPercentage": 98.026
    },
    {
      "playerOne": 23,
      "playerTwo": 24,
      "winPercentage": 95.241
    },
    {
      "playerOne": 23,
      "playerTwo": 25,
      "winPercentage": 80.579
    },
    {
      "playerOne": 23,
      "playerTwo": 26,
      "winPercentage": 1.26
    },
    {
      "playerOne": 23,
      "playerTwo": 27,
      "winPercentage": 6.816
    },
    {
      "playerOne": 23,
      "playerTwo": 28,
      "winPercentage": 48.622
    },
    {
      "playerOne": 23,
      "playerTwo": 29,
      "winPercentage": 47.842
    },
    {
      "playerOne": 23,
      "playerTwo": 30,
      "winPercentage": 26.547
    },
    {
      "playerOne": 23,
      "playerTwo": 31,
      "winPercentage": 21.638
    },
    {
      "playerOne": 23,
      "playerTwo": 32,
      "winPercentage": 68.764
    },
    {
      "playerOne": 23,
      "playerTwo": 33,
      "winPercentage": 56.645
    },
    {
      "playerOne": 23,
      "playerTwo": 34,
      "winPercentage": 51.977
    },
    {
      "playerOne": 23,
      "playerTwo": 35,
      "winPercentage": 87.712
    },
    {
      "playerOne": 23,
      "playerTwo": 36,
      "winPercentage": 53.756
    },
    {
      "playerOne": 23,
      "playerTwo": 37,
      "winPercentage": 68.503
    },
    {
      "playerOne": 23,
      "playerTwo": 38,
      "winPercentage": 35.365
    },
    {
      "playerOne": 23,
      "playerTwo": 39,
      "winPercentage": 79.018
    },
    {
      "playerOne": 24,
      "playerTwo": 25,
      "winPercentage": 9.619
    },
    {
      "playerOne": 24,
      "playerTwo": 26,
      "winPercentage": 43.849
    },
    {
      "playerOne": 24,
      "playerTwo": 27,
      "winPercentage": 71.292
    },
    {
      "playerOne": 24,
      "playerTwo": 28,
      "winPercentage": 24.699
    },
    {
      "playerOne": 24,
      "playerTwo": 29,
      "winPercentage": 78.33
    },
    {
      "playerOne": 24,
      "playerTwo": 30,
      "winPercentage": 52.852
    },
    {
      "playerOne": 24,
      "playerTwo": 31,
      "winPercentage": 52.319
    },
    {
      "playerOne": 24,
      "playerTwo": 32,
      "winPercentage": 63.095
    },
    {
      "playerOne": 24,
      "playerTwo": 33,
      "winPercentage": 67.008
    },
    {
      "playerOne": 24,
      "playerTwo": 34,
      "winPercentage": 50.828
    },
    {
      "playerOne": 24,
      "playerTwo": 35,
      "winPercentage": 71.958
    },
    {
      "playerOne": 24,
      "playerTwo": 36,
      "winPercentage": 21.954
    },
    {
      "playerOne": 24,
      "playerTwo": 37,
      "winPercentage": 63.326
    },
    {
      "playerOne": 24,
      "playerTwo": 38,
      "winPercentage": 70.243
    },
    {
      "playerOne": 24,
      "playerTwo": 39,
      "winPercentage": 40.508
    },
    {
      "playerOne": 25,
      "playerTwo": 26,
      "winPercentage": 36.728
    },
    {
      "playerOne": 25,
      "playerTwo": 27,
      "winPercentage": 63.779
    },
    {
      "playerOne": 25,
      "playerTwo": 28,
      "winPercentage": 47.615
    },
    {
      "playerOne": 25,
      "playerTwo": 29,
      "winPercentage": 27.575
    },
    {
      "playerOne": 25,
      "playerTwo": 30,
      "winPercentage": 69.762
    },
    {
      "playerOne": 25,
      "playerTwo": 31,
      "winPercentage": 32.502
    },
    {
      "playerOne": 25,
      "playerTwo": 32,
      "winPercentage": 28.124
    },
    {
      "playerOne": 25,
      "playerTwo": 33,
      "winPercentage": 72.183
    },
    {
      "playerOne": 25,
      "playerTwo": 34,
      "winPercentage": 43.533
    },
    {
      "playerOne": 25,
      "playerTwo": 35,
      "winPercentage": 17.863
    },
    {
      "playerOne": 25,
      "playerTwo": 36,
      "winPercentage": 88.013
    },
    {
      "playerOne": 25,
      "playerTwo": 37,
      "winPercentage": 11.723
    },
    {
      "playerOne": 25,
      "playerTwo": 38,
      "winPercentage": 62.041
    },
    {
      "playerOne": 25,
      "playerTwo": 39,
      "winPercentage": 66.951
    },
    {
      "playerOne": 26,
      "playerTwo": 27,
      "winPercentage": 14.424
    },
    {
      "playerOne": 26,
      "playerTwo": 28,
      "winPercentage": 43.25
    },
    {
      "playerOne": 26,
      "playerTwo": 29,
      "winPercentage": 14.248
    },
    {
      "playerOne": 26,
      "playerTwo": 30,
      "winPercentage": 95.119
    },
    {
      "playerOne": 26,
      "playerTwo": 31,
      "winPercentage": 12.441
    },
    {
      "playerOne": 26,
      "playerTwo": 32,
      "winPercentage": 7.453
    },
    {
      "playerOne": 26,
      "playerTwo": 33,
      "winPercentage": 74.451
    },
    {
      "playerOne": 26,
      "playerTwo": 34,
      "winPercentage": 26.359
    },
    {
      "playerOne": 26,
      "playerTwo": 35,
      "winPercentage": 25.345
    },
    {
      "playerOne": 26,
      "playerTwo": 36,
      "winPercentage": 9.663
    },
    {
      "playerOne": 26,
      "playerTwo": 37,
      "winPercentage": 38.786
    },
    {
      "playerOne": 26,
      "playerTwo": 38,
      "winPercentage": 63.658
    },
    {
      "playerOne": 26,
      "playerTwo": 39,
      "winPercentage": 93.878
    },
    {
      "playerOne": 27,
      "playerTwo": 28,
      "winPercentage": 50.245
    },
    {
      "playerOne": 27,
      "playerTwo": 29,
      "winPercentage": 14.076
    },
    {
      "playerOne": 27,
      "playerTwo": 30,
      "winPercentage": 69.087
    },
    {
      "playerOne": 27,
      "playerTwo": 31,
      "winPercentage": 62.341
    },
    {
      "playerOne": 27,
      "playerTwo": 32,
      "winPercentage": 3.05
    },
    {
      "playerOne": 27,
      "playerTwo": 33,
      "winPercentage": 54.703
    },
    {
      "playerOne": 27,
      "playerTwo": 34,
      "winPercentage": 5.333
    },
    {
      "playerOne": 27,
      "playerTwo": 35,
      "winPercentage": 77.531
    },
    {
      "playerOne": 27,
      "playerTwo": 36,
      "winPercentage": 77.771
    },
    {
      "playerOne": 27,
      "playerTwo": 37,
      "winPercentage": 16.02
    },
    {
      "playerOne": 27,
      "playerTwo": 38,
      "winPercentage": 83.236
    },
    {
      "playerOne": 27,
      "playerTwo": 39,
      "winPercentage": 35.791
    },
    {
      "playerOne": 28,
      "playerTwo": 29,
      "winPercentage": 74.333
    },
    {
      "playerOne": 28,
      "playerTwo": 30,
      "winPercentage": 80.973
    },
    {
      "playerOne": 28,
      "playerTwo": 31,
      "winPercentage": 86.37
    },
    {
      "playerOne": 28,
      "playerTwo": 32,
      "winPercentage": 18.818
    },
    {
      "playerOne": 28,
      "playerTwo": 33,
      "winPercentage": 34.251
    },
    {
      "playerOne": 28,
      "playerTwo": 34,
      "winPercentage": 17.42
    },
    {
      "playerOne": 28,
      "playerTwo": 35,
      "winPercentage": 35.195
    },
    {
      "playerOne": 28,
      "playerTwo": 36,
      "winPercentage": 73.039
    },
    {
      "playerOne": 28,
      "playerTwo": 37,
      "winPercentage": 52.101
    },
    {
      "playerOne": 28,
      "playerTwo": 38,
      "winPercentage": 86.406
    },
    {
      "playerOne": 28,
      "playerTwo": 39,
      "winPercentage": 55.028
    },
    {
      "playerOne": 29,
      "playerTwo": 30,
      "winPercentage": 19.34
    },
    {
      "playerOne": 29,
      "playerTwo": 31,
      "winPercentage": 95.828
    },
    {
      "playerOne": 29,
      "playerTwo": 32,
      "winPercentage": 40.905
    },
    {
      "playerOne": 29,
      "playerTwo": 33,
      "winPercentage": 32.935
    },
    {
      "playerOne": 29,
      "playerTwo": 34,
      "winPercentage": 66.985
    },
    {
      "playerOne": 29,
      "playerTwo": 35,
      "winPercentage": 78.228
    },
    {
      "playerOne": 29,
      "playerTwo": 36,
      "winPercentage": 91.143
    },
    {
      "playerOne": 29,
      "playerTwo": 37,
      "winPercentage": 84.667
    },
    {
      "playerOne": 29,
      "playerTwo": 38,
      "winPercentage": 85.235
    },
    {
      "playerOne": 29,
      "playerTwo": 39,
      "winPercentage": 60.929
    },
    {
      "playerOne": 30,
      "playerTwo": 31,
      "winPercentage": 86.567
    },
    {
      "playerOne": 30,
      "playerTwo": 32,
      "winPercentage": 3.835
    },
    {
      "playerOne": 30,
      "playerTwo": 33,
      "winPercentage": 41.998
    },
    {
      "playerOne": 30,
      "playerTwo": 34,
      "winPercentage": 65.386
    },
    {
      "playerOne": 30,
      "playerTwo": 35,
      "winPercentage": 43.717
    },
    {
      "playerOne": 30,
      "playerTwo": 36,
      "winPercentage": 22.418
    },
    {
      "playerOne": 30,
      "playerTwo": 37,
      "winPercentage": 86.34
    },
    {
      "playerOne": 30,
      "playerTwo": 38,
      "winPercentage": 5.924
    },
    {
      "playerOne": 30,
      "playerTwo": 39,
      "winPercentage": 28.864
    },
    {
      "playerOne": 31,
      "playerTwo": 32,
      "winPercentage": 37.691
    },
    {
      "playerOne": 31,
      "playerTwo": 33,
      "winPercentage": 88.388
    },
    {
      "playerOne": 31,
      "playerTwo": 34,
      "winPercentage": 7.447
    },
    {
      "playerOne": 31,
      "playerTwo": 35,
      "winPercentage": 79.49
    },
    {
      "playerOne": 31,
      "playerTwo": 36,
      "winPercentage": 99.351
    },
    {
      "playerOne": 31,
      "playerTwo": 37,
      "winPercentage": 90.615
    },
    {
      "playerOne": 31,
      "playerTwo": 38,
      "winPercentage": 9060.4
    },
    {
      "playerOne": 31,
      "playerTwo": 39,
      "winPercentage": 33.358
    },
    {
      "playerOne": 32,
      "playerTwo": 33,
      "winPercentage": 64.302
    },
    {
      "playerOne": 32,
      "playerTwo": 34,
      "winPercentage": 90.694
    },
    {
      "playerOne": 32,
      "playerTwo": 35,
      "winPercentage": 35.035
    },
    {
      "playerOne": 32,
      "playerTwo": 36,
      "winPercentage": 54.588
    },
    {
      "playerOne": 32,
      "playerTwo": 37,
      "winPercentage": 89.347
    },
    {
      "playerOne": 32,
      "playerTwo": 38,
      "winPercentage": 50.059
    },
    {
      "playerOne": 32,
      "playerTwo": 39,
      "winPercentage": 36.236
    },
    {
      "playerOne": 33,
      "playerTwo": 34,
      "winPercentage": 70.727
    },
    {
      "playerOne": 33,
      "playerTwo": 35,
      "winPercentage": 17.722
    },
    {
      "playerOne": 33,
      "playerTwo": 36,
      "winPercentage": 29.584
    },
    {
      "playerOne": 33,
      "playerTwo": 37,
      "winPercentage": 88.045
    },
    {
      "playerOne": 33,
      "playerTwo": 38,
      "winPercentage": 77.954
    },
    {
      "playerOne": 33,
      "playerTwo": 39,
      "winPercentage": 74.987
    },
    {
      "playerOne": 34,
      "playerTwo": 35,
      "winPercentage": 90.521
    },
    {
      "playerOne": 34,
      "playerTwo": 36,
      "winPercentage": 54.096
    },
    {
      "playerOne": 34,
      "playerTwo": 37,
      "winPercentage": 65.999
    },
    {
      "playerOne": 34,
      "playerTwo": 38,
      "winPercentage": 86.65
    },
    {
      "playerOne": 34,
      "playerTwo": 39,
      "winPercentage": 90.525
    },
    {
      "playerOne": 35,
      "playerTwo": 36,
      "winPercentage": 19.624
    },
    {
      "playerOne": 35,
      "playerTwo": 37,
      "winPercentage": 99.897
    },
    {
      "playerOne": 35,
      "playerTwo": 38,
      "winPercentage": 96.845
    },
    {
      "playerOne": 35,
      "playerTwo": 39,
      "winPercentage": 71.422
    },
    {
      "playerOne": 36,
      "playerTwo": 37,
      "winPercentage": 92.063
    },
    {
      "playerOne": 36,
      "playerTwo": 38,
      "winPercentage": 30.549
    },
    {
      "playerOne": 36,
      "playerTwo": 39,
      "winPercentage": 11.247
    },
    {
      "playerOne": 37,
      "playerTwo": 38,
      "winPercentage": 31.042
    },
    {
      "playerOne": 37,
      "playerTwo": 39,
      "winPercentage": 10.379
    },
    {
      "playerOne": 38,
      "playerTwo": 39,
      "winPercentage": 28.496
    }
  ]
}