{
  "metadata": {
    "numPlayers": 40
  },
  "teamStats": [
    {
      "playerOne": 0,
      "playerTwo": 1,
      "winPercentage": 47.302
    },
    {
      "playerOne": 0,
      "playerTwo": 2,
      "winPercentage": 52.811
    },
    {
      "playerOne": 0,
      "playerTwo": 3,
      "winPercentage": 93.236
    },
    {
      "playerOne": 0,
      "playerTwo": 4,
      "winPercentage": 95.649
    },
    {
      "playerOne": 0,
      "playerTwo": 5,
      "winPercentage": 13.779
    },
    {
      "playerOne": 0,
      "playerTwo": 6,
      "winPercentage": 33.629
    },
    {
      "playerOne": 0,
      "playerTwo": 7,
      "winPercentage": 55.931
    },
    {
      "playerOne": 0,
      "playerTwo": 8,
      "winPercentage": 42.982
    },
    {
      "playerOne": 0,
      "playerTwo": 9,
      "winPercentage": 17.887
    },
    {
      "playerOne": 0,
      "playerTwo": 10,
      "winPercentage": 95.421
    },
    {
      "playerOne": 0,
      "playerTwo": 11,
      "winPercentage": 8.873
    },
    {
      "playerOne": 0,
      "playerTwo": 12,
      "winPercentage": 93.867
    },
    {
      "playerOne": 0,
      "playerTwo": 13,
      "winPercentage": 67.731
    },
    {
      "playerOne": 0,
      "playerTwo": 14,
      "winPercentage": 1.842
    },
    {
      "playerOne": 0,
      "playerTwo": 15,
      "winPercentage": 7.057
    },
    {
      "playerOne": 0,
      "playerTwo": 16,
      "winPercentage": 39.802
    },
    {
      "playerOne": 0,
      "playerTwo": 17,
      "winPercentage": 78.203
    },
    {
      "playerOne": 0,
      "playerTwo": 18,
      "winPercentage": 67.595
    },
    {
      "playerOne": 0,
      "playerTwo": 19,
      "winPercentage": 80.987
    },
    {
      "playerOne": 0,
      "playerTwo": 20,
      "winPercentage": 76.328
    },
    {
      "playerOne": 0,
      "playerTwo": 21,
      "winPercentage": 50.52
    },
    {
      "playerOne": 0,
      "playerTwo": 22,
      "winPercentage": 94.824
    },
    {
      "playerOne": 0,
      "playerTwo": 23,
      "winPercentage": 81.639
    },
    {
      "playerOne": 0,
      "playerTwo": 24,
      "winPercentage": 65.502
    },
    {
      "playerOne": 0,
      "playerTwo": 25,
      "winPercentage": 60.555
    },
    {
      "playerOne": 0,
      "playerTwo": 26,
      "winPercentage": 1.375
    },
    {
      "playerOne": 0,
      "playerTwo": 27,
      "winPercentage": 99.611
    },
    {
      "playerOne": 0,
      "playerTwo": 28,
      "winPercentage": 77.127
    },
    {
      "playerOne": 0,
      "playerTwo": 29,
      "winPercentage": 78.73
    },
    {
      "playerOne": 0,
      "playerTwo": 30,
      "winPercentage": 23.621
    },
    {
      "playerOne": 0,
      "playerTwo": 31,
      "winPercentage": 36.042
    },
    {
      "playerOne": 0,
      "playerTwo": 32,
      "winPercentage": 77.357
    },
    {
      "playerOne": 0,
      "playerTwo": 33,
      "winPercentage": 43.3
    },
    {
      "playerOne": 0,
      "playerTwo": 34,
      "winPercentage": 55.143
    },
    {
      "playerOne": 0,
      "playerTwo": 35,
      "winPercentage": 83.051
    },
    {
      "playerOne": 0,
      "playerTwo": 36,
      "winPercentage": 42.067
    },
    {
      "playerOne": 0,
      "playerTwo": 37,
      "winPercentage": 15.324
    },
    {
      "playerOne": 0,
      "playerTwo": 38,
      "winPercentage": 24.617
    },
    {
      "playerOne": 0,
      "playerTwo": 39,
      "winPercentage": 32.381
    },
    {
      "playerOne": 1,
      "playerTwo": 2,
      "winPercentage": 78.922
    },
    {
      "playerOne": 1,
      "playerTwo": 3,
      "winPercentage": 35.507
    },
    {
      "playerOne": 1,
      "playerTwo": 4,
      "winPercentage": 53.902
    },
    {
      "playerOne": 1,
      "playerTwo": 5,
      "winPercentage": 93.359
    },
    {
      "playerOne": 1,
      "playerTwo": 6,
      "winPercentage": 98.59
    },
    {
      "playerOne": 1,
      "playerTwo": 7,
      "winPercentage": 7.288
    },
    {
      "playerOne": 1,
      "playerTwo": 8,
      "winPercentage": 61.314
    },
    {
      "playerOne": 1,
      "playerTwo": 9,
      "winPercentage": 9.009
    },
    {
      "playerOne": 1,
      "playerTwo": 10,
      "winPercentage": 48.952
    },
    {
      "playerOne": 1,
      "playerTwo": 11,
      "winPercentage": 91.387
    },
    {
      "playerOne": 1,
      "playerTwo": 12,
      "winPercentage": 60.698
    },
    {
      "playerOne": 1,
      "playerTwo": 13,
      "winPercentage": 17.082
    },
    {
      "playerOne": 1,
      "playerTwo": 14,
      "winPercentage": 53.873
    },
    {
      "playerOne": 1,
      "playerTwo": 15,
      "winPercentage": 37.757
    },
    {
      "playerOne": 1,
      "playerTwo": 16,
      "winPercentage": 26.454
    },
    {
      "playerOne": 1,
      "playerTwo": 17,
      "winPercentage": 7.377
    },
    {
      "playerOne": 1,
      "playerTwo": 18,
      "winPercentage": 55.964
    },
    {
      "playerOne": 1,
      "playerTwo": 19,
      "winPercentage": 0.517
    },
    {
      "playerOne": 1,
      "playerTwo": 20,
      "winPercentage": 34.03
    },
    {
      "playerOne": 1,
      "playerTwo": 21,
      "winPercentage": 65.625
    },
    {
      "playerOne": 1,
      "playerTwo": 22,
      "winPercentage": 42.55
    },
    {
      "playerOne": 1,
      "playerTwo": 23,
      "winPercentage": 76.722
    },
    {
      "playerOne": 1,
      "playerTwo": 24,
      "winPercentage": 3.918
    },
    {
      "playerOne": 1,
      "playerTwo": 25,
      "winPercentage": 70.393
    },
    {
      "playerOne": 1,
      "playerTwo": 26,
      "winPercentage": 47.592
    },
    {
      "playerOne": 1,
      "playerTwo": 27,
      "winPercentage": 32.222
    },
    {
      "playerOne": 1,
      "playerTwo": 28,
      "winPercentage": 0.101
    },
    {
      "playerOne": 1,
      "playerTwo": 29,
      "winPercentage": 34.635
    },
    {
      "playerOne": 1,
      "playerTwo": 30,
      "winPercentage": 10.029
    },
    {
      "playerOne": 1,
      "playerTwo": 31,
      "winPercentage": 65.35
    },
    {
      "playerOne": 1,
      "playerTwo": 32,
      "winPercentage": 33.407
    },
    {
      "playerOne": 1,
      "playerTwo": 33,
      "winPercentage": 24.901
    },
    {
      "playerOne": 1,
      "playerTwo": 34,
      "winPercentage": 60.68
    },
    {
      "playerOne": 1,
      "playerTwo": 35,
      "winPercentage": 47.499
    },
    {
      "playerOne": 1,
      "playerTwo": 36,
      "winPercentage": 3.61
    },
    {
      "playerOne": 1,
      "playerTwo": 37,
      "winPercentage": 8.617
    },
    {
      "playerOne": 1,
      "playerTwo": 38,
      "winPercentage": 9.63
    },
    {
      "playerOne": 1,
      "playerTwo": 39,
      "winPercentage": 75.261
    },
    {
      "playerOne": 2,
      "playerTwo": 3,
      "winPercentage": 5.423
    },
    {
      "playerOne": 2,
      "playerTwo": 4,
      "winPercentage": 80.516
    },
    {
      "playerOne": 2,
      "playerTwo": 5,
      "winPercentage": 67.239
    },
    {
      "playerOne": 2,
      "playerTwo": 6,
      "winPercentage": 93.887
    },
    {
      "playerOne": 2,
      "playerTwo": 7,
      "winPercentage": 25.533
    },
    {
      "playerOne": 2,
      "playerTwo": 8,
      "winPercentage": 32.847
    },
    {
      "playerOne": 2,
      "playerTwo": 9,
      "winPercentage": 95.357
    },
    {
      "playerOne": 2,
      "playerTwo": 10,
      "winPercentage": 57.941
    },
    {
      "playerOne": 2,
      "playerTwo": 11,
      "winPercentage": 2.323
    },
    {
      "playerOne": 2,
      "playerTwo": 12,
      "winPercentage": 55.231
    },
    {
      "playerOne": 2,
      "playerTwo": 13,
      "winPercentage": 3.026
    },
    {
      "playerOne": 2,
      "playerTwo": 14,
      "winPercentage": 27.907
    },
    {
      "playerOne": 2,
      "playerTwo": 15,
      "winPercentage": 27.586
    },
    {
      "playerOne": 2,
      "playerTwo": 16,
      "winPercentage": 2.209
    },
    {
      "playerOne": 2,
      "playerTwo": 17,
      "winPercentage": 63.547
    },
    {
      "playerOne": 2,
      "playerTwo": 18,
      "winPercentage": 93.946
    },
    {
      "playerOne": 2,
      "playerTwo": 19,
      "winPercentage": 88.749
    },
    {
      "playerOne": 2,
      "playerTwo": 20,
      "winPercentage": 96.689
    },
    {
      "playerOne": 2,
      "playerTwo": 21,
      "winPercentage": 1.443
    },
    {
      "playerOne": 2,
      "playerTwo": 22,
      "winPercentage": 31.722
    },
    {
      "playerOne": 2,
      "playerTwo": 23,
      "winPercentage": 66.379
    },
    {
      "playerOne": 2,
      "playerTwo": 24,
      "winPercentage": 98.98
    },
    {
      "playerOne": 2,
      "playerTwo": 25,
      "winPercentage": 4.035
    },
    {
      "playerOne": 2,
      "playerTwo": 26,
      "winPercentage": 95.657
    },
    {
      "playerOne": 2,
      "playerTwo": 27,
      "winPercentage": 23.337
    },
    {
      "playerOne": 2,
      "playerTwo": 28,
      "winPercentage": 99.268
    },
    {
      "playerOne": 2,
      "playerTwo": 29,
      "winPercentage": 43.906
    },
    {
      "playerOne": 2,
      "playerTwo": 30,
      "winPercentage": 50.945
    },
    {
      "playerOne": 2,
      "playerTwo": 31,
      "winPercentage": 62.802
    },
    {
      "playerOne": 2,
      "playerTwo": 32,
      "winPercentage": 60.979
    },
    {
      "playerOne": 2,
      "playerTwo": 33,
      "winPercentage": 47.852
    },
    {
      "playerOne": 2,
      "playerTwo": 34,
      "winPercentage": 90.701
    },
    {
      "playerOne": 2,
      "playerTwo": 35,
      "winPercentage": 51.519
    },
    {
      "playerOne": 2,
      "playerTwo": 36,
      "winPercentage": 66.173
    },
    {
      "playerOne": 2,
      "playerTwo": 37,
      "winPercentage": 72.066
    },
    {
      "playerOne": 2,
      "playerTwo": 38,
      "winPercentage": 87.818
    },
    {
      "playerOne": 2,
      "playerTwo": 39,
      "winPercentage": 52.156
    },
    {
      "playerOne": 3,
      "playerTwo": 4,
      "winPercentage": 73.401
    },
    {
      "playerOne": 3,
      "playerTwo": 5,
      "winPercentage": 34.069
    },
    {
      "playerOne": 3,
      "playerTwo": 6,
      "winPercentage": 86.555
    },
    {
      "playerOne": 3,
      "playerTwo": 7,
      "winPercentage": 64.571
    },
    {
      "playerOne": 3,
      "playerTwo": 8,
      "winPercentage": 33.288
    },
    {
      "playerOne": 3,
      "playerTwo": 9,
      "winPercentage": 54.737
    },
    {
      "playerOne": 3,
      "playerTwo": 10,
      "winPercentage": 53.344
    },
    {
      "playerOne": 3,
      "playerTwo": 11,
      "winPercentage": 19.903
    },
    {
      "playerOne": 3,
      "playerTwo": 12,
      "winPercentage": 8.398
    },
    {
      "playerOne": 3,
      "playerTwo": 13,
      "winPercentage": 54.687
    },
    {
      "playerOne": 3,
      "playerTwo": 14,
      "winPercentage": 1.884
    },
    {
      "playerOne": 3,
      "playerTwo": 15,
      "winPercentage": 86.381
    },
    {
      "playerOne": 3,
      "playerTwo": 16,
      "winPercentage": 16.246
    },
    {
      "playerOne": 3,
      "playerTwo": 17,
      "winPercentage": 13.882
    },
    {
      "playerOne": 3,
      "playerTwo": 18,
      "winPercentage": 22.818
    },
    {
      "playerOne": 3,
      "playerTwo": 19,
      "winPercentage": 4.399
    },
    {
      "playerOne": 3,
      "playerTwo": 20,
      "winPercentage": 55.351
    },
    {
      "playerOne": 3,
      "playerTwo": 21,
      "winPercentage": 24.511
    },
    {
      "playerOne": 3,
      "playerTwo": 22,
      "winPercentage": 49.891
    },
    {
      "playerOne": 3,
      "playerTwo": 23,
      "winPercentage": 9.564
    },
    {
      "playerOne": 3,
      "playerTwo": 24,
      "winPercentage": 36.19
    },
    {
      "playerOne": 3,
      "playerTwo": 25,
      "winPercentage": 61.551
    },
    {
      "playerOne": 3,
      "playerTwo": 26,
      "winPercentage": 21.491
    },
    {
      "playerOne": 3,
      "playerTwo": 27,
      "winPercentage": 33.335
    },
    {
      "playerOne": 3,
      "playerTwo": 28,
      "winPercentage": 21.512
    },
    {
      "playerOne": 3,
      "playerTwo": 29,
      "winPercentage": 94.941
    },
    {
      "playerOne": 3,
      "playerTwo": 30,
      "winPercentage": 71.03
    },
    {
      "playerOne": 3,
      "playerTwo": 31,
      "winPercentage": 73.407
    },
    {
      "playerOne": 3,
      "playerTwo": 32,
      "winPercentage": 95.641
    },
    {
      "playerOne": 3,
      "playerTwo": 33,
      "winPercentage": 18.589
    },
    {
      "playerOne": 3,
      "playerTwo": 34,
      "winPercentage": 69.093
    },
    {
      "playerOne": 3,
      "playerTwo": 35,
      "winPercentage": 61.398
    },
    {
      "playerOne": 3,
      "playerTwo": 36,
      "winPercentage": 62.888
    },
    {
      "playerOne": 3,
      "playerTwo": 37,
      "winPercentage": 7.323
    },
    {
      "playerOne": 3,
      "playerTwo": 38,
      "winPercentage": 33.081
    },
    {
      "playerOne": 3,
      "playerTwo": 39,
      "winPercentage": 85.119
    },
    {
      "playerOne": 4,
      "playerTwo": 5,
      "winPercentage": 84.584
    },
    {
      "playerOne": 4,
      "playerTwo": 6,
      "winPercentage": 33.759
    },
    {
      "playerOne": 4,
      "playerTwo": 7,
      "winPercentage": 91.797
    },
    {
      "playerOne": 4,
      "playerTwo": 8,
      "winPercentage": 30.149
    },
    {
      "playerOne": 4,
      "playerTwo": 9,
      "winPercentage": 13.629
    },
    {
      "playerOne": 4,
      "playerTwo": 10,
      "winPercentage": 0.897
    },
    {
      "playerOne": 4,
      "playerTwo": 11,
      "winPercentage": 32.771
    },
    {
      "playerOne": 4,
      "playerTwo": 12,
      "winPercentage": 53.548
    },
    {
      "playerOne": 4,
      "playerTwo": 13,
      "winPercentage": 15.61
    },
    {
      "playerOne": 4,
      "playerTwo": 14,
      "winPercentage": 62.67
    },
    {
      "playerOne": 4,
      "playerTwo": 15,
      "winPercentage": 19.236
    },
    {
      "playerOne": 4,
      "playerTwo": 16,
      "winPercentage": 36.043
    },
    {
      "playerOne": 4,
      "playerTwo": 17,
      "winPercentage": 47.091
    },
    {
      "playerOne": 4,
      "playerTwo": 18,
      "winPercentage": 72.942
    },
    {
      "playerOne": 4,
      "playerTwo": 19,
      "winPercentage": 14.202
    },
    {
      "playerOne": 4,
      "playerTwo": 20,
      "winPercentage": 64.381
    },
    {
      "playerOne": 4,
      "playerTwo": 21,
      "winPercentage": 78.157
    },
    {
      "playerOne": 4,
      "playerTwo": 22,
      "winPercentage": 61.414
    },
    {
      "playerOne": 4,
      "playerTwo": 23,
      "winPercentage": 96.998
    },
    {
      "playerOne": 4,
      "playerTwo": 24,
      "winPercentage": 11.026
    },
    {
      "playerOne": 4,
      "playerTwo": 25,
      "winPercentage": 36.092
    },
    {
      "playerOne": 4,
      "playerTwo": 26,
      "winPercentage": 50.929
    },
    {
      "playerOne": 4,
      "playerTwo": 27,
      "winPercentage": 79.476
    },
    {
      "playerOne": 4,
      "playerTwo": 28,
      "winPercentage": 28.43
    },
    {
      "playerOne": 4,
      "playerTwo": 29,
      "winPercentage": 29.14
    },
    {
      "playerOne": 4,
      "playerTwo": 30,
      "winPercentage": 93.406
    },
    {
      "playerOne": 4,
      "playerTwo": 31,
      "winPercentage": 75.734
    },
    {
      "playerOne": 4,
      "playerTwo": 32,
      "winPercentage": 15.726
    },
    {
      "playerOne": 4,
      "playerTwo": 33,
      "winPercentage": 33.814
    },
    {
      "playerOne": 4,
      "playerTwo": 34,
      "winPercentage": 3.802
    },
    {
      "playerOne": 4,
      "playerTwo": 35,
      "winPercentage": 24.465
    },
    {
      "playerOne": 4,
      "playerTwo": 36,
      "winPercentage": 64.114
    },
    {
      "playerOne": 4,
      "playerTwo": 37,
      "winPercentage": 68.212
    },
    {
      "playerOne": 4,
      "playerTwo": 38,
      "winPercentage": 41.914
    },
    {
      "playerOne": 4,
      "playerTwo": 39,
      "winPercentage": 35.972
    },
    {
      "playerOne": 5,
      "playerTwo": 6,
      "winPercentage": 98.833
    },
    {
      "playerOne": 5,
      "playerTwo": 7,
      "winPercentage": 19.192
    },
    {
      "playerOne": 5,
      "playerTwo": 8,
      "winPercentage": 93.72
    },
    {
      "playerOne": 5,
      "playerTwo": 9,
      "winPercentage": 19.489
    },
    {
      "playerOne": 5,
      "playerTwo": 10,
      "winPercentage": 21.981
    },
    {
      "playerOne": 5,
      "playerTwo": 11,
      "winPercentage": 94.966
    },
    {
      "playerOne": 5,
      "playerTwo": 12,
      "winPercentage": 77.569
    },
    {
      "playerOne": 5,
      "playerTwo": 13,
      "winPercentage": 90.318
    },
    {
      "playerOne": 5,
      "playerTwo": 14,
      "winPercentage": 29.638
    },
    {
      "playerOne": 5,
      "playerTwo": 15,
      "winPercentage": 52.197
    },
    {
      "playerOne": 5,
      "playerTwo": 16,
      "winPercentage": 70.954
    },
    {
      "playerOne": 5,
      "playerTwo": 17,
      "winPercentage": 71.207
    },
    {
      "playerOne": 5,
      "playerTwo": 18,
      "winPercentage": 79.867
    },
    {
      "playerOne": 5,
      "playerTwo": 19,
      "winPercentage": 11.155
    },
    {
      "playerOne": 5,
      "playerTwo": 20,
      "winPercentage": 3.835
    },
    {
      "playerOne": 5,
      "playerTwo": 21,
      "winPercentage": 86.128
    },
    {
      "playerOne": 5,
      "playerTwo": 22,
      "winPercentage": 81.659
    },
    {
      "playerOne": 5,
      "playerTwo": 23,
      "winPercentage": 55.296
    },
    {
      "playerOne": 5,
      "playerTwo": 24,
      "winPercentage": 99.151
    },
    {
      "playerOne": 5,
      "playerTwo": 25,
      "winPercentage": 8.053
    },
    {
      "playerOne": 5,
      "playerTwo": 26,
      "winPercentage": 85.185
    },
    {
      "playerOne": 5,
      "playerTwo": 27,
      "winPercentage": 90.807
    },
    {
      "playerOne": 5,
      "playerTwo": 28,
      "winPercentage": 90.961
    },
    {
      "playerOne": 5,
      "playerTwo": 29,
      "winPercentage": 75.531
    },
    {
      "playerOne": 5,
      "playerTwo": 30,
      "winPercentage": 21.528
    },
    {
      "playerOne": 5,
      "playerTwo": 31,
      "winPercentage": 15.293
    },
    {
      "playerOne": 5,
      "playerTwo": 32,
      "winPercentage": 65.294
    },
    {
      "playerOne": 5,
      "playerTwo": 33,
      "winPercentage": 2.639
    },
    {
      "playerOne": 5,
      "playerTwo": 34,
      "winPercentage": 30.095
    },
    {
      "playerOne": 5,
      "playerTwo": 35,
      "winPercentage": 70.996
    },
    {
      "playerOne": 5,
      "playerTwo": 36,
      "winPercentage": 63.429
    },
    {
      "playerOne": 5,
      "playerTwo": 37,
      "winPercentage": 12.783
    },
    {
      "playerOne": 5,
      "playerTwo": 38,
      "winPercentage": 38.064
    },
    {
      "playerOne": 5,
      "playerTwo": 39,
      "winPercentage": 78.377
    },
    {
      "playerOne": 6,
      "playerTwo": 7,
      "winPercentage": 31.465
    },
    {
      "playerOne": 6,
      "playerTwo": 8,
      "winPercentage": 51.4
    },
    {
      "playerOne": 6,
      "playerTwo": 9,
      "winPercentage": 56.894
    },
    {
      "playerOne": 6,
      "playerTwo": 10,
      "winPercentage": 12.555
    },
    {
      "playerOne": 6,
      "playerTwo": 11,
      "winPercentage": 42.412
    },
    {
      "playerOne": 6,
      "playerTwo": 12,
      "winPercentage": 47.855
    },
    {
      "playerOne": 6,
      "playerTwo": 13,
      "winPercentage": 98.944
    },
    {
      "playerOne": 6,
      "playerTwo": 14,
      "winPercentage": 0.155
    },
    {
      "playerOne": 6,
      "playerTwo": 15,
      "winPercentage": 31.869
    },
    {
      "playerOne": 6,
      "playerTwo": 16,
      "winPercentage": 72.516
    },
    {
      "playerOne": 6,
      "playerTwo": 17,
      "winPercentage": 48.953
    },
    {
      "playerOne": 6,
      "playerTwo": 18,
      "winPercentage": 87.114
    },
    {
      "playerOne": 6,
      "playerTwo": 19,
      "winPercentage": 68.473
    },
    {
      "playerOne": 6,
      "playerTwo": 20,
      "winPercentage": 31.279
    },
    {
      "playerOne": 6,
      "playerTwo": 21,
      "winPercentage": 24.239
    },
    {
      "playerOne": 6,
      "playerTwo": 22,
      "winPercentage": 23.671
    },
    {
      "playerOne": 6,
      "playerTwo": 23,
      "winPercentage": 67.389
    },
    {
      "playerOne": 6,
      "playerTwo": 24,
      "winPercentage": 2.1
    },
    {
      "playerOne": 6,
      "playerTwo": 25,
      "winPercentage": 40.515
    },
    {
      "playerOne": 6,
      "playerTwo": 26,
      "winPercentage": 58.803
    },
    {
      "playerOne": 6,
      "playerTwo": 27,
      "winPercentage": 14.237
    },
    {
      "playerOne": 6,
      "playerTwo": 28,
      "winPercentage": 20.833
    },
    {
      "playerOne": 6,
      "playerTwo": 29,
      "winPercentage": 45.742
    },
    {
      "playerOne": 6,
      "playerTwo": 30,
      "winPercentage": 13.663
    },
    {
      "playerOne": 6,
      "playerTwo": 31,
      "winPercentage": 90.666
    },
    {
      "playerOne": 6,
      "playerTwo": 32,
      "winPercentage": 11.336
    },
    {
      "playerOne": 6,
      "playerTwo": 33,
      "winPercentage": 68.491
    },
    {
      "playerOne": 6,
      "playerTwo": 34,
      "winPercentage": 45.223
    },
    {
      "playerOne": 6,
      "playerTwo": 35,
      "winPercentage": 31.591
    },
    {
      "playerOne": 6,
      "playerTwo": 36,
      "winPercentage": 86.043
    },
    {
      "playerOne": 6,
      "playerTwo": 37,
      "winPercentage": 66.943
    },
    {
      "playerOne": 6,
      "playerTwo": 38,
      "winPercentage": 18.143
    },
    {
      "playerOne": 6,
      "playerTwo": 39,
      "winPercentage": 34.162
    },
    {
      "playerOne": 7,
      "playerTwo": 8,
      "winPercentage": 75.895
    },
    {
      "playerOne": 7,
      "playerTwo": 9,
      "winPercentage": 83.353
    },
    {
      "playerOne": 7,
      "playerTwo": 10,
      "winPercentage": 61.878
    },
    {
      "playerOne": 7,
      "playerTwo": 11,
      "winPercentage": 47.073
    },
    {
      "playerOne": 7,
      "playerTwo": 12,
      "winPercentage": 53.933
    },
    {
      "playerOne": 7,
      "playerTwo": 13,
      "winPercentage": 47.326
    },
    {
      "playerOne": 7,
      "playerTwo": 14,
      "winPercentage": 58.874
    },
    {
      "playerOne": 7,
      "playerTwo": 15,
      "winPercentage": 15.033
    },
    {
      "playerOne": 7,
      "playerTwo": 16,
      "winPercentage": 99.941
    },
    {
      "playerOne": 7,
      "playerTwo": 17,
      "winPercentage": 42.752
    },
    {
      "playerOne": 7,
      "playerTwo": 18,
      "winPercentage": 55.897
    },
    {
      "playerOne": 7,
      "playerTwo": 19,
      "winPercentage": 52.104
    },
    {
      "playerOne": 7,
      "playerTwo": 20,
      "winPercentage": 89.515
    },
    {
      "playerOne": 7,
      "playerTwo": 21,
      "winPercentage": 91.096
    },
    {
      "playerOne": 7,
      "playerTwo": 22,
      "winPercentage": 26.761
    },
    {
      "playerOne": 7,
      "playerTwo": 23,
      "winPercentage": 10.397
    },
    {
      "playerOne": 7,
      "playerTwo": 24,
      "winPercentage": 61.748
    },
    {
      "playerOne": 7,
      "playerTwo": 25,
      "winPercentage": 32.706
    },
    {
      "playerOne": 7,
      "playerTwo": 26,
      "winPercentage": 17.889
    },
    {
      "playerOne": 7,
      "playerTwo": 27,
      "winPercentage": 51.074
    },
    {
      "playerOne": 7,
      "playerTwo": 28,
      "winPercentage": 30.906
    },
    {
      "playerOne": 7,
      "playerTwo": 29,
      "winPercentage": 73.031
    },
    {
      "playerOne": 7,
      "playerTwo": 30,
      "winPercentage": 86.302
    },
    {
      "playerOne": 7,
      "playerTwo": 31,
      "winPercentage": 83.379
    },
    {
      "playerOne": 7,
      "playerTwo": 32,
      "winPercentage": 13.47
    },
    {
      "playerOne": 7,
      "playerTwo": 33,
      "winPercentage": 49.446
    },
    {
      "playerOne": 7,
      "playerTwo": 34,
      "winPercentage": 98.542
    },
    {
      "playerOne": 7,
      "playerTwo": 35,
      "winPercentage": 70.268
    },
    {
      "playerOne": 7,
      "playerTwo": 36,
      "winPercentage": 82.981
    },
    {
      "playerOne": 7,
      "playerTwo": 37,
      "winPercentage": 96.549
    },
    {
      "playerOne": 7,
      "playerTwo": 38,
      "winPercentage": 93.988
    },
    {
      "playerOne": 7,
      "playerTwo": 39,
      "winPercentage": 84.968
    },
    {
      "playerOne": 8,
      "playerTwo": 9,
      "winPercentage": 29.43
    },
    {
      "playerOne": 8,
      "playerTwo": 10,
      "winPercentage": 48.86
    },
    {
      "playerOne": 8,
      "playerTwo": 11,
      "winPercentage": 33.024
    },
    {
      "playerOne": 8,
      "playerTwo": 12,
      "winPercentage": 62.346
    },
    {
      "playerOne": 8,
      "playerTwo": 13,
      "winPercentage": 70.965
    },
    {
      "playerOne": 8,
      "playerTwo": 14,
      "winPercentage": 9.057
    },
    {
      "playerOne": 8,
      "playerTwo": 15,
      "winPercentage": 73.802
    },
    {
      "playerOne": 8,
      "playerTwo": 16,
      "winPercentage": 81.52
    },
    {
      "playerOne": 8,
      "playerTwo": 17,
      "winPercentage": 18.017
    },
    {
      "playerOne": 8,
      "playerTwo": 18,
      "winPercentage": 46.111
    },
    {
      "playerOne": 8,
      "playerTwo": 19,
      "winPercentage": 33.152
    },
    {
      "playerOne": 8,
      "playerTwo": 20,
      "winPercentage": 0.907
    },
    {
      "playerOne": 8,
      "playerTwo": 21,
      "winPercentage": 44.739
    },
    {
      "playerOne": 8,
      "playerTwo": 22,
      "winPercentage": 67.205
    },
    {
      "playerOne": 8,
      "playerTwo": 23,
      "winPercentage": 63.543
    },
    {
      "playerOne": 8,
      "playerTwo": 24,
      "winPercentage": 87.206
    },
    {
      "playerOne": 8,
      "playerTwo": 25,
      "winPercentage": 7.062
    },
    {
      "playerOne": 8,
      "playerTwo": 26,
      "winPercentage": 58.36
    },
    {
      "playerOne": 8,
      "playerTwo": 27,
      "winPercentage": 36.596
    },
    {
      "playerOne": 8,
      "playerTwo": 28,
      "winPercentage": 55.601
    },
    {
      "playerOne": 8,
      "playerTwo": 29,
      "winPercentage": 15.166
    },
    {
      "playerOne": 8,
      "playerTwo": 30,
      "winPercentage": 24.301
    },
    {
      "playerOne": 8,
      "playerTwo": 31,
      "winPercentage": 94.545
    },
    {
      "playerOne": 8,
      "playerTwo": 32,
      "winPercentage": 35.318
    },
    {
      "playerOne": 8,
      "playerTwo": 33,
      "winPercentage": 22.702
    },
    {
      "playerOne": 8,
      "playerTwo": 34,
      "winPercentage": 6.806
    },
    {
      "playerOne": 8,
      "playerTwo": 35,
      "winPercentage": 77.007
    },
    {
      "playerOne": 8,
      "playerTwo": 36,
      "winPercentage": 94.281
    },
    {
      "playerOne": 8,
      "playerTwo": 37,
      "winPercentage": 52.824
    },
    {
      "playerOne": 8,
      "playerTwo": 38,
      "winPercentage": 39.629
    },
    {
      "playerOne": 8,
      "playerTwo": 39,
      "winPercentage": 72.871
    },
    {
      "playerOne": 9,
      "playerTwo": 10,
      "winPercentage": 14.715
    },
    {
      "playerOne": 9,
      "playerTwo": 11,
      "winPercentage": 19.29
    },
    {
      "playerOne": 9,
      "playerTwo": 12,
      "winPercentage": 74.449
    },
    {
      "playerOne": 9,
      "playerTwo": 13,
      "winPercentage": 42.716
    },
    {
      "playerOne": 9,
      "playerTwo": 14,
      "winPercentage": 51.726
    },
    {
      "playerOne": 9,
      "playerTwo": 15,
      "winPercentage": 84.042
    },
    {
      "playerOne": 9,
      "playerTwo": 16,
      "winPercentage": 93.502
    },
    {
      "playerOne": 9,
      "playerTwo": 17,
      "winPercentage": 31.678
    },
    {
      "playerOne": 9,
      "playerTwo": 18,
      "winPercentage": 27.76
    },
    {
      "playerOne": 9,
      "playerTwo": 19,
      "winPercentage": 6.194
    },
    {
      "playerOne": 9,
      "playerTwo": 20,
      "winPercentage": 54.974
    },
    {
      "playerOne": 9,
      "playerTwo": 21,
      "winPercentage": 98.414
    },
    {
      "playerOne": 9,
      "playerTwo": 22,
      "winPercentage": 8.47
    },
    {
      "playerOne": 9,
      "playerTwo": 23,
      "winPercentage": 25.613
    },
    {
      "playerOne": 9,
      "playerTwo": 24,
      "winPercentage": 59.356
    },
    {
      "playerOne": 9,
      "playerTwo": 25,
      "winPercentage": 83.108
    },
    {
      "playerOne": 9,
      "playerTwo": 26,
      "winPercentage": 48.401
    },
    {
      "playerOne": 9,
      "playerTwo": 27,
      "winPercentage": 4.517
    },
    {
      "playerOne": 9,
      "playerTwo": 28,
      "winPercentage": 84.232
    },
    {
      "playerOne": 9,
      "playerTwo": 29,
      "winPercentage": 32.435
    },
    {
      "playerOne": 9,
      "playerTwo": 30,
      "winPercentage": 96.883
    },
    {
      "playerOne": 9,
      "playerTwo": 31,
      "winPercentage": 83.445
    },
    {
      "playerOne": 9,
      "playerTwo": 32,
      "winPercentage": 53.189
    },
    {
      "playerOne": 9,
      "playerTwo": 33,
      "winPercentage": 13.392
    },
    {
      "playerOne": 9,
      "playerTwo": 34,
      "winPercentage": 75.457
    },
    {
      "playerOne": 9,
      "playerTwo": 35,
      "winPercentage": 33.391
    },
    {
      "playerOne": 9,
      "playerTwo": 36,
      "winPercentage": 98.446
    },
    {
      "playerOne": 9,
      "playerTwo": 37,
      "winPercentage": 37.54
    },
    {
      "playerOne": 9,
      "playerTwo": 38,
      "winPercentage": 82.593
    },
    {
      "playerOne": 9,
      "playerTwo": 39,
      "winPercentage": 73.959
    },
    {
      "playerOne": 10,
      "playerTwo": 11,
      "winPercentage": 13.281
    },
    {
      "playerOne": 10,
      "playerTwo": 12,
      "winPercentage": 8.596
    },
    {
      "playerOne": 10,
      "playerTwo": 13,
      "winPercentage": 93.018
    },
    {
      "playerOne": 10,
      "playerTwo": 14,
      "winPercentage": 57.849
    },
    {
      "playerOne": 10,
      "playerTwo": 15,
      "winPercentage": 32.445
    },
    {
      "playerOne": 10,
      "playerTwo": 16,
      "winPercentage": 85.528
    },
    {
      "playerOne": 10,
      "playerTwo": 17,
      "winPercentage": 25.401
    },
    {
      "playerOne": 10,
      "playerTwo": 18,
      "winPercentage": 54.47
    },
    {
      "playerOne": 10,
      "playerTwo": 19,
      "winPercentage": 22.701
    },
    {
      "playerOne": 10,
      "playerTwo": 20,
      "winPercentage": 93.431
    },
    {
      "playerOne": 10,
      "playerTwo": 21,
      "winPercentage": 79.632
    },
    {
      "playerOne": 10,
      "playerTwo": 22,
      "winPercentage": 1.981
    },
    {
      "playerOne": 10,
      "playerTwo": 23,
      "winPercentage": 35.242
    },
    {
      "playerOne": 10,
      "playerTwo": 24,
      "winPercentage": 11.149
    },
    {
      "playerOne": 10,
      "playerTwo": 25,
      "winPercentage": 6.552
    },
    {
      "playerOne": 10,
      "playerTwo": 26,
      "winPercentage": 72.752
    },
    {
      "playerOne": 10,
      "playerTwo": 27,
      "winPercentage": 81.218
    },
    {
      "playerOne": 10,
      "playerTwo": 28,
      "winPercentage": 96.829
    },
    {
      "playerOne": 10,
      "playerTwo": 29,
      "winPercentage": 65.742
    },
    {
      "playerOne": 10,
      "playerTwo": 30,
      "winPercentage": 91.286
    },
    {
      "playerOne": 10,
      "playerTwo": 31,
      "winPercentage": 41.299
    },
    {
      "playerOne": 10,
      "playerTwo": 32,
      "winPercentage": 75.59
    },
    {
      "playerOne": 10,
      "playerTwo": 33,
      "winPercentage": 21.088
    },
    {
      "playerOne": 10,
      "playerTwo": 34,
      "winPercentage": 4.51
    },
    {
      "playerOne": 10,
      "playerTwo": 35,
      "winPercentage": 19.34
    },
    {
      "playerOne": 10,
      "playerTwo": 36,
      "winPercentage": 91.52
    },
    {
      "playerOne": 10,
      "playerTwo": 37,
      "winPercentage": 72.146
    },
    {
      "playerOne": 10,
      "playerTwo": 38,
      "winPercentage": 4.344
    },
    {
      "playerOne": 10,
      "playerTwo": 39,
      "winPercentage": 13.636
    },
    {
      "playerOne": 11,
      "playerTwo": 12,
      "winPercentage": 30.774
    },
    {
      "playerOne": 11,
      "playerTwo": 13,
      "winPercentage": 20.487
    },
    {
      "playerOne": 11,
      "playerTwo": 14,
      "winPercentage": 50.928
    },
    {
      "playerOne": 11,
      "playerTwo": 15,
      "winPercentage": 35.683
    },
    {
      "playerOne": 11,
      "playerTwo": 16,
      "winPercentage": 44.176
    },
    {
      "playerOne": 11,
      "playerTwo": 17,
      "winPercentage": 74.613
    },
    {
      "playerOne": 11,
      "playerTwo": 18,
      "winPercentage": 66.698
    },
    {
      "playerOne": 11,
      "playerTwo": 19,
      "winPercentage": 60.779
    },
    {
      "playerOne": 11,
      "playerTwo": 20,
      "winPercentage": 17.942
    },
    {
      "playerOne": 11,
      "playerTwo": 21,
      "winPercentage": 46.853
    },
    {
      "playerOne": 11,
      "playerTwo": 22,
      "winPercentage": 51.867
    },
    {
      "playerOne": 11,
      "playerTwo": 23,
      "winPercentage": 29.306
    },
    {
      "playerOne": 11,
      "playerTwo": 24,
      "winPercentage": 37.971
    },
    {
      "playerOne": 11,
      "playerTwo": 25,
      "winPercentage": 71.244
    },
    {
      "playerOne": 11,
      "playerTwo": 26,
      "winPercentage": 63.729
    },
    {
      "playerOne": 11,
      "playerTwo": 27,
      "winPercentage": 95.685
    },
    {
      "playerOne": 11,
      "playerTwo": 28,
      "winPercentage": 43.829
    },
    {
      "playerOne": 11,
      "playerTwo": 29,
      "winPercentage": 57.934
    },
    {
      "playerOne": 11,
      "playerTwo": 30,
      "winPercentage": 46.674
    },
    {
      "playerOne": 11,
      "playerTwo": 31,
      "winPercentage": 44.088
    },
    {
      "playerOne": 11,
      "playerTwo": 32,
      "winPercentage": 58.319
    },
    {
      "playerOne": 11,
      "playerTwo": 33,
      "winPercentage": 0.582
    },
    {
      "playerOne": 11,
      "playerTwo": 34,
      "winPercentage": 84.386
    },
    {
      "playerOne": 11,
      "playerTwo": 35,
      "winPercentage": 73.692
    },
    {
      "playerOne": 11,
      "playerTwo": 36,
      "winPercentage": 3.163
    },
    {
      "playerOne": 11,
      "playerTwo": 37,
      "winPercentage": 46.154
    },
    {
      "playerOne": 11,
      "playerTwo": 38,
      "winPercentage": 21.036
    },
    {
      "playerOne": 11,
      "playerTwo": 39,
      "winPercentage": 13.05
    },
    {
      "playerOne": 12,
      "playerTwo": 13,
      "winPercentage": 30.223
    },
    {
      "playerOne": 12,
      "playerTwo": 14,
      "winPercentage": 85.168
    },
    {
      "playerOne": 12,
      "playerTwo": 15,
      "winPercentage": 75.804
    },
    {
      "playerOne": 12,
      "playerTwo": 16,
      "winPercentage": 81.8
    },
    {
      "playerOne": 12,
      "playerTwo": 17,
      "winPercentage": 39.801
    },
    {
      "playerOne": 12,
      "playerTwo": 18,
      "winPercentage": 78.222
    },
    {
      "playerOne": 12,
      "playerTwo": 19,
      "winPercentage": 46.058
    },
    {
      "playerOne": 12,
      "playerTwo": 20,
      "winPercentage": 29.489
    },
    {
      "playerOne": 12,
      "playerTwo": 21,
      "winPercentage": 85.234
    },
    {
      "playerOne": 12,
      "playerTwo": 22,
      "winPercentage": 85.908
    },
    {
      "playerOne": 12,
      "playerTwo": 23,
      "winPercentage": 43.225
    },
    {
      "playerOne": 12,
      "playerTwo": 24,
      "winPercentage": 31.82
    },
    {
      "playerOne": 12,
      "playerTwo": 25,
      "winPercentage": 74.041
    },
    {
      "playerOne": 12,
      "playerTwo": 26,
      "winPercentage": 53.59
    },
    {
      "playerOne": 12,
      "playerTwo": 27,
      "winPercentage": 31.872
    },
    {
      "playerOne": 12,
      "playerTwo": 28,
      "winPercentage": 92.25
    },
    {
      "playerOne": 12,
      "playerTwo": 29,
      "winPercentage": 49.952
    },
    {
      "playerOne": 12,
      "playerTwo": 30,
      "winPercentage": 72.199
    },
    {
      "playerOne": 12,
      "playerTwo": 31,
      "winPercentage": 98.879
    },
    {
      "playerOne": 12,
      "playerTwo": 32,
      "winPercentage": 84.965
    },
    {
      "playerOne": 12,
      "playerTwo": 33,
      "winPercentage": 4.567
    },
    {
      "playerOne": 12,
      "playerTwo": 34,
      "winPercentage": 62.014
    },
    {
      "playerOne": 12,
      "playerTwo": 35,
      "winPercentage": 81.764
    },
    {
      "playerOne": 12,
      "playerTwo": 36,
      "winPercentage": 94.202
    },
    {
      "playerOne": 12,
      "playerTwo": 37,
      "winPercentage": 81.646
    },
    {
      "playerOne": 12,
      "playerTwo": 38,
      "winPercentage": 15.672
    },
    {
      "playerOne": 12,
      "playerTwo": 39,
      "winPercentage": 26.0
    },
    {
      "playerOne": 13,
      "playerTwo": 14,
      "winPercentage": 70.102
    },
    {
      "playerOne": 13,
      "playerTwo": 15,
      "winPercentage": 2.749
    },
    {
      "playerOne": 13,
      "playerTwo": 16,
      "winPercentage": 35.348
    },
    {
      "playerOne": 13,
      "playerTwo": 17,
      "winPercentage": 83.96
    },
    {
      "playerOne": 13,
      "playerTwo": 18,
      "winPercentage": 15.623
    },
    {
      "playerOne": 13,
      "playerTwo": 19,
      "winPercentage": 3.545
    },
    {
      "playerOne": 13,
      "playerTwo": 20,
      "winPercentage": 76.354
    },
    {
      "playerOne": 13,
      "playerTwo": 21,
      "winPercentage": 63.014
    },
    {
      "playerOne": 13,
      "playerTwo": 22,
      "winPercentage": 2.618
    },
    {
      "playerOne": 13,
      "playerTwo": 23,
      "winPercentage": 2.589
    },
    {
      "playerOne": 13,
      "playerTwo": 24,
      "winPercentage": 38.191
    },
    {
      "playerOne": 13,
      "playerTwo": 25,
      "winPercentage": 58.659
    },
    {
      "playerOne": 13,
      "playerTwo": 26,
      "winPercentage": 49.302
    },
    {
      "playerOne": 13,
      "playerTwo": 27,
      "winPercentage": 25.664
    },
    {
      "playerOne": 13,
      "playerTwo": 28,
      "winPercentage": 54.568
    },
    {
      "playerOne": 13,
      "playerTwo": 29,
      "winPercentage": 12.787
    },
    {
      "playerOne": 13,
      "playerTwo": 30,
      "winPercentage": 17.639
    },
    {
      "playerOne": 13,
      "playerTwo": 31,
      "winPercentage": 47.961
    },
    {
      "playerOne": 13,
      "playerTwo": 32,
      "winPercentage": 68.662
    },
    {
      "playerOne": 13,
      "playerTwo": 33,
      "winPercentage": 3.202
    },
    {
      "playerOne": 13,
      "playerTwo": 34,
      "winPercentage": 47.637
    },
    {
      "playerOne": 13,
      "playerTwo": 35,
      "winPercentage": 21.123
    },
    {
      "playerOne": 13,
      "playerTwo": 36,
      "winPercentage": 91.732
    },
    {
      "playerOne": 13,
      "playerTwo": 37,
      "winPercentage": 55.83
    },
    {
      "playerOne": 13,
      "playerTwo": 38,
      "winPercentage": 94.017
    },
    {
      "playerOne": 13,
      "playerTwo": 39,
      "winPercentage": 21.608
    },
    {
      "playerOne": 14,
      "playerTwo": 15,
      "winPercentage": 33.221
    },
    {
      "playerOne": 14,
      "playerTwo": 16,
      "winPercentage": 86.841
    },
    {
      "playerOne": 14,
      "playerTwo": 17,
      "winPercentage": 24.767
    },
    {
      "playerOne": 14,
      "playerTwo": 18,
      "winPercentage": 83.432
    },
    {
      "playerOne": 14,
      "playerTwo": 19,
      "winPercentage": 54.106
    },
    {
      "playerOne": 14,
      "playerTwo": 20,
      "winPercentage": 60.07
    },
    {
      "playerOne": 14,
      "playerTwo": 21,
      "winPercentage": 63.205
    },
    {
      "playerOne": 14,
      "playerTwo": 22,
      "winPercentage": 70.146
    },
    {
      "playerOne": 14,
      "playerTwo": 23,
      "winPercentage": 27.479
    },
    {
      "playerOne": 14,
      "playerTwo": 24,
      "winPercentage": 40.763
    },
    {
      "playerOne": 14,
      "playerTwo": 25,
      "winPercentage": 14.214
    },
    {
      "playerOne": 14,
      "playerTwo": 26,
      "winPercentage": 32.195
    },
    {
      "playerOne": 14,
      "playerTwo": 27,
      "winPercentage": 7.311
    },
    {
      "playerOne": 14,
      "playerTwo": 28,
      "winPercentage": 22.307
    },
    {
      "playerOne": 14,
      "playerTwo": 29,
      "winPercentage": 54.484
    },
    {
      "playerOne": 14,
      "playerTwo": 30,
      "winPercentage": 44.678
    },
    {
      "playerOne": 14,
      "playerTwo": 31,
      "winPercentage": 11.93
    },
    {
      "playerOne": 14,
      "playerTwo": 32,
      "winPercentage": 90.066
    },
    {
      "playerOne": 14,
      "playerTwo": 33,
      "winPercentage": 93.705
    },
    {
      "playerOne": 14,
      "playerTwo": 34,
      "winPercentage": 62.32
    },
    {
      "playerOne": 14,
      "playerTwo": 35,
      "winPercentage": 43.901
    },
    {
      "playerOne": 14,
      "playerTwo": 36,
      "winPercentage": 93.065
    },
    {
      "playerOne": 14,
      "playerTwo": 37,
      "winPercentage": 76.978
    },
    {
      "playerOne": 14,
      "playerTwo": 38,
      "winPercentage": 88.795
    },
    {
      "playerOne": 14,
      "playerTwo": 39,
      "winPercentage": 23.137
    },
    {
      "playerOne": 15,
      "playerTwo": 16,
      "winPercentage": 97.87
    },
    {
      "playerOne": 15,
      "playerTwo": 17,
      "winPercentage": 10.016
    },
    {
      "playerOne": 15,
      "playerTwo": 18,
      "winPercentage": 36.645
    },
    {
      "playerOne": 15,
      "playerTwo": 19,
      "winPercentage": 86.46
    },
    {
      "playerOne": 15,
      "playerTwo": 20,
      "winPercentage": 75.948
    },
    {
      "playerOne": 15,
      "playerTwo": 21,
      "winPercentage": 39.437
    },
    {
      "playerOne": 15,
      "playerTwo": 22,
      "winPercentage": 92.585
    },
    {
      "playerOne": 15,
      "playerTwo": 23,
      "winPercentage": 14.518
    },
    {
      "playerOne": 15,
      "playerTwo": 24,
      "winPercentage": 0.343
    },
    {
      "playerOne": 15,
      "playerTwo": 25,
      "winPercentage": 74.41
    },
    {
      "playerOne": 15,
      "playerTwo": 26,
      "winPercentage": 17.714
    },
    {
      "playerOne": 15,
      "playerTwo": 27,
      "winPercentage": 35.272
    },
    {
      "playerOne": 15,
      "playerTwo": 28,
      "winPercentage": 51.31
    },
    {
      "playerOne": 15,
      "playerTwo": 29,
      "winPercentage": 3.692
    },
    {
      "playerOne": 15,
      "playerTwo": 30,
      "winPercentage": 89.135
    },
    {
      "playerOne": 15,
      "playerTwo": 31,
      "winPercentage": 75.181
    },
    {
      "playerOne": 15,
      "playerTwo": 32,
      "winPercentage": 20.247
    },
    {
      "playerOne": 15,
      "playerTwo": 33,
      "winPercentage": 51.931
    },
    {
      "playerOne": 15,
      "playerTwo": 34,
      "winPercentage": 94.682
    },
    {
      "playerOne": 15,
      "playerTwo": 35,
      "winPercentage": 32.969
    },
    {
      "playerOne": 15,
      "playerTwo": 36,
      "winPercentage": 54.815
    },
    {
      "playerOne": 15,
      "playerTwo": 37,
      "winPercentage": 53.626
    },
    {
      "playerOne": 15,
      "playerTwo": 38,
      "winPercentage": 46.239
    },
    {
      "playerOne": 15,
      "playerTwo": 39,
      "winPercentage": 71.139
    },
    {
      "playerOne": 16,
      "playerTwo": 17,
      "winPercentage": 30.427
    },
    {
      "playerOne": 16,
      "playerTwo": 18,
      "winPercentage": 3.28
    },
    {
      "playerOne": 16,
      "playerTwo": 19,
      "winPercentage": 55.666
    },
    {
      "playerOne": 16,
      "playerTwo": 20,
      "winPercentage": 49.304
    },
    {
      "playerOne": 16,
      "playerTwo": 21,
      "winPercentage": 83.193
    },
    {
      "playerOne": 16,
      "playerTwo": 22,
      "winPercentage": 14.283
    },
    {
      "playerOne": 16,
      "playerTwo": 23,
      "winPercentage": 83.291
    },
    {
      "playerOne": 16,
      "playerTwo": 24,
      "winPercentage": 21.488
    },
    {
      "playerOne": 16,
      "playerTwo": 25,
      "winPercentage": 61.278
    },
    {
      "playerOne": 16,
      "playerTwo": 26,
      "winPercentage": 20.279
    },
    {
      "playerOne": 16,
      "playerTwo": 27,
      "winPercentage": 69.899
    },
    {
      "playerOne": 16,
      "playerTwo": 28,
      "winPercentage": 35.216
    },
    {
      "playerOne": 16,
      "playerTwo": 29,
      "winPercentage": 3.382
    },
    {
      "playerOne": 16,
      "playerTwo": 30,
      "winPercentage": 58.596
    },
    {
      "playerOne": 16,
      "playerTwo": 31,
      "winPercentage": 43.429
    },
    {
      "playerOne": 16,
      "playerTwo": 32,
      "winPercentage": 57.49
    },
    {
      "playerOne": 16,
      "playerTwo": 33,
      "winPercentage": 98.266
    },
    {
      "playerOne": 16,
      "playerTwo": 34,
      "winPercentage": 58.673
    },
    {
      "playerOne": 16,
      "playerTwo": 35,
      "winPercentage": 75.441
    },
    {
      "playerOne": 16,
      "playerTwo": 36,
      "winPercentage": 85.873
    },
    {
      "playerOne": 16,
      "playerTwo": 37,
      "winPercentage": 60.793
    },
    {
      "playerOne": 16,
      "playerTwo": 38,
      "winPercentage": 14.448
    },
    {
      "playerOne": 16,
      "playerTwo": 39,
      "winPercentage": 13.93
    },
    {
      "playerOne": 17,
      "playerTwo": 18,
      "winPercentage": 82.588
    },
    {
      "playerOne": 17,
      "playerTwo": 19,
      "winPercentage": 19.803
    },
    {
      "playerOne": 17,
      "playerTwo": 20,
      "winPercentage": 41.662
    },
    {
      "playerOne": 17,
      "playerTwo": 21,
      "winPercentage": 72.804
    },
    {
      "playerOne": 17,
      "playerTwo": 22,
      "winPercentage": 75.442
    },
    {
      "playerOne": 17,
      "playerTwo": 23,
      "winPercentage": 54.573
    },
    {
      "playerOne": 17,
      "playerTwo": 24,
      "winPercentage": 19.387
    },
    {
      "playerOne": 17,
      "playerTwo": 25,
      "winPercentage": 18.937
    },
    {
      "playerOne": 17,
      "playerTwo": 26,
      "winPercentage": 9.312
    },
    {
      "playerOne": 17,
      "playerTwo": 27,
      "winPercentage": 51.303
    },
    {
      "playerOne": 17,
      "playerTwo": 28,
      "winPercentage": 53.648
    },
    {
      "playerOne": 17,
      "playerTwo": 29,
      "winPercentage": 93.777
    },
    {
      "playerOne": 17,
      "playerTwo": 30,
      "winPercentage": 5.17
    },
    {
      "playerOne": 17,
      "playerTwo": 31,
      "winPercentage": 8.74
    },
    {
      "playerOne": 17,
      "playerTwo": 32,
      "winPercentage": 60.926
    },
    {
      "playerOne": 17,
      "playerTwo": 33,
      "winPercentage": 83.819
    },
    {
      "playerOne": 17,
      "playerTwo": 34,
      "winPercentage": 31.026
    },
    {
      "playerOne": 17,
      "playerTwo": 35,
      "winPercentage": 28.159
    },
    {
      "playerOne": 17,
      "playerTwo": 36,
      "winPercentage": 93.809
    },
    {
      "playerOne": 17,
      "playerTwo": 37,
      "winPercentage": 84.883
    },
    {
      "playerOne": 17,
      "playerTwo": 38,
      "winPercentage": 34.626
    },
    {
      "playerOne": 17,
      "playerTwo": 39,
      "winPercentage": 95.945
    },
    {
      "playerOne": 18,
      "playerTwo": 19,
      "winPercentage": 1.172
    },
    {
      "playerOne": 18,
      "playerTwo": 20,
      "winPercentage": 71.579
    },
    {
      "playerOne": 18,
      "playerTwo": 21,
      "winPercentage": 51.654
    },
    {
      "playerOne": 18,
      "playerTwo": 22,
      "winPercentage": 39.775
    },
    {
      "playerOne": 18,
      "playerTwo": 23,
      "winPercentage": 78.335
    },
    {
      "playerOne": 18,
      "playerTwo": 24,
      "winPercentage": 87.821
    },
    {
      "playerOne": 18,
      "playerTwo": 25,
      "winPercentage": 79.941
    },
    {
      "playerOne": 18,
      "playerTwo": 26,
      "winPercentage": 0.469
    },
    {
      "playerOne": 18,
      "playerTwo": 27,
      "winPercentage": 46.842
    },
    {
      "playerOne": 18,
      "playerTwo": 28,
      "winPercentage": 37.423
    },
    {
      "playerOne": 18,
      "playerTwo": 29,
      "winPercentage": 15.925
    },
    {
      "playerOne": 18,
      "playerTwo": 30,
      "winPercentage": 89.54
    },
    {
      "playerOne": 18,
      "playerTwo": 31,
      "winPercentage": 93.565
    },
    {
      "playerOne": 18,
      "playerTwo": 32,
      "winPercentage": 78.199
    },
    {
      "playerOne": 18,
      "playerTwo": 33,
      "winPercentage": 60.431
    },
    {
      "playerOne": 18,
      "playerTwo": 34,
      "winPercentage": 56.224
    },
    {
      "playerOne": 18,
      "playerTwo": 35,
      "winPercentage": 74.9
    },
    {
      "playerOne": 18,
      "playerTwo": 36,
      "winPercentage": 9.655
    },
    {
      "playerOne": 18,
      "playerTwo": 37,
      "winPercentage": 81.263
    },
    {
      "playerOne": 18,
      "playerTwo": 38,
      "winPercentage": 96.287
    },
    {
      "playerOne": 18,
      "playerTwo": 39,
      "winPercentage": 17.329
    },
    {
      "playerOne": 19,
      "playerTwo": 20,
      "winPercentage": 88.923
    },
    {
      "playerOne": 19,
      "playerTwo": 21,
      "winPercentage": 5.121
    },
    {
      "playerOne": 19,
      "playerTwo": 22,
      "winPercentage": 5154.2
    },
    {
      "playerOne": 19,
      "playerTwo": 23,
      "winPercentage": 15.778
    },
    {
      "playerOne": 19,
      "playerTwo": 24,
      "winPercentage": 67.189
    },
    {
      "playerOne": 19,
      "playerTwo": 25,
      "winPercentage": 97.865
    },
    {
      "playerOne": 19,
      "playerTwo": 26,
      "winPercentage": 98.136
    },
    {
      "playerOne": 19,
      "playerTwo": 27,
      "winPercentage": 98.083
    },
    {
      "playerOne": 19,
      "playerTwo": 28,
      "winPercentage": 56.513
    },
    {
      "playerOne": 19,
      "playerTwo": 29,
      "winPercentage": 17.786
    },
    {
      "playerOne": 19,
      "playerTwo": 30,
      "winPercentage": 20.582
    },
    {
      "playerOne": 19,
      "playerTwo": 31,
      "winPercentage": 92.809
    },
    {
      "playerOne": 19,
      "playerTwo": 32,
      "winPercentage": 23.94
    },
    {
      "playerOne": 19,
      "playerTwo": 33,
      "winPercentage": 84.828
    },
    {
      "playerOne": 19,
      "playerTwo": 34,
      "winPercentage": 45.407
    },
    {
      "playerOne": 19,
      "playerTwo": 35,
      "winPercentage": 86.763
    },
    {
      "playerOne": 19,
      "playerTwo": 36,
      "winPercentage": 99.746
    },
    {
      "playerOne": 19,
      "playerTwo": 37,
      "winPercentage": 7.542
    },
    {
      "playerOne": 19,
      "playerTwo": 38,
      "winPercentage": 1.308
    },
    {
      "playerOne": 19,
      "playerTwo": 39,
      "winPercentage": 67.259
    },
    {
      "playerOne": 20,
      "playerTwo": 21,
      "winPercentage": 30.399
    },
    {
      "playerOne": 20,
      "playerTwo": 22,
      "winPercentage": 68.076
    },
    {
      "playerOne": 20,
      "playerTwo": 23,
      "winPercentage": 52.528
    },
    {
      "playerOne": 20,
      "playerTwo": 24,
      "winPercentage": 61.4
    },
    {
      "playerOne": 20,
      "playerTwo": 25,
      "winPercentage": 91.882
    },
    {
      "playerOne": 20,
      "playerTwo": 26,
      "winPercentage": 51.356
    },
    {
      "playerOne": 20,
      "playerTwo": 27,
      "winPercentage": 25.985
    },
    {
      "playerOne": 20,
      "playerTwo": 28,
      "winPercentage": 12.262
    },
    {
      "playerOne": 20,
      "playerTwo": 29,
      "winPercentage": 55.596
    },
    {
      "playerOne": 20,
      "playerTwo": 30,
      "winPercentage": 86.033
    },
    {
      "playerOne": 20,
      "playerTwo": 31,
      "winPercentage": 72.234
    },
    {
      "playerOne": 20,
      "playerTwo": 32,
      "winPercentage": 60.359
    },
    {
      "playerOne": 20,
      "playerTwo": 33,
      "winPercentage": 27.647
    },
    {
      "playerOne": 20,
      "playerTwo": 34,
      "winPercentage": 21.019
    },
    {
      "playerOne": 20,
      "playerTwo": 35,
      "winPercentage": 59.163
    },
    {
      "playerOne": 20,
      "playerTwo": 36,
      "winPercentage": 49.053
    },
    {
      "playerOne": 20,
      "playerTwo": 37,
      "winPercentage": 69.309
    },
    {
      "playerOne": 20,
      "playerTwo": 38,
      "winPercentage": 32.602
    },
    {
      "playerOne": 20,
      "playerTwo": 39,
      "winPercentage": 56.534
    },
    {
      "playerOne": 21,
      "playerTwo": 22,
      "winPercentage": 40.305
    },
    {
      "playerOne": 21,
      "playerTwo": 23,
      "winPercentage": 7.153
    },
    {
      "playerOne": 21,
      "playerTwo": 24,
      "winPercentage": 15.395
    },
    {
      "playerOne": 21,
      "playerTwo": 25,
      "winPercentage": 73.718
    },
    {
      "playerOne": 21,
      "playerTwo": 26,
      "winPercentage": 14.876
    },
    {
      "playerOne": 21,
      "playerTwo": 27,
      "winPercentage": 88.724
    },
    {
      "playerOne": 21,
      "playerTwo": 28,
      "winPercentage": 79.473
    },
    {
      "playerOne": 21,
      "playerTwo": 29,
      "winPercentage": 44.379
    },
    {
      "playerOne": 21,
      "playerTwo": 30,
      "winPercentage": 45.875
    },
    {
      "playerOne": 21,
      "playerTwo": 31,
      "winPercentage": 98.541
    },
    {
      "playerOne": 21,
      "playerTwo": 32,
      "winPercentage": 99.544
    },
    {
      "playerOne": 21,
      "playerTwo": 33,
      "winPercentage": 89.483
    },
    {
      "playerOne": 21,
      "playerTwo": 34,
      "winPercentage": 98.038
    },
    {
      "playerOne": 21,
      "playerTwo": 35,
      "winPercentage": 34.046
    },
    {
      "playerOne": 21,
      "playerTwo": 36,
      "winPercentage": 27.636
    },
    {
      "playerOne": 21,
      "playerTwo": 37,
      "winPercentage": 94.137
    },
    {
      "playerOne": 21,
      "playerTwo": 38,
      "winPercentage": 86.906
    },
    {
      "playerOne": 21,
      "playerTwo": 39,
      "winPercentage": 17.28
    },
    {
      "playerOne": 22,
      "playerTwo": 23,
      "winPercentage": 18.766
    },
    {
      "playerOne": 22,
      "playerTwo": 24,
      "winPercentage": 96.26
    },
    {
      "playerOne": 22,
      "playerTwo": 25,
      "winPercentage": 77.376
    },
    {
      "playerOne": 22,
      "playerTwo": 26,
      "winPercentage": 71.453
    },
    {
      "playerOne": 22,
      "playerTwo": 27,
      "winPercentage": 36.976
    },
    {
      "playerOne": 22,
      "playerTwo": 28,
      "winPercentage": 82.198
    },
    {
      "playerOne": 22,
      "playerTwo": 29,
      "winPercentage": 48.273
    },
    {
      "playerOne": 22,
      "playerTwo": 30,
      "winPercentage": 17.502
    },
    {
      "playerOne": 22,
      "playerTwo": 31,
      "winPercentage": 71.441
    },
    {
      "playerOne": 22,
      "playerTwo": 32,
      "winPercentage": 44.943
    },
    {
      "playerOne": 22,
      "playerTwo": 33,
      "winPercentage": 32.991
    },
    {
      "playerOne": 22,
      "playerTwo": 34,
      "winPercentage": 98.427
    },
    {
      "playerOne": 22,
      "playerTwo": 35,
      "winPercentage": 24.326
    },
    {
      "playerOne": 22,
      "playerTwo": 36,
      "winPercentage": 8.35
    },
    {
      "playerOne": 22,
      "playerTwo": 37,
      "winPercentage": 81.262
    },
    {
      "playerOne": 22,
      "playerTwo": 38,
      "winPercentage": 97.233
    },
    {
      "playerOne": 22,
      "playerTwo": 39,
      "winPercentage": 2.264
    },
    {
      "playerOne": 23,
      "playerTwo": 24,
      "winPercentage": 2.256
    },
    {
      "playerOne": 23,
      "playerTwo": 25,
      "winPercentage": 67.606
    },
    {
      "playerOne": 23,
      "playerTwo": 26,
      "winPercentage": 88.881
    },
    {
      "playerOne": 23,
      "playerTwo": 27,
      "winPercentage": 44.663
    },
    {
      "playerOne": 23,
      "playerTwo": 28,
      "winPercentage": 22.919
    },
    {
      "playerOne": 23,
      "playerTwo": 29,
      "winPercentage": 65.347
    },
    {
      "playerOne": 23,
      "playerTwo": 30,
      "winPercentage": 84.893
    },
    {
      "playerOne": 23,
      "playerTwo": 31,
      "winPercentage": 16.482
    },
    {
      "playerOne": 23,
      "playerTwo": 32,
      "winPercentage": 77.656
    },
    {
      "playerOne": 23,
      "playerTwo": 33,
      "winPercentage": 68.011
    },
    {
      "playerOne": 23,
      "playerTwo": 34,
      "winPercentage": 39.605
    },
    {
      "playerOne": 23,
      "playerTwo": 35,
      "winPercentage": 64.93
    },
    {
      "playerOne": 23,
      "playerTwo": 36,
      "winPercentage": 25.847
    },
    {
      "playerOne": 23,
      "playerTwo": 37,
      "winPercentage": 86.277
    },
    {
      "playerOne": 23,
      "playerTwo": 38,
      "winPercentage": 22.357
    },
    {
      "playerOne": 23,
      "playerTwo": 39,
      "winPercentage": 50.776
    },
    {
      "playerOne": 24,
      "playerTwo": 25,
      "winPercentage": 32.412
    },
    {
      "playerOne": 24,
      "playerTwo": 26,
      "winPercentage": 96.344
    },
    {
      "playerOne": 24,
      "playerTwo": 27,
      "winPercentage": 96.414
    },
    {
      "playerOne": 24,
      "playerTwo": 28,
      "winPercentage": 2.417
    },
    {
      "playerOne": 24,
      "playerTwo": 29,
      "winPercentage": 55.48
    },
    {
      "playerOne": 24,
      "playerTwo": 30,
      "winPercentage": 92.182
    },
    {
      "playerOne": 24,
      "playerTwo": 31,
      "winPercentage": 9.997
    },
    {
      "playerOne": 24,
      "playerTwo": 32,
      "winPercentage": 95.206
    },
    {
      "playerOne": 24,
      "playerTwo": 33,
      "winPercentage": 56.2
    },
    {
      "playerOne": 24,
      "playerTwo": 34,
      "winPercentage": 88.299
    },
    {
      "playerOne": 24,
      "playerTwo": 35,
      "winPercentage": 74.893
    },
    {
      "playerOne": 24,
      "playerTwo": 36,
      "winPercentage": 34.643
    },
    {
      "playerOne": 24,
      "playerTwo": 37,
      "winPercentage": 14.984
    },
    {
      "playerOne": 24,
      "playerTwo": 38,
      "winPercentage": 97.291
    },
    {
      "playerOne": 24,
      "playerTwo": 39,
      "winPercentage": 56.454
    },
    {
      "playerOne": 25,
      "playerTwo": 26,
      "winPercentage": 66.372
    },
    {
      "playerOne": 25,
      "playerTwo": 27,
      "winPercentage": 6.234
    },
    {
      "playerOne": 25,
      "playerTwo": 28,
      "winPercentage": 91.057
    },
    {
      "playerOne": 25,
      "playerTwo": 29,
      "winPercentage": 8.426
    },
    {
      "playerOne": 25,
      "playerTwo": 30,
      "winPercentage": 65.948
    },
    {
      "playerOne": 25,
      "playerTwo": 31,
      "winPercentage": 63.441
    },
    {
      "playerOne": 25,
      "playerTwo": 32,
      "winPercentage": 71.629
    },
    {
      "playerOne": 25,
      "playerTwo": 33,
      "winPercentage": 14.775
    },
    {
      "playerOne": 25,
      "playerTwo": 34,
      "winPercentage": 61.089
    },
    {
      "playerOne": 25,
      "playerTwo": 35,
      "winPercentage": 77.056
    },
    {
      "playerOne": 25,
      "playerTwo": 36,
      "winPercentage": 31.031
    },
    {
      "playerOne": 25,
      "playerTwo": 37,
      "winPercentage": 50.819
    },
    {
      "playerOne": 25,
      "playerTwo": 38,
      "winPercentage": 78.944
    },
    {
      "playerOne": 25,
      "playerTwo": 39,
      "winPercentage": 14.225
    },
    {
      "playerOne": 26,
      "playerTwo": 27,
      "winPercentage": 12.353
    },
    {
      "playerOne": 26,
      "playerTwo": 28,
      "winPercentage": 48.694
    },
    {
      "playerOne": 26,
      "playerTwo": 29,
      "winPercentage": 17.253
    },
    {
      "playerOne": 26,
      "playerTwo": 30,
      "winPercentage": 29.375
    },
    {
      "playerOne": 26,
      "playerTwo": 31,
      "winPercentage": 34.272
    },
    {
      "playerOne": 26,
      "playerTwo": 32,
      "winPercentage": 41.363
    },
    {
      "playerOne": 26,
      "playerTwo": 33,
      "winPercentage": 54.212
    },
    {
      "playerOne": 26,
      "playerTwo": 34,
      "winPercentage": 94.569
    },
    {
      "playerOne": 26,
      "playerTwo": 35,
      "winPercentage": 70.818
    },
    {
      "playerOne": 26,
      "playerTwo": 36,
      "winPercentage": 7.331
    },
    {
      "playerOne": 26,
      "playerTwo": 37,
      "winPercentage": 65.118
    },
    {
      "playerOne": 26,
      "playerTwo": 38,
      "winPercentage": 57.614
    },
    {
      "playerOne": 26,
      "playerTwo": 39,
      "winPercentage": 99.207
    },
    {
      "playerOne": 27,
      "playerTwo": 28,
      "winPercentage": 68.336
    },
    {
      "playerOne": 27,
      "playerTwo": 29,
      "winPercentage": 74.126
    },
    {
      "playerOne": 27,
      "playerTwo": 30,
      "winPercentage": 77.889
    },
    {
      "playerOne": 27,
      "playerTwo": 31,
      "winPercentage": 70.388
    },
    {
      "playerOne": 27,
      "playerTwo": 32,
      "winPercentage": 90.377
    },
    {
      "playerOne": 27,
      "playerTwo": 33,
      "winPercentage": 45.381
    },
    {
      "playerOne": 27,
      "playerTwo": 34,
      "winPercentage": 9.519
    },
    {
      "playerOne": 27,
      "playerTwo": 35,
      "winPercentage": 25.371
    },
    {
      "playerOne": 27,
      "playerTwo": 36,
      "winPercentage": 85.086
    },
    {
      "playerOne": 27,
      "playerTwo": 37,
      "winPercentage": 3.58
    },
    {
      "playerOne": 27,
      "playerTwo": 38,
      "winPercentage": 38.046
    },
    {
      "playerOne": 27,
      "playerTwo": 39,
      "winPercentage": 55.05
    },
    {
      "playerOne": 28,
      "playerTwo": 29,
      "winPercentage": 20.399
    },
    {
      "playerOne": 28,
      "playerTwo": 30,
      "winPercentage": 89.349
    },
    {
      "playerOne": 28,
      "playerTwo": 31,
      "winPercentage": 69.053
    },
    {
      "playerOne": 28,
      "playerTwo": 32,
      "winPercentage": 78.839
    },
    {
      "playerOne": 28,
      "playerTwo": 33,
      "winPercentage": 29.56
    },
    {
      "playerOne": 28,
      "playerTwo": 34,
      "winPercentage": 55.059
    },
    {
      "playerOne": 28,
      "playerTwo": 35,
      "winPercentage": 41.926
    },
    {
      "playerOne": 28,
      "playerTwo": 36,
      "winPercentage": 64.789
    },
    {
      "playerOne": 28,
      "playerTwo": 37,
      "winPercentage": 5.893
    },
    {
      "playerOne": 28,
      "playerTwo": 38,
      "winPercentage": 54.535
    },
    {
      "playerOne": 28,
      "playerTwo": 39,
      "winPercentage": 60.2
    },
    {
      "playerOne": 29,
      "playerTwo": 30,
      "winPercentage": 10.708
    },
    {
      "playerOne": 29,
      "playerTwo": 31,
      "winPercentage": 26.411
    },
    {
      "playerOne": 29,
      "playerTwo": 32,
      "winPercentage": 67.685
    },
    {
      "playerOne": 29,
      "playerTwo": 33,
      "winPercentage": 38.194
    },
    {
      "playerOne": 29,
      "playerTwo": 34,
      "winPercentage": 16.346
    },
    {
      "playerOne": 29,
      "playerTwo": 35,
      "winPercentage": 54.714
    },
    {
      "playerOne": 29,
      "playerTwo": 36,
      "winPercentage": 98.25
    },
    {
      "playerOne": 29,
      "playerTwo": 37,
      "winPercentage": 0.808
    },
    {
      "playerOne": 29,
      "playerTwo": 38,
      "winPercentage": 14.753
    },
    {
      "playerOne": 29,
      "playerTwo": 39,
      "winPercentage": 78.015
    },
    {
      "playerOne": 30,
      "playerTwo": 31,
      "winPercentage": 96.173
    },
    {
      "playerOne": 30,
      "playerTwo": 32,
      "winPercentage": 81.047
    },
    {
      "playerOne": 30,
      "playerTwo": 33,
      "winPercentage": 73.435
    },
    {
      "playerOne": 30,
      "playerTwo": 34,
      "winPercentage": 75.062
    },
    {
      "playerOne": 30,
      "playerTwo": 35,
      "winPercentage": 43.933
    },
    {
      "playerOne": 30,
      "playerTwo": 36,
      "winPercentage": 35.432
    },
    {
      "playerOne": 30,
      "playerTwo": 37,
      "winPercentage": 35.026
    },
    {
      "playerOne": 30,
      "playerTwo": 38,
      "winPercentage": 97.633
    },
    {
      "playerOne": 30,
      "playerTwo": 39,
      "winPercentage": 98.647
    },
    {
      "playerOne": 31,
      "playerTwo": 32,
      "winPercentage": 16.596
    },
    {
      "playerOne": 31,
      "playerTwo": 33,
      "winPercentage": 59.509
    },
    {
      "playerOne": 31,
      "playerTwo": 34,
      "winPercentage": 9735.6
    },
    {
      "playerOne": 31,
      "playerTwo": 35,
      "winPercentage": 87.926
    },
    {
      "playerOne": 31,
      "playerTwo": 36,
      "winPercentage": 27.548
    },
    {
      "playerOne": 31,
      "playerTwo": 37,
      "winPercentage": 97.717
    },
    {
      "playerOne": 31,
      "playerTwo": 38,
      "winPercentage": 61.418
    },
    {
      "playerOne": 31,
      "playerTwo": 39,
      "winPercentage": 2.358
    },
    {
      "playerOne": 32,
      "playerTwo": 33,
      "winPercentage": 17.397
    },
    {
      "playerOne": 32,
      "playerTwo": 34,
      "winPercentage": 64.731
    },
    {
      "playerOne": 32,
      "playerTwo": 35,
      "winPercentage": 53.682
    },
    {
      "playerOne": 32,
      "playerTwo": 36,
      "winPercentage": 31.776
    },
    {
      "playerOne": 32,
      "playerTwo": 37,
      "winPercentage": 21.044
    },
    {
      "playerOne": 32,
      "playerTwo": 38,
      "winPercentage": 23.796
    },
    {
      "playerOne": 32,
      "playerTwo": 39,
      "winPercentage": 37.819
    },
    {
      "playerOne": 33,
      "playerTwo": 34,
      "winPercentage": 7.55
    },
    {
      "playerOne": 33,
      "playerTwo": 35,
      "winPercentage": 21.635
    },
    {
      "playerOne": 33,
      "playerTwo": 36,
      "winPercentage": 77.314
    },
    {
      "playerOne": 33,
      "playerTwo": 37,
      "winPercentage": 44.534
    },
    {
      "playerOne": 33,
      "playerTwo": 38,
      "winPercentage": 73.706
    },
    {
      "playerOne": 33,
      "playerTwo": 39,
      "winPercentage": 92.344
    },
    {
      "playerOne": 34,
      "playerTwo": 35,
      "winPercentage": 48.544
    },
    {
      "playerOne": 34,
      "playerTwo": 36,
      "winPercentage": 58.153
    },
    {
      "playerOne": 34,
      "playerTwo": 37,
      "winPercentage": 1.283
    },
    {
      "playerOne": 34,
      "playerTwo": 38,
      "winPercentage": 65.472
    },
    {
      "playerOne": 34,
      "playerTwo": 39,
      "winPercentage": 66.564
    },
    {
      "playerOne": 35,
      "playerTwo": 36,
      "winPercentage": 15.36
    },
    {
      "playerOne": 35,
      "playerTwo": 37,
      "winPercentage": 15.65
    },
    {
      "playerOne": 35,
      "playerTwo": 38,
      "winPercentage": 72.387
    },
    {
      "playerOne": 35,
      "playerTwo": 39,
      "winPercentage": 68.1
    },
    {
      "playerOne": 36,
      "playerTwo": 37,
      "winPercentage": 27.364
    },
    {
      "playerOne": 36,
      "playerTwo": 38,
      "winPercentage": 37.36
    },
    {
      "playerOne": 36,
      "playerTwo": 39,
      "winPercentage": 54.611
    },
    {
      "playerOne": 37,
      "playerTwo": 38,
      "winPercentage": 63.587
    },
    {
      "playerOne": 37,
      "playerTwo": 39,
      "winPercentage": 84.112
    },
    {
      "playerOne": 38,
      "playerTwo": 39,
      "winPercentage": 9.125
    }
  ]
}