{
  "Op001": {
    "key": 909,
    "operation": "insert"
  },
  "Op002": {
    "key": 467,
    "operation": "insert"
  },
  "Op003": {
    "key": 3605,
    "operation": "insert"
  },
  "Op004": {
    "key": 3991,
    "operation": "insert"
  },
  "Op005": {
    "key": 3820,
    "operation": "insert"
  },
  "Op006": {
    "key": 181,
    "operation": "insert"
  },
  "Op007": {
    "key": 4805,
    "operation": "insert"
  },
  "Op008": {
    "key": 199,
    "operation": "insert"
  },
  "Op009": {
    "key": 1250,
    "operation": "insert"
  },
  "Op010": {
    "key": 607,
    "operation": "insert"
  },
  "Op011": {
    "key": 1101,
    "operation": "insert"
  },
  "Op012": {
    "key": 4241,
    "operation": "insert"
  },
  "Op013": {
    "key": 241,
    "operation": "insert"
  },
  "Op014": {
    "key": 4873,
    "operation": "insert"
  },
  "Op015": {
    "operation": "removeMin"
  },
  "Op016": {
    "operation": "removeMin"
  },
  "Op017": {
    "operation": "removeMin"
  },
  "Op018": {
    "operation": "removeMin"
  },
  "Op019": {
    "key": 3130,
    "operation": "insert"
  },
  "Op020": {
    "key": 3461,
    "operation": "insert"
  },
  "Op021": {
    "operation": "removeMin"
  },
  "Op022": {
    "operation": "removeMin"
  },
  "Op023": {
    "operation": "removeMin"
  },
  "Op024": {
    "key": 4380,
    "operation": "insert"
  },
  "Op025": {
    "key": 826,
    "operation": "insert"
  },
  "Op026": {
    "operation": "removeMin"
  },
  "Op027": {
    "key": 3754,
    "operation": "insert"
  },
  "Op028": {
    "operation": "removeMin"
  },
  "Op029": {
    "key": 2254,
    "operation": "insert"
  },
  "Op030": {
    "operation": "removeMin"
  },
  "Op031": {
    "key": 1764,
    "operation": "insert"
  },
  "Op032": {
    "operation": "removeMin"
  },
  "Op033": {
    "key": 392,
    "operation": "insert"
  },
  "Op034": {
    "operation": "removeMin"
  },
  "Op035": {
    "key": 981,
    "operation": "insert"
  },
  "Op036": {
    "operation": "removeMin"
  },
  "Op037": {
    "operation": "removeMin"
  },
  "Op038": {
    "key": 195,
    "operation": "insert"
  },
  "Op039": {
    "operation": "removeMin"
  },
  "Op040": {
    "operation": "removeMin"
  },
  "Op041": {
    "key": 624,
    "operation": "insert"
  },
  "Op042": {
    "operation": "removeMin"
  },
  "Op043": {
    "key": 4768,
    "operation": "insert"
  },
  "Op044": {
    "key": 1714,
    "operation": "insert"
  },
  "Op045": {
    "key": 438,
    "operation": "insert"
  },
  "Op046": {
    "operation": "removeMin"
  },
  "Op047": {
    "key": 3837,
    "operation": "insert"
  },
  "Op048": {
    "operation": "removeMin"
  },
  "Op049": {
    "key": 134,
    "operation": "insert"
  },
  "Op050": {
    "key": 39,
    "operation": "insert"
  },
  "Op051": {
    "operation": "removeMin"
  },
  "Op052": {
    "key": 1792,
    "operation": "insert"
  },
  "Op053": {
    "operation": "removeMin"
  },
  "Op054": {
    "key": 3130,
    "operation": "insert"
  },
  "Op055": {
    "key": 4573,
    "operation": "insert"
  },
  "Op056": {
    "operation": "removeMin"
  },
  "Op057": {
    "key": 1128,
    "operation": "insert"
  },
  "Op058": {
    "operation": "removeMin"
  },
  "Op059": {
    "key": 3593,
    "operation": "insert"
  },
  "Op060": {
    "key": 4909,
    "operation": "insert"
  },
  "Op061": {
    "operation": "removeMin"
  },
  "Op062": {
    "key": 4774,
    "operation": "insert"
  },
  "Op063": {
    "operation": "removeMin"
  },
  "Op064": {
    "operation": "removeMin"
  },
  "Op065": {
    "key": 1606,
    "operation": "insert"
  },
  "Op066": {
    "operation": "removeMin"
  },
  "Op067": {
    "key": 2836,
    "operation": "insert"
  },
  "Op068": {
    "operation": "removeMin"
  },
  "Op069": {
    "operation": "removeMin"
  },
  "Op070": {
    "operation": "removeMin"
  },
  "Op071": {
    "operation": "removeMin"
  },
  "Op072": {
    "operation": "removeMin"
  },
  "Op073": {
    "key": 3310,
    "operation": "insert"
  },
  "Op074": {
    "operation": "removeMin"
  },
  "Op075": {
    "key": 4494,
    "operation": "insert"
  },
  "Op076": {
    "key": 3662,
    "operation": "insert"
  },
  "Op077": {
    "operation": "removeMin"
  },
  "Op078": {
    "key": 731,
    "operation": "insert"
  },
  "Op079": {
    "operation": "removeMin"
  },
  "Op080": {
    "operation": "removeMin"
  },
  "Op081": {
    "key": 3954,
    "operation": "insert"
  },
  "Op082": {
    "operation": "removeMin"
  },
  "Op083": {
    "key": 664,
    "operation": "insert"
  },
  "Op084": {
    "key": 977,
    "operation": "insert"
  },
  "Op085": {
    "operation": "removeMin"
  },
  "Op086": {
    "key": 3225,
    "operation": "insert"
  },
  "Op087": {
    "key": 1059,
    "operation": "insert"
  },
  "Op088": {
    "key": 2589,
    "operation": "insert"
  },
  "Op089": {
    "key": 4343,
    "operation": "insert"
  },
  "Op090": {
    "key": 4994,
    "operation": "insert"
  },
  "Op091": {
    "key": 2169,
    "operation": "insert"
  },
  "Op092": {
    "key": 1897,
    "operation": "insert"
  },
  "Op093": {
    "operation": "removeMin"
  },
  "Op094": {
    "key": 1935,
    "operation": "insert"
  },
  "Op095": {
    "key": 4006,
    "operation": "insert"
  },
  "Op096": {
    "operation": "removeMin"
  },
  "Op097": {
    "key": 1655,
    "operation": "insert"
  },
  "Op098": {
    "key": 3055,
    "operation": "insert"
  },
  "Op099": {
    "operation": "removeMin"
  },
  "Op100": {
    "key": 3947,
    "operation": "insert"
  },
  "Op101": {
    "operation": "removeMin"
  },
  "Op102": {
    "key": 4016,
    "operation": "insert"
  },
  "Op103": {
    "key": 3099,
    "operation": "insert"
  },
  "Op104": {
    "operation": "removeMin"
  },
  "Op105": {
    "operation": "removeMin"
  },
  "Op106": {
    "key": 1064,
    "operation": "insert"
  },
  "Op107": {
    "key": 3154,
    "operation": "insert"
  },
  "Op108": {
    "operation": "removeMin"
  },
  "Op109": {
    "operation": "removeMin"
  },
  "Op110": {
    "operation": "removeMin"
  },
  "Op111": {
    "operation": "removeMin"
  },
  "Op112": {
    "operation": "removeMin"
  },
  "Op113": {
    "key": 1480,
    "operation": "insert"
  },
  "Op114": {
    "operation": "removeMin"
  },
  "Op115": {
    "operation": "removeMin"
  },
  "Op116": {
    "operation": "removeMin"
  },
  "Op117": {
    "operation": "removeMin"
  },
  "Op118": {
    "key": 1208,
    "operation": "insert"
  },
  "Op119": {
    "key": 1215,
    "operation": "insert"
  },
  "Op120": {
    "key": 4921,
    "operation": "insert"
  },
  "Op121": {
    "operation": "removeMin"
  },
  "Op122": {
    "operation": "removeMin"
  },
  "Op123": {
    "key": 3533,
    "operation": "insert"
  },
  "Op124": {
    "operation": "removeMin"
  },
  "Op125": {
    "key": 2897,
    "operation": "insert"
  },
  "Op126": {
    "operation": "removeMin"
  },
  "Op127": {
    "operation": "removeMin"
  },
  "Op128": {
    "key": 4553,
    "operation": "insert"
  },
  "Op129": {
    "operation": "removeMin"
  },
  "Op130": {
    "operation": "removeMin"
  },
  "Op131": {
    "operation": "removeMin"
  },
  "Op132": {
    "operation": "removeMin"
  },
  "Op133": {
    "key": 2300,
    "operation": "insert"
  },
  "Op134": {
    "operation": "removeMin"
  },
  "Op135": {
    "key": 2784,
    "operation": "insert"
  },
  "Op136": {
    "operation": "removeMin"
  },
  "Op137": {
    "key": 1840,
    "operation": "insert"
  },
  "Op138": {
    "key": 2887,
    "operation": "insert"
  },
  "Op139": {
    "operation": "removeMin"
  },
  "Op140": {
    "operation": "removeMin"
  },
  "Op141": {
    "key": 2285,
    "operation": "insert"
  },
  "Op142": {
    "operation": "removeMin"
  },
  "Op143": {
    "key": 4820,
    "operation": "insert"
  },
  "Op144": {
    "key": 794,
    "operation": "insert"
  },
  "Op145": {
    "key": 3073,
    "operation": "insert"
  },
  "Op146": {
    "operation": "removeMin"
  },
  "Op147": {
    "key": 3813,
    "operation": "insert"
  },
  "Op148": {
    "operation": "removeMin"
  },
  "Op149": {
    "key": 29,
    "operation": "insert"
  },
  "Op150": {
    "key": 4723,
    "operation": "insert"
  },
  "Op151": {
    "key": 4498,
    "operation": "insert"
  },
  "Op152": {
    "key": 3144,
    "operation": "insert"
  },
  "Op153": {
    "key": 1994,
    "operation": "insert"
  },
  "Op154": {
    "key": 85,
    "operation": "insert"
  },
  "Op155": {
    "operation": "removeMin"
  },
  "Op156": {
    "key": 4056,
    "operation": "insert"
  },
  "Op157": {
    "operation": "removeMin"
  },
  "Op158": {
    "operation": "removeMin"
  },
  "Op159": {
    "key": 2452,
    "operation": "insert"
  },
  "Op160": {
    "operation": "removeMin"
  },
  "Op161": {
    "operation": "removeMin"
  },
  "Op162": {
    "operation": "removeMin"
  },
  "Op163": {
    "operation": "removeMin"
  },
  "Op164": {
    "key": 1217,
    "operation": "insert"
  },
  "Op165": {
    "operation": "removeMin"
  },
  "Op166": {
    "key": 845,
    "operation": "insert"
  },
  "Op167": {
    "key": 4945,
    "operation": "insert"
  },
  "Op168": {
    "key": 285,
    "operation": "insert"
  },
  "Op169": {
    "operation": "removeMin"
  },
  "Op170": {
    "operation": "removeMin"
  },
  "Op171": {
    "key": 1754,
    "operation": "insert"
  },
  "Op172": {
    "operation": "removeMin"
  },
  "Op173": {
    "operation": "removeMin"
  },
  "Op174": {
    "operation": "removeMin"
  },
  "Op175": {
    "operation": "removeMin"
  },
  "Op176": {
    "key": 1344,
    "operation": "insert"
  },
  "Op177": {
    "key": 3090,
    "operation": "insert"
  },
  "Op178": {
    "operation": "removeMin"
  },
  "Op179": {
    "key": 4842,
    "operation": "insert"
  },
  "Op180": {
    "operation": "removeMin"
  },
  "Op181": {
    "operation": "removeMin"
  },
  "Op182": {
    "operation": "removeMin"
  },
  "Op183": {
    "key": 1337,
    "operation": "insert"
  },
  "Op184": {
    "operation": "removeMin"
  },
  "Op185": {
    "key": 3434,
    "operation": "insert"
  },
  "Op186": {
    "key": 2705,
    "operation": "insert"
  },
  "Op187": {
    "operation": "removeMin"
  },
  "Op188": {
    "operation": "removeMin"
  },
  "Op189": {
    "key": 3569,
    "operation": "insert"
  },
  "Op190": {
    "operation": "removeMin"
  },
  "Op191": {
    "key": 3575,
    "operation": "insert"
  },
  "Op192": {
    "key": 765,
    "operation": "insert"
  },
  "Op193": {
    "key": 4590,
    "operation": "insert"
  },
  "Op194": {
    "operation": "removeMin"
  },
  "Op195": {
    "key": 1726,
    "operation": "insert"
  },
  "Op196": {
    "key": 1223,
    "operation": "insert"
  },
  "Op197": {
    "key": 3658,
    "operation": "insert"
  },
  "Op198": {
    "operation": "removeMin"
  },
  "Op199": {
    "operation": "removeMin"
  },
  "Op200": {
    "operation": "removeMin"
  },
  "metadata": {
    "maxHeapSize": 30,
    "numOperations": 200
  }
}
