{
  "metadata": {
    "numPlayers": 40
  },
  "teamStats": [
    {
      "playerOne": 0,
      "playerTwo": 1,
      "winPercentage": 32.272
    },
    {
      "playerOne": 0,
      "playerTwo": 2,
      "winPercentage": 71.724
    },
    {
      "playerOne": 0,
      "playerTwo": 3,
      "winPercentage": 91.728
    },
    {
      "playerOne": 0,
      "playerTwo": 4,
      "winPercentage": 92.075
    },
    {
      "playerOne": 0,
      "playerTwo": 5,
      "winPercentage": 96.46
    },
    {
      "playerOne": 0,
      "playerTwo": 6,
      "winPercentage": 72.396
    },
    {
      "playerOne": 0,
      "playerTwo": 7,
      "winPercentage": 49.804
    },
    {
      "playerOne": 0,
      "playerTwo": 8,
      "winPercentage": 35.492
    },
    {
      "playerOne": 0,
      "playerTwo": 9,
      "winPercentage": 12.152
    },
    {
      "playerOne": 0,
      "playerTwo": 10,
      "winPercentage": 50.305
    },
    {
      "playerOne": 0,
      "playerTwo": 11,
      "winPercentage": 74.491
    },
    {
      "playerOne": 0,
      "playerTwo": 12,
      "winPercentage": 99.24
    },
    {
      "playerOne": 0,
      "playerTwo": 13,
      "winPercentage": 37.323
    },
    {
      "playerOne": 0,
      "playerTwo": 14,
      "winPercentage": 29.825
    },
    {
      "playerOne": 0,
      "playerTwo": 15,
      "winPercentage": 56.598
    },
    {
      "playerOne": 0,
      "playerTwo": 16,
      "winPercentage": 8.629
    },
    {
      "playerOne": 0,
      "playerTwo": 17,
      "winPercentage": 47.689
    },
    {
      "playerOne": 0,
      "playerTwo": 18,
      "winPercentage": 4.97
    },
    {
      "playerOne": 0,
      "playerTwo": 19,
      "winPercentage": 6.209
    },
    {
      "playerOne": 0,
      "playerTwo": 20,
      "winPercentage": 76.298
    },
    {
      "playerOne": 0,
      "playerTwo": 21,
      "winPercentage": 7.321
    },
    {
      "playerOne": 0,
      "playerTwo": 22,
      "winPercentage": 32.716
    },
    {
      "playerOne": 0,
      "playerTwo": 23,
      "winPercentage": 38.368
    },
    {
      "playerOne": 0,
      "playerTwo": 24,
      "winPercentage": 97.126
    },
    {
      "playerOne": 0,
      "playerTwo": 25,
      "winPercentage": 58.545
    },
    {
      "playerOne": 0,
      "playerTwo": 26,
      "winPercentage": 85.869
    },
    {
      "playerOne": 0,
      "playerTwo": 27,
      "winPercentage": 7.227
    },
    {
      "playerOne": 0,
      "playerTwo": 28,
      "winPercentage": 31.557
    },
    {
      "playerOne": 0,
      "playerTwo": 29,
      "winPercentage": 46.442
    },
    {
      "playerOne": 0,
      "playerTwo": 30,
      "winPercentage": 98.331
    },
    {
      "playerOne": 0,
      "playerTwo": 31,
      "winPercentage": 55.135
    },
    {
      "playerOne": 0,
      "playerTwo": 32,
      "winPercentage": 46.283
    },
    {
      "playerOne": 0,
      "playerTwo": 33,
      "winPercentage": 34.969
    },
    {
      "playerOne": 0,
      "playerTwo": 34,
      "winPercentage": 28.099
    },
    {
      "playerOne": 0,
      "playerTwo": 35,
      "winPercentage": 82.006
    },
    {
      "playerOne": 0,
      "playerTwo": 36,
      "winPercentage": 57.795
    },
    {
      "playerOne": 0,
      "playerTwo": 37,
      "winPercentage": 18.59
    },
    {
      "playerOne": 0,
      "playerTwo": 38,
      "winPercentage": 71.129
    },
    {
      "playerOne": 0,
      "playerTwo": 39,
      "winPercentage": 59.488
    },
    {
      "playerOne": 1,
      "playerTwo": 2,
      "winPercentage": 45.67
    },
    {
      "playerOne": 1,
      "playerTwo": 3,
      "winPercentage": 11.794
    },
    {
      "playerOne": 1,
      "playerTwo": 4,
      "winPercentage": 73.402
    },
    {
      "playerOne": 1,
      "playerTwo": 5,
      "winPercentage": 15.718
    },
    {
      "playerOne": 1,
      "playerTwo": 6,
      "winPercentage": 64.162
    },
    {
      "playerOne": 1,
      "playerTwo": 7,
      "winPercentage": 0.936
    },
    {
      "playerOne": 1,
      "playerTwo": 8,
      "winPercentage": 29.605
    },
    {
      "playerOne": 1,
      "playerTwo": 9,
      "winPercentage": 73.154
    },
    {
      "playerOne": 1,
      "playerTwo": 10,
      "winPercentage": 28.702
    },
    {
      "playerOne": 1,
      "playerTwo": 11,
      "winPercentage": 73.499
    },
    {
      "playerOne": 1,
      "playerTwo": 12,
      "winPercentage": 34.684
    },
    {
      "playerOne": 1,
      "playerTwo": 13,
      "winPercentage": 44.979
    },
    {
      "playerOne": 1,
      "playerTwo": 14,
      "winPercentage": 81.102
    },
    {
      "playerOne": 1,
      "playerTwo": 15,
      "winPercentage": 58.292
    },
    {
      "playerOne": 1,
      "playerTwo": 16,
      "winPercentage": 1.52
    },
    {
      "playerOne": 1,
      "playerTwo": 17,
      "winPercentage": 51.777
    },
    {
      "playerOne": 1,
      "playerTwo": 18,
      "winPercentage": 10.964
    },
    {
      "playerOne": 1,
      "playerTwo": 19,
      "winPercentage": 64.908
    },
    {
      "playerOne": 1,
      "playerTwo": 20,
      "winPercentage": 67.042
    },
    {
      "playerOne": 1,
      "playerTwo": 21,
      "winPercentage": 23.152
    },
    {
      "playerOne": 1,
      "playerTwo": 22,
      "winPercentage": 66.221
    },
    {
      "playerOne": 1,
      "playerTwo": 23,
      "winPercentage": 85.177
    },
    {
      "playerOne": 1,
      "playerTwo": 24,
      "winPercentage": 77.696
    },
    {
      "playerOne": 1,
      "playerTwo": 25,
      "winPercentage": 43.499
    },
    {
      "playerOne": 1,
      "playerTwo": 26,
      "winPercentage": 62.226
    },
    {
      "playerOne": 1,
      "playerTwo": 27,
      "winPercentage": 66.563
    },
    {
      "playerOne": 1,
      "playerTwo": 28,
      "winPercentage": 85.77
    },
    {
      "playerOne": 1,
      "playerTwo": 29,
      "winPercentage": 66.323
    },
    {
      "playerOne": 1,
      "playerTwo": 30,
      "winPercentage": 63.113
    },
    {
      "playerOne": 1,
      "playerTwo": 31,
      "winPercentage": 19.78
    },
    {
      "playerOne": 1,
      "playerTwo": 32,
      "winPercentage": 3.461
    },
    {
      "playerOne": 1,
      "playerTwo": 33,
      "winPercentage": 42.59
    },
    {
      "playerOne": 1,
      "playerTwo": 34,
      "winPercentage": 40.593
    },
    {
      "playerOne": 1,
      "playerTwo": 35,
      "winPercentage": 81.901
    },
    {
      "playerOne": 1,
      "playerTwo": 36,
      "winPercentage": 28.631
    },
    {
      "playerOne": 1,
      "playerTwo": 37,
      "winPercentage": 91.8
    },
    {
      "playerOne": 1,
      "playerTwo": 38,
      "winPercentage": 29.57
    },
    {
      "playerOne": 1,
      "playerTwo": 39,
      "winPercentage": 77.393
    },
    {
      "playerOne": 2,
      "playerTwo": 3,
      "winPercentage": 25.507
    },
    {
      "playerOne": 2,
      "playerTwo": 4,
      "winPercentage": 3.196
    },
    {
      "playerOne": 2,
      "playerTwo": 5,
      "winPercentage": 91.538
    },
    {
      "playerOne": 2,
      "playerTwo": 6,
      "winPercentage": 27.008
    },
    {
      "playerOne": 2,
      "playerTwo": 7,
      "winPercentage": 71.214
    },
    {
      "playerOne": 2,
      "playerTwo": 8,
      "winPercentage": 90.596
    },
    {
      "playerOne": 2,
      "playerTwo": 9,
      "winPercentage": 44.326
    },
    {
      "playerOne": 2,
      "playerTwo": 10,
      "winPercentage": 37.242
    },
    {
      "playerOne": 2,
      "playerTwo": 11,
      "winPercentage": 85.623
    },
    {
      "playerOne": 2,
      "playerTwo": 12,
      "winPercentage": 16.442
    },
    {
      "playerOne": 2,
      "playerTwo": 13,
      "winPercentage": 34.54
    },
    {
      "playerOne": 2,
      "playerTwo": 14,
      "winPercentage": 68.034
    },
    {
      "playerOne": 2,
      "playerTwo": 15,
      "winPercentage": 59.74
    },
    {
      "playerOne": 2,
      "playerTwo": 16,
      "winPercentage": 94.956
    },
    {
      "playerOne": 2,
      "playerTwo": 17,
      "winPercentage": 47.241
    },
    {
      "playerOne": 2,
      "playerTwo": 18,
      "winPercentage": 89.389
    },
    {
      "playerOne": 2,
      "playerTwo": 19,
      "winPercentage": 3.925
    },
    {
      "playerOne": 2,
      "playerTwo": 20,
      "winPercentage": 55.964
    },
    {
      "playerOne": 2,
      "playerTwo": 21,
      "winPercentage": 25.229
    },
    {
      "playerOne": 2,
      "playerTwo": 22,
      "winPercentage": 99.761
    },
    {
      "playerOne": 2,
      "playerTwo": 23,
      "winPercentage": 28.779
    },
    {
      "playerOne": 2,
      "playerTwo": 24,
      "winPercentage": 50.363
    },
    {
      "playerOne": 2,
      "playerTwo": 25,
      "winPercentage": 56.035
    },
    {
      "playerOne": 2,
      "playerTwo": 26,
      "winPercentage": 67.007
    },
    {
      "playerOne": 2,
      "playerTwo": 27,
      "winPercentage": 62.633
    },
    {
      "playerOne": 2,
      "playerTwo": 28,
      "winPercentage": 1.232
    },
    {
      "playerOne": 2,
      "playerTwo": 29,
      "winPercentage": 80.56
    },
    {
      "playerOne": 2,
      "playerTwo": 30,
      "winPercentage": 73.218
    },
    {
      "playerOne": 2,
      "playerTwo": 31,
      "winPercentage": 95.32
    },
    {
      "playerOne": 2,
      "playerTwo": 32,
      "winPercentage": 78.943
    },
    {
      "playerOne": 2,
      "playerTwo": 33,
      "winPercentage": 67.248
    },
    {
      "playerOne": 2,
      "playerTwo": 34,
      "winPercentage": 14.42
    },
    {
      "playerOne": 2,
      "playerTwo": 35,
      "winPercentage": 97.069
    },
    {
      "playerOne": 2,
      "playerTwo": 36,
      "winPercentage": 58.99
    },
    {
      "playerOne": 2,
      "playerTwo": 37,
      "winPercentage": 63.051
    },
    {
      "playerOne": 2,
      "playerTwo": 38,
      "winPercentage": 92.077
    },
    {
      "playerOne": 2,
      "playerTwo": 39,
      "winPercentage": 3.95
    },
    {
      "playerOne": 3,
      "playerTwo": 4,
      "winPercentage": 6.386
    },
    {
      "playerOne": 3,
      "playerTwo": 5,
      "winPercentage": 36.783
    },
    {
      "playerOne": 3,
      "playerTwo": 6,
      "winPercentage": 9.633
    },
    {
      "playerOne": 3,
      "playerTwo": 7,
      "winPercentage": 54.813
    },
    {
      "playerOne": 3,
      "playerTwo": 8,
      "winPercentage": 42.461
    },
    {
      "playerOne": 3,
      "playerTwo": 9,
      "winPercentage": 6.474
    },
    {
      "playerOne": 3,
      "playerTwo": 10,
      "winPercentage": 26.219
    },
    {
      "playerOne": 3,
      "playerTwo": 11,
      "winPercentage": 46.341
    },
    {
      "playerOne": 3,
      "playerTwo": 12,
      "winPercentage": 9.799
    },
    {
      "playerOne": 3,
      "playerTwo": 13,
      "winPercentage": 41.105
    },
    {
      "playerOne": 3,
      "playerTwo": 14,
      "winPercentage": 29.001
    },
    {
      "playerOne": 3,
      "playerTwo": 15,
      "winPercentage": 97.715
    },
    {
      "playerOne": 3,
      "playerTwo": 16,
      "winPercentage": 64.807
    },
    {
      "playerOne": 3,
      "playerTwo": 17,
      "winPercentage": 57.837
    },
    {
      "playerOne": 3,
      "playerTwo": 18,
      "winPercentage": 95.942
    },
    {
      "playerOne": 3,
      "playerTwo": 19,
      "winPercentage": 94.432
    },
    {
      "playerOne": 3,
      "playerTwo": 20,
      "winPercentage": 97.99
    },
    {
      "playerOne": 3,
      "playerTwo": 21,
      "winPercentage": 79.388
    },
    {
      "playerOne": 3,
      "playerTwo": 22,
      "winPercentage": 34.239
    },
    {
      "playerOne": 3,
      "playerTwo": 23,
      "winPercentage": 27.911
    },
    {
      "playerOne": 3,
      "playerTwo": 24,
      "winPercentage": 23.441
    },
    {
      "playerOne": 3,
      "playerTwo": 25,
      "winPercentage": 73.563
    },
    {
      "playerOne": 3,
      "playerTwo": 26,
      "winPercentage": 58.955
    },
    {
      "playerOne": 3,
      "playerTwo": 27,
      "winPercentage": 75.456
    },
    {
      "playerOne": 3,
      "playerTwo": 28,
      "winPercentage": 79.678
    },
    {
      "playerOne": 3,
      "playerTwo": 29,
      "winPercentage": 10.434
    },
    {
      "playerOne": 3,
      "playerTwo": 30,
      "winPercentage": 11.703
    },
    {
      "playerOne": 3,
      "playerTwo": 31,
      "winPercentage": 42.603
    },
    {
      "playerOne": 3,
      "playerTwo": 32,
      "winPercentage": 84.432
    },
    {
      "playerOne": 3,
      "playerTwo": 33,
      "winPercentage": 78.576
    },
    {
      "playerOne": 3,
      "playerTwo": 34,
      "winPercentage": 8.478
    },
    {
      "playerOne": 3,
      "playerTwo": 35,
      "winPercentage": 4.517
    },
    {
      "playerOne": 3,
      "playerTwo": 36,
      "winPercentage": 64.921
    },
    {
      "playerOne": 3,
      "playerTwo": 37,
      "winPercentage": 17.299
    },
    {
      "playerOne": 3,
      "playerTwo": 38,
      "winPercentage": 77.705
    },
    {
      "playerOne": 3,
      "playerTwo": 39,
      "winPercentage": 98.315
    },
    {
      "playerOne": 4,
      "playerTwo": 5,
      "winPercentage": 88.467
    },
    {
      "playerOne": 4,
      "playerTwo": 6,
      "winPercentage": 18.396
    },
    {
      "playerOne": 4,
      "playerTwo": 7,
      "winPercentage": 16.027
    },
    {
      "playerOne": 4,
      "playerTwo": 8,
      "winPercentage": 54.943
    },
    {
      "playerOne": 4,
      "playerTwo": 9,
      "winPercentage": 2.855
    },
    {
      "playerOne": 4,
      "playerTwo": 10,
      "winPercentage": 81.098
    },
    {
      "playerOne": 4,
      "playerTwo": 11,
      "winPercentage": 92.513
    },
    {
      "playerOne": 4,
      "playerTwo": 12,
      "winPercentage": 23.097
    },
    {
      "playerOne": 4,
      "playerTwo": 13,
      "winPercentage": 20.331
    },
    {
      "playerOne": 4,
      "playerTwo": 14,
      "winPercentage": 44.17
    },
    {
      "playerOne": 4,
      "playerTwo": 15,
      "winPercentage": 20.047
    },
    {
      "playerOne": 4,
      "playerTwo": 16,
      "winPercentage": 55.081
    },
    {
      "playerOne": 4,
      "playerTwo": 17,
      "winPercentage": 33.777
    },
    {
      "playerOne": 4,
      "playerTwo": 18,
      "winPercentage": 16.819
    },
    {
      "playerOne": 4,
      "playerTwo": 19,
      "winPercentage": 80.486
    },
    {
      "playerOne": 4,
      "playerTwo": 20,
      "winPercentage": 43.291
    },
    {
      "playerOne": 4,
      "playerTwo": 21,
      "winPercentage": 6.178
    },
    {
      "playerOne": 4,
      "playerTwo": 22,
      "winPercentage": 29.24
    },
    {
      "playerOne": 4,
      "playerTwo": 23,
      "winPercentage": 91.553
    },
    {
      "playerOne": 4,
      "playerTwo": 24,
      "winPercentage": 25.091
    },
    {
      "playerOne": 4,
      "playerTwo": 25,
      "winPercentage": 93.779
    },
    {
      "playerOne": 4,
      "playerTwo": 26,
      "winPercentage": 21.235
    },
    {
      "playerOne": 4,
      "playerTwo": 27,
      "winPercentage": 62.676
    },
    {
      "playerOne": 4,
      "playerTwo": 28,
      "winPercentage": 27.696
    },
    {
      "playerOne": 4,
      "playerTwo": 29,
      "winPercentage": 93.89
    },
    {
      "playerOne": 4,
      "playerTwo": 30,
      "winPercentage": 57.128
    },
    {
      "playerOne": 4,
      "playerTwo": 31,
      "winPercentage": 33.667
    },
    {
      "playerOne": 4,
      "playerTwo": 32,
      "winPercentage": 46.545
    },
    {
      "playerOne": 4,
      "playerTwo": 33,
      "winPercentage": 66.255
    },
    {
      "playerOne": 4,
      "playerTwo": 34,
      "winPercentage": 32.69
    },
    {
      "playerOne": 4,
      "playerTwo": 35,
      "winPercentage": 2.771
    },
    {
      "playerOne": 4,
      "playerTwo": 36,
      "winPercentage": 28.129
    },
    {
      "playerOne": 4,
      "playerTwo": 37,
      "winPercentage": 53.025
    },
    {
      "playerOne": 4,
      "playerTwo": 38,
      "winPercentage": 48.825
    },
    {
      "playerOne": 4,
      "playerTwo": 39,
      "winPercentage": 16.731
    },
    {
      "playerOne": 5,
      "playerTwo": 6,
      "winPercentage": 32.838
    },
    {
      "playerOne": 5,
      "playerTwo": 7,
      "winPercentage": 5.631
    },
    {
      "playerOne": 5,
      "playerTwo": 8,
      "winPercentage": 63.687
    },
    {
      "playerOne": 5,
      "playerTwo": 9,
      "winPercentage": 22.04
    },
    {
      "playerOne": 5,
      "playerTwo": 10,
      "winPercentage": 40.28
    },
    {
      "playerOne": 5,
      "playerTwo": 11,
      "winPercentage": 70.393
    },
    {
      "playerOne": 5,
      "playerTwo": 12,
      "winPercentage": 89.009
    },
    {
      "playerOne": 5,
      "playerTwo": 13,
      "winPercentage": 5.627
    },
    {
      "playerOne": 5,
      "playerTwo": 14,
      "winPercentage": 52.551
    },
    {
      "playerOne": 5,
      "playerTwo": 15,
      "winPercentage": 41.912
    },
    {
      "playerOne": 5,
      "playerTwo": 16,
      "winPercentage": 23.122
    },
    {
      "playerOne": 5,
      "playerTwo": 17,
      "winPercentage": 26.856
    },
    {
      "playerOne": 5,
      "playerTwo": 18,
      "winPercentage": 85.443
    },
    {
      "playerOne": 5,
      "playerTwo": 19,
      "winPercentage": 63.869
    },
    {
      "playerOne": 5,
      "playerTwo": 20,
      "winPercentage": 3.374
    },
    {
      "playerOne": 5,
      "playerTwo": 21,
      "winPercentage": 89.049
    },
    {
      "playerOne": 5,
      "playerTwo": 22,
      "winPercentage": 49.219
    },
    {
      "playerOne": 5,
      "playerTwo": 23,
      "winPercentage": 82.763
    },
    {
      "playerOne": 5,
      "playerTwo": 24,
      "winPercentage": 73.743
    },
    {
      "playerOne": 5,
      "playerTwo": 25,
      "winPercentage": 63.961
    },
    {
      "playerOne": 5,
      "playerTwo": 26,
      "winPercentage": 42.279
    },
    {
      "playerOne": 5,
      "playerTwo": 27,
      "winPercentage": 20.659
    },
    {
      "playerOne": 5,
      "playerTwo": 28,
      "winPercentage": 49.459
    },
    {
      "playerOne": 5,
      "playerTwo": 29,
      "winPercentage": 36.383
    },
    {
      "playerOne": 5,
      "playerTwo": 30,
      "winPercentage": 8405.0
    },
    {
      "playerOne": 5,
      "playerTwo": 31,
      "winPercentage": 7.547
    },
    {
      "playerOne": 5,
      "playerTwo": 32,
      "winPercentage": 65.585
    },
    {
      "playerOne": 5,
      "playerTwo": 33,
      "winPercentage": 78.173
    },
    {
      "playerOne": 5,
      "playerTwo": 34,
      "winPercentage": 35.189
    },
    {
      "playerOne": 5,
      "playerTwo": 35,
      "winPercentage": 49.994
    },
    {
      "playerOne": 5,
      "playerTwo": 36,
      "winPercentage": 83.183
    },
    {
      "playerOne": 5,
      "playerTwo": 37,
      "winPercentage": 80.018
    },
    {
      "playerOne": 5,
      "playerTwo": 38,
      "winPercentage": 15.349
    },
    {
      "playerOne": 5,
      "playerTwo": 39,
      "winPercentage": 25.353
    },
    {
      "playerOne": 6,
      "playerTwo": 7,
      "winPercentage": 83.226
    },
    {
      "playerOne": 6,
      "playerTwo": 8,
      "winPercentage": 38.949
    },
    {
      "playerOne": 6,
      "playerTwo": 9,
      "winPercentage": 59.186
    },
    {
      "playerOne": 6,
      "playerTwo": 10,
      "winPercentage": 20.349
    },
    {
      "playerOne": 6,
      "playerTwo": 11,
      "winPercentage": 53.813
    },
    {
      "playerOne": 6,
      "playerTwo": 12,
      "winPercentage": 7.594
    },
    {
      "playerOne": 6,
      "playerTwo": 13,
      "winPercentage": 93.205
    },
    {
      "playerOne": 6,
      "playerTwo": 14,
      "winPercentage": 98.342
    },
    {
      "playerOne": 6,
      "playerTwo": 15,
      "winPercentage": 14.467
    },
    {
      "playerOne": 6,
      "playerTwo": 16,
      "winPercentage": 68.027
    },
    {
      "playerOne": 6,
      "playerTwo": 17,
      "winPercentage": 65.972
    },
    {
      "playerOne": 6,
      "playerTwo": 18,
      "winPercentage": 25.656
    },
    {
      "playerOne": 6,
      "playerTwo": 19,
      "winPercentage": 70.178
    },
    {
      "playerOne": 6,
      "playerTwo": 20,
      "winPercentage": 65.726
    },
    {
      "playerOne": 6,
      "playerTwo": 21,
      "winPercentage": 90.234
    },
    {
      "playerOne": 6,
      "playerTwo": 22,
      "winPercentage": 5.141
    },
    {
      "playerOne": 6,
      "playerTwo": 23,
      "winPercentage": 89.959
    },
    {
      "playerOne": 6,
      "playerTwo": 24,
      "winPercentage": 36.879
    },
    {
      "playerOne": 6,
      "playerTwo": 25,
      "winPercentage": 19.688
    },
    {
      "playerOne": 6,
      "playerTwo": 26,
      "winPercentage": 49.437
    },
    {
      "playerOne": 6,
      "playerTwo": 27,
      "winPercentage": 37.665
    },
    {
      "playerOne": 6,
      "playerTwo": 28,
      "winPercentage": 21.594
    },
    {
      "playerOne": 6,
      "playerTwo": 29,
      "winPercentage": 67.587
    },
    {
      "playerOne": 6,
      "playerTwo": 30,
      "winPercentage": 67.973
    },
    {
      "playerOne": 6,
      "playerTwo": 31,
      "winPercentage": 59.644
    },
    {
      "playerOne": 6,
      "playerTwo": 32,
      "winPercentage": 60.456
    },
    {
      "playerOne": 6,
      "playerTwo": 33,
      "winPercentage": 88.198
    },
    {
      "playerOne": 6,
      "playerTwo": 34,
      "winPercentage": 59.125
    },
    {
      "playerOne": 6,
      "playerTwo": 35,
      "winPercentage": 80.154
    },
    {
      "playerOne": 6,
      "playerTwo": 36,
      "winPercentage": 29.67
    },
    {
      "playerOne": 6,
      "playerTwo": 37,
      "winPercentage": 62.843
    },
    {
      "playerOne": 6,
      "playerTwo": 38,
      "winPercentage": 97.223
    },
    {
      "playerOne": 6,
      "playerTwo": 39,
      "winPercentage": 13.811
    },
    {
      "playerOne": 7,
      "playerTwo": 8,
      "winPercentage": 65.493
    },
    {
      "playerOne": 7,
      "playerTwo": 9,
      "winPercentage": 47.695
    },
    {
      "playerOne": 7,
      "playerTwo": 10,
      "winPercentage": 86.999
    },
    {
      "playerOne": 7,
      "playerTwo": 11,
      "winPercentage": 30.533
    },
    {
      "playerOne": 7,
      "playerTwo": 12,
      "winPercentage": 58.274
    },
    {
      "playerOne": 7,
      "playerTwo": 13,
      "winPercentage": 68.757
    },
    {
      "playerOne": 7,
      "playerTwo": 14,
      "winPercentage": 35.783
    },
    {
      "playerOne": 7,
      "playerTwo": 15,
      "winPercentage": 46.075
    },
    {
      "playerOne": 7,
      "playerTwo": 16,
      "winPercentage": 50.126
    },
    {
      "playerOne": 7,
      "playerTwo": 17,
      "winPercentage": 39.025
    },
    {
      "playerOne": 7,
      "playerTwo": 18,
      "winPercentage": 2.272
    },
    {
      "playerOne": 7,
      "playerTwo": 19,
      "winPercentage": 68.771
    },
    {
      "playerOne": 7,
      "playerTwo": 20,
      "winPercentage": 95.965
    },
    {
      "playerOne": 7,
      "playerTwo": 21,
      "winPercentage": 56.987
    },
    {
      "playerOne": 7,
      "playerTwo": 22,
      "winPercentage": 30.873
    },
    {
      "playerOne": 7,
      "playerTwo": 23,
      "winPercentage": 13.071
    },
    {
      "playerOne": 7,
      "playerTwo": 24,
      "winPercentage": 31.271
    },
    {
      "playerOne": 7,
      "playerTwo": 25,
      "winPercentage": 56.378
    },
    {
      "playerOne": 7,
      "playerTwo": 26,
      "winPercentage": 39.718
    },
    {
      "playerOne": 7,
      "playerTwo": 27,
      "winPercentage": 12.022
    },
    {
      "playerOne": 7,
      "playerTwo": 28,
      "winPercentage": 93.356
    },
    {
      "playerOne": 7,
      "playerTwo": 29,
      "winPercentage": 20.038
    },
    {
      "playerOne": 7,
      "playerTwo": 30,
      "winPercentage": 86.006
    },
    {
      "playerOne": 7,
      "playerTwo": 31,
      "winPercentage": 86.667
    },
    {
      "playerOne": 7,
      "playerTwo": 32,
      "winPercentage": 85.779
    },
    {
      "playerOne": 7,
      "playerTwo": 33,
      "winPercentage": 62.054
    },
    {
      "playerOne": 7,
      "playerTwo": 34,
      "winPercentage": 90.632
    },
    {
      "playerOne": 7,
      "playerTwo": 35,
      "winPercentage": 49.298
    },
    {
      "playerOne": 7,
      "playerTwo": 36,
      "winPercentage": 7.773
    },
    {
      "playerOne": 7,
      "playerTwo": 37,
      "winPercentage": 85.515
    },
    {
      "playerOne": 7,
      "playerTwo": 38,
      "winPercentage": 11.63
    },
    {
      "playerOne": 7,
      "playerTwo": 39,
      "winPercentage": 38.236
    },
    {
      "playerOne": 8,
      "playerTwo": 9,
      "winPercentage": 98.369
    },
    {
      "playerOne": 8,
      "playerTwo": 10,
      "winPercentage": 27.444
    },
    {
      "playerOne": 8,
      "playerTwo": 11,
      "winPercentage": 98.528
    },
    {
      "playerOne": 8,
      "playerTwo": 12,
      "winPercentage": 13.147
    },
    {
      "playerOne": 8,
      "playerTwo": 13,
      "winPercentage": 10.776
    },
    {
      "playerOne": 8,
      "playerTwo": 14,
      "winPercentage": 53.652
    },
    {
      "playerOne": 8,
      "playerTwo": 15,
      "winPercentage": 69.606
    },
    {
      "playerOne": 8,
      "playerTwo": 16,
      "winPercentage": 57.011
    },
    {
      "playerOne": 8,
      "playerTwo": 17,
      "winPercentage": 32.234
    },
    {
      "playerOne": 8,
      "playerTwo": 18,
      "winPercentage": 96.581
    },
    {
      "playerOne": 8,
      "playerTwo": 19,
      "winPercentage": 50.332
    },
    {
      "playerOne": 8,
      "playerTwo": 20,
      "winPercentage": 63.018
    },
    {
      "playerOne": 8,
      "playerTwo": 21,
      "winPercentage": 55.341
    },
    {
      "playerOne": 8,
      "playerTwo": 22,
      "winPercentage": 37.6
    },
    {
      "playerOne": 8,
      "playerTwo": 23,
      "winPercentage": 67.789
    },
    {
      "playerOne": 8,
      "playerTwo": 24,
      "winPercentage": 88.205
    },
    {
      "playerOne": 8,
      "playerTwo": 25,
      "winPercentage": 47.39
    },
    {
      "playerOne": 8,
      "playerTwo": 26,
      "winPercentage": 53.69
    },
    {
      "playerOne": 8,
      "playerTwo": 27,
      "winPercentage": 60.902
    },
    {
      "playerOne": 8,
      "playerTwo": 28,
      "winPercentage": 10.12
    },
    {
      "playerOne": 8,
      "playerTwo": 29,
      "winPercentage": 84.965
    },
    {
      "playerOne": 8,
      "playerTwo": 30,
      "winPercentage": 14.58
    },
    {
      "playerOne": 8,
      "playerTwo": 31,
      "winPercentage": 70.486
    },
    {
      "playerOne": 8,
      "playerTwo": 32,
      "winPercentage": 53.669
    },
    {
      "playerOne": 8,
      "playerTwo": 33,
      "winPercentage": 68.039
    },
    {
      "playerOne": 8,
      "playerTwo": 34,
      "winPercentage": 9951.9
    },
    {
      "playerOne": 8,
      "playerTwo": 35,
      "winPercentage": 8.33
    },
    {
      "playerOne": 8,
      "playerTwo": 36,
      "winPercentage": 93.005
    },
    {
      "playerOne": 8,
      "playerTwo": 37,
      "winPercentage": 53.426
    },
    {
      "playerOne": 8,
      "playerTwo": 38,
      "winPercentage": 10.387
    },
    {
      "playerOne": 8,
      "playerTwo": 39,
      "winPercentage": 51.454
    },
    {
      "playerOne": 9,
      "playerTwo": 10,
      "winPercentage": 15.352
    },
    {
      "playerOne": 9,
      "playerTwo": 11,
      "winPercentage": 95.828
    },
    {
      "playerOne": 9,
      "playerTwo": 12,
      "winPercentage": 19.996
    },
    {
      "playerOne": 9,
      "playerTwo": 13,
      "winPercentage": 80.297
    },
    {
      "playerOne": 9,
      "playerTwo": 14,
      "winPercentage": 6.995
    },
    {
      "playerOne": 9,
      "playerTwo": 15,
      "winPercentage": 73.81
    },
    {
      "playerOne": 9,
      "playerTwo": 16,
      "winPercentage": 97.247
    },
    {
      "playerOne": 9,
      "playerTwo": 17,
      "winPercentage": 92.231
    },
    {
      "playerOne": 9,
      "playerTwo": 18,
      "winPercentage": 89.801
    },
    {
      "playerOne": 9,
      "playerTwo": 19,
      "winPercentage": 83.86
    },
    {
      "playerOne": 9,
      "playerTwo": 20,
      "winPercentage": 38.426
    },
    {
      "playerOne": 9,
      "playerTwo": 21,
      "winPercentage": 22.577
    },
    {
      "playerOne": 9,
      "playerTwo": 22,
      "winPercentage": 76.006
    },
    {
      "playerOne": 9,
      "playerTwo": 23,
      "winPercentage": 12.753
    },
    {
      "playerOne": 9,
      "playerTwo": 24,
      "winPercentage": 0.991
    },
    {
      "playerOne": 9,
      "playerTwo": 25,
      "winPercentage": 71.416
    },
    {
      "playerOne": 9,
      "playerTwo": 26,
      "winPercentage": 75.433
    },
    {
      "playerOne": 9,
      "playerTwo": 27,
      "winPercentage": 3.69
    },
    {
      "playerOne": 9,
      "playerTwo": 28,
      "winPercentage": 48.021
    },
    {
      "playerOne": 9,
      "playerTwo": 29,
      "winPercentage": 96.615
    },
    {
      "playerOne": 9,
      "playerTwo": 30,
      "winPercentage": 41.031
    },
    {
      "playerOne": 9,
      "playerTwo": 31,
      "winPercentage": 51.713
    },
    {
      "playerOne": 9,
      "playerTwo": 32,
      "winPercentage": 62.879
    },
    {
      "playerOne": 9,
      "playerTwo": 33,
      "winPercentage": 14.198
    },
    {
      "playerOne": 9,
      "playerTwo": 34,
      "winPercentage": 49.435
    },
    {
      "playerOne": 9,
      "playerTwo": 35,
      "winPercentage": 15.605
    },
    {
      "playerOne": 9,
      "playerTwo": 36,
      "winPercentage": 47.833
    },
    {
      "playerOne": 9,
      "playerTwo": 37,
      "winPercentage": 60.139
    },
    {
      "playerOne": 9,
      "playerTwo": 38,
      "winPercentage": 18.995
    },
    {
      "playerOne": 9,
      "playerTwo": 39,
      "winPercentage": 91.275
    },
    {
      "playerOne": 10,
      "playerTwo": 11,
      "winPercentage": 86.309
    },
    {
      "playerOne": 10,
      "playerTwo": 12,
      "winPercentage": 2.542
    },
    {
      "playerOne": 10,
      "playerTwo": 13,
      "winPercentage": 8.533
    },
    {
      "playerOne": 10,
      "playerTwo": 14,
      "winPercentage": 91.149
    },
    {
      "playerOne": 10,
      "playerTwo": 15,
      "winPercentage": 70.887
    },
    {
      "playerOne": 10,
      "playerTwo": 16,
      "winPercentage": 49.365
    },
    {
      "playerOne": 10,
      "playerTwo": 17,
      "winPercentage": 15.714
    },
    {
      "playerOne": 10,
      "playerTwo": 18,
      "winPercentage": 0.548
    },
    {
      "playerOne": 10,
      "playerTwo": 19,
      "winPercentage": 16.629
    },
    {
      "playerOne": 10,
      "playerTwo": 20,
      "winPercentage": 21.212
    },
    {
      "playerOne": 10,
      "playerTwo": 21,
      "winPercentage": 11.777
    },
    {
      "playerOne": 10,
      "playerTwo": 22,
      "winPercentage": 74.47
    },
    {
      "playerOne": 10,
      "playerTwo": 23,
      "winPercentage": 58.822
    },
    {
      "playerOne": 10,
      "playerTwo": 24,
      "winPercentage": 27.518
    },
    {
      "playerOne": 10,
      "playerTwo": 25,
      "winPercentage": 9.278
    },
    {
      "playerOne": 10,
      "playerTwo": 26,
      "winPercentage": 49.653
    },
    {
      "playerOne": 10,
      "playerTwo": 27,
      "winPercentage": 3.184
    },
    {
      "playerOne": 10,
      "playerTwo": 28,
      "winPercentage": 58.881
    },
    {
      "playerOne": 10,
      "playerTwo": 29,
      "winPercentage": 85.265
    },
    {
      "playerOne": 10,
      "playerTwo": 30,
      "winPercentage": 56.682
    },
    {
      "playerOne": 10,
      "playerTwo": 31,
      "winPercentage": 67.192
    },
    {
      "playerOne": 10,
      "playerTwo": 32,
      "winPercentage": 2.358
    },
    {
      "playerOne": 10,
      "playerTwo": 33,
      "winPercentage": 16.103
    },
    {
      "playerOne": 10,
      "playerTwo": 34,
      "winPercentage": 30.174
    },
    {
      "playerOne": 10,
      "playerTwo": 35,
      "winPercentage": 14.957
    },
    {
      "playerOne": 10,
      "playerTwo": 36,
      "winPercentage": 40.481
    },
    {
      "playerOne": 10,
      "playerTwo": 37,
      "winPercentage": 92.171
    },
    {
      "playerOne": 10,
      "playerTwo": 38,
      "winPercentage": 72.202
    },
    {
      "playerOne": 10,
      "playerTwo": 39,
      "winPercentage": 51.644
    },
    {
      "playerOne": 11,
      "playerTwo": 12,
      "winPercentage": 31.128
    },
    {
      "playerOne": 11,
      "playerTwo": 13,
      "winPercentage": 3.656
    },
    {
      "playerOne": 11,
      "playerTwo": 14,
      "winPercentage": 97.454
    },
    {
      "playerOne": 11,
      "playerTwo": 15,
      "winPercentage": 78.808
    },
    {
      "playerOne": 11,
      "playerTwo": 16,
      "winPercentage": 53.581
    },
    {
      "playerOne": 11,
      "playerTwo": 17,
      "winPercentage": 91.095
    },
    {
      "playerOne": 11,
      "playerTwo": 18,
      "winPercentage": 38.553
    },
    {
      "playerOne": 11,
      "playerTwo": 19,
      "winPercentage": 6.462
    },
    {
      "playerOne": 11,
      "playerTwo": 20,
      "winPercentage": 27.09
    },
    {
      "playerOne": 11,
      "playerTwo": 21,
      "winPercentage": 17.848
    },
    {
      "playerOne": 11,
      "playerTwo": 22,
      "winPercentage": 77.916
    },
    {
      "playerOne": 11,
      "playerTwo": 23,
      "winPercentage": 72.156
    },
    {
      "playerOne": 11,
      "playerTwo": 24,
      "winPercentage": 34.602
    },
    {
      "playerOne": 11,
      "playerTwo": 25,
      "winPercentage": 84.784
    },
    {
      "playerOne": 11,
      "playerTwo": 26,
      "winPercentage": 45.58
    },
    {
      "playerOne": 11,
      "playerTwo": 27,
      "winPercentage": 80.662
    },
    {
      "playerOne": 11,
      "playerTwo": 28,
      "winPercentage": 92.352
    },
    {
      "playerOne": 11,
      "playerTwo": 29,
      "winPercentage": 39.352
    },
    {
      "playerOne": 11,
      "playerTwo": 30,
      "winPercentage": 8.748
    },
    {
      "playerOne": 11,
      "playerTwo": 31,
      "winPercentage": 11.038
    },
    {
      "playerOne": 11,
      "playerTwo": 32,
      "winPercentage": 35.208
    },
    {
      "playerOne": 11,
      "playerTwo": 33,
      "winPercentage": 77.455
    },
    {
      "playerOne": 11,
      "playerTwo": 34,
      "winPercentage": 48.616
    },
    {
      "playerOne": 11,
      "playerTwo": 35,
      "winPercentage": 30.625
    },
    {
      "playerOne": 11,
      "playerTwo": 36,
      "winPercentage": 27.826
    },
    {
      "playerOne": 11,
      "playerTwo": 37,
      "winPercentage": 24.519
    },
    {
      "playerOne": 11,
      "playerTwo": 38,
      "winPercentage": 59.135
    },
    {
      "playerOne": 11,
      "playerTwo": 39,
      "winPercentage": 88.317
    },
    {
      "playerOne": 12,
      "playerTwo": 13,
      "winPercentage": 0.392
    },
    {
      "playerOne": 12,
      "playerTwo": 14,
      "winPercentage": 60.209
    },
    {
      "playerOne": 12,
      "playerTwo": 15,
      "winPercentage": 44.71
    },
    {
      "playerOne": 12,
      "playerTwo": 16,
      "winPercentage": 13.998
    },
    {
      "playerOne": 12,
      "playerTwo": 17,
      "winPercentage": 12.268
    },
    {
      "playerOne": 12,
      "playerTwo": 18,
      "winPercentage": 32.682
    },
    {
      "playerOne": 12,
      "playerTwo": 19,
      "winPercentage": 86.692
    },
    {
      "playerOne": 12,
      "playerTwo": 20,
      "winPercentage": 50.53
    },
    {
      "playerOne": 12,
      "playerTwo": 21,
      "winPercentage": 57.77
    },
    {
      "playerOne": 12,
      "playerTwo": 22,
      "winPercentage": 26.519
    },
    {
      "playerOne": 12,
      "playerTwo": 23,
      "winPercentage": 92.52
    },
    {
      "playerOne": 12,
      "playerTwo": 24,
      "winPercentage": 11.928
    },
    {
      "playerOne": 12,
      "playerTwo": 25,
      "winPercentage": 74.976
    },
    {
      "playerOne": 12,
      "playerTwo": 26,
      "winPercentage": 87.298
    },
    {
      "playerOne": 12,
      "playerTwo": 27,
      "winPercentage": 43.403
    },
    {
      "playerOne": 12,
      "playerTwo": 28,
      "winPercentage": 80.246
    },
    {
      "playerOne": 12,
      "playerTwo": 29,
      "winPercentage": 34.682
    },
    {
      "playerOne": 12,
      "playerTwo": 30,
      "winPercentage": 22.592
    },
    {
      "playerOne": 12,
      "playerTwo": 31,
      "winPercentage": 39.056
    },
    {
      "playerOne": 12,
      "playerTwo": 32,
      "winPercentage": 52.716
    },
    {
      "playerOne": 12,
      "playerTwo": 33,
      "winPercentage": 29.366
    },
    {
      "playerOne": 12,
      "playerTwo": 34,
      "winPercentage": 60.005
    },
    {
      "playerOne": 12,
      "playerTwo": 35,
      "winPercentage": 39.229
    },
    {
      "playerOne": 12,
      "playerTwo": 36,
      "winPercentage": 25.756
    },
    {
      "playerOne": 12,
      "playerTwo": 37,
      "winPercentage": 22.521
    },
    {
      "playerOne": 12,
      "playerTwo": 38,
      "winPercentage": 35.35
    },
    {
      "playerOne": 12,
      "playerTwo": 39,
      "winPercentage": 6.606
    },
    {
      "playerOne": 13,
      "playerTwo": 14,
      "winPercentage": 96.301
    },
    {
      "playerOne": 13,
      "playerTwo": 15,
      "winPercentage": 15.478
    },
    {
      "playerOne": 13,
      "playerTwo": 16,
      "winPercentage": 81.426
    },
    {
      "playerOne": 13,
      "playerTwo": 17,
      "winPercentage": 53.252
    },
    {
      "playerOne": 13,
      "playerTwo": 18,
      "winPercentage": 22.191
    },
    {
      "playerOne": 13,
      "playerTwo": 19,
      "winPercentage": 71.715
    },
    {
      "playerOne": 13,
      "playerTwo": 20,
      "winPercentage": 45.818
    },
    {
      "playerOne": 13,
      "playerTwo": 21,
      "winPercentage": 98.367
    },
    {
      "playerOne": 13,
      "playerTwo": 22,
      "winPercentage": 36.754
    },
    {
      "playerOne": 13,
      "playerTwo": 23,
      "winPercentage": 2.363
    },
    {
      "playerOne": 13,
      "playerTwo": 24,
      "winPercentage": 39.014
    },
    {
      "playerOne": 13,
      "playerTwo": 25,
      "winPercentage": 0.14
    },
    {
      "playerOne": 13,
      "playerTwo": 26,
      "winPercentage": 92.284
    },
    {
      "playerOne": 13,
      "playerTwo": 27,
      "winPercentage": 45.591
    },
    {
      "playerOne": 13,
      "playerTwo": 28,
      "winPercentage": 17.194
    },
    {
      "playerOne": 13,
      "playerTwo": 29,
      "winPercentage": 95.987
    },
    {
      "playerOne": 13,
      "playerTwo": 30,
      "winPercentage": 64.111
    },
    {
      "playerOne": 13,
      "playerTwo": 31,
      "winPercentage": 12.396
    },
    {
      "playerOne": 13,
      "playerTwo": 32,
      "winPercentage": 15.687
    },
    {
      "playerOne": 13,
      "playerTwo": 33,
      "winPercentage": 43.35
    },
    {
      "playerOne": 13,
      "playerTwo": 34,
      "winPercentage": 63.728
    },
    {
      "playerOne": 13,
      "playerTwo": 35,
      "winPercentage": 6.477
    },
    {
      "playerOne": 13,
      "playerTwo": 36,
      "winPercentage": 91.356
    },
    {
      "playerOne": 13,
      "playerTwo": 37,
      "winPercentage": 54.724
    },
    {
      "playerOne": 13,
      "playerTwo": 38,
      "winPercentage": 90.08
    },
    {
      "playerOne": 13,
      "playerTwo": 39,
      "winPercentage": 20.61
    },
    {
      "playerOne": 14,
      "playerTwo": 15,
      "winPercentage": 93.102
    },
    {
      "playerOne": 14,
      "playerTwo": 16,
      "winPercentage": 40.619
    },
    {
      "playerOne": 14,
      "playerTwo": 17,
      "winPercentage": 35.512
    },
    {
      "playerOne": 14,
      "playerTwo": 18,
      "winPercentage": 82.832
    },
    {
      "playerOne": 14,
      "playerTwo": 19,
      "winPercentage": 96.202
    },
    {
      "playerOne": 14,
      "playerTwo": 20,
      "winPercentage": 99.109
    },
    {
      "playerOne": 14,
      "playerTwo": 21,
      "winPercentage": 84.21
    },
    {
      "playerOne": 14,
      "playerTwo": 22,
      "winPercentage": 31.813
    },
    {
      "playerOne": 14,
      "playerTwo": 23,
      "winPercentage": 58.003
    },
    {
      "playerOne": 14,
      "playerTwo": 24,
      "winPercentage": 52.195
    },
    {
      "playerOne": 14,
      "playerTwo": 25,
      "winPercentage": 14.665
    },
    {
      "playerOne": 14,
      "playerTwo": 26,
      "winPercentage": 77.219
    },
    {
      "playerOne": 14,
      "playerTwo": 27,
      "winPercentage": 29.379
    },
    {
      "playerOne": 14,
      "playerTwo": 28,
      "winPercentage": 5.577
    },
    {
      "playerOne": 14,
      "playerTwo": 29,
      "winPercentage": 24.958
    },
    {
      "playerOne": 14,
      "playerTwo": 30,
      "winPercentage": 65.69
    },
    {
      "playerOne": 14,
      "playerTwo": 31,
      "winPercentage": 42.894
    },
    {
      "playerOne": 14,
      "playerTwo": 32,
      "winPercentage": 62.973
    },
    {
      "playerOne": 14,
      "playerTwo": 33,
      "winPercentage": 92.306
    },
    {
      "playerOne": 14,
      "playerTwo": 34,
      "winPercentage": 18.787
    },
    {
      "playerOne": 14,
      "playerTwo": 35,
      "winPercentage": 91.405
    },
    {
      "playerOne": 14,
      "playerTwo": 36,
      "winPercentage": 6.19
    },
    {
      "playerOne": 14,
      "playerTwo": 37,
      "winPercentage": 69.322
    },
    {
      "playerOne": 14,
      "playerTwo": 38,
      "winPercentage": 50.726
    },
    {
      "playerOne": 14,
      "playerTwo": 39,
      "winPercentage": 71.09
    },
    {
      "playerOne": 15,
      "playerTwo": 16,
      "winPercentage": 72.638
    },
    {
      "playerOne": 15,
      "playerTwo": 17,
      "winPercentage": 59.017
    },
    {
      "playerOne": 15,
      "playerTwo": 18,
      "winPercentage": 79.352
    },
    {
      "playerOne": 15,
      "playerTwo": 19,
      "winPercentage": 71.509
    },
    {
      "playerOne": 15,
      "playerTwo": 20,
      "winPercentage": 68.672
    },
    {
      "playerOne": 15,
      "playerTwo": 21,
      "winPercentage": 48.389
    },
    {
      "playerOne": 15,
      "playerTwo": 22,
      "winPercentage": 86.536
    },
    {
      "playerOne": 15,
      "playerTwo": 23,
      "winPercentage": 24.339
    },
    {
      "playerOne": 15,
      "playerTwo": 24,
      "winPercentage": 27.42
    },
    {
      "playerOne": 15,
      "playerTwo": 25,
      "winPercentage": 67.509
    },
    {
      "playerOne": 15,
      "playerTwo": 26,
      "winPercentage": 20.184
    },
    {
      "playerOne": 15,
      "playerTwo": 27,
      "winPercentage": 33.67
    },
    {
      "playerOne": 15,
      "playerTwo": 28,
      "winPercentage": 5330.6
    },
    {
      "playerOne": 15,
      "playerTwo": 29,
      "winPercentage": 73.197
    },
    {
      "playerOne": 15,
      "playerTwo": 30,
      "winPercentage": 73.995
    },
    {
      "playerOne": 15,
      "playerTwo": 31,
      "winPercentage": 57.056
    },
    {
      "playerOne": 15,
      "playerTwo": 32,
      "winPercentage": 50.475
    },
    {
      "playerOne": 15,
      "playerTwo": 33,
      "winPercentage": 34.199
    },
    {
      "playerOne": 15,
      "playerTwo": 34,
      "winPercentage": 14.169
    },
    {
      "playerOne": 15,
      "playerTwo": 35,
      "winPercentage": 84.92
    },
    {
      "playerOne": 15,
      "playerTwo": 36,
      "winPercentage": 71.918
    },
    {
      "playerOne": 15,
      "playerTwo": 37,
      "winPercentage": 84.955
    },
    {
      "playerOne": 15,
      "playerTwo": 38,
      "winPercentage": 23.328
    },
    {
      "playerOne": 15,
      "playerTwo": 39,
      "winPercentage": 7.731
    },
    {
      "playerOne": 16,
      "playerTwo": 17,
      "winPercentage": 98.148
    },
    {
      "playerOne": 16,
      "playerTwo": 18,
      "winPercentage": 83.764
    },
    {
      "playerOne": 16,
      "playerTwo": 19,
      "winPercentage": 94.223
    },
    {
      "playerOne": 16,
      "playerTwo": 20,
      "winPercentage": 36.666
    },
    {
      "playerOne": 16,
      "playerTwo": 21,
      "winPercentage": 97.32
    },
    {
      "playerOne": 16,
      "playerTwo": 22,
      "winPercentage": 82.643
    },
    {
      "playerOne": 16,
      "playerTwo": 23,
      "winPercentage": 40.779
    },
    {
      "playerOne": 16,
      "playerTwo": 24,
      "winPercentage": 79.72
    },
    {
      "playerOne": 16,
      "playerTwo": 25,
      "winPercentage": 36.911
    },
    {
      "playerOne": 16,
      "playerTwo": 26,
      "winPercentage": 32.258
    },
    {
      "playerOne": 16,
      "playerTwo": 27,
      "winPercentage": 58.932
    },
    {
      "playerOne": 16,
      "playerTwo": 28,
      "winPercentage": 35.882
    },
    {
      "playerOne": 16,
      "playerTwo": 29,
      "winPercentage": 5.402
    },
    {
      "playerOne": 16,
      "playerTwo": 30,
      "winPercentage": 43.793
    },
    {
      "playerOne": 16,
      "playerTwo": 31,
      "winPercentage": 58.194
    },
    {
      "playerOne": 16,
      "playerTwo": 32,
      "winPercentage": 13.917
    },
    {
      "playerOne": 16,
      "playerTwo": 33,
      "winPercentage": 89.715
    },
    {
      "playerOne": 16,
      "playerTwo": 34,
      "winPercentage": 84.771
    },
    {
      "playerOne": 16,
      "playerTwo": 35,
      "winPercentage": 95.264
    },
    {
      "playerOne": 16,
      "playerTwo": 36,
      "winPercentage": 60.284
    },
    {
      "playerOne": 16,
      "playerTwo": 37,
      "winPercentage": 24.608
    },
    {
      "playerOne": 16,
      "playerTwo": 38,
      "winPercentage": 15.631
    },
    {
      "playerOne": 16,
      "playerTwo": 39,
      "winPercentage": 47.9
    },
    {
      "playerOne": 17,
      "playerTwo": 18,
      "winPercentage": 33.467
    },
    {
      "playerOne": 17,
      "playerTwo": 19,
      "winPercentage": 25.368
    },
    {
      "playerOne": 17,
      "playerTwo": 20,
      "winPercentage": 71.528
    },
    {
      "playerOne": 17,
      "playerTwo": 21,
      "winPercentage": 24.983
    },
    {
      "playerOne": 17,
      "playerTwo": 22,
      "winPercentage": 36.671
    },
    {
      "playerOne": 17,
      "playerTwo": 23,
      "winPercentage": 40.201
    },
    {
      "playerOne": 17,
      "playerTwo": 24,
      "winPercentage": 30.333
    },
    {
      "playerOne": 17,
      "playerTwo": 25,
      "winPercentage": 57.462
    },
    {
      "playerOne": 17,
      "playerTwo": 26,
      "winPercentage": 87.273
    },
    {
      "playerOne": 17,
      "playerTwo": 27,
      "winPercentage": 4.752
    },
    {
      "playerOne": 17,
      "playerTwo": 28,
      "winPercentage": 18.553
    },
    {
      "playerOne": 17,
      "playerTwo": 29,
      "winPercentage": 26.415
    },
    {
      "playerOne": 17,
      "playerTwo": 30,
      "winPercentage": 80.458
    },
    {
      "playerOne": 17,
      "playerTwo": 31,
      "winPercentage": 58.701
    },
    {
      "playerOne": 17,
      "playerTwo": 32,
      "winPercentage": 39.624
    },
    {
      "playerOne": 17,
      "playerTwo": 33,
      "winPercentage": 10.294
    },
    {
      "playerOne": 17,
      "playerTwo": 34,
      "winPercentage": 52.864
    },
    {
      "playerOne": 17,
      "playerTwo": 35,
      "winPercentage": 55.387
    },
    {
      "playerOne": 17,
      "playerTwo": 36,
      "winPercentage": 77.704
    },
    {
      "playerOne": 17,
      "playerTwo": 37,
      "winPercentage": 25.814
    },
    {
      "playerOne": 17,
      "playerTwo": 38,
      "winPercentage": 36.165
    },
    {
      "playerOne": 17,
      "playerTwo": 39,
      "winPercentage": 41.04
    },
    {
      "playerOne": 18,
      "playerTwo": 19,
      "winPercentage": 59.309
    },
    {
      "playerOne": 18,
      "playerTwo": 20,
      "winPercentage": 44.577
    },
    {
      "playerOne": 18,
      "playerTwo": 21,
      "winPercentage": 6.079
    },
    {
      "playerOne": 18,
      "playerTwo": 22,
      "winPercentage": 74.185
    },
    {
      "playerOne": 18,
      "playerTwo": 23,
      "winPercentage": 7922.8
    },
    {
      "playerOne": 18,
      "playerTwo": 24,
      "winPercentage": 71.154
    },
    {
      "playerOne": 18,
      "playerTwo": 25,
      "winPercentage": 22.018
    },
    {
      "playerOne": 18,
      "playerTwo": 26,
      "winPercentage": 2.735
    },
    {
      "playerOne": 18,
      "playerTwo": 27,
      "winPercentage": 85.38
    },
    {
      "playerOne": 18,
      "playerTwo": 28,
      "winPercentage": 31.096
    },
    {
      "playerOne": 18,
      "playerTwo": 29,
      "winPercentage": 1.715
    },
    {
      "playerOne": 18,
      "playerTwo": 30,
      "winPercentage": 64.677
    },
    {
      "playerOne": 18,
      "playerTwo": 31,
      "winPercentage": 6.842
    },
    {
      "playerOne": 18,
      "playerTwo": 32,
      "winPercentage": 35.321
    },
    {
      "playerOne": 18,
      "playerTwo": 33,
      "winPercentage": 97.898
    },
    {
      "playerOne": 18,
      "playerTwo": 34,
      "winPercentage": 32.964
    },
    {
      "playerOne": 18,
      "playerTwo": 35,
      "winPercentage": 15.566
    },
    {
      "playerOne": 18,
      "playerTwo": 36,
      "winPercentage": 55.333
    },
    {
      "playerOne": 18,
      "playerTwo": 37,
      "winPercentage": 95.549
    },
    {
      "playerOne": 18,
      "playerTwo": 38,
      "winPercentage": 61.56
    },
    {
      "playerOne": 18,
      "playerTwo": 39,
      "winPercentage": 25.426
    },
    {
      "playerOne": 19,
      "playerTwo": 20,
      "winPercentage": 17.258
    },
    {
      "playerOne": 19,
      "playerTwo": 21,
      "winPercentage": 98.821
    },
    {
      "playerOne": 19,
      "playerTwo": 22,
      "winPercentage": 92.03
    },
    {
      "playerOne": 19,
      "playerTwo": 23,
      "winPercentage": 19.191
    },
    {
      "playerOne": 19,
      "playerTwo": 24,
      "winPercentage": 55.881
    },
    {
      "playerOne": 19,
      "playerTwo": 25,
      "winPercentage": 44.228
    },
    {
      "playerOne": 19,
      "playerTwo": 26,
      "winPercentage": 64.386
    },
    {
      "playerOne": 19,
      "playerTwo": 27,
      "winPercentage": 81.863
    },
    {
      "playerOne": 19,
      "playerTwo": 28,
      "winPercentage": 73.725
    },
    {
      "playerOne": 19,
      "playerTwo": 29,
      "winPercentage": 42.397
    },
    {
      "playerOne": 19,
      "playerTwo": 30,
      "winPercentage": 39.911
    },
    {
      "playerOne": 19,
      "playerTwo": 31,
      "winPercentage": 72.728
    },
    {
      "playerOne": 19,
      "playerTwo": 32,
      "winPercentage": 2.05
    },
    {
      "playerOne": 19,
      "playerTwo": 33,
      "winPercentage": 62.13
    },
    {
      "playerOne": 19,
      "playerTwo": 34,
      "winPercentage": 3.229
    },
    {
      "playerOne": 19,
      "playerTwo": 35,
      "winPercentage": 60.256
    },
    {
      "playerOne": 19,
      "playerTwo": 36,
      "winPercentage": 54.936
    },
    {
      "playerOne": 19,
      "playerTwo": 37,
      "winPercentage": 43.522
    },
    {
      "playerOne": 19,
      "playerTwo": 38,
      "winPercentage": 69.219
    },
    {
      "playerOne": 19,
      "playerTwo": 39,
      "winPercentage": 14.106
    },
    {
      "playerOne": 20,
      "playerTwo": 21,
      "winPercentage": 44.491
    },
    {
      "playerOne": 20,
      "playerTwo": 22,
      "winPercentage": 75.886
    },
    {
      "playerOne": 20,
      "playerTwo": 23,
      "winPercentage": 34.56
    },
    {
      "playerOne": 20,
      "playerTwo": 24,
      "winPercentage": 26.213
    },
    {
      "playerOne": 20,
      "playerTwo": 25,
      "winPercentage": 22.768
    },
    {
      "playerOne": 20,
      "playerTwo": 26,
      "winPercentage": 78.111
    },
    {
      "playerOne": 20,
      "playerTwo": 27,
      "winPercentage": 41.764
    },
    {
      "playerOne": 20,
      "playerTwo": 28,
      "winPercentage": 11.432
    },
    {
      "playerOne": 20,
      "playerTwo": 29,
      "winPercentage": 49.924
    },
    {
      "playerOne": 20,
      "playerTwo": 30,
      "winPercentage": 3.203
    },
    {
      "playerOne": 20,
      "playerTwo": 31,
      "winPercentage": 79.436
    },
    {
      "playerOne": 20,
      "playerTwo": 32,
      "winPercentage": 34.914
    },
    {
      "playerOne": 20,
      "playerTwo": 33,
      "winPercentage": 48.78
    },
    {
      "playerOne": 20,
      "playerTwo": 34,
      "winPercentage": 4164.3
    },
    {
      "playerOne": 20,
      "playerTwo": 35,
      "winPercentage": 29.393
    },
    {
      "playerOne": 20,
      "playerTwo": 36,
      "winPercentage": 96.789
    },
    {
      "playerOne": 20,
      "playerTwo": 37,
      "winPercentage": 99.612
    },
    {
      "playerOne": 20,
      "playerTwo": 38,
      "winPercentage": 10.299
    },
    {
      "playerOne": 20,
      "playerTwo": 39,
      "winPercentage": 86.061
    },
    {
      "playerOne": 21,
      "playerTwo": 22,
      "winPercentage": 71.103
    },
    {
      "playerOne": 21,
      "playerTwo": 23,
      "winPercentage": 84.777
    },
    {
      "playerOne": 21,
      "playerTwo": 24,
      "winPercentage": 43.955
    },
    {
      "playerOne": 21,
      "playerTwo": 25,
      "winPercentage": 4.681
    },
    {
      "playerOne": 21,
      "playerTwo": 26,
      "winPercentage": 69.779
    },
    {
      "playerOne": 21,
      "playerTwo": 27,
      "winPercentage": 54.226
    },
    {
      "playerOne": 21,
      "playerTwo": 28,
      "winPercentage": 89.378
    },
    {
      "playerOne": 21,
      "playerTwo": 29,
      "winPercentage": 11.094
    },
    {
      "playerOne": 21,
      "playerTwo": 30,
      "winPercentage": 99.693
    },
    {
      "playerOne": 21,
      "playerTwo": 31,
      "winPercentage": 13.381
    },
    {
      "playerOne": 21,
      "playerTwo": 32,
      "winPercentage": 4.179
    },
    {
      "playerOne": 21,
      "playerTwo": 33,
      "winPercentage": 48.008
    },
    {
      "playerOne": 21,
      "playerTwo": 34,
      "winPercentage": 0.663
    },
    {
      "playerOne": 21,
      "playerTwo": 35,
      "winPercentage": 85.951
    },
    {
      "playerOne": 21,
      "playerTwo": 36,
      "winPercentage": 37.678
    },
    {
      "playerOne": 21,
      "playerTwo": 37,
      "winPercentage": 28.512
    },
    {
      "playerOne": 21,
      "playerTwo": 38,
      "winPercentage": 97.759
    },
    {
      "playerOne": 21,
      "playerTwo": 39,
      "winPercentage": 70.315
    },
    {
      "playerOne": 22,
      "playerTwo": 23,
      "winPercentage": 28.942
    },
    {
      "playerOne": 22,
      "playerTwo": 24,
      "winPercentage": 84.846
    },
    {
      "playerOne": 22,
      "playerTwo": 25,
      "winPercentage": 17.267
    },
    {
      "playerOne": 22,
      "playerTwo": 26,
      "winPercentage": 60.89
    },
    {
      "playerOne": 22,
      "playerTwo": 27,
      "winPercentage": 20.322
    },
    {
      "playerOne": 22,
      "playerTwo": 28,
      "winPercentage": 33.504
    },
    {
      "playerOne": 22,
      "playerTwo": 29,
      "winPercentage": 71.92
    },
    {
      "playerOne": 22,
      "playerTwo": 30,
      "winPercentage": 94.08
    },
    {
      "playerOne": 22,
      "playerTwo": 31,
      "winPercentage": 32.49
    },
    {
      "playerOne": 22,
      "playerTwo": 32,
      "winPercentage": 67.059
    },
    {
      "playerOne": 22,
      "playerTwo": 33,
      "winPercentage": 7.784
    },
    {
      "playerOne": 22,
      "playerTwo": 34,
      "winPercentage": 72.005
    },
    {
      "playerOne": 22,
      "playerTwo": 35,
      "winPercentage": 70.637
    },
    {
      "playerOne": 22,
      "playerTwo": 36,
      "winPercentage": 55.778
    },
    {
      "playerOne": 22,
      "playerTwo": 37,
      "winPercentage": 79.072
    },
    {
      "playerOne": 22,
      "playerTwo": 38,
      "winPercentage": 97.768
    },
    {
      "playerOne": 22,
      "playerTwo": 39,
      "winPercentage": 32.314
    },
    {
      "playerOne": 23,
      "playerTwo": 24,
      "winPercentage": 34.246
    },
    {
      "playerOne": 23,
      "playerTwo": 25,
      "winPercentage": 15.724
    },
    {
      "playerOne": 23,
      "playerTwo": 26,
      "winPercentage": 98.839
    },
    {
      "playerOne": 23,
      "playerTwo": 27,
      "winPercentage": 34.707
    },
    {
      "playerOne": 23,
      "playerTwo": 28,
      "winPercentage": 80.453
    },
    {
      "playerOne": 23,
      "playerTwo": 29,
      "winPercentage": 3.002
    },
    {
      "playerOne": 23,
      "playerTwo": 30,
      "winPercentage": 4.198
    },
    {
      "playerOne": 23,
      "playerTwo": 31,
      "winPercentage": 85.351
    },
    {
      "playerOne": 23,
      "playerTwo": 32,
      "winPercentage": 39.227
    },
    {
      "playerOne": 23,
      "playerTwo": 33,
      "winPercentage": 48.647
    },
    {
      "playerOne": 23,
      "playerTwo": 34,
      "winPercentage": 5.338
    },
    {
      "playerOne": 23,
      "playerTwo": 35,
      "winPercentage": 13.898
    },
    {
      "playerOne": 23,
      "playerTwo": 36,
      "winPercentage": 57.736
    },
    {
      "playerOne": 23,
      "playerTwo": 37,
      "winPercentage": 81.945
    },
    {
      "playerOne": 23,
      "playerTwo": 38,
      "winPercentage": 44.343
    },
    {
      "playerOne": 23,
      "playerTwo": 39,
      "winPercentage": 22.928
    },
    {
      "playerOne": 24,
      "playerTwo": 25,
      "winPercentage": 69.321
    },
    {
      "playerOne": 24,
      "playerTwo": 26,
      "winPercentage": 62.153
    },
    {
      "playerOne": 24,
      "playerTwo": 27,
      "winPercentage": 49.485
    },
    {
      "playerOne": 24,
      "playerTwo": 28,
      "winPercentage": 2.752
    },
    {
      "playerOne": 24,
      "playerTwo": 29,
      "winPercentage": 18.379
    },
    {
      "playerOne": 24,
      "playerTwo": 30,
      "winPercentage": 57.746
    },
    {
      "playerOne": 24,
      "playerTwo": 31,
      "winPercentage": 28.312
    },
    {
      "playerOne": 24,
      "playerTwo": 32,
      "winPercentage": 43.386
    },
    {
      "playerOne": 24,
      "playerTwo": 33,
      "winPercentage": 34.78
    },
    {
      "playerOne": 24,
      "playerTwo": 34,
      "winPercentage": 21.154
    },
    {
      "playerOne": 24,
      "playerTwo": 35,
      "winPercentage": 58.617
    },
    {
      "playerOne": 24,
      "playerTwo": 36,
      "winPercentage": 61.013
    },
    {
      "playerOne": 24,
      "playerTwo": 37,
      "winPercentage": 20.56
    },
    {
      "playerOne": 24,
      "playerTwo": 38,
      "winPercentage": 20.709
    },
    {
      "playerOne": 24,
      "playerTwo": 39,
      "winPercentage": 36.145
    },
    {
      "playerOne": 25,
      "playerTwo": 26,
      "winPercentage": 90.349
    },
    {
      "playerOne": 25,
      "playerTwo": 27,
      "winPercentage": 93.551
    },
    {
      "playerOne": 25,
      "playerTwo": 28,
      "winPercentage": 73.158
    },
    {
      "playerOne": 25,
      "playerTwo": 29,
      "winPercentage": 61.977
    },
    {
      "playerOne": 25,
      "playerTwo": 30,
      "winPercentage": 92.88
    },
    {
      "playerOne": 25,
      "playerTwo": 31,
      "winPercentage": 81.982
    },
    {
      "playerOne": 25,
      "playerTwo": 32,
      "winPercentage": 41.17
    },
    {
      "playerOne": 25,
      "playerTwo": 33,
      "winPercentage": 55.372
    },
    {
      "playerOne": 25,
      "playerTwo": 34,
      "winPercentage": 50.071
    },
    {
      "playerOne": 25,
      "playerTwo": 35,
      "winPercentage": 49.809
    },
    {
      "playerOne": 25,
      "playerTwo": 36,
      "winPercentage": 26.582
    },
    {
      "playerOne": 25,
      "playerTwo": 37,
      "winPercentage": 71.357
    },
    {
      "playerOne": 25,
      "playerTwo": 38,
      "winPercentage": 73.53
    },
    {
      "playerOne": 25,
      "playerTwo": 39,
      "winPercentage": 52.521
    },
    {
      "playerOne": 26,
      "playerTwo": 27,
      "winPercentage": 22.79
    },
    {
      "playerOne": 26,
      "playerTwo": 28,
      "winPercentage": 40.611
    },
    {
      "playerOne": 26,
      "playerTwo": 29,
      "winPercentage": 61.048
    },
    {
      "playerOne": 26,
      "playerTwo": 30,
      "winPercentage": 21.199
    },
    {
      "playerOne": 26,
      "playerTwo": 31,
      "winPercentage": 44.442
    },
    {
      "playerOne": 26,
      "playerTwo": 32,
      "winPercentage": 80.716
    },
    {
      "playerOne": 26,
      "playerTwo": 33,
      "winPercentage": 71.233
    },
    {
      "playerOne": 26,
      "playerTwo": 34,
      "winPercentage": 44.992
    },
    {
      "playerOne": 26,
      "playerTwo": 35,
      "winPercentage": 95.317
    },
    {
      "playerOne": 26,
      "playerTwo": 36,
      "winPercentage": 37.376
    },
    {
      "playerOne": 26,
      "playerTwo": 37,
      "winPercentage": 21.151
    },
    {
      "playerOne": 26,
      "playerTwo": 38,
      "winPercentage": 72.744
    },
    {
      "playerOne": 26,
      "playerTwo": 39,
      "winPercentage": 71.392
    },
    {
      "playerOne": 27,
      "playerTwo": 28,
      "winPercentage": 43.434
    },
    {
      "playerOne": 27,
      "playerTwo": 29,
      "winPercentage": 81.663
    },
    {
      "playerOne": 27,
      "playerTwo": 30,
      "winPercentage": 74.221
    },
    {
      "playerOne": 27,
      "playerTwo": 31,
      "winPercentage": 24.841
    },
    {
      "playerOne": 27,
      "playerTwo": 32,
      "winPercentage": 61.515
    },
    {
      "playerOne": 27,
      "playerTwo": 33,
      "winPercentage": 35.698
    },
    {
      "playerOne": 27,
      "playerTwo": 34,
      "winPercentage": 97.618
    },
    {
      "playerOne": 27,
      "playerTwo": 35,
      "winPercentage": 3.425
    },
    {
      "playerOne": 27,
      "playerTwo": 36,
      "winPercentage": 3.171
    },
    {
      "playerOne": 27,
      "playerTwo": 37,
      "winPercentage": 54.866
    },
    {
      "playerOne": 27,
      "playerTwo": 38,
      "winPercentage": 38.472
    },
    {
      "playerOne": 27,
      "playerTwo": 39,
      "winPercentage": 82.258
    },
    {
      "playerOne": 28,
      "playerTwo": 29,
      "winPercentage": 67.985
    },
    {
      "playerOne": 28,
      "playerTwo": 30,
      "winPercentage": 19.253
    },
    {
      "playerOne": 28,
      "playerTwo": 31,
      "winPercentage": 40.754
    },
    {
      "playerOne": 28,
      "playerTwo": 32,
      "winPercentage": 47.25
    },
    {
      "playerOne": 28,
      "playerTwo": 33,
      "winPercentage": 35.099
    },
    {
      "playerOne": 28,
      "playerTwo": 34,
      "winPercentage": 78.786
    },
    {
      "playerOne": 28,
      "playerTwo": 35,
      "winPercentage": 24.26
    },
    {
      "playerOne": 28,
      "playerTwo": 36,
      "winPercentage": 2.069
    },
    {
      "playerOne": 28,
      "playerTwo": 37,
      "winPercentage": 34.395
    },
    {
      "playerOne": 28,
      "playerTwo": 38,
      "winPercentage": 22.56
    },
    {
      "playerOne": 28,
      "playerTwo": 39,
      "winPercentage": 77.312
    },
    {
      "playerOne": 29,
      "playerTwo": 30,
      "winPercentage": 6.366
    },
    {
      "playerOne": 29,
      "playerTwo": 31,
      "winPercentage": 55.429
    },
    {
      "playerOne": 29,
      "playerTwo": 32,
      "winPercentage": 30.982
    },
    {
      "playerOne": 29,
      "playerTwo": 33,
      "winPercentage": 18.188
    },
    {
      "playerOne": 29,
      "playerTwo": 34,
      "winPercentage": 36.682
    },
    {
      "playerOne": 29,
      "playerTwo": 35,
      "winPercentage": 83.623
    },
    {
      "playerOne": 29,
      "playerTwo": 36,
      "winPercentage": 59.602
    },
    {
      "playerOne": 29,
      "playerTwo": 37,
      "winPercentage": 46.702
    },
    {
      "playerOne": 29,
      "playerTwo": 38,
      "winPercentage": 47.784
    },
    {
      "playerOne": 29,
      "playerTwo": 39,
      "winPercentage": 78.022
    },
    {
      "playerOne": 30,
      "playerTwo": 31,
      "winPercentage": 14.153
    },
    {
      "playerOne": 30,
      "playerTwo": 32,
      "winPercentage": 21.016
    },
    {
      "playerOne": 30,
      "playerTwo": 33,
      "winPercentage": 78.861
    },
    {
      "playerOne": 30,
      "playerTwo": 34,
      "winPercentage": 52.446
    },
    {
      "playerOne": 30,
      "playerTwo": 35,
      "winPercentage": 84.121
    },
    {
      "playerOne": 30,
      "playerTwo": 36,
      "winPercentage": 4.247
    },
    {
      "playerOne": 30,
      "playerTwo": 37,
      "winPercentage": 56.576
    },
    {
      "playerOne": 30,
      "playerTwo": 38,
      "winPercentage": 44.415
    },
    {
      "playerOne": 30,
      "playerTwo": 39,
      "winPercentage": 28.303
    },
    {
      "playerOne": 31,
      "playerTwo": 32,
      "winPercentage": 19.912
    },
    {
      "playerOne": 31,
      "playerTwo": 33,
      "winPercentage": 14.863
    },
    {
      "playerOne": 31,
      "playerTwo": 34,
      "winPercentage": 57.717
    },
    {
      "playerOne": 31,
      "playerTwo": 35,
      "winPercentage": 0.063
    },
    {
      "playerOne": 31,
      "playerTwo": 36,
      "winPercentage": 3.881
    },
    {
      "playerOne": 31,
      "playerTwo": 37,
      "winPercentage": 63.083
    },
    {
      "playerOne": 31,
      "playerTwo": 38,
      "winPercentage": 89.51
    },
    {
      "playerOne": 31,
      "playerTwo": 39,
      "winPercentage": 62.815
    },
    {
      "playerOne": 32,
      "playerTwo": 33,
      "winPercentage": 48.552
    },
    {
      "playerOne": 32,
      "playerTwo": 34,
      "winPercentage": 86.744
    },
    {
      "playerOne": 32,
      "playerTwo": 35,
      "winPercentage": 57.811
    },
    {
      "playerOne": 32,
      "playerTwo": 36,
      "winPercentage": 30.291
    },
    {
      "playerOne": 32,
      "playerTwo": 37,
      "winPercentage": 26.946
    },
    {
      "playerOne": 32,
      "playerTwo": 38,
      "winPercentage": 25.986
    },
    {
      "playerOne": 32,
      "playerTwo": 39,
      "winPercentage": 12.486
    },
    {
      "playerOne": 33,
      "playerTwo": 34,
      "winPercentage": 59.709
    },
    {
      "playerOne": 33,
      "playerTwo": 35,
      "winPercentage": 68.84
    },
    {
      "playerOne": 33,
      "playerTwo": 36,
      "winPercentage": 24.511
    },
    {
      "playerOne": 33,
      "playerTwo": 37,
      "winPercentage": 4.073
    },
    {
      "playerOne": 33,
      "playerTwo": 38,
      "winPercentage": 47.483
    },
    {
      "playerOne": 33,
      "playerTwo": 39,
      "winPercentage": 85.101
    },
    {
      "playerOne": 34,
      "playerTwo": 35,
      "winPercentage": 84.89
    },
    {
      "playerOne": 34,
      "playerTwo": 36,
      "winPercentage": 84.202
    },
    {
      "playerOne": 34,
      "playerTwo": 37,
      "winPercentage": 65.918
    },
    {
      "playerOne": 34,
      "playerTwo": 38,
      "winPercentage": 91.63
    },
    {
      "playerOne": 34,
      "playerTwo": 39,
      "winPercentage": 14.222
    },
    {
      "playerOne": 35,
      "playerTwo": 36,
      "winPercentage": 12.866
    },
    {
      "playerOne": 35,
      "playerTwo": 37,
      "winPercentage": 50.719
    },
    {
      "playerOne": 35,
      "playerTwo": 38,
      "winPercentage": 79.591
    },
    {
      "playerOne": 35,
      "playerTwo": 39,
      "winPercentage": 37.054
    },
    {
      "playerOne": 36,
      "playerTwo": 37,
      "winPercentage": 63.595
    },
    {
      "playerOne": 36,
      "playerTwo": 38,
      "winPercentage": 23.25
    },
    {
      "playerOne": 36,
      "playerTwo": 39,
      "winPercentage": 73.945
    },
    {
      "playerOne": 37,
      "playerTwo": 38,
      "winPercentage": 77.791
    },
    {
      "playerOne": 37,
      "playerTwo": 39,
      "winPercentage": 17.673
    },
    {
      "playerOne": 38,
      "playerTwo": 39,
      "winPercentage": 28.91
    }
  ]
}