{
  "metadata": {
    "numPlayers": 40
  },
  "teamStats": [
    {
      "playerOne": 0,
      "playerTwo": 1,
      "winPercentage": 58.941
    },
    {
      "playerOne": 0,
      "playerTwo": 2,
      "winPercentage": 7.566
    },
    {
      "playerOne": 0,
      "playerTwo": 3,
      "winPercentage": 97.214
    },
    {
      "playerOne": 0,
      "playerTwo": 4,
      "winPercentage": 2.771
    },
    {
      "playerOne": 0,
      "playerTwo": 5,
      "winPercentage": 61.693
    },
    {
      "playerOne": 0,
      "playerTwo": 6,
      "winPercentage": 11.677
    },
    {
      "playerOne": 0,
      "playerTwo": 7,
      "winPercentage": 13.529
    },
    {
      "playerOne": 0,
      "playerTwo": 8,
      "winPercentage": 79.889
    },
    {
      "playerOne": 0,
      "playerTwo": 9,
      "winPercentage": 2.293
    },
    {
      "playerOne": 0,
      "playerTwo": 10,
      "winPercentage": 54.962
    },
    {
      "playerOne": 0,
      "playerTwo": 11,
      "winPercentage": 34.597
    },
    {
      "playerOne": 0,
      "playerTwo": 12,
      "winPercentage": 92.686
    },
    {
      "playerOne": 0,
      "playerTwo": 13,
      "winPercentage": 77.095
    },
    {
      "playerOne": 0,
      "playerTwo": 14,
      "winPercentage": 82.06
    },
    {
      "playerOne": 0,
      "playerTwo": 15,
      "winPercentage": 50.62
    },
    {
      "playerOne": 0,
      "playerTwo": 16,
      "winPercentage": 24.927
    },
    {
      "playerOne": 0,
      "playerTwo": 17,
      "winPercentage": 58.577
    },
    {
      "playerOne": 0,
      "playerTwo": 18,
      "winPercentage": 11.536
    },
    {
      "playerOne": 0,
      "playerTwo": 19,
      "winPercentage": 87.861
    },
    {
      "playerOne": 0,
      "playerTwo": 20,
      "winPercentage": 74.135
    },
    {
      "playerOne": 0,
      "playerTwo": 21,
      "winPercentage": 96.141
    },
    {
      "playerOne": 0,
      "playerTwo": 22,
      "winPercentage": 84.046
    },
    {
      "playerOne": 0,
      "playerTwo": 23,
      "winPercentage": 94.788
    },
    {
      "playerOne": 0,
      "playerTwo": 24,
      "winPercentage": 75.491
    },
    {
      "playerOne": 0,
      "playerTwo": 25,
      "winPercentage": 80.31
    },
    {
      "playerOne": 0,
      "playerTwo": 26,
      "winPercentage": 41.063
    },
    {
      "playerOne": 0,
      "playerTwo": 27,
      "winPercentage": 80.159
    },
    {
      "playerOne": 0,
      "playerTwo": 28,
      "winPercentage": 13.792
    },
    {
      "playerOne": 0,
      "playerTwo": 29,
      "winPercentage": 84.878
    },
    {
      "playerOne": 0,
      "playerTwo": 30,
      "winPercentage": 24.393
    },
    {
      "playerOne": 0,
      "playerTwo": 31,
      "winPercentage": 52.05
    },
    {
      "playerOne": 0,
      "playerTwo": 32,
      "winPercentage": 69.05
    },
    {
      "playerOne": 0,
      "playerTwo": 33,
      "winPercentage": 27.536
    },
    {
      "playerOne": 0,
      "playerTwo": 34,
      "winPercentage": 93.581
    },
    {
      "playerOne": 0,
      "playerTwo": 35,
      "winPercentage": 73.976
    },
    {
      "playerOne": 0,
      "playerTwo": 36,
      "winPercentage": 97.893
    },
    {
      "playerOne": 0,
      "playerTwo": 37,
      "winPercentage": 15.067
    },
    {
      "playerOne": 0,
      "playerTwo": 38,
      "winPercentage": 9.323
    },
    {
      "playerOne": 0,
      "playerTwo": 39,
      "winPercentage": 9.661
    },
    {
      "playerOne": 1,
      "playerTwo": 2,
      "winPercentage": 26.525
    },
    {
      "playerOne": 1,
      "playerTwo": 3,
      "winPercentage": 5.336
    },
    {
      "playerOne": 1,
      "playerTwo": 4,
      "winPercentage": 48.809
    },
    {
      "playerOne": 1,
      "playerTwo": 5,
      "winPercentage": 46.704
    },
    {
      "playerOne": 1,
      "playerTwo": 6,
      "winPercentage": 29.904
    },
    {
      "playerOne": 1,
      "playerTwo": 7,
      "winPercentage": 24.009
    },
    {
      "playerOne": 1,
      "playerTwo": 8,
      "winPercentage": 46.712
    },
    {
      "playerOne": 1,
      "playerTwo": 9,
      "winPercentage": 30.766
    },
    {
      "playerOne": 1,
      "playerTwo": 10,
      "winPercentage": 65.123
    },
    {
      "playerOne": 1,
      "playerTwo": 11,
      "winPercentage": 48.832
    },
    {
      "playerOne": 1,
      "playerTwo": 12,
      "winPercentage": 96.517
    },
    {
      "playerOne": 1,
      "playerTwo": 13,
      "winPercentage": 12.643
    },
    {
      "playerOne": 1,
      "playerTwo": 14,
      "winPercentage": 97.362
    },
    {
      "playerOne": 1,
      "playerTwo": 15,
      "winPercentage": 73.14
    },
    {
      "playerOne": 1,
      "playerTwo": 16,
      "winPercentage": 4.02
    },
    {
      "playerOne": 1,
      "playerTwo": 17,
      "winPercentage": 4.956
    },
    {
      "playerOne": 1,
      "playerTwo": 18,
      "winPercentage": 13.414
    },
    {
      "playerOne": 1,
      "playerTwo": 19,
      "winPercentage": 71.702
    },
    {
      "playerOne": 1,
      "playerTwo": 20,
      "winPercentage": 72.407
    },
    {
      "playerOne": 1,
      "playerTwo": 21,
      "winPercentage": 89.849
    },
    {
      "playerOne": 1,
      "playerTwo": 22,
      "winPercentage": 41.838
    },
    {
      "playerOne": 1,
      "playerTwo": 23,
      "winPercentage": 38.336
    },
    {
      "playerOne": 1,
      "playerTwo": 24,
      "winPercentage": 12.852
    },
    {
      "playerOne": 1,
      "playerTwo": 25,
      "winPercentage": 71.735
    },
    {
      "playerOne": 1,
      "playerTwo": 26,
      "winPercentage": 99.545
    },
    {
      "playerOne": 1,
      "playerTwo": 27,
      "winPercentage": 95.031
    },
    {
      "playerOne": 1,
      "playerTwo": 28,
      "winPercentage": 81.408
    },
    {
      "playerOne": 1,
      "playerTwo": 29,
      "winPercentage": 3.758
    },
    {
      "playerOne": 1,
      "playerTwo": 30,
      "winPercentage": 9.045
    },
    {
      "playerOne": 1,
      "playerTwo": 31,
      "winPercentage": 96.568
    },
    {
      "playerOne": 1,
      "playerTwo": 32,
      "winPercentage": 70.554
    },
    {
      "playerOne": 1,
      "playerTwo": 33,
      "winPercentage": 16.579
    },
    {
      "playerOne": 1,
      "playerTwo": 34,
      "winPercentage": 78.296
    },
    {
      "playerOne": 1,
      "playerTwo": 35,
      "winPercentage": 8.546
    },
    {
      "playerOne": 1,
      "playerTwo": 36,
      "winPercentage": 46.038
    },
    {
      "playerOne": 1,
      "playerTwo": 37,
      "winPercentage": 51.386
    },
    {
      "playerOne": 1,
      "playerTwo": 38,
      "winPercentage": 94.255
    },
    {
      "playerOne": 1,
      "playerTwo": 39,
      "winPercentage": 69.095
    },
    {
      "playerOne": 2,
      "playerTwo": 3,
      "winPercentage": 31.396
    },
    {
      "playerOne": 2,
      "playerTwo": 4,
      "winPercentage": 28.732
    },
    {
      "playerOne": 2,
      "playerTwo": 5,
      "winPercentage": 86.227
    },
    {
      "playerOne": 2,
      "playerTwo": 6,
      "winPercentage": 57.047
    },
    {
      "playerOne": 2,
      "playerTwo": 7,
      "winPercentage": 5.73
    },
    {
      "playerOne": 2,
      "playerTwo": 8,
      "winPercentage": 0.461
    },
    {
      "playerOne": 2,
      "playerTwo": 9,
      "winPercentage": 69.544
    },
    {
      "playerOne": 2,
      "playerTwo": 10,
      "winPercentage": 5.907
    },
    {
      "playerOne": 2,
      "playerTwo": 11,
      "winPercentage": 20.182
    },
    {
      "playerOne": 2,
      "playerTwo": 12,
      "winPercentage": 13.246
    },
    {
      "playerOne": 2,
      "playerTwo": 13,
      "winPercentage": 42.084
    },
    {
      "playerOne": 2,
      "playerTwo": 14,
      "winPercentage": 3.461
    },
    {
      "playerOne": 2,
      "playerTwo": 15,
      "winPercentage": 69.821
    },
    {
      "playerOne": 2,
      "playerTwo": 16,
      "winPercentage": 6.774
    },
    {
      "playerOne": 2,
      "playerTwo": 17,
      "winPercentage": 49.358
    },
    {
      "playerOne": 2,
      "playerTwo": 18,
      "winPercentage": 35.006
    },
    {
      "playerOne": 2,
      "playerTwo": 19,
      "winPercentage": 26.719
    },
    {
      "playerOne": 2,
      "playerTwo": 20,
      "winPercentage": 59.025
    },
    {
      "playerOne": 2,
      "playerTwo": 21,
      "winPercentage": 67.37
    },
    {
      "playerOne": 2,
      "playerTwo": 22,
      "winPercentage": 11.148
    },
    {
      "playerOne": 2,
      "playerTwo": 23,
      "winPercentage": 89.06
    },
    {
      "playerOne": 2,
      "playerTwo": 24,
      "winPercentage": 33.368
    },
    {
      "playerOne": 2,
      "playerTwo": 25,
      "winPercentage": 72.272
    },
    {
      "playerOne": 2,
      "playerTwo": 26,
      "winPercentage": 40.757
    },
    {
      "playerOne": 2,
      "playerTwo": 27,
      "winPercentage": 87.807
    },
    {
      "playerOne": 2,
      "playerTwo": 28,
      "winPercentage": 38.322
    },
    {
      "playerOne": 2,
      "playerTwo": 29,
      "winPercentage": 41.688
    },
    {
      "playerOne": 2,
      "playerTwo": 30,
      "winPercentage": 9.636
    },
    {
      "playerOne": 2,
      "playerTwo": 31,
      "winPercentage": 0.854
    },
    {
      "playerOne": 2,
      "playerTwo": 32,
      "winPercentage": 96.062
    },
    {
      "playerOne": 2,
      "playerTwo": 33,
      "winPercentage": 40.292
    },
    {
      "playerOne": 2,
      "playerTwo": 34,
      "winPercentage": 32.174
    },
    {
      "playerOne": 2,
      "playerTwo": 35,
      "winPercentage": 4.221
    },
    {
      "playerOne": 2,
      "playerTwo": 36,
      "winPercentage": 97.99
    },
    {
      "playerOne": 2,
      "playerTwo": 37,
      "winPercentage": 78.528
    },
    {
      "playerOne": 2,
      "playerTwo": 38,
      "winPercentage": 58.331
    },
    {
      "playerOne": 2,
      "playerTwo": 39,
      "winPercentage": 63.74
    },
    {
      "playerOne": 3,
      "playerTwo": 4,
      "winPercentage": 47.312
    },
    {
      "playerOne": 3,
      "playerTwo": 5,
      "winPercentage": 77.692
    },
    {
      "playerOne": 3,
      "playerTwo": 6,
      "winPercentage": 47.625
    },
    {
      "playerOne": 3,
      "playerTwo": 7,
      "winPercentage": 21.748
    },
    {
      "playerOne": 3,
      "playerTwo": 8,
      "winPercentage": 37.534
    },
    {
      "playerOne": 3,
      "playerTwo": 9,
      "winPercentage": 2.407
    },
    {
      "playerOne": 3,
      "playerTwo": 10,
      "winPercentage": 67.781
    },
    {
      "playerOne": 3,
      "playerTwo": 11,
      "winPercentage": 75.87
    },
    {
      "playerOne": 3,
      "playerTwo": 12,
      "winPercentage": 2.911
    },
    {
      "playerOne": 3,
      "playerTwo": 13,
      "winPercentage": 79.711
    },
    {
      "playerOne": 3,
      "playerTwo": 14,
      "winPercentage": 15.109
    },
    {
      "playerOne": 3,
      "playerTwo": 15,
      "winPercentage": 48.89
    },
    {
      "playerOne": 3,
      "playerTwo": 16,
      "winPercentage": 60.646
    },
    {
      "playerOne": 3,
      "playerTwo": 17,
      "winPercentage": 52.076
    },
    {
      "playerOne": 3,
      "playerTwo": 18,
      "winPercentage": 4.998
    },
    {
      "playerOne": 3,
      "playerTwo": 19,
      "winPercentage": 50.776
    },
    {
      "playerOne": 3,
      "playerTwo": 20,
      "winPercentage": 12.701
    },
    {
      "playerOne": 3,
      "playerTwo": 21,
      "winPercentage": 72.415
    },
    {
      "playerOne": 3,
      "playerTwo": 22,
      "winPercentage": 41.035
    },
    {
      "playerOne": 3,
      "playerTwo": 23,
      "winPercentage": 23.597
    },
    {
      "playerOne": 3,
      "playerTwo": 24,
      "winPercentage": 6.971
    },
    {
      "playerOne": 3,
      "playerTwo": 25,
      "winPercentage": 68.04
    },
    {
      "playerOne": 3,
      "playerTwo": 26,
      "winPercentage": 88.927
    },
    {
      "playerOne": 3,
      "playerTwo": 27,
      "winPercentage": 22.679
    },
    {
      "playerOne": 3,
      "playerTwo": 28,
      "winPercentage": 85.971
    },
    {
      "playerOne": 3,
      "playerTwo": 29,
      "winPercentage": 31.52
    },
    {
      "playerOne": 3,
      "playerTwo": 30,
      "winPercentage": 2.165
    },
    {
      "playerOne": 3,
      "playerTwo": 31,
      "winPercentage": 74.77
    },
    {
      "playerOne": 3,
      "playerTwo": 32,
      "winPercentage": 46.743
    },
    {
      "playerOne": 3,
      "playerTwo": 33,
      "winPercentage": 3.337
    },
    {
      "playerOne": 3,
      "playerTwo": 34,
      "winPercentage": 19.564
    },
    {
      "playerOne": 3,
      "playerTwo": 35,
      "winPercentage": 58.218
    },
    {
      "playerOne": 3,
      "playerTwo": 36,
      "winPercentage": 55.547
    },
    {
      "playerOne": 3,
      "playerTwo": 37,
      "winPercentage": 24.363
    },
    {
      "playerOne": 3,
      "playerTwo": 38,
      "winPercentage": 71.603
    },
    {
      "playerOne": 3,
      "playerTwo": 39,
      "winPercentage": 47.162
    },
    {
      "playerOne": 4,
      "playerTwo": 5,
      "winPercentage": 24.918
    },
    {
      "playerOne": 4,
      "playerTwo": 6,
      "winPercentage": 92.014
    },
    {
      "playerOne": 4,
      "playerTwo": 7,
      "winPercentage": 49.798
    },
    {
      "playerOne": 4,
      "playerTwo": 8,
      "winPercentage": 71.402
    },
    {
      "playerOne": 4,
      "playerTwo": 9,
      "winPercentage": 91.555
    },
    {
      "playerOne": 4,
      "playerTwo": 10,
      "winPercentage": 53.361
    },
    {
      "playerOne": 4,
      "playerTwo": 11,
      "winPercentage": 30.697
    },
    {
      "playerOne": 4,
      "playerTwo": 12,
      "winPercentage": 58.431
    },
    {
      "playerOne": 4,
      "playerTwo": 13,
      "winPercentage": 22.635
    },
    {
      "playerOne": 4,
      "playerTwo": 14,
      "winPercentage": 89.337
    },
    {
      "playerOne": 4,
      "playerTwo": 15,
      "winPercentage": 16.325
    },
    {
      "playerOne": 4,
      "playerTwo": 16,
      "winPercentage": 22.509
    },
    {
      "playerOne": 4,
      "playerTwo": 17,
      "winPercentage": 66.219
    },
    {
      "playerOne": 4,
      "playerTwo": 18,
      "winPercentage": 38.13
    },
    {
      "playerOne": 4,
      "playerTwo": 19,
      "winPercentage": 23.221
    },
    {
      "playerOne": 4,
      "playerTwo": 20,
      "winPercentage": 40.501
    },
    {
      "playerOne": 4,
      "playerTwo": 21,
      "winPercentage": 42.465
    },
    {
      "playerOne": 4,
      "playerTwo": 22,
      "winPercentage": 86.374
    },
    {
      "playerOne": 4,
      "playerTwo": 23,
      "winPercentage": 38.504
    },
    {
      "playerOne": 4,
      "playerTwo": 24,
      "winPercentage": 19.578
    },
    {
      "playerOne": 4,
      "playerTwo": 25,
      "winPercentage": 82.861
    },
    {
      "playerOne": 4,
      "playerTwo": 26,
      "winPercentage": 0.036
    },
    {
      "playerOne": 4,
      "playerTwo": 27,
      "winPercentage": 16.421
    },
    {
      "playerOne": 4,
      "playerTwo": 28,
      "winPercentage": 89.742
    },
    {
      "playerOne": 4,
      "playerTwo": 29,
      "winPercentage": 63.602
    },
    {
      "playerOne": 4,
      "playerTwo": 30,
      "winPercentage": 84.711
    },
    {
      "playerOne": 4,
      "playerTwo": 31,
      "winPercentage": 40.103
    },
    {
      "playerOne": 4,
      "playerTwo": 32,
      "winPercentage": 66.445
    },
    {
      "playerOne": 4,
      "playerTwo": 33,
      "winPercentage": 54.463
    },
    {
      "playerOne": 4,
      "playerTwo": 34,
      "winPercentage": 61.09
    },
    {
      "playerOne": 4,
      "playerTwo": 35,
      "winPercentage": 69.383
    },
    {
      "playerOne": 4,
      "playerTwo": 36,
      "winPercentage": 98.06
    },
    {
      "playerOne": 4,
      "playerTwo": 37,
      "winPercentage": 10.775
    },
    {
      "playerOne": 4,
      "playerTwo": 38,
      "winPercentage": 65.278
    },
    {
      "playerOne": 4,
      "playerTwo": 39,
      "winPercentage": 98.246
    },
    {
      "playerOne": 5,
      "playerTwo": 6,
      "winPercentage": 29.339
    },
    {
      "playerOne": 5,
      "playerTwo": 7,
      "winPercentage": 50.791
    },
    {
      "playerOne": 5,
      "playerTwo": 8,
      "winPercentage": 27.099
    },
    {
      "playerOne": 5,
      "playerTwo": 9,
      "winPercentage": 13.849
    },
    {
      "playerOne": 5,
      "playerTwo": 10,
      "winPercentage": 27.452
    },
    {
      "playerOne": 5,
      "playerTwo": 11,
      "winPercentage": 84.401
    },
    {
      "playerOne": 5,
      "playerTwo": 12,
      "winPercentage": 93.362
    },
    {
      "playerOne": 5,
      "playerTwo": 13,
      "winPercentage": 14.813
    },
    {
      "playerOne": 5,
      "playerTwo": 14,
      "winPercentage": 29.605
    },
    {
      "playerOne": 5,
      "playerTwo": 15,
      "winPercentage": 92.299
    },
    {
      "playerOne": 5,
      "playerTwo": 16,
      "winPercentage": 48.711
    },
    {
      "playerOne": 5,
      "playerTwo": 17,
      "winPercentage": 80.383
    },
    {
      "playerOne": 5,
      "playerTwo": 18,
      "winPercentage": 29.276
    },
    {
      "playerOne": 5,
      "playerTwo": 19,
      "winPercentage": 29.786
    },
    {
      "playerOne": 5,
      "playerTwo": 20,
      "winPercentage": 88.024
    },
    {
      "playerOne": 5,
      "playerTwo": 21,
      "winPercentage": 97.541
    },
    {
      "playerOne": 5,
      "playerTwo": 22,
      "winPercentage": 2.292
    },
    {
      "playerOne": 5,
      "playerTwo": 23,
      "winPercentage": 40.029
    },
    {
      "playerOne": 5,
      "playerTwo": 24,
      "winPercentage": 9.948
    },
    {
      "playerOne": 5,
      "playerTwo": 25,
      "winPercentage": 47.885
    },
    {
      "playerOne": 5,
      "playerTwo": 26,
      "winPercentage": 80.296
    },
    {
      "playerOne": 5,
      "playerTwo": 27,
      "winPercentage": 55.107
    },
    {
      "playerOne": 5,
      "playerTwo": 28,
      "winPercentage": 73.997
    },
    {
      "playerOne": 5,
      "playerTwo": 29,
      "winPercentage": 14.946
    },
    {
      "playerOne": 5,
      "playerTwo": 30,
      "winPercentage": 68.06
    },
    {
      "playerOne": 5,
      "playerTwo": 31,
      "winPercentage": 10.903
    },
    {
      "playerOne": 5,
      "playerTwo": 32,
      "winPercentage": 33.699
    },
    {
      "playerOne": 5,
      "playerTwo": 33,
      "winPercentage": 48.3
    },
    {
      "playerOne": 5,
      "playerTwo": 34,
      "winPercentage": 85.121
    },
    {
      "playerOne": 5,
      "playerTwo": 35,
      "winPercentage": 99.069
    },
    {
      "playerOne": 5,
      "playerTwo": 36,
      "winPercentage": 75.178
    },
    {
      "playerOne": 5,
      "playerTwo": 37,
      "winPercentage": 65.752
    },
    {
      "playerOne": 5,
      "playerTwo": 38,
      "winPercentage": 3.394
    },
    {
      "playerOne": 5,
      "playerTwo": 39,
      "winPercentage": 65.86
    },
    {
      "playerOne": 6,
      "playerTwo": 7,
      "winPercentage": 62.09
    },
    {
      "playerOne": 6,
      "playerTwo": 8,
      "winPercentage": 32.537
    },
    {
      "playerOne": 6,
      "playerTwo": 9,
      "winPercentage": 25.008
    },
    {
      "playerOne": 6,
      "playerTwo": 10,
      "winPercentage": 34.206
    },
    {
      "playerOne": 6,
      "playerTwo": 11,
      "winPercentage": 10.164
    },
    {
      "playerOne": 6,
      "playerTwo": 12,
      "winPercentage": 0.585
    },
    {
      "playerOne": 6,
      "playerTwo": 13,
      "winPercentage": 89.461
    },
    {
      "playerOne": 6,
      "playerTwo": 14,
      "winPercentage": 39.955
    },
    {
      "playerOne": 6,
      "playerTwo": 15,
      "winPercentage": 90.453
    },
    {
      "playerOne": 6,
      "playerTwo": 16,
      "winPercentage": 96.656
    },
    {
      "playerOne": 6,
      "playerTwo": 17,
      "winPercentage": 16.258
    },
    {
      "playerOne": 6,
      "playerTwo": 18,
      "winPercentage": 54.637
    },
    {
      "playerOne": 6,
      "playerTwo": 19,
      "winPercentage": 24.262
    },
    {
      "playerOne": 6,
      "playerTwo": 20,
      "winPercentage": 66.214
    },
    {
      "playerOne": 6,
      "playerTwo": 21,
      "winPercentage": 0.283
    },
    {
      "playerOne": 6,
      "playerTwo": 22,
      "winPercentage": 62.459
    },
    {
      "playerOne": 6,
      "playerTwo": 23,
      "winPercentage": 45.107
    },
    {
      "playerOne": 6,
      "playerTwo": 24,
      "winPercentage": 29.948
    },
    {
      "playerOne": 6,
      "playerTwo": 25,
      "winPercentage": 4.424
    },
    {
      "playerOne": 6,
      "playerTwo": 26,
      "winPercentage": 51.051
    },
    {
      "playerOne": 6,
      "playerTwo": 27,
      "winPercentage": 60.101
    },
    {
      "playerOne": 6,
      "playerTwo": 28,
      "winPercentage": 91.427
    },
    {
      "playerOne": 6,
      "playerTwo": 29,
      "winPercentage": 76.249
    },
    {
      "playerOne": 6,
      "playerTwo": 30,
      "winPercentage": 65.555
    },
    {
      "playerOne": 6,
      "playerTwo": 31,
      "winPercentage": 72.437
    },
    {
      "playerOne": 6,
      "playerTwo": 32,
      "winPercentage": 79.176
    },
    {
      "playerOne": 6,
      "playerTwo": 33,
      "winPercentage": 50.058
    },
    {
      "playerOne": 6,
      "playerTwo": 34,
      "winPercentage": 2.299
    },
    {
      "playerOne": 6,
      "playerTwo": 35,
      "winPercentage": 24.803
    },
    {
      "playerOne": 6,
      "playerTwo": 36,
      "winPercentage": 68.865
    },
    {
      "playerOne": 6,
      "playerTwo": 37,
      "winPercentage": 87.898
    },
    {
      "playerOne": 6,
      "playerTwo": 38,
      "winPercentage": 21.822
    },
    {
      "playerOne": 6,
      "playerTwo": 39,
      "winPercentage": 39.869
    },
    {
      "playerOne": 7,
      "playerTwo": 8,
      "winPercentage": 11.13
    },
    {
      "playerOne": 7,
      "playerTwo": 9,
      "winPercentage": 45.63
    },
    {
      "playerOne": 7,
      "playerTwo": 10,
      "winPercentage": 64.465
    },
    {
      "playerOne": 7,
      "playerTwo": 11,
      "winPercentage": 5.976
    },
    {
      "playerOne": 7,
      "playerTwo": 12,
      "winPercentage": 87.639
    },
    {
      "playerOne": 7,
      "playerTwo": 13,
      "winPercentage": 14.191
    },
    {
      "playerOne": 7,
      "playerTwo": 14,
      "winPercentage": 88.068
    },
    {
      "playerOne": 7,
      "playerTwo": 15,
      "winPercentage": 62.949
    },
    {
      "playerOne": 7,
      "playerTwo": 16,
      "winPercentage": 61.312
    },
    {
      "playerOne": 7,
      "playerTwo": 17,
      "winPercentage": 26.78
    },
    {
      "playerOne": 7,
      "playerTwo": 18,
      "winPercentage": 42.347
    },
    {
      "playerOne": 7,
      "playerTwo": 19,
      "winPercentage": 74.086
    },
    {
      "playerOne": 7,
      "playerTwo": 20,
      "winPercentage": 94.982
    },
    {
      "playerOne": 7,
      "playerTwo": 21,
      "winPercentage": 72.583
    },
    {
      "playerOne": 7,
      "playerTwo": 22,
      "winPercentage": 11.858
    },
    {
      "playerOne": 7,
      "playerTwo": 23,
      "winPercentage": 0.757
    },
    {
      "playerOne": 7,
      "playerTwo": 24,
      "winPercentage": 25.954
    },
    {
      "playerOne": 7,
      "playerTwo": 25,
      "winPercentage": 82.495
    },
    {
      "playerOne": 7,
      "playerTwo": 26,
      "winPercentage": 22.851
    },
    {
      "playerOne": 7,
      "playerTwo": 27,
      "winPercentage": 80.546
    },
    {
      "playerOne": 7,
      "playerTwo": 28,
      "winPercentage": 50.471
    },
    {
      "playerOne": 7,
      "playerTwo": 29,
      "winPercentage": 46.028
    },
    {
      "playerOne": 7,
      "playerTwo": 30,
      "winPercentage": 0.041
    },
    {
      "playerOne": 7,
      "playerTwo": 31,
      "winPercentage": 86.816
    },
    {
      "playerOne": 7,
      "playerTwo": 32,
      "winPercentage": 50.957
    },
    {
      "playerOne": 7,
      "playerTwo": 33,
      "winPercentage": 67.754
    },
    {
      "playerOne": 7,
      "playerTwo": 34,
      "winPercentage": 51.642
    },
    {
      "playerOne": 7,
      "playerTwo": 35,
      "winPercentage": 26.111
    },
    {
      "playerOne": 7,
      "playerTwo": 36,
      "winPercentage": 5.956
    },
    {
      "playerOne": 7,
      "playerTwo": 37,
      "winPercentage": 6.16
    },
    {
      "playerOne": 7,
      "playerTwo": 38,
      "winPercentage": 19.101
    },
    {
      "playerOne": 7,
      "playerTwo": 39,
      "winPercentage": 35.698
    },
    {
      "playerOne": 8,
      "playerTwo": 9,
      "winPercentage": 76.483
    },
    {
      "playerOne": 8,
      "playerTwo": 10,
      "winPercentage": 84.873
    },
    {
      "playerOne": 8,
      "playerTwo": 11,
      "winPercentage": 94.433
    },
    {
      "playerOne": 8,
      "playerTwo": 12,
      "winPercentage": 75.718
    },
    {
      "playerOne": 8,
      "playerTwo": 13,
      "winPercentage": 37.599
    },
    {
      "playerOne": 8,
      "playerTwo": 14,
      "winPercentage": 66.619
    },
    {
      "playerOne": 8,
      "playerTwo": 15,
      "winPercentage": 46.196
    },
    {
      "playerOne": 8,
      "playerTwo": 16,
      "winPercentage": 68.113
    },
    {
      "playerOne": 8,
      "playerTwo": 17,
      "winPercentage": 45.334
    },
    {
      "playerOne": 8,
      "playerTwo": 18,
      "winPercentage": 42.493
    },
    {
      "playerOne": 8,
      "playerTwo": 19,
      "winPercentage": 93.175
    },
    {
      "playerOne": 8,
      "playerTwo": 20,
      "winPercentage": 14.913
    },
    {
      "playerOne": 8,
      "playerTwo": 21,
      "winPercentage": 34.914
    },
    {
      "playerOne": 8,
      "playerTwo": 22,
      "winPercentage": 71.808
    },
    {
      "playerOne": 8,
      "playerTwo": 23,
      "winPercentage": 88.743
    },
    {
      "playerOne": 8,
      "playerTwo": 24,
      "winPercentage": 78.205
    },
    {
      "playerOne": 8,
      "playerTwo": 25,
      "winPercentage": 75.981
    },
    {
      "playerOne": 8,
      "playerTwo": 26,
      "winPercentage": 63.214
    },
    {
      "playerOne": 8,
      "playerTwo": 27,
      "winPercentage": 71.856
    },
    {
      "playerOne": 8,
      "playerTwo": 28,
      "winPercentage": 73.392
    },
    {
      "playerOne": 8,
      "playerTwo": 29,
      "winPercentage": 88.075
    },
    {
      "playerOne": 8,
      "playerTwo": 30,
      "winPercentage": 53.746
    },
    {
      "playerOne": 8,
      "playerTwo": 31,
      "winPercentage": 87.507
    },
    {
      "playerOne": 8,
      "playerTwo": 32,
      "winPercentage": 11.805
    },
    {
      "playerOne": 8,
      "playerTwo": 33,
      "winPercentage": 18.892
    },
    {
      "playerOne": 8,
      "playerTwo": 34,
      "winPercentage": 43.46
    },
    {
      "playerOne": 8,
      "playerTwo": 35,
      "winPercentage": 45.656
    },
    {
      "playerOne": 8,
      "playerTwo": 36,
      "winPercentage": 28.742
    },
    {
      "playerOne": 8,
      "playerTwo": 37,
      "winPercentage": 96.257
    },
    {
      "playerOne": 8,
      "playerTwo": 38,
      "winPercentage": 46.652
    },
    {
      "playerOne": 8,
      "playerTwo": 39,
      "winPercentage": 21.005
    },
    {
      "playerOne": 9,
      "playerTwo": 10,
      "winPercentage": 39.09
    },
    {
      "playerOne": 9,
      "playerTwo": 11,
      "winPercentage": 18.452
    },
    {
      "playerOne": 9,
      "playerTwo": 12,
      "winPercentage": 84.582
    },
    {
      "playerOne": 9,
      "playerTwo": 13,
      "winPercentage": 66.153
    },
    {
      "playerOne": 9,
      "playerTwo": 14,
      "winPercentage": 14.301
    },
    {
      "playerOne": 9,
      "playerTwo": 15,
      "winPercentage": 16.57
    },
    {
      "playerOne": 9,
      "playerTwo": 16,
      "winPercentage": 27.242
    },
    {
      "playerOne": 9,
      "playerTwo": 17,
      "winPercentage": 73.823
    },
    {
      "playerOne": 9,
      "playerTwo": 18,
      "winPercentage": 18.038
    },
    {
      "playerOne": 9,
      "playerTwo": 19,
      "winPercentage": 44.692
    },
    {
      "playerOne": 9,
      "playerTwo": 20,
      "winPercentage": 59.536
    },
    {
      "playerOne": 9,
      "playerTwo": 21,
      "winPercentage": 98.528
    },
    {
      "playerOne": 9,
      "playerTwo": 22,
      "winPercentage": 75.625
    },
    {
      "playerOne": 9,
      "playerTwo": 23,
      "winPercentage": 77.481
    },
    {
      "playerOne": 9,
      "playerTwo": 24,
      "winPercentage": 5.185
    },
    {
      "playerOne": 9,
      "playerTwo": 25,
      "winPercentage": 4.376
    },
    {
      "playerOne": 9,
      "playerTwo": 26,
      "winPercentage": 63.145
    },
    {
      "playerOne": 9,
      "playerTwo": 27,
      "winPercentage": 17.024
    },
    {
      "playerOne": 9,
      "playerTwo": 28,
      "winPercentage": 72.74
    },
    {
      "playerOne": 9,
      "playerTwo": 29,
      "winPercentage": 97.627
    },
    {
      "playerOne": 9,
      "playerTwo": 30,
      "winPercentage": 11.206
    },
    {
      "playerOne": 9,
      "playerTwo": 31,
      "winPercentage": 59.116
    },
    {
      "playerOne": 9,
      "playerTwo": 32,
      "winPercentage": 55.857
    },
    {
      "playerOne": 9,
      "playerTwo": 33,
      "winPercentage": 60.368
    },
    {
      "playerOne": 9,
      "playerTwo": 34,
      "winPercentage": 73.672
    },
    {
      "playerOne": 9,
      "playerTwo": 35,
      "winPercentage": 41.654
    },
    {
      "playerOne": 9,
      "playerTwo": 36,
      "winPercentage": 40.699
    },
    {
      "playerOne": 9,
      "playerTwo": 37,
      "winPercentage": 60.793
    },
    {
      "playerOne": 9,
      "playerTwo": 38,
      "winPercentage": 40.436
    },
    {
      "playerOne": 9,
      "playerTwo": 39,
      "winPercentage": 15.346
    },
    {
      "playerOne": 10,
      "playerTwo": 11,
      "winPercentage": 69.549
    },
    {
      "playerOne": 10,
      "playerTwo": 12,
      "winPercentage": 43.157
    },
    {
      "playerOne": 10,
      "playerTwo": 13,
      "winPercentage": 37.58
    },
    {
      "playerOne": 10,
      "playerTwo": 14,
      "winPercentage": 7.125
    },
    {
      "playerOne": 10,
      "playerTwo": 15,
      "winPercentage": 80.49
    },
    {
      "playerOne": 10,
      "playerTwo": 16,
      "winPercentage": 52.776
    },
    {
      "playerOne": 10,
      "playerTwo": 17,
      "winPercentage": 3.902
    },
    {
      "playerOne": 10,
      "playerTwo": 18,
      "winPercentage": 48.847
    },
    {
      "playerOne": 10,
      "playerTwo": 19,
      "winPercentage": 45.155
    },
    {
      "playerOne": 10,
      "playerTwo": 20,
      "winPercentage": 72.133
    },
    {
      "playerOne": 10,
      "playerTwo": 21,
      "winPercentage": 37.131
    },
    {
      "playerOne": 10,
      "playerTwo": 22,
      "winPercentage": 91.072
    },
    {
      "playerOne": 10,
      "playerTwo": 23,
      "winPercentage": 11.289
    },
    {
      "playerOne": 10,
      "playerTwo": 24,
      "winPercentage": 74.563
    },
    {
      "playerOne": 10,
      "playerTwo": 25,
      "winPercentage": 22.282
    },
    {
      "playerOne": 10,
      "playerTwo": 26,
      "winPercentage": 90.546
    },
    {
      "playerOne": 10,
      "playerTwo": 27,
      "winPercentage": 36.449
    },
    {
      "playerOne": 10,
      "playerTwo": 28,
      "winPercentage": 92.674
    },
    {
      "playerOne": 10,
      "playerTwo": 29,
      "winPercentage": 62.883
    },
    {
      "playerOne": 10,
      "playerTwo": 30,
      "winPercentage": 26.893
    },
    {
      "playerOne": 10,
      "playerTwo": 31,
      "winPercentage": 29.357
    },
    {
      "playerOne": 10,
      "playerTwo": 32,
      "winPercentage": 73.784
    },
    {
      "playerOne": 10,
      "playerTwo": 33,
      "winPercentage": 84.521
    },
    {
      "playerOne": 10,
      "playerTwo": 34,
      "winPercentage": 8.568
    },
    {
      "playerOne": 10,
      "playerTwo": 35,
      "winPercentage": 99.835
    },
    {
      "playerOne": 10,
      "playerTwo": 36,
      "winPercentage": 49.627
    },
    {
      "playerOne": 10,
      "playerTwo": 37,
      "winPercentage": 60.574
    },
    {
      "playerOne": 10,
      "playerTwo": 38,
      "winPercentage": 71.151
    },
    {
      "playerOne": 10,
      "playerTwo": 39,
      "winPercentage": 71.789
    },
    {
      "playerOne": 11,
      "playerTwo": 12,
      "winPercentage": 69.127
    },
    {
      "playerOne": 11,
      "playerTwo": 13,
      "winPercentage": 36.193
    },
    {
      "playerOne": 11,
      "playerTwo": 14,
      "winPercentage": 74.396
    },
    {
      "playerOne": 11,
      "playerTwo": 15,
      "winPercentage": 77.008
    },
    {
      "playerOne": 11,
      "playerTwo": 16,
      "winPercentage": 86.605
    },
    {
      "playerOne": 11,
      "playerTwo": 17,
      "winPercentage": 93.122
    },
    {
      "playerOne": 11,
      "playerTwo": 18,
      "winPercentage": 77.253
    },
    {
      "playerOne": 11,
      "playerTwo": 19,
      "winPercentage": 67.689
    },
    {
      "playerOne": 11,
      "playerTwo": 20,
      "winPercentage": 10.206
    },
    {
      "playerOne": 11,
      "playerTwo": 21,
      "winPercentage": 57.835
    },
    {
      "playerOne": 11,
      "playerTwo": 22,
      "winPercentage": 35.987
    },
    {
      "playerOne": 11,
      "playerTwo": 23,
      "winPercentage": 51.821
    },
    {
      "playerOne": 11,
      "playerTwo": 24,
      "winPercentage": 34.663
    },
    {
      "playerOne": 11,
      "playerTwo": 25,
      "winPercentage": 15.066
    },
    {
      "playerOne": 11,
      "playerTwo": 26,
      "winPercentage": 10.915
    },
    {
      "playerOne": 11,
      "playerTwo": 27,
      "winPercentage": 14.083
    },
    {
      "playerOne": 11,
      "playerTwo": 28,
      "winPercentage": 61.941
    },
    {
      "playerOne": 11,
      "playerTwo": 29,
      "winPercentage": 57.656
    },
    {
      "playerOne": 11,
      "playerTwo": 30,
      "winPercentage": 39.56
    },
    {
      "playerOne": 11,
      "playerTwo": 31,
      "winPercentage": 49.013
    },
    {
      "playerOne": 11,
      "playerTwo": 32,
      "winPercentage": 85.639
    },
    {
      "playerOne": 11,
      "playerTwo": 33,
      "winPercentage": 54.976
    },
    {
      "playerOne": 11,
      "playerTwo": 34,
      "winPercentage": 71.724
    },
    {
      "playerOne": 11,
      "playerTwo": 35,
      "winPercentage": 53.552
    },
    {
      "playerOne": 11,
      "playerTwo": 36,
      "winPercentage": 56.307
    },
    {
      "playerOne": 11,
      "playerTwo": 37,
      "winPercentage": 34.173
    },
    {
      "playerOne": 11,
      "playerTwo": 38,
      "winPercentage": 47.898
    },
    {
      "playerOne": 11,
      "playerTwo": 39,
      "winPercentage": 52.944
    },
    {
      "playerOne": 12,
      "playerTwo": 13,
      "winPercentage": 37.002
    },
    {
      "playerOne": 12,
      "playerTwo": 14,
      "winPercentage": 81.396
    },
    {
      "playerOne": 12,
      "playerTwo": 15,
      "winPercentage": 74.65
    },
    {
      "playerOne": 12,
      "playerTwo": 16,
      "winPercentage": 62.096
    },
    {
      "playerOne": 12,
      "playerTwo": 17,
      "winPercentage": 23.567
    },
    {
      "playerOne": 12,
      "playerTwo": 18,
      "winPercentage": 19.24
    },
    {
      "playerOne": 12,
      "playerTwo": 19,
      "winPercentage": 41.045
    },
    {
      "playerOne": 12,
      "playerTwo": 20,
      "winPercentage": 75.017
    },
    {
      "playerOne": 12,
      "playerTwo": 21,
      "winPercentage": 84.742
    },
    {
      "playerOne": 12,
      "playerTwo": 22,
      "winPercentage": 15.841
    },
    {
      "playerOne": 12,
      "playerTwo": 23,
      "winPercentage": 50.078
    },
    {
      "playerOne": 12,
      "playerTwo": 24,
      "winPercentage": 62.51
    },
    {
      "playerOne": 12,
      "playerTwo": 25,
      "winPercentage": 86.917
    },
    {
      "playerOne": 12,
      "playerTwo": 26,
      "winPercentage": 17.082
    },
    {
      "playerOne": 12,
      "playerTwo": 27,
      "winPercentage": 92.583
    },
    {
      "playerOne": 12,
      "playerTwo": 28,
      "winPercentage": 45.152
    },
    {
      "playerOne": 12,
      "playerTwo": 29,
      "winPercentage": 25.293
    },
    {
      "playerOne": 12,
      "playerTwo": 30,
      "winPercentage": 98.375
    },
    {
      "playerOne": 12,
      "playerTwo": 31,
      "winPercentage": 62.699
    },
    {
      "playerOne": 12,
      "playerTwo": 32,
      "winPercentage": 35.481
    },
    {
      "playerOne": 12,
      "playerTwo": 33,
      "winPercentage": 99.276
    },
    {
      "playerOne": 12,
      "playerTwo": 34,
      "winPercentage": 91.617
    },
    {
      "playerOne": 12,
      "playerTwo": 35,
      "winPercentage": 13.945
    },
    {
      "playerOne": 12,
      "playerTwo": 36,
      "winPercentage": 14.42
    },
    {
      "playerOne": 12,
      "playerTwo": 37,
      "winPercentage": 61.659
    },
    {
      "playerOne": 12,
      "playerTwo": 38,
      "winPercentage": 90.156
    },
    {
      "playerOne": 12,
      "playerTwo": 39,
      "winPercentage": 15.866
    },
    {
      "playerOne": 13,
      "playerTwo": 14,
      "winPercentage": 5.335
    },
    {
      "playerOne": 13,
      "playerTwo": 15,
      "winPercentage": 4.489
    },
    {
      "playerOne": 13,
      "playerTwo": 16,
      "winPercentage": 96.056
    },
    {
      "playerOne": 13,
      "playerTwo": 17,
      "winPercentage": 41.82
    },
    {
      "playerOne": 13,
      "playerTwo": 18,
      "winPercentage": 18.342
    },
    {
      "playerOne": 13,
      "playerTwo": 19,
      "winPercentage": 5.948
    },
    {
      "playerOne": 13,
      "playerTwo": 20,
      "winPercentage": 56.964
    },
    {
      "playerOne": 13,
      "playerTwo": 21,
      "winPercentage": 6.784
    },
    {
      "playerOne": 13,
      "playerTwo": 22,
      "winPercentage": 83.533
    },
    {
      "playerOne": 13,
      "playerTwo": 23,
      "winPercentage": 97.854
    },
    {
      "playerOne": 13,
      "playerTwo": 24,
      "winPercentage": 87.958
    },
    {
      "playerOne": 13,
      "playerTwo": 25,
      "winPercentage": 74.061
    },
    {
      "playerOne": 13,
      "playerTwo": 26,
      "winPercentage": 57.059
    },
    {
      "playerOne": 13,
      "playerTwo": 27,
      "winPercentage": 75.769
    },
    {
      "playerOne": 13,
      "playerTwo": 28,
      "winPercentage": 64.23
    },
    {
      "playerOne": 13,
      "playerTwo": 29,
      "winPercentage": 64.007
    },
    {
      "playerOne": 13,
      "playerTwo": 30,
      "winPercentage": 81.268
    },
    {
      "playerOne": 13,
      "playerTwo": 31,
      "winPercentage": 69.277
    },
    {
      "playerOne": 13,
      "playerTwo": 32,
      "winPercentage": 99.528
    },
    {
      "playerOne": 13,
      "playerTwo": 33,
      "winPercentage": 67.711
    },
    {
      "playerOne": 13,
      "playerTwo": 34,
      "winPercentage": 4.421
    },
    {
      "playerOne": 13,
      "playerTwo": 35,
      "winPercentage": 12.021
    },
    {
      "playerOne": 13,
      "playerTwo": 36,
      "winPercentage": 30.828
    },
    {
      "playerOne": 13,
      "playerTwo": 37,
      "winPercentage": 76.114
    },
    {
      "playerOne": 13,
      "playerTwo": 38,
      "winPercentage": 57.398
    },
    {
      "playerOne": 13,
      "playerTwo": 39,
      "winPercentage": 30.199
    },
    {
      "playerOne": 14,
      "playerTwo": 15,
      "winPercentage": 34.952
    },
    {
      "playerOne": 14,
      "playerTwo": 16,
      "winPercentage": 50.158
    },
    {
      "playerOne": 14,
      "playerTwo": 17,
      "winPercentage": 85.155
    },
    {
      "playerOne": 14,
      "playerTwo": 18,
      "winPercentage": 29.949
    },
    {
      "playerOne": 14,
      "playerTwo": 19,
      "winPercentage": 23.972
    },
    {
      "playerOne": 14,
      "playerTwo": 20,
      "winPercentage": 17.797
    },
    {
      "playerOne": 14,
      "playerTwo": 21,
      "winPercentage": 59.046
    },
    {
      "playerOne": 14,
      "playerTwo": 22,
      "winPercentage": 86.666
    },
    {
      "playerOne": 14,
      "playerTwo": 23,
      "winPercentage": 61.245
    },
    {
      "playerOne": 14,
      "playerTwo": 24,
      "winPercentage": 24.487
    },
    {
      "playerOne": 14,
      "playerTwo": 25,
      "winPercentage": 24.885
    },
    {
      "playerOne": 14,
      "playerTwo": 26,
      "winPercentage": 80.745
    },
    {
      "playerOne": 14,
      "playerTwo": 27,
      "winPercentage": 86.334
    },
    {
      "playerOne": 14,
      "playerTwo": 28,
      "winPercentage": 33.475
    },
    {
      "playerOne": 14,
      "playerTwo": 29,
      "winPercentage": 82.632
    },
    {
      "playerOne": 14,
      "playerTwo": 30,
      "winPercentage": 72.798
    },
    {
      "playerOne": 14,
      "playerTwo": 31,
      "winPercentage": 55.786
    },
    {
      "playerOne": 14,
      "playerTwo": 32,
      "winPercentage": 33.924
    },
    {
      "playerOne": 14,
      "playerTwo": 33,
      "winPercentage": 30.85
    },
    {
      "playerOne": 14,
      "playerTwo": 34,
      "winPercentage": 55.201
    },
    {
      "playerOne": 14,
      "playerTwo": 35,
      "winPercentage": 21.953
    },
    {
      "playerOne": 14,
      "playerTwo": 36,
      "winPercentage": 5.82
    },
    {
      "playerOne": 14,
      "playerTwo": 37,
      "winPercentage": 23.743
    },
    {
      "playerOne": 14,
      "playerTwo": 38,
      "winPercentage": 60.458
    },
    {
      "playerOne": 14,
      "playerTwo": 39,
      "winPercentage": 17.36
    },
    {
      "playerOne": 15,
      "playerTwo": 16,
      "winPercentage": 41.259
    },
    {
      "playerOne": 15,
      "playerTwo": 17,
      "winPercentage": 50.365
    },
    {
      "playerOne": 15,
      "playerTwo": 18,
      "winPercentage": 72.385
    },
    {
      "playerOne": 15,
      "playerTwo": 19,
      "winPercentage": 42.726
    },
    {
      "playerOne": 15,
      "playerTwo": 20,
      "winPercentage": 37.431
    },
    {
      "playerOne": 15,
      "playerTwo": 21,
      "winPercentage": 73.028
    },
    {
      "playerOne": 15,
      "playerTwo": 22,
      "winPercentage": 5.453
    },
    {
      "playerOne": 15,
      "playerTwo": 23,
      "winPercentage": 80.852
    },
    {
      "playerOne": 15,
      "playerTwo": 24,
      "winPercentage": 82.595
    },
    {
      "playerOne": 15,
      "playerTwo": 25,
      "winPercentage": 49.18
    },
    {
      "playerOne": 15,
      "playerTwo": 26,
      "winPercentage": 85.032
    },
    {
      "playerOne": 15,
      "playerTwo": 27,
      "winPercentage": 59.01
    },
    {
      "playerOne": 15,
      "playerTwo": 28,
      "winPercentage": 82.573
    },
    {
      "playerOne": 15,
      "playerTwo": 29,
      "winPercentage": 32.165
    },
    {
      "playerOne": 15,
      "playerTwo": 30,
      "winPercentage": 97.384
    },
    {
      "playerOne": 15,
      "playerTwo": 31,
      "winPercentage": 56.428
    },
    {
      "playerOne": 15,
      "playerTwo": 32,
      "winPercentage": 92.206
    },
    {
      "playerOne": 15,
      "playerTwo": 33,
      "winPercentage": 93.303
    },
    {
      "playerOne": 15,
      "playerTwo": 34,
      "winPercentage": 90.371
    },
    {
      "playerOne": 15,
      "playerTwo": 35,
      "winPercentage": 89.899
    },
    {
      "playerOne": 15,
      "playerTwo": 36,
      "winPercentage": 85.495
    },
    {
      "playerOne": 15,
      "playerTwo": 37,
      "winPercentage": 40.166
    },
    {
      "playerOne": 15,
      "playerTwo": 38,
      "winPercentage": 60.05
    },
    {
      "playerOne": 15,
      "playerTwo": 39,
      "winPercentage": 28.784
    },
    {
      "playerOne": 16,
      "playerTwo": 17,
      "winPercentage": 46.747
    },
    {
      "playerOne": 16,
      "playerTwo": 18,
      "winPercentage": 80.787
    },
    {
      "playerOne": 16,
      "playerTwo": 19,
      "winPercentage": 79.134
    },
    {
      "playerOne": 16,
      "playerTwo": 20,
      "winPercentage": 50.858
    },
    {
      "playerOne": 16,
      "playerTwo": 21,
      "winPercentage": 35.514
    },
    {
      "playerOne": 16,
      "playerTwo": 22,
      "winPercentage": 63.07
    },
    {
      "playerOne": 16,
      "playerTwo": 23,
      "winPercentage": 90.67
    },
    {
      "playerOne": 16,
      "playerTwo": 24,
      "winPercentage": 12.901
    },
    {
      "playerOne": 16,
      "playerTwo": 25,
      "winPercentage": 8.47
    },
    {
      "playerOne": 16,
      "playerTwo": 26,
      "winPercentage": 48.43
    },
    {
      "playerOne": 16,
      "playerTwo": 27,
      "winPercentage": 6.117
    },
    {
      "playerOne": 16,
      "playerTwo": 28,
      "winPercentage": 27.974
    },
    {
      "playerOne": 16,
      "playerTwo": 29,
      "winPercentage": 97.328
    },
    {
      "playerOne": 16,
      "playerTwo": 30,
      "winPercentage": 0.821
    },
    {
      "playerOne": 16,
      "playerTwo": 31,
      "winPercentage": 18.679
    },
    {
      "playerOne": 16,
      "playerTwo": 32,
      "winPercentage": 76.633
    },
    {
      "playerOne": 16,
      "playerTwo": 33,
      "winPercentage": 7.157
    },
    {
      "playerOne": 16,
      "playerTwo": 34,
      "winPercentage": 57.072
    },
    {
      "playerOne": 16,
      "playerTwo": 35,
      "winPercentage": 34.786
    },
    {
      "playerOne": 16,
      "playerTwo": 36,
      "winPercentage": 37.61
    },
    {
      "playerOne": 16,
      "playerTwo": 37,
      "winPercentage": 67.833
    },
    {
      "playerOne": 16,
      "playerTwo": 38,
      "winPercentage": 4.411
    },
    {
      "playerOne": 16,
      "playerTwo": 39,
      "winPercentage": 38.198
    },
    {
      "playerOne": 17,
      "playerTwo": 18,
      "winPercentage": 31.883
    },
    {
      "playerOne": 17,
      "playerTwo": 19,
      "winPercentage": 1.618
    },
    {
      "playerOne": 17,
      "playerTwo": 20,
      "winPercentage": 13.61
    },
    {
      "playerOne": 17,
      "playerTwo": 21,
      "winPercentage": 24.595
    },
    {
      "playerOne": 17,
      "playerTwo": 22,
      "winPercentage": 44.572
    },
    {
      "playerOne": 17,
      "playerTwo": 23,
      "winPercentage": 37.6
    },
    {
      "playerOne": 17,
      "playerTwo": 24,
      "winPercentage": 2.685
    },
    {
      "playerOne": 17,
      "playerTwo": 25,
      "winPercentage": 90.224
    },
    {
      "playerOne": 17,
      "playerTwo": 26,
      "winPercentage": 17.756
    },
    {
      "playerOne": 17,
      "playerTwo": 27,
      "winPercentage": 58.16
    },
    {
      "playerOne": 17,
      "playerTwo": 28,
      "winPercentage": 20.353
    },
    {
      "playerOne": 17,
      "playerTwo": 29,
      "winPercentage": 62.182
    },
    {
      "playerOne": 17,
      "playerTwo": 30,
      "winPercentage": 93.916
    },
    {
      "playerOne": 17,
      "playerTwo": 31,
      "winPercentage": 13.33
    },
    {
      "playerOne": 17,
      "playerTwo": 32,
      "winPercentage": 89.087
    },
    {
      "playerOne": 17,
      "playerTwo": 33,
      "winPercentage": 87.35
    },
    {
      "playerOne": 17,
      "playerTwo": 34,
      "winPercentage": 46.133
    },
    {
      "playerOne": 17,
      "playerTwo": 35,
      "winPercentage": 14.902
    },
    {
      "playerOne": 17,
      "playerTwo": 36,
      "winPercentage": 23.344
    },
    {
      "playerOne": 17,
      "playerTwo": 37,
      "winPercentage": 66.913
    },
    {
      "playerOne": 17,
      "playerTwo": 38,
      "winPercentage": 54.174
    },
    {
      "playerOne": 17,
      "playerTwo": 39,
      "winPercentage": 82.149
    },
    {
      "playerOne": 18,
      "playerTwo": 19,
      "winPercentage": 8.664
    },
    {
      "playerOne": 18,
      "playerTwo": 20,
      "winPercentage": 49.741
    },
    {
      "playerOne": 18,
      "playerTwo": 21,
      "winPercentage": 51.165
    },
    {
      "playerOne": 18,
      "playerTwo": 22,
      "winPercentage": 66.003
    },
    {
      "playerOne": 18,
      "playerTwo": 23,
      "winPercentage": 29.157
    },
    {
      "playerOne": 18,
      "playerTwo": 24,
      "winPercentage": 88.902
    },
    {
      "playerOne": 18,
      "playerTwo": 25,
      "winPercentage": 60.067
    },
    {
      "playerOne": 18,
      "playerTwo": 26,
      "winPercentage": 94.099
    },
    {
      "playerOne": 18,
      "playerTwo": 27,
      "winPercentage": 14.067
    },
    {
      "playerOne": 18,
      "playerTwo": 28,
      "winPercentage": 86.688
    },
    {
      "playerOne": 18,
      "playerTwo": 29,
      "winPercentage": 58.604
    },
    {
      "playerOne": 18,
      "playerTwo": 30,
      "winPercentage": 15.811
    },
    {
      "playerOne": 18,
      "playerTwo": 31,
      "winPercentage": 90.651
    },
    {
      "playerOne": 18,
      "playerTwo": 32,
      "winPercentage": 80.816
    },
    {
      "playerOne": 18,
      "playerTwo": 33,
      "winPercentage": 3882.9
    },
    {
      "playerOne": 18,
      "playerTwo": 34,
      "winPercentage": 61.097
    },
    {
      "playerOne": 18,
      "playerTwo": 35,
      "winPercentage": 77.005
    },
    {
      "playerOne": 18,
      "playerTwo": 36,
      "winPercentage": 83.293
    },
    {
      "playerOne": 18,
      "playerTwo": 37,
      "winPercentage": 49.133
    },
    {
      "playerOne": 18,
      "playerTwo": 38,
      "winPercentage": 24.456
    },
    {
      "playerOne": 18,
      "playerTwo": 39,
      "winPercentage": 73.364
    },
    {
      "playerOne": 19,
      "playerTwo": 20,
      "winPercentage": 5.74
    },
    {
      "playerOne": 19,
      "playerTwo": 21,
      "winPercentage": 62.851
    },
    {
      "playerOne": 19,
      "playerTwo": 22,
      "winPercentage": 28.834
    },
    {
      "playerOne": 19,
      "playerTwo": 23,
      "winPercentage": 87.518
    },
    {
      "playerOne": 19,
      "playerTwo": 24,
      "winPercentage": 41.412
    },
    {
      "playerOne": 19,
      "playerTwo": 25,
      "winPercentage": 96.071
    },
    {
      "playerOne": 19,
      "playerTwo": 26,
      "winPercentage": 56.525
    },
    {
      "playerOne": 19,
      "playerTwo": 27,
      "winPercentage": 9.335
    },
    {
      "playerOne": 19,
      "playerTwo": 28,
      "winPercentage": 63.09
    },
    {
      "playerOne": 19,
      "playerTwo": 29,
      "winPercentage": 73.181
    },
    {
      "playerOne": 19,
      "playerTwo": 30,
      "winPercentage": 36.954
    },
    {
      "playerOne": 19,
      "playerTwo": 31,
      "winPercentage": 11.999
    },
    {
      "playerOne": 19,
      "playerTwo": 32,
      "winPercentage": 14.954
    },
    {
      "playerOne": 19,
      "playerTwo": 33,
      "winPercentage": 53.216
    },
    {
      "playerOne": 19,
      "playerTwo": 34,
      "winPercentage": 22.427
    },
    {
      "playerOne": 19,
      "playerTwo": 35,
      "winPercentage": 47.767
    },
    {
      "playerOne": 19,
      "playerTwo": 36,
      "winPercentage": 96.241
    },
    {
      "playerOne": 19,
      "playerTwo": 37,
      "winPercentage": 11.56
    },
    {
      "playerOne": 19,
      "playerTwo": 38,
      "winPercentage": 2.304
    },
    {
      "playerOne": 19,
      "playerTwo": 39,
      "winPercentage": 83.284
    },
    {
      "playerOne": 20,
      "playerTwo": 21,
      "winPercentage": 87.239
    },
    {
      "playerOne": 20,
      "playerTwo": 22,
      "winPercentage": 8.037
    },
    {
      "playerOne": 20,
      "playerTwo": 23,
      "winPercentage": 44.125
    },
    {
      "playerOne": 20,
      "playerTwo": 24,
      "winPercentage": 59.604
    },
    {
      "playerOne": 20,
      "playerTwo": 25,
      "winPercentage": 43.83
    },
    {
      "playerOne": 20,
      "playerTwo": 26,
      "winPercentage": 95.145
    },
    {
      "playerOne": 20,
      "playerTwo": 27,
      "winPercentage": 46.667
    },
    {
      "playerOne": 20,
      "playerTwo": 28,
      "winPercentage": 58.482
    },
    {
      "playerOne": 20,
      "playerTwo": 29,
      "winPercentage": 96.32
    },
    {
      "playerOne": 20,
      "playerTwo": 30,
      "winPercentage": 94.96
    },
    {
      "playerOne": 20,
      "playerTwo": 31,
      "winPercentage": 50.378
    },
    {
      "playerOne": 20,
      "playerTwo": 32,
      "winPercentage": 78.553
    },
    {
      "playerOne": 20,
      "playerTwo": 33,
      "winPercentage": 90.64
    },
    {
      "playerOne": 20,
      "playerTwo": 34,
      "winPercentage": 80.094
    },
    {
      "playerOne": 20,
      "playerTwo": 35,
      "winPercentage": 66.633
    },
    {
      "playerOne": 20,
      "playerTwo": 36,
      "winPercentage": 54.047
    },
    {
      "playerOne": 20,
      "playerTwo": 37,
      "winPercentage": 44.357
    },
    {
      "playerOne": 20,
      "playerTwo": 38,
      "winPercentage": 95.002
    },
    {
      "playerOne": 20,
      "playerTwo": 39,
      "winPercentage": 53.744
    },
    {
      "playerOne": 21,
      "playerTwo": 22,
      "winPercentage": 16.585
    },
    {
      "playerOne": 21,
      "playerTwo": 23,
      "winPercentage": 54.69
    },
    {
      "playerOne": 21,
      "playerTwo": 24,
      "winPercentage": 19.434
    },
    {
      "playerOne": 21,
      "playerTwo": 25,
      "winPercentage": 34.449
    },
    {
      "playerOne": 21,
      "playerTwo": 26,
      "winPercentage": 28.497
    },
    {
      "playerOne": 21,
      "playerTwo": 27,
      "winPercentage": 86.205
    },
    {
      "playerOne": 21,
      "playerTwo": 28,
      "winPercentage": 12.463
    },
    {
      "playerOne": 21,
      "playerTwo": 29,
      "winPercentage": 75.48
    },
    {
      "playerOne": 21,
      "playerTwo": 30,
      "winPercentage": 73.183
    },
    {
      "playerOne": 21,
      "playerTwo": 31,
      "winPercentage": 15.398
    },
    {
      "playerOne": 21,
      "playerTwo": 32,
      "winPercentage": 70.566
    },
    {
      "playerOne": 21,
      "playerTwo": 33,
      "winPercentage": 35.161
    },
    {
      "playerOne": 21,
      "playerTwo": 34,
      "winPercentage": 0.734
    },
    {
      "playerOne": 21,
      "playerTwo": 35,
      "winPercentage": 90.848
    },
    {
      "playerOne": 21,
      "playerTwo": 36,
      "winPercentage": 98.878
    },
    {
      "playerOne": 21,
      "playerTwo": 37,
      "winPercentage": 70.591
    },
    {
      "playerOne": 21,
      "playerTwo": 38,
      "winPercentage": 44.777
    },
    {
      "playerOne": 21,
      "playerTwo": 39,
      "winPercentage": 29.341
    },
    {
      "playerOne": 22,
      "playerTwo": 23,
      "winPercentage": 96.571
    },
    {
      "playerOne": 22,
      "playerTwo": 24,
      "winPercentage": 39.497
    },
    {
      "playerOne": 22,
      "playerTwo": 25,
      "winPercentage": 73.588
    },
    {
      "playerOne": 22,
      "playerTwo": 26,
      "winPercentage": 43.203
    },
    {
      "playerOne": 22,
      "playerTwo": 27,
      "winPercentage": 30.001
    },
    {
      "playerOne": 22,
      "playerTwo": 28,
      "winPercentage": 92.866
    },
    {
      "playerOne": 22,
      "playerTwo": 29,
      "winPercentage": 46.504
    },
    {
      "playerOne": 22,
      "playerTwo": 30,
      "winPercentage": 77.533
    },
    {
      "playerOne": 22,
      "playerTwo": 31,
      "winPercentage": 71.352
    },
    {
      "playerOne": 22,
      "playerTwo": 32,
      "winPercentage": 39.176
    },
    {
      "playerOne": 22,
      "playerTwo": 33,
      "winPercentage": 25.666
    },
    {
      "playerOne": 22,
      "playerTwo": 34,
      "winPercentage": 59.94
    },
    {
      "playerOne": 22,
      "playerTwo": 35,
      "winPercentage": 42.568
    },
    {
      "playerOne": 22,
      "playerTwo": 36,
      "winPercentage": 6130.9
    },
    {
      "playerOne": 22,
      "playerTwo": 37,
      "winPercentage": 67.349
    },
    {
      "playerOne": 22,
      "playerTwo": 38,
      "winPercentage": 60.477
    },
    {
      "playerOne": 22,
      "playerTwo": 39,
      "winPercentage": 0.506
    },
    {
      "playerOne": 23,
      "playerTwo": 24,
      "winPercentage": 75.838
    },
    {
      "playerOne": 23,
      "playerTwo": 25,
      "winPercentage": 39.42
    },
    {
      "playerOne": 23,
      "playerTwo": 26,
      "winPercentage": 65.56
    },
    {
      "playerOne": 23,
      "playerTwo": 27,
      "winPercentage": 48.944
    },
    {
      "playerOne": 23,
      "playerTwo": 28,
      "winPercentage": 24.464
    },
    {
      "playerOne": 23,
      "playerTwo": 29,
      "winPercentage": 98.46
    },
    {
      "playerOne": 23,
      "playerTwo": 30,
      "winPercentage": 17.088
    },
    {
      "playerOne": 23,
      "playerTwo": 31,
      "winPercentage": 60.698
    },
    {
      "playerOne": 23,
      "playerTwo": 32,
      "winPercentage": 83.794
    },
    {
      "playerOne": 23,
      "playerTwo": 33,
      "winPercentage": 98.717
    },
    {
      "playerOne": 23,
      "playerTwo": 34,
      "winPercentage": 6760.1
    },
    {
      "playerOne": 23,
      "playerTwo": 35,
      "winPercentage": 76.904
    },
    {
      "playerOne": 23,
      "playerTwo": 36,
      "winPercentage": 71.949
    },
    {
      "playerOne": 23,
      "playerTwo": 37,
      "winPercentage": 67.217
    },
    {
      "playerOne": 23,
      "playerTwo": 38,
      "winPercentage": 31.486
    },
    {
      "playerOne": 23,
      "playerTwo": 39,
      "winPercentage": 47.642
    },
    {
      "playerOne": 24,
      "playerTwo": 25,
      "winPercentage": 20.846
    },
    {
      "playerOne": 24,
      "playerTwo": 26,
      "winPercentage": 83.536
    },
    {
      "playerOne": 24,
      "playerTwo": 27,
      "winPercentage": 99.192
    },
    {
      "playerOne": 24,
      "playerTwo": 28,
      "winPercentage": 70.448
    },
    {
      "playerOne": 24,
      "playerTwo": 29,
      "winPercentage": 21.796
    },
    {
      "playerOne": 24,
      "playerTwo": 30,
      "winPercentage": 81.918
    },
    {
      "playerOne": 24,
      "playerTwo": 31,
      "winPercentage": 53.947
    },
    {
      "playerOne": 24,
      "playerTwo": 32,
      "winPercentage": 38.678
    },
    {
      "playerOne": 24,
      "playerTwo": 33,
      "winPercentage": 8.738
    },
    {
      "playerOne": 24,
      "playerTwo": 34,
      "winPercentage": 58.267
    },
    {
      "playerOne": 24,
      "playerTwo": 35,
      "winPercentage": 18.844
    },
    {
      "playerOne": 24,
      "playerTwo": 36,
      "winPercentage": 81.755
    },
    {
      "playerOne": 24,
      "playerTwo": 37,
      "winPercentage": 28.399
    },
    {
      "playerOne": 24,
      "playerTwo": 38,
      "winPercentage": 82.716
    },
    {
      "playerOne": 24,
      "playerTwo": 39,
      "winPercentage": 27.037
    },
    {
      "playerOne": 25,
      "playerTwo": 26,
      "winPercentage": 63.658
    },
    {
      "playerOne": 25,
      "playerTwo": 27,
      "winPercentage": 41.447
    },
    {
      "playerOne": 25,
      "playerTwo": 28,
      "winPercentage": 14.539
    },
    {
      "playerOne": 25,
      "playerTwo": 29,
      "winPercentage": 81.986
    },
    {
      "playerOne": 25,
      "playerTwo": 30,
      "winPercentage": 84.447
    },
    {
      "playerOne": 25,
      "playerTwo": 31,
      "winPercentage": 19.608
    },
    {
      "playerOne": 25,
      "playerTwo": 32,
      "winPercentage": 78.106
    },
    {
      "playerOne": 25,
      "playerTwo": 33,
      "winPercentage": 9.812
    },
    {
      "playerOne": 25,
      "playerTwo": 34,
      "winPercentage": 70.384
    },
    {
      "playerOne": 25,
      "playerTwo": 35,
      "winPercentage": 78.441
    },
    {
      "playerOne": 25,
      "playerTwo": 36,
      "winPercentage": 46.666
    },
    {
      "playerOne": 25,
      "playerTwo": 37,
      "winPercentage": 49.514
    },
    {
      "playerOne": 25,
      "playerTwo": 38,
      "winPercentage": 40.338
    },
    {
      "playerOne": 25,
      "playerTwo": 39,
      "winPercentage": 69.173
    },
    {
      "playerOne": 26,
      "playerTwo": 27,
      "winPercentage": 60.809
    },
    {
      "playerOne": 26,
      "playerTwo": 28,
      "winPercentage": 67.934
    },
    {
      "playerOne": 26,
      "playerTwo": 29,
      "winPercentage": 63.571
    },
    {
      "playerOne": 26,
      "playerTwo": 30,
      "winPercentage": 41.403
    },
    {
      "playerOne": 26,
      "playerTwo": 31,
      "winPercentage": 77.63
    },
    {
      "playerOne": 26,
      "playerTwo": 32,
      "winPercentage": 14.143
    },
    {
      "playerOne": 26,
      "playerTwo": 33,
      "winPercentage": 94.358
    },
    {
      "playerOne": 26,
      "playerTwo": 34,
      "winPercentage": 15.58
    },
    {
      "playerOne": 26,
      "playerTwo": 35,
      "winPercentage": 21.552
    },
    {
      "playerOne": 26,
      "playerTwo": 36,
      "winPercentage": 3.705
    },
    {
      "playerOne": 26,
      "playerTwo": 37,
      "winPercentage": 3.584
    },
    {
      "playerOne": 26,
      "playerTwo": 38,
      "winPercentage": 68.441
    },
    {
      "playerOne": 26,
      "playerTwo": 39,
      "winPercentage": 83.342
    },
    {
      "playerOne": 27,
      "playerTwo": 28,
      "winPercentage": 89.206
    },
    {
      "playerOne": 27,
      "playerTwo": 29,
      "winPercentage": 24.873
    },
    {
      "playerOne": 27,
      "playerTwo": 30,
      "winPercentage": 70.249
    },
    {
      "playerOne": 27,
      "playerTwo": 31,
      "winPercentage": 36.984
    },
    {
      "playerOne": 27,
      "playerTwo": 32,
      "winPercentage": 40.385
    },
    {
      "playerOne": 27,
      "playerTwo": 33,
      "winPercentage": 2.507
    },
    {
      "playerOne": 27,
      "playerTwo": 34,
      "winPercentage": 59.137
    },
    {
      "playerOne": 27,
      "playerTwo": 35,
      "winPercentage": 74.925
    },
    {
      "playerOne": 27,
      "playerTwo": 36,
      "winPercentage": 31.878
    },
    {
      "playerOne": 27,
      "playerTwo": 37,
      "winPercentage": 66.19
    },
    {
      "playerOne": 27,
      "playerTwo": 38,
      "winPercentage": 11.062
    },
    {
      "playerOne": 27,
      "playerTwo": 39,
      "winPercentage": 89.684
    },
    {
      "playerOne": 28,
      "playerTwo": 29,
      "winPercentage": 46.924
    },
    {
      "playerOne": 28,
      "playerTwo": 30,
      "winPercentage": 91.387
    },
    {
      "playerOne": 28,
      "playerTwo": 31,
      "winPercentage": 62.22
    },
    {
      "playerOne": 28,
      "playerTwo": 32,
      "winPercentage": 75.461
    },
    {
      "playerOne": 28,
      "playerTwo": 33,
      "winPercentage": 56.077
    },
    {
      "playerOne": 28,
      "playerTwo": 34,
      "winPercentage": 24.481
    },
    {
      "playerOne": 28,
      "playerTwo": 35,
      "winPercentage": 7.457
    },
    {
      "playerOne": 28,
      "playerTwo": 36,
      "winPercentage": 47.694
    },
    {
      "playerOne": 28,
      "playerTwo": 37,
      "winPercentage": 40.972
    },
    {
      "playerOne": 28,
      "playerTwo": 38,
      "winPercentage": 74.856
    },
    {
      "playerOne": 28,
      "playerTwo": 39,
      "winPercentage": 67.802
    },
    {
      "playerOne": 29,
      "playerTwo": 30,
      "winPercentage": 45.611
    },
    {
      "playerOne": 29,
      "playerTwo": 31,
      "winPercentage": 19.253
    },
    {
      "playerOne": 29,
      "playerTwo": 32,
      "winPercentage": 69.575
    },
    {
      "playerOne": 29,
      "playerTwo": 33,
      "winPercentage": 67.297
    },
    {
      "playerOne": 29,
      "playerTwo": 34,
      "winPercentage": 30.563
    },
    {
      "playerOne": 29,
      "playerTwo": 35,
      "winPercentage": 47.776
    },
    {
      "playerOne": 29,
      "playerTwo": 36,
      "winPercentage": 99.228
    },
    {
      "playerOne": 29,
      "playerTwo": 37,
      "winPercentage": 93.462
    },
    {
      "playerOne": 29,
      "playerTwo": 38,
      "winPercentage": 11.775
    },
    {
      "playerOne": 29,
      "playerTwo": 39,
      "winPercentage": 83.326
    },
    {
      "playerOne": 30,
      "playerTwo": 31,
      "winPercentage": 41.161
    },
    {
      "playerOne": 30,
      "playerTwo": 32,
      "winPercentage": 64.679
    },
    {
      "playerOne": 30,
      "playerTwo": 33,
      "winPercentage": 17.922
    },
    {
      "playerOne": 30,
      "playerTwo": 34,
      "winPercentage": 5.281
    },
    {
      "playerOne": 30,
      "playerTwo": 35,
      "winPercentage": 6.459
    },
    {
      "playerOne": 30,
      "playerTwo": 36,
      "winPercentage": 82.757
    },
    {
      "playerOne": 30,
      "playerTwo": 37,
      "winPercentage": 87.483
    },
    {
      "playerOne": 30,
      "playerTwo": 38,
      "winPercentage": 14.286
    },
    {
      "playerOne": 30,
      "playerTwo": 39,
      "winPercentage": 95.94
    },
    {
      "playerOne": 31,
      "playerTwo": 32,
      "winPercentage": 77.021
    },
    {
      "playerOne": 31,
      "playerTwo": 33,
      "winPercentage": 38.523
    },
    {
      "playerOne": 31,
      "playerTwo": 34,
      "winPercentage": 13.908
    },
    {
      "playerOne": 31,
      "playerTwo": 35,
      "winPercentage": 65.892
    },
    {
      "playerOne": 31,
      "playerTwo": 36,
      "winPercentage": 53.487
    },
    {
      "playerOne": 31,
      "playerTwo": 37,
      "winPercentage": 44.913
    },
    {
      "playerOne": 31,
      "playerTwo": 38,
      "winPercentage": 34.288
    },
    {
      "playerOne": 31,
      "playerTwo": 39,
      "winPercentage": 34.404
    },
    {
      "playerOne": 32,
      "playerTwo": 33,
      "winPercentage": 17.894
    },
    {
      "playerOne": 32,
      "playerTwo": 34,
      "winPercentage": 4.691
    },
    {
      "playerOne": 32,
      "playerTwo": 35,
      "winPercentage": 42.088
    },
    {
      "playerOne": 32,
      "playerTwo": 36,
      "winPercentage": 67.221
    },
    {
      "playerOne": 32,
      "playerTwo": 37,
      "winPercentage": 61.827
    },
    {
      "playerOne": 32,
      "playerTwo": 38,
      "winPercentage": 25.487
    },
    {
      "playerOne": 32,
      "playerTwo": 39,
      "winPercentage": 92.923
    },
    {
      "playerOne": 33,
      "playerTwo": 34,
      "winPercentage": 22.249
    },
    {
      "playerOne": 33,
      "playerTwo": 35,
      "winPercentage": 19.247
    },
    {
      "playerOne": 33,
      "playerTwo": 36,
      "winPercentage": 19.222
    },
    {
      "playerOne": 33,
      "playerTwo": 37,
      "winPercentage": 81.587
    },
    {
      "playerOne": 33,
      "playerTwo": 38,
      "winPercentage": 12.851
    },
    {
      "playerOne": 33,
      "playerTwo": 39,
      "winPercentage": 34.772
    },
    {
      "playerOne": 34,
      "playerTwo": 35,
      "winPercentage": 24.901
    },
    {
      "playerOne": 34,
      "playerTwo": 36,
      "winPercentage": 30.28
    },
    {
      "playerOne": 34,
      "playerTwo": 37,
      "winPercentage": 7.767
    },
    {
      "playerOne": 34,
      "playerTwo": 38,
      "winPercentage": 84.835
    },
    {
      "playerOne": 34,
      "playerTwo": 39,
      "winPercentage": 32.561
    },
    {
      "playerOne": 35,
      "playerTwo": 36,
      "winPercentage": 19.702
    },
    {
      "playerOne": 35,
      "playerTwo": 37,
      "winPercentage": 33.455
    },
    {
      "playerOne": 35,
      "playerTwo": 38,
      "winPercentage": 52.636
    },
    {
      "playerOne": 35,
      "playerTwo": 39,
      "winPercentage": 27.671
    },
    {
      "playerOne": 36,
      "playerTwo": 37,
      "winPercentage": 39.119
    },
    {
      "playerOne": 36,
      "playerTwo": 38,
      "winPercentage": 74.504
    },
    {
      "playerOne": 36,
      "playerTwo": 39,
      "winPercentage": 75.645
    },
    {
      "playerOne": 37,
      "playerTwo": 38,
      "winPercentage": 67.528
    },
    {
      "playerOne": 37,
      "playerTwo": 39,
      "winPercentage": 79.395
    },
    {
      "playerOne": 38,
      "playerTwo": 39,
      "winPercentage": 54.188
    }
  ]
}