{
  "metadata": {
    "numPlayers": 40
  },
  "teamStats": [
    {
      "playerOne": 0,
      "playerTwo": 1,
      "winPercentage": 39.61
    },
    {
      "playerOne": 0,
      "playerTwo": 2,
      "winPercentage": 78.931
    },
    {
      "playerOne": 0,
      "playerTwo": 3,
      "winPercentage": 98.747
    },
    {
      "playerOne": 0,
      "playerTwo": 4,
      "winPercentage": 78.112
    },
    {
      "playerOne": 0,
      "playerTwo": 5,
      "winPercentage": 70.269
    },
    {
      "playerOne": 0,
      "playerTwo": 6,
      "winPercentage": 3.359
    },
    {
      "playerOne": 0,
      "playerTwo": 7,
      "winPercentage": 96.517
    },
    {
      "playerOne": 0,
      "playerTwo": 8,
      "winPercentage": 37.816
    },
    {
      "playerOne": 0,
      "playerTwo": 9,
      "winPercentage": 57.969
    },
    {
      "playerOne": 0,
      "playerTwo": 10,
      "winPercentage": 14.569
    },
    {
      "playerOne": 0,
      "playerTwo": 11,
      "winPercentage": 17.523
    },
    {
      "playerOne": 0,
      "playerTwo": 12,
      "winPercentage": 92.814
    },
    {
      "playerOne": 0,
      "playerTwo": 13,
      "winPercentage": 78.708
    },
    {
      "playerOne": 0,
      "playerTwo": 14,
      "winPercentage": 93.278
    },
    {
      "playerOne": 0,
      "playerTwo": 15,
      "winPercentage": 30.35
    },
    {
      "playerOne": 0,
      "playerTwo": 16,
      "winPercentage": 31.641
    },
    {
      "playerOne": 0,
      "playerTwo": 17,
      "winPercentage": 20.557
    },
    {
      "playerOne": 0,
      "playerTwo": 18,
      "winPercentage": 70.06
    },
    {
      "playerOne": 0,
      "playerTwo": 19,
      "winPercentage": 73.674
    },
    {
      "playerOne": 0,
      "playerTwo": 20,
      "winPercentage": 17.993
    },
    {
      "playerOne": 0,
      "playerTwo": 21,
      "winPercentage": 71.645
    },
    {
      "playerOne": 0,
      "playerTwo": 22,
      "winPercentage": 2.824
    },
    {
      "playerOne": 0,
      "playerTwo": 23,
      "winPercentage": 73.618
    },
    {
      "playerOne": 0,
      "playerTwo": 24,
      "winPercentage": 81.645
    },
    {
      "playerOne": 0,
      "playerTwo": 25,
      "winPercentage": 78.23
    },
    {
      "playerOne": 0,
      "playerTwo": 26,
      "winPercentage": 92.255
    },
    {
      "playerOne": 0,
      "playerTwo": 27,
      "winPercentage": 50.904
    },
    {
      "playerOne": 0,
      "playerTwo": 28,
      "winPercentage": 21.5
    },
    {
      "playerOne": 0,
      "playerTwo": 29,
      "winPercentage": 70.21
    },
    {
      "playerOne": 0,
      "playerTwo": 30,
      "winPercentage": 19.365
    },
    {
      "playerOne": 0,
      "playerTwo": 31,
      "winPercentage": 50.565
    },
    {
      "playerOne": 0,
      "playerTwo": 32,
      "winPercentage": 76.772
    },
    {
      "playerOne": 0,
      "playerTwo": 33,
      "winPercentage": 39.335
    },
    {
      "playerOne": 0,
      "playerTwo": 34,
      "winPercentage": 71.589
    },
    {
      "playerOne": 0,
      "playerTwo": 35,
      "winPercentage": 38.332
    },
    {
      "playerOne": 0,
      "playerTwo": 36,
      "winPercentage": 43.949
    },
    {
      "playerOne": 0,
      "playerTwo": 37,
      "winPercentage": 84.298
    },
    {
      "playerOne": 0,
      "playerTwo": 38,
      "winPercentage": 89.546
    },
    {
      "playerOne": 0,
      "playerTwo": 39,
      "winPercentage": 19.276
    },
    {
      "playerOne": 1,
      "playerTwo": 2,
      "winPercentage": 13.925
    },
    {
      "playerOne": 1,
      "playerTwo": 3,
      "winPercentage": 89.28
    },
    {
      "playerOne": 1,
      "playerTwo": 4,
      "winPercentage": 58.217
    },
    {
      "playerOne": 1,
      "playerTwo": 5,
      "winPercentage": 47.322
    },
    {
      "playerOne": 1,
      "playerTwo": 6,
      "winPercentage": 25.191
    },
    {
      "playerOne": 1,
      "playerTwo": 7,
      "winPercentage": 68.599
    },
    {
      "playerOne": 1,
      "playerTwo": 8,
      "winPercentage": 44.263
    },
    {
      "playerOne": 1,
      "playerTwo": 9,
      "winPercentage": 37.839
    },
    {
      "playerOne": 1,
      "playerTwo": 10,
      "winPercentage": 73.513
    },
    {
      "playerOne": 1,
      "playerTwo": 11,
      "winPercentage": 42.628
    },
    {
      "playerOne": 1,
      "playerTwo": 12,
      "winPercentage": 78.584
    },
    {
      "playerOne": 1,
      "playerTwo": 13,
      "winPercentage": 5.537
    },
    {
      "playerOne": 1,
      "playerTwo": 14,
      "winPercentage": 96.824
    },
    {
      "playerOne": 1,
      "playerTwo": 15,
      "winPercentage": 26.65
    },
    {
      "playerOne": 1,
      "playerTwo": 16,
      "winPercentage": 75.845
    },
    {
      "playerOne": 1,
      "playerTwo": 17,
      "winPercentage": 72.369
    },
    {
      "playerOne": 1,
      "playerTwo": 18,
      "winPercentage": 82.091
    },
    {
      "playerOne": 1,
      "playerTwo": 19,
      "winPercentage": 4.796
    },
    {
      "playerOne": 1,
      "playerTwo": 20,
      "winPercentage": 79.779
    },
    {
      "playerOne": 1,
      "playerTwo": 21,
      "winPercentage": 61.997
    },
    {
      "playerOne": 1,
      "playerTwo": 22,
      "winPercentage": 26.733
    },
    {
      "playerOne": 1,
      "playerTwo": 23,
      "winPercentage": 63.421
    },
    {
      "playerOne": 1,
      "playerTwo": 24,
      "winPercentage": 35.923
    },
    {
      "playerOne": 1,
      "playerTwo": 25,
      "winPercentage": 36.146
    },
    {
      "playerOne": 1,
      "playerTwo": 26,
      "winPercentage": 0.975
    },
    {
      "playerOne": 1,
      "playerTwo": 27,
      "winPercentage": 62.616
    },
    {
      "playerOne": 1,
      "playerTwo": 28,
      "winPercentage": 57.924
    },
    {
      "playerOne": 1,
      "playerTwo": 29,
      "winPercentage": 25.647
    },
    {
      "playerOne": 1,
      "playerTwo": 30,
      "winPercentage": 39.997
    },
    {
      "playerOne": 1,
      "playerTwo": 31,
      "winPercentage": 42.645
    },
    {
      "playerOne": 1,
      "playerTwo": 32,
      "winPercentage": 78.93
    },
    {
      "playerOne": 1,
      "playerTwo": 33,
      "winPercentage": 13.588
    },
    {
      "playerOne": 1,
      "playerTwo": 34,
      "winPercentage": 13.273
    },
    {
      "playerOne": 1,
      "playerTwo": 35,
      "winPercentage": 30.393
    },
    {
      "playerOne": 1,
      "playerTwo": 36,
      "winPercentage": 81.245
    },
    {
      "playerOne": 1,
      "playerTwo": 37,
      "winPercentage": 17.647
    },
    {
      "playerOne": 1,
      "playerTwo": 38,
      "winPercentage": 66.256
    },
    {
      "playerOne": 1,
      "playerTwo": 39,
      "winPercentage": 60.718
    },
    {
      "playerOne": 2,
      "playerTwo": 3,
      "winPercentage": 21.109
    },
    {
      "playerOne": 2,
      "playerTwo": 4,
      "winPercentage": 13.002
    },
    {
      "playerOne": 2,
      "playerTwo": 5,
      "winPercentage": 96.485
    },
    {
      "playerOne": 2,
      "playerTwo": 6,
      "winPercentage": 11.97
    },
    {
      "playerOne": 2,
      "playerTwo": 7,
      "winPercentage": 3.848
    },
    {
      "playerOne": 2,
      "playerTwo": 8,
      "winPercentage": 25.205
    },
    {
      "playerOne": 2,
      "playerTwo": 9,
      "winPercentage": 7.083
    },
    {
      "playerOne": 2,
      "playerTwo": 10,
      "winPercentage": 43.365
    },
    {
      "playerOne": 2,
      "playerTwo": 11,
      "winPercentage": 94.577
    },
    {
      "playerOne": 2,
      "playerTwo": 12,
      "winPercentage": 23.636
    },
    {
      "playerOne": 2,
      "playerTwo": 13,
      "winPercentage": 89.372
    },
    {
      "playerOne": 2,
      "playerTwo": 14,
      "winPercentage": 60.73
    },
    {
      "playerOne": 2,
      "playerTwo": 15,
      "winPercentage": 88.921
    },
    {
      "playerOne": 2,
      "playerTwo": 16,
      "winPercentage": 82.306
    },
    {
      "playerOne": 2,
      "playerTwo": 17,
      "winPercentage": 59.407
    },
    {
      "playerOne": 2,
      "playerTwo": 18,
      "winPercentage": 90.113
    },
    {
      "playerOne": 2,
      "playerTwo": 19,
      "winPercentage": 94.365
    },
    {
      "playerOne": 2,
      "playerTwo": 20,
      "winPercentage": 66.439
    },
    {
      "playerOne": 2,
      "playerTwo": 21,
      "winPercentage": 86.695
    },
    {
      "playerOne": 2,
      "playerTwo": 22,
      "winPercentage": 78.857
    },
    {
      "playerOne": 2,
      "playerTwo": 23,
      "winPercentage": 24.381
    },
    {
      "playerOne": 2,
      "playerTwo": 24,
      "winPercentage": 7.527
    },
    {
      "playerOne": 2,
      "playerTwo": 25,
      "winPercentage": 81.145
    },
    {
      "playerOne": 2,
      "playerTwo": 26,
      "winPercentage": 73.96
    },
    {
      "playerOne": 2,
      "playerTwo": 27,
      "winPercentage": 37.978
    },
    {
      "playerOne": 2,
      "playerTwo": 28,
      "winPercentage": 48.429
    },
    {
      "playerOne": 2,
      "playerTwo": 29,
      "winPercentage": 8.03
    },
    {
      "playerOne": 2,
      "playerTwo": 30,
      "winPercentage": 35.58
    },
    {
      "playerOne": 2,
      "playerTwo": 31,
      "winPercentage": 12.519
    },
    {
      "playerOne": 2,
      "playerTwo": 32,
      "winPercentage": 5.594
    },
    {
      "playerOne": 2,
      "playerTwo": 33,
      "winPercentage": 83.362
    },
    {
      "playerOne": 2,
      "playerTwo": 34,
      "winPercentage": 26.756
    },
    {
      "playerOne": 2,
      "playerTwo": 35,
      "winPercentage": 72.908
    },
    {
      "playerOne": 2,
      "playerTwo": 36,
      "winPercentage": 83.501
    },
    {
      "playerOne": 2,
      "playerTwo": 37,
      "winPercentage": 80.167
    },
    {
      "playerOne": 2,
      "playerTwo": 38,
      "winPercentage": 21.025
    },
    {
      "playerOne": 2,
      "playerTwo": 39,
      "winPercentage": 86.137
    },
    {
      "playerOne": 3,
      "playerTwo": 4,
      "winPercentage": 7.234
    },
    {
      "playerOne": 3,
      "playerTwo": 5,
      "winPercentage": 97.611
    },
    {
      "playerOne": 3,
      "playerTwo": 6,
      "winPercentage": 82.349
    },
    {
      "playerOne": 3,
      "playerTwo": 7,
      "winPercentage": 15.278
    },
    {
      "playerOne": 3,
      "playerTwo": 8,
      "winPercentage": 9.992
    },
    {
      "playerOne": 3,
      "playerTwo": 9,
      "winPercentage": 14.344
    },
    {
      "playerOne": 3,
      "playerTwo": 10,
      "winPercentage": 23.352
    },
    {
      "playerOne": 3,
      "playerTwo": 11,
      "winPercentage": 25.711
    },
    {
      "playerOne": 3,
      "playerTwo": 12,
      "winPercentage": 13.996
    },
    {
      "playerOne": 3,
      "playerTwo": 13,
      "winPercentage": 91.653
    },
    {
      "playerOne": 3,
      "playerTwo": 14,
      "winPercentage": 55.811
    },
    {
      "playerOne": 3,
      "playerTwo": 15,
      "winPercentage": 35.586
    },
    {
      "playerOne": 3,
      "playerTwo": 16,
      "winPercentage": 67.02
    },
    {
      "playerOne": 3,
      "playerTwo": 17,
      "winPercentage": 96.128
    },
    {
      "playerOne": 3,
      "playerTwo": 18,
      "winPercentage": 24.649
    },
    {
      "playerOne": 3,
      "playerTwo": 19,
      "winPercentage": 24.134
    },
    {
      "playerOne": 3,
      "playerTwo": 20,
      "winPercentage": 28.187
    },
    {
      "playerOne": 3,
      "playerTwo": 21,
      "winPercentage": 13.399
    },
    {
      "playerOne": 3,
      "playerTwo": 22,
      "winPercentage": 69.826
    },
    {
      "playerOne": 3,
      "playerTwo": 23,
      "winPercentage": 13.143
    },
    {
      "playerOne": 3,
      "playerTwo": 24,
      "winPercentage": 11.306
    },
    {
      "playerOne": 3,
      "playerTwo": 25,
      "winPercentage": 17.874
    },
    {
      "playerOne": 3,
      "playerTwo": 26,
      "winPercentage": 18.214
    },
    {
      "playerOne": 3,
      "playerTwo": 27,
      "winPercentage": 77.123
    },
    {
      "playerOne": 3,
      "playerTwo": 28,
      "winPercentage": 91.394
    },
    {
      "playerOne": 3,
      "playerTwo": 29,
      "winPercentage": 40.819
    },
    {
      "playerOne": 3,
      "playerTwo": 30,
      "winPercentage": 46.7
    },
    {
      "playerOne": 3,
      "playerTwo": 31,
      "winPercentage": 4.645
    },
    {
      "playerOne": 3,
      "playerTwo": 32,
      "winPercentage": 72.478
    },
    {
      "playerOne": 3,
      "playerTwo": 33,
      "winPercentage": 50.266
    },
    {
      "playerOne": 3,
      "playerTwo": 34,
      "winPercentage": 86.251
    },
    {
      "playerOne": 3,
      "playerTwo": 35,
      "winPercentage": 13.708
    },
    {
      "playerOne": 3,
      "playerTwo": 36,
      "winPercentage": 93.555
    },
    {
      "playerOne": 3,
      "playerTwo": 37,
      "winPercentage": 86.01
    },
    {
      "playerOne": 3,
      "playerTwo": 38,
      "winPercentage": 41.091
    },
    {
      "playerOne": 3,
      "playerTwo": 39,
      "winPercentage": 93.903
    },
    {
      "playerOne": 4,
      "playerTwo": 5,
      "winPercentage": 35.751
    },
    {
      "playerOne": 4,
      "playerTwo": 6,
      "winPercentage": 77.304
    },
    {
      "playerOne": 4,
      "playerTwo": 7,
      "winPercentage": 49.558
    },
    {
      "playerOne": 4,
      "playerTwo": 8,
      "winPercentage": 67.378
    },
    {
      "playerOne": 4,
      "playerTwo": 9,
      "winPercentage": 20.707
    },
    {
      "playerOne": 4,
      "playerTwo": 10,
      "winPercentage": 94.493
    },
    {
      "playerOne": 4,
      "playerTwo": 11,
      "winPercentage": 3.166
    },
    {
      "playerOne": 4,
      "playerTwo": 12,
      "winPercentage": 48.604
    },
    {
      "playerOne": 4,
      "playerTwo": 13,
      "winPercentage": 49.746
    },
    {
      "playerOne": 4,
      "playerTwo": 14,
      "winPercentage": 20.556
    },
    {
      "playerOne": 4,
      "playerTwo": 15,
      "winPercentage": 55.015
    },
    {
      "playerOne": 4,
      "playerTwo": 16,
      "winPercentage": 62.673
    },
    {
      "playerOne": 4,
      "playerTwo": 17,
      "winPercentage": 86.283
    },
    {
      "playerOne": 4,
      "playerTwo": 18,
      "winPercentage": 72.69
    },
    {
      "playerOne": 4,
      "playerTwo": 19,
      "winPercentage": 95.83
    },
    {
      "playerOne": 4,
      "playerTwo": 20,
      "winPercentage": 80.543
    },
    {
      "playerOne": 4,
      "playerTwo": 21,
      "winPercentage": 19.764
    },
    {
      "playerOne": 4,
      "playerTwo": 22,
      "winPercentage": 87.195
    },
    {
      "playerOne": 4,
      "playerTwo": 23,
      "winPercentage": 57.312
    },
    {
      "playerOne": 4,
      "playerTwo": 24,
      "winPercentage": 28.388
    },
    {
      "playerOne": 4,
      "playerTwo": 25,
      "winPercentage": 87.237
    },
    {
      "playerOne": 4,
      "playerTwo": 26,
      "winPercentage": 21.187
    },
    {
      "playerOne": 4,
      "playerTwo": 27,
      "winPercentage": 39.739
    },
    {
      "playerOne": 4,
      "playerTwo": 28,
      "winPercentage": 6.696
    },
    {
      "playerOne": 4,
      "playerTwo": 29,
      "winPercentage": 66.122
    },
    {
      "playerOne": 4,
      "playerTwo": 30,
      "winPercentage": 49.489
    },
    {
      "playerOne": 4,
      "playerTwo": 31,
      "winPercentage": 81.117
    },
    {
      "playerOne": 4,
      "playerTwo": 32,
      "winPercentage": 58.32
    },
    {
      "playerOne": 4,
      "playerTwo": 33,
      "winPercentage": 27.199
    },
    {
      "playerOne": 4,
      "playerTwo": 34,
      "winPercentage": 46.035
    },
    {
      "playerOne": 4,
      "playerTwo": 35,
      "winPercentage": 17.806
    },
    {
      "playerOne": 4,
      "playerTwo": 36,
      "winPercentage": 72.175
    },
    {
      "playerOne": 4,
      "playerTwo": 37,
      "winPercentage": 53.806
    },
    {
      "playerOne": 4,
      "playerTwo": 38,
      "winPercentage": 99.921
    },
    {
      "playerOne": 4,
      "playerTwo": 39,
      "winPercentage": 78.03
    },
    {
      "playerOne": 5,
      "playerTwo": 6,
      "winPercentage": 10.077
    },
    {
      "playerOne": 5,
      "playerTwo": 7,
      "winPercentage": 93.608
    },
    {
      "playerOne": 5,
      "playerTwo": 8,
      "winPercentage": 86.492
    },
    {
      "playerOne": 5,
      "playerTwo": 9,
      "winPercentage": 40.865
    },
    {
      "playerOne": 5,
      "playerTwo": 10,
      "winPercentage": 37.035
    },
    {
      "playerOne": 5,
      "playerTwo": 11,
      "winPercentage": 9.37
    },
    {
      "playerOne": 5,
      "playerTwo": 12,
      "winPercentage": 42.284
    },
    {
      "playerOne": 5,
      "playerTwo": 13,
      "winPercentage": 11.66
    },
    {
      "playerOne": 5,
      "playerTwo": 14,
      "winPercentage": 71.534
    },
    {
      "playerOne": 5,
      "playerTwo": 15,
      "winPercentage": 90.855
    },
    {
      "playerOne": 5,
      "playerTwo": 16,
      "winPercentage": 6.669
    },
    {
      "playerOne": 5,
      "playerTwo": 17,
      "winPercentage": 39.121
    },
    {
      "playerOne": 5,
      "playerTwo": 18,
      "winPercentage": 97.337
    },
    {
      "playerOne": 5,
      "playerTwo": 19,
      "winPercentage": 39.715
    },
    {
      "playerOne": 5,
      "playerTwo": 20,
      "winPercentage": 71.288
    },
    {
      "playerOne": 5,
      "playerTwo": 21,
      "winPercentage": 58.8
    },
    {
      "playerOne": 5,
      "playerTwo": 22,
      "winPercentage": 61.251
    },
    {
      "playerOne": 5,
      "playerTwo": 23,
      "winPercentage": 51.389
    },
    {
      "playerOne": 5,
      "playerTwo": 24,
      "winPercentage": 4.775
    },
    {
      "playerOne": 5,
      "playerTwo": 25,
      "winPercentage": 49.254
    },
    {
      "playerOne": 5,
      "playerTwo": 26,
      "winPercentage": 39.85
    },
    {
      "playerOne": 5,
      "playerTwo": 27,
      "winPercentage": 87.816
    },
    {
      "playerOne": 5,
      "playerTwo": 28,
      "winPercentage": 77.9
    },
    {
      "playerOne": 5,
      "playerTwo": 29,
      "winPercentage": 82.7
    },
    {
      "playerOne": 5,
      "playerTwo": 30,
      "winPercentage": 4.632
    },
    {
      "playerOne": 5,
      "playerTwo": 31,
      "winPercentage": 59.916
    },
    {
      "playerOne": 5,
      "playerTwo": 32,
      "winPercentage": 61.225
    },
    {
      "playerOne": 5,
      "playerTwo": 33,
      "winPercentage": 93.633
    },
    {
      "playerOne": 5,
      "playerTwo": 34,
      "winPercentage": 68.365
    },
    {
      "playerOne": 5,
      "playerTwo": 35,
      "winPercentage": 84.648
    },
    {
      "playerOne": 5,
      "playerTwo": 36,
      "winPercentage": 70.508
    },
    {
      "playerOne": 5,
      "playerTwo": 37,
      "winPercentage": 79.135
    },
    {
      "playerOne": 5,
      "playerTwo": 38,
      "winPercentage": 86.513
    },
    {
      "playerOne": 5,
      "playerTwo": 39,
      "winPercentage": 33.227
    },
    {
      "playerOne": 6,
      "playerTwo": 7,
      "winPercentage": 70.63
    },
    {
      "playerOne": 6,
      "playerTwo": 8,
      "winPercentage": 87.414
    },
    {
      "playerOne": 6,
      "playerTwo": 9,
      "winPercentage": 19.314
    },
    {
      "playerOne": 6,
      "playerTwo": 10,
      "winPercentage": 36.152
    },
    {
      "playerOne": 6,
      "playerTwo": 11,
      "winPercentage": 45.656
    },
    {
      "playerOne": 6,
      "playerTwo": 12,
      "winPercentage": 19.184
    },
    {
      "playerOne": 6,
      "playerTwo": 13,
      "winPercentage": 58.151
    },
    {
      "playerOne": 6,
      "playerTwo": 14,
      "winPercentage": 32.483
    },
    {
      "playerOne": 6,
      "playerTwo": 15,
      "winPercentage": 68.933
    },
    {
      "playerOne": 6,
      "playerTwo": 16,
      "winPercentage": 26.065
    },
    {
      "playerOne": 6,
      "playerTwo": 17,
      "winPercentage": 25.721
    },
    {
      "playerOne": 6,
      "playerTwo": 18,
      "winPercentage": 11.989
    },
    {
      "playerOne": 6,
      "playerTwo": 19,
      "winPercentage": 37.887
    },
    {
      "playerOne": 6,
      "playerTwo": 20,
      "winPercentage": 62.975
    },
    {
      "playerOne": 6,
      "playerTwo": 21,
      "winPercentage": 45.65
    },
    {
      "playerOne": 6,
      "playerTwo": 22,
      "winPercentage": 49.928
    },
    {
      "playerOne": 6,
      "playerTwo": 23,
      "winPercentage": 79.712
    },
    {
      "playerOne": 6,
      "playerTwo": 24,
      "winPercentage": 75.207
    },
    {
      "playerOne": 6,
      "playerTwo": 25,
      "winPercentage": 18.86
    },
    {
      "playerOne": 6,
      "playerTwo": 26,
      "winPercentage": 61.467
    },
    {
      "playerOne": 6,
      "playerTwo": 27,
      "winPercentage": 35.946
    },
    {
      "playerOne": 6,
      "playerTwo": 28,
      "winPercentage": 56.22
    },
    {
      "playerOne": 6,
      "playerTwo": 29,
      "winPercentage": 4.031
    },
    {
      "playerOne": 6,
      "playerTwo": 30,
      "winPercentage": 60.731
    },
    {
      "playerOne": 6,
      "playerTwo": 31,
      "winPercentage": 97.563
    },
    {
      "playerOne": 6,
      "playerTwo": 32,
      "winPercentage": 85.507
    },
    {
      "playerOne": 6,
      "playerTwo": 33,
      "winPercentage": 19.146
    },
    {
      "playerOne": 6,
      "playerTwo": 34,
      "winPercentage": 54.819
    },
    {
      "playerOne": 6,
      "playerTwo": 35,
      "winPercentage": 60.268
    },
    {
      "playerOne": 6,
      "playerTwo": 36,
      "winPercentage": 6.58
    },
    {
      "playerOne": 6,
      "playerTwo": 37,
      "winPercentage": 41.448
    },
    {
      "playerOne": 6,
      "playerTwo": 38,
      "winPercentage": 83.448
    },
    {
      "playerOne": 6,
      "playerTwo": 39,
      "winPercentage": 20.238
    },
    {
      "playerOne": 7,
      "playerTwo": 8,
      "winPercentage": 80.651
    },
    {
      "playerOne": 7,
      "playerTwo": 9,
      "winPercentage": 17.299
    },
    {
      "playerOne": 7,
      "playerTwo": 10,
      "winPercentage": 48.619
    },
    {
      "playerOne": 7,
      "playerTwo": 11,
      "winPercentage": 57.482
    },
    {
      "playerOne": 7,
      "playerTwo": 12,
      "winPercentage": 92.66
    },
    {
      "playerOne": 7,
      "playerTwo": 13,
      "winPercentage": 92.126
    },
    {
      "playerOne": 7,
      "playerTwo": 14,
      "winPercentage": 76.63
    },
    {
      "playerOne": 7,
      "playerTwo": 15,
      "winPercentage": 53.874
    },
    {
      "playerOne": 7,
      "playerTwo": 16,
      "winPercentage": 37.458
    },
    {
      "playerOne": 7,
      "playerTwo": 17,
      "winPercentage": 12.914
    },
    {
      "playerOne": 7,
      "playerTwo": 18,
      "winPercentage": 17.973
    },
    {
      "playerOne": 7,
      "playerTwo": 19,
      "winPercentage": 32.333
    },
    {
      "playerOne": 7,
      "playerTwo": 20,
      "winPercentage": 65.228
    },
    {
      "playerOne": 7,
      "playerTwo": 21,
      "winPercentage": 70.598
    },
    {
      "playerOne": 7,
      "playerTwo": 22,
      "winPercentage": 8.591
    },
    {
      "playerOne": 7,
      "playerTwo": 23,
      "winPercentage": 66.273
    },
    {
      "playerOne": 7,
      "playerTwo": 24,
      "winPercentage": 14.026
    },
    {
      "playerOne": 7,
      "playerTwo": 25,
      "winPercentage": 51.719
    },
    {
      "playerOne": 7,
      "playerTwo": 26,
      "winPercentage": 58.309
    },
    {
      "playerOne": 7,
      "playerTwo": 27,
      "winPercentage": 49.276
    },
    {
      "playerOne": 7,
      "playerTwo": 28,
      "winPercentage": 76.264
    },
    {
      "playerOne": 7,
      "playerTwo": 29,
      "winPercentage": 24.652
    },
    {
      "playerOne": 7,
      "playerTwo": 30,
      "winPercentage": 16.396
    },
    {
      "playerOne": 7,
      "playerTwo": 31,
      "winPercentage": 4.947
    },
    {
      "playerOne": 7,
      "playerTwo": 32,
      "winPercentage": 56.047
    },
    {
      "playerOne": 7,
      "playerTwo": 33,
      "winPercentage": 29.985
    },
    {
      "playerOne": 7,
      "playerTwo": 34,
      "winPercentage": 27.185
    },
    {
      "playerOne": 7,
      "playerTwo": 35,
      "winPercentage": 46.006
    },
    {
      "playerOne": 7,
      "playerTwo": 36,
      "winPercentage": 84.341
    },
    {
      "playerOne": 7,
      "playerTwo": 37,
      "winPercentage": 24.148
    },
    {
      "playerOne": 7,
      "playerTwo": 38,
      "winPercentage": 79.48
    },
    {
      "playerOne": 7,
      "playerTwo": 39,
      "winPercentage": 19.402
    },
    {
      "playerOne": 8,
      "playerTwo": 9,
      "winPercentage": 9.006
    },
    {
      "playerOne": 8,
      "playerTwo": 10,
      "winPercentage": 30.546
    },
    {
      "playerOne": 8,
      "playerTwo": 11,
      "winPercentage": 44.886
    },
    {
      "playerOne": 8,
      "playerTwo": 12,
      "winPercentage": 6.456
    },
    {
      "playerOne": 8,
      "playerTwo": 13,
      "winPercentage": 11.961
    },
    {
      "playerOne": 8,
      "playerTwo": 14,
      "winPercentage": 25.863
    },
    {
      "playerOne": 8,
      "playerTwo": 15,
      "winPercentage": 28.502
    },
    {
      "playerOne": 8,
      "playerTwo": 16,
      "winPercentage": 91.028
    },
    {
      "playerOne": 8,
      "playerTwo": 17,
      "winPercentage": 69.046
    },
    {
      "playerOne": 8,
      "playerTwo": 18,
      "winPercentage": 53.148
    },
    {
      "playerOne": 8,
      "playerTwo": 19,
      "winPercentage": 48.954
    },
    {
      "playerOne": 8,
      "playerTwo": 20,
      "winPercentage": 18.986
    },
    {
      "playerOne": 8,
      "playerTwo": 21,
      "winPercentage": 84.36
    },
    {
      "playerOne": 8,
      "playerTwo": 22,
      "winPercentage": 7.873
    },
    {
      "playerOne": 8,
      "playerTwo": 23,
      "winPercentage": 21.168
    },
    {
      "playerOne": 8,
      "playerTwo": 24,
      "winPercentage": 81.739
    },
    {
      "playerOne": 8,
      "playerTwo": 25,
      "winPercentage": 28.88
    },
    {
      "playerOne": 8,
      "playerTwo": 26,
      "winPercentage": 9667.2
    },
    {
      "playerOne": 8,
      "playerTwo": 27,
      "winPercentage": 27.705
    },
    {
      "playerOne": 8,
      "playerTwo": 28,
      "winPercentage": 42.695
    },
    {
      "playerOne": 8,
      "playerTwo": 29,
      "winPercentage": 9.019
    },
    {
      "playerOne": 8,
      "playerTwo": 30,
      "winPercentage": 90.531
    },
    {
      "playerOne": 8,
      "playerTwo": 31,
      "winPercentage": 43.476
    },
    {
      "playerOne": 8,
      "playerTwo": 32,
      "winPercentage": 54.58
    },
    {
      "playerOne": 8,
      "playerTwo": 33,
      "winPercentage": 63.054
    },
    {
      "playerOne": 8,
      "playerTwo": 34,
      "winPercentage": 57.138
    },
    {
      "playerOne": 8,
      "playerTwo": 35,
      "winPercentage": 40.05
    },
    {
      "playerOne": 8,
      "playerTwo": 36,
      "winPercentage": 50.651
    },
    {
      "playerOne": 8,
      "playerTwo": 37,
      "winPercentage": 16.44
    },
    {
      "playerOne": 8,
      "playerTwo": 38,
      "winPercentage": 93.5
    },
    {
      "playerOne": 8,
      "playerTwo": 39,
      "winPercentage": 22.636
    },
    {
      "playerOne": 9,
      "playerTwo": 10,
      "winPercentage": 67.127
    },
    {
      "playerOne": 9,
      "playerTwo": 11,
      "winPercentage": 35.933
    },
    {
      "playerOne": 9,
      "playerTwo": 12,
      "winPercentage": 17.208
    },
    {
      "playerOne": 9,
      "playerTwo": 13,
      "winPercentage": 81.569
    },
    {
      "playerOne": 9,
      "playerTwo": 14,
      "winPercentage": 19.749
    },
    {
      "playerOne": 9,
      "playerTwo": 15,
      "winPercentage": 50.83
    },
    {
      "playerOne": 9,
      "playerTwo": 16,
      "winPercentage": 6.834
    },
    {
      "playerOne": 9,
      "playerTwo": 17,
      "winPercentage": 15.264
    },
    {
      "playerOne": 9,
      "playerTwo": 18,
      "winPercentage": 27.394
    },
    {
      "playerOne": 9,
      "playerTwo": 19,
      "winPercentage": 85.418
    },
    {
      "playerOne": 9,
      "playerTwo": 20,
      "winPercentage": 34.919
    },
    {
      "playerOne": 9,
      "playerTwo": 21,
      "winPercentage": 71.615
    },
    {
      "playerOne": 9,
      "playerTwo": 22,
      "winPercentage": 66.326
    },
    {
      "playerOne": 9,
      "playerTwo": 23,
      "winPercentage": 70.946
    },
    {
      "playerOne": 9,
      "playerTwo": 24,
      "winPercentage": 69.312
    },
    {
      "playerOne": 9,
      "playerTwo": 25,
      "winPercentage": 18.427
    },
    {
      "playerOne": 9,
      "playerTwo": 26,
      "winPercentage": 44.104
    },
    {
      "playerOne": 9,
      "playerTwo": 27,
      "winPercentage": 95.84
    },
    {
      "playerOne": 9,
      "playerTwo": 28,
      "winPercentage": 66.27
    },
    {
      "playerOne": 9,
      "playerTwo": 29,
      "winPercentage": 57.733
    },
    {
      "playerOne": 9,
      "playerTwo": 30,
      "winPercentage": 96.777
    },
    {
      "playerOne": 9,
      "playerTwo": 31,
      "winPercentage": 63.272
    },
    {
      "playerOne": 9,
      "playerTwo": 32,
      "winPercentage": 45.901
    },
    {
      "playerOne": 9,
      "playerTwo": 33,
      "winPercentage": 99.756
    },
    {
      "playerOne": 9,
      "playerTwo": 34,
      "winPercentage": 14.938
    },
    {
      "playerOne": 9,
      "playerTwo": 35,
      "winPercentage": 82.329
    },
    {
      "playerOne": 9,
      "playerTwo": 36,
      "winPercentage": 73.978
    },
    {
      "playerOne": 9,
      "playerTwo": 37,
      "winPercentage": 81.035
    },
    {
      "playerOne": 9,
      "playerTwo": 38,
      "winPercentage": 87.114
    },
    {
      "playerOne": 9,
      "playerTwo": 39,
      "winPercentage": 42.103
    },
    {
      "playerOne": 10,
      "playerTwo": 11,
      "winPercentage": 27.918
    },
    {
      "playerOne": 10,
      "playerTwo": 12,
      "winPercentage": 89.443
    },
    {
      "playerOne": 10,
      "playerTwo": 13,
      "winPercentage": 8.509
    },
    {
      "playerOne": 10,
      "playerTwo": 14,
      "winPercentage": 60.482
    },
    {
      "playerOne": 10,
      "playerTwo": 15,
      "winPercentage": 77.076
    },
    {
      "playerOne": 10,
      "playerTwo": 16,
      "winPercentage": 53.461
    },
    {
      "playerOne": 10,
      "playerTwo": 17,
      "winPercentage": 17.078
    },
    {
      "playerOne": 10,
      "playerTwo": 18,
      "winPercentage": 59.174
    },
    {
      "playerOne": 10,
      "playerTwo": 19,
      "winPercentage": 30.643
    },
    {
      "playerOne": 10,
      "playerTwo": 20,
      "winPercentage": 41.743
    },
    {
      "playerOne": 10,
      "playerTwo": 21,
      "winPercentage": 96.401
    },
    {
      "playerOne": 10,
      "playerTwo": 22,
      "winPercentage": 64.251
    },
    {
      "playerOne": 10,
      "playerTwo": 23,
      "winPercentage": 10.639
    },
    {
      "playerOne": 10,
      "playerTwo": 24,
      "winPercentage": 86.223
    },
    {
      "playerOne": 10,
      "playerTwo": 25,
      "winPercentage": 49.235
    },
    {
      "playerOne": 10,
      "playerTwo": 26,
      "winPercentage": 35.802
    },
    {
      "playerOne": 10,
      "playerTwo": 27,
      "winPercentage": 81.338
    },
    {
      "playerOne": 10,
      "playerTwo": 28,
      "winPercentage": 71.8
    },
    {
      "playerOne": 10,
      "playerTwo": 29,
      "winPercentage": 89.075
    },
    {
      "playerOne": 10,
      "playerTwo": 30,
      "winPercentage": 58.086
    },
    {
      "playerOne": 10,
      "playerTwo": 31,
      "winPercentage": 55.228
    },
    {
      "playerOne": 10,
      "playerTwo": 32,
      "winPercentage": 8.265
    },
    {
      "playerOne": 10,
      "playerTwo": 33,
      "winPercentage": 44.971
    },
    {
      "playerOne": 10,
      "playerTwo": 34,
      "winPercentage": 64.052
    },
    {
      "playerOne": 10,
      "playerTwo": 35,
      "winPercentage": 73.182
    },
    {
      "playerOne": 10,
      "playerTwo": 36,
      "winPercentage": 5.862
    },
    {
      "playerOne": 10,
      "playerTwo": 37,
      "winPercentage": 33.482
    },
    {
      "playerOne": 10,
      "playerTwo": 38,
      "winPercentage": 41.497
    },
    {
      "playerOne": 10,
      "playerTwo": 39,
      "winPercentage": 13.294
    },
    {
      "playerOne": 11,
      "playerTwo": 12,
      "winPercentage": 41.722
    },
    {
      "playerOne": 11,
      "playerTwo": 13,
      "winPercentage": 25.467
    },
    {
      "playerOne": 11,
      "playerTwo": 14,
      "winPercentage": 80.433
    },
    {
      "playerOne": 11,
      "playerTwo": 15,
      "winPercentage": 98.122
    },
    {
      "playerOne": 11,
      "playerTwo": 16,
      "winPercentage": 12.498
    },
    {
      "playerOne": 11,
      "playerTwo": 17,
      "winPercentage": 91.734
    },
    {
      "playerOne": 11,
      "playerTwo": 18,
      "winPercentage": 46.868
    },
    {
      "playerOne": 11,
      "playerTwo": 19,
      "winPercentage": 91.908
    },
    {
      "playerOne": 11,
      "playerTwo": 20,
      "winPercentage": 99.967
    },
    {
      "playerOne": 11,
      "playerTwo": 21,
      "winPercentage": 21.735
    },
    {
      "playerOne": 11,
      "playerTwo": 22,
      "winPercentage": 48.957
    },
    {
      "playerOne": 11,
      "playerTwo": 23,
      "winPercentage": 5.258
    },
    {
      "playerOne": 11,
      "playerTwo": 24,
      "winPercentage": 80.972
    },
    {
      "playerOne": 11,
      "playerTwo": 25,
      "winPercentage": 85.785
    },
    {
      "playerOne": 11,
      "playerTwo": 26,
      "winPercentage": 30.272
    },
    {
      "playerOne": 11,
      "playerTwo": 27,
      "winPercentage": 69.547
    },
    {
      "playerOne": 11,
      "playerTwo": 28,
      "winPercentage": 0.364
    },
    {
      "playerOne": 11,
      "playerTwo": 29,
      "winPercentage": 65.402
    },
    {
      "playerOne": 11,
      "playerTwo": 30,
      "winPercentage": 73.395
    },
    {
      "playerOne": 11,
      "playerTwo": 31,
      "winPercentage": 61.816
    },
    {
      "playerOne": 11,
      "playerTwo": 32,
      "winPercentage": 52.901
    },
    {
      "playerOne": 11,
      "playerTwo": 33,
      "winPercentage": 52.684
    },
    {
      "playerOne": 11,
      "playerTwo": 34,
      "winPercentage": 10.556
    },
    {
      "playerOne": 11,
      "playerTwo": 35,
      "winPercentage": 10.515
    },
    {
      "playerOne": 11,
      "playerTwo": 36,
      "winPercentage": 65.291
    },
    {
      "playerOne": 11,
      "playerTwo": 37,
      "winPercentage": 99.935
    },
    {
      "playerOne": 11,
      "playerTwo": 38,
      "winPercentage": 44.515
    },
    {
      "playerOne": 11,
      "playerTwo": 39,
      "winPercentage": 48.702
    },
    {
      "playerOne": 12,
      "playerTwo": 13,
      "winPercentage": 94.999
    },
    {
      "playerOne": 12,
      "playerTwo": 14,
      "winPercentage": 3569.9
    },
    {
      "playerOne": 12,
      "playerTwo": 15,
      "winPercentage": 35.674
    },
    {
      "playerOne": 12,
      "playerTwo": 16,
      "winPercentage": 89.973
    },
    {
      "playerOne": 12,
      "playerTwo": 17,
      "winPercentage": 61.66
    },
    {
      "playerOne": 12,
      "playerTwo": 18,
      "winPercentage": 59.439
    },
    {
      "playerOne": 12,
      "playerTwo": 19,
      "winPercentage": 64.932
    },
    {
      "playerOne": 12,
      "playerTwo": 20,
      "winPercentage": 73.745
    },
    {
      "playerOne": 12,
      "playerTwo": 21,
      "winPercentage": 3.5
    },
    {
      "playerOne": 12,
      "playerTwo": 22,
      "winPercentage": 34.648
    },
    {
      "playerOne": 12,
      "playerTwo": 23,
      "winPercentage": 31.855
    },
    {
      "playerOne": 12,
      "playerTwo": 24,
      "winPercentage": 18.552
    },
    {
      "playerOne": 12,
      "playerTwo": 25,
      "winPercentage": 80.724
    },
    {
      "playerOne": 12,
      "playerTwo": 26,
      "winPercentage": 7.957
    },
    {
      "playerOne": 12,
      "playerTwo": 27,
      "winPercentage": 91.407
    },
    {
      "playerOne": 12,
      "playerTwo": 28,
      "winPercentage": 57.317
    },
    {
      "playerOne": 12,
      "playerTwo": 29,
      "winPercentage": 34.284
    },
    {
      "playerOne": 12,
      "playerTwo": 30,
      "winPercentage": 6.919
    },
    {
      "playerOne": 12,
      "playerTwo": 31,
      "winPercentage": 78.58
    },
    {
      "playerOne": 12,
      "playerTwo": 32,
      "winPercentage": 17.39
    },
    {
      "playerOne": 12,
      "playerTwo": 33,
      "winPercentage": 98.81
    },
    {
      "playerOne": 12,
      "playerTwo": 34,
      "winPercentage": 16.215
    },
    {
      "playerOne": 12,
      "playerTwo": 35,
      "winPercentage": 95.486
    },
    {
      "playerOne": 12,
      "playerTwo": 36,
      "winPercentage": 73.311
    },
    {
      "playerOne": 12,
      "playerTwo": 37,
      "winPercentage": 9.219
    },
    {
      "playerOne": 12,
      "playerTwo": 38,
      "winPercentage": 7.572
    },
    {
      "playerOne": 12,
      "playerTwo": 39,
      "winPercentage": 44.485
    },
    {
      "playerOne": 13,
      "playerTwo": 14,
      "winPercentage": 25.167
    },
    {
      "playerOne": 13,
      "playerTwo": 15,
      "winPercentage": 28.58
    },
    {
      "playerOne": 13,
      "playerTwo": 16,
      "winPercentage": 2.857
    },
    {
      "playerOne": 13,
      "playerTwo": 17,
      "winPercentage": 60.028
    },
    {
      "playerOne": 13,
      "playerTwo": 18,
      "winPercentage": 16.16
    },
    {
      "playerOne": 13,
      "playerTwo": 19,
      "winPercentage": 49.047
    },
    {
      "playerOne": 13,
      "playerTwo": 20,
      "winPercentage": 20.139
    },
    {
      "playerOne": 13,
      "playerTwo": 21,
      "winPercentage": 7.855
    },
    {
      "playerOne": 13,
      "playerTwo": 22,
      "winPercentage": 81.324
    },
    {
      "playerOne": 13,
      "playerTwo": 23,
      "winPercentage": 31.838
    },
    {
      "playerOne": 13,
      "playerTwo": 24,
      "winPercentage": 98.694
    },
    {
      "playerOne": 13,
      "playerTwo": 25,
      "winPercentage": 77.266
    },
    {
      "playerOne": 13,
      "playerTwo": 26,
      "winPercentage": 57.76
    },
    {
      "playerOne": 13,
      "playerTwo": 27,
      "winPercentage": 43.314
    },
    {
      "playerOne": 13,
      "playerTwo": 28,
      "winPercentage": 36.708
    },
    {
      "playerOne": 13,
      "playerTwo": 29,
      "winPercentage": 86.8
    },
    {
      "playerOne": 13,
      "playerTwo": 30,
      "winPercentage": 71.373
    },
    {
      "playerOne": 13,
      "playerTwo": 31,
      "winPercentage": 22.359
    },
    {
      "playerOne": 13,
      "playerTwo": 32,
      "winPercentage": 53.056
    },
    {
      "playerOne": 13,
      "playerTwo": 33,
      "winPercentage": 21.853
    },
    {
      "playerOne": 13,
      "playerTwo": 34,
      "winPercentage": 79.222
    },
    {
      "playerOne": 13,
      "playerTwo": 35,
      "winPercentage": 22.49
    },
    {
      "playerOne": 13,
      "playerTwo": 36,
      "winPercentage": 29.919
    },
    {
      "playerOne": 13,
      "playerTwo": 37,
      "winPercentage": 50.52
    },
    {
      "playerOne": 13,
      "playerTwo": 38,
      "winPercentage": 24.817
    },
    {
      "playerOne": 13,
      "playerTwo": 39,
      "winPercentage": 56.912
    },
    {
      "playerOne": 14,
      "playerTwo": 15,
      "winPercentage": 57.05
    },
    {
      "playerOne": 14,
      "playerTwo": 16,
      "winPercentage": 17.636
    },
    {
      "playerOne": 14,
      "playerTwo": 17,
      "winPercentage": 32.793
    },
    {
      "playerOne": 14,
      "playerTwo": 18,
      "winPercentage": 89.198
    },
    {
      "playerOne": 14,
      "playerTwo": 19,
      "winPercentage": 6.309
    },
    {
      "playerOne": 14,
      "playerTwo": 20,
      "winPercentage": 90.445
    },
    {
      "playerOne": 14,
      "playerTwo": 21,
      "winPercentage": 10.391
    },
    {
      "playerOne": 14,
      "playerTwo": 22,
      "winPercentage": 68.908
    },
    {
      "playerOne": 14,
      "playerTwo": 23,
      "winPercentage": 16.399
    },
    {
      "playerOne": 14,
      "playerTwo": 24,
      "winPercentage": 96.015
    },
    {
      "playerOne": 14,
      "playerTwo": 25,
      "winPercentage": 2.301
    },
    {
      "playerOne": 14,
      "playerTwo": 26,
      "winPercentage": 15.214
    },
    {
      "playerOne": 14,
      "playerTwo": 27,
      "winPercentage": 43.706
    },
    {
      "playerOne": 14,
      "playerTwo": 28,
      "winPercentage": 36.793
    },
    {
      "playerOne": 14,
      "playerTwo": 29,
      "winPercentage": 61.527
    },
    {
      "playerOne": 14,
      "playerTwo": 30,
      "winPercentage": 51.675
    },
    {
      "playerOne": 14,
      "playerTwo": 31,
      "winPercentage": 0.66
    },
    {
      "playerOne": 14,
      "playerTwo": 32,
      "winPercentage": 14.088
    },
    {
      "playerOne": 14,
      "playerTwo": 33,
      "winPercentage": 74.801
    },
    {
      "playerOne": 14,
      "playerTwo": 34,
      "winPercentage": 65.083
    },
    {
      "playerOne": 14,
      "playerTwo": 35,
      "winPercentage": 67.342
    },
    {
      "playerOne": 14,
      "playerTwo": 36,
      "winPercentage": 20.307
    },
    {
      "playerOne": 14,
      "playerTwo": 37,
      "winPercentage": 53.696
    },
    {
      "playerOne": 14,
      "playerTwo": 38,
      "winPercentage": 48.576
    },
    {
      "playerOne": 14,
      "playerTwo": 39,
      "winPercentage": 91.111
    },
    {
      "playerOne": 15,
      "playerTwo": 16,
      "winPercentage": 39.337
    },
    {
      "playerOne": 15,
      "playerTwo": 17,
      "winPercentage": 5.424
    },
    {
      "playerOne": 15,
      "playerTwo": 18,
      "winPercentage": 95.397
    },
    {
      "playerOne": 15,
      "playerTwo": 19,
      "winPercentage": 14.224
    },
    {
      "playerOne": 15,
      "playerTwo": 20,
      "winPercentage": 2959.0
    },
    {
      "playerOne": 15,
      "playerTwo": 21,
      "winPercentage": 3.914
    },
    {
      "playerOne": 15,
      "playerTwo": 22,
      "winPercentage": 17.982
    },
    {
      "playerOne": 15,
      "playerTwo": 23,
      "winPercentage": 79.831
    },
    {
      "playerOne": 15,
      "playerTwo": 24,
      "winPercentage": 60.138
    },
    {
      "playerOne": 15,
      "playerTwo": 25,
      "winPercentage": 3.449
    },
    {
      "playerOne": 15,
      "playerTwo": 26,
      "winPercentage": 20.55
    },
    {
      "playerOne": 15,
      "playerTwo": 27,
      "winPercentage": 55.888
    },
    {
      "playerOne": 15,
      "playerTwo": 28,
      "winPercentage": 11.322
    },
    {
      "playerOne": 15,
      "playerTwo": 29,
      "winPercentage": 27.385
    },
    {
      "playerOne": 15,
      "playerTwo": 30,
      "winPercentage": 59.579
    },
    {
      "playerOne": 15,
      "playerTwo": 31,
      "winPercentage": 29.422
    },
    {
      "playerOne": 15,
      "playerTwo": 32,
      "winPercentage": 3.009
    },
    {
      "playerOne": 15,
      "playerTwo": 33,
      "winPercentage": 60.241
    },
    {
      "playerOne": 15,
      "playerTwo": 34,
      "winPercentage": 35.906
    },
    {
      "playerOne": 15,
      "playerTwo": 35,
      "winPercentage": 62.151
    },
    {
      "playerOne": 15,
      "playerTwo": 36,
      "winPercentage": 34.85
    },
    {
      "playerOne": 15,
      "playerTwo": 37,
      "winPercentage": 36.156
    },
    {
      "playerOne": 15,
      "playerTwo": 38,
      "winPercentage": 70.673
    },
    {
      "playerOne": 15,
      "playerTwo": 39,
      "winPercentage": 38.25
    },
    {
      "playerOne": 16,
      "playerTwo": 17,
      "winPercentage": 11.687
    },
    {
      "playerOne": 16,
      "playerTwo": 18,
      "winPercentage": 76.619
    },
    {
      "playerOne": 16,
      "playerTwo": 19,
      "winPercentage": 84.167
    },
    {
      "playerOne": 16,
      "playerTwo": 20,
      "winPercentage": 60.653
    },
    {
      "playerOne": 16,
      "playerTwo": 21,
      "winPercentage": 88.212
    },
    {
      "playerOne": 16,
      "playerTwo": 22,
      "winPercentage": 31.488
    },
    {
      "playerOne": 16,
      "playerTwo": 23,
      "winPercentage": 50.071
    },
    {
      "playerOne": 16,
      "playerTwo": 24,
      "winPercentage": 80.637
    },
    {
      "playerOne": 16,
      "playerTwo": 25,
      "winPercentage": 8.737
    },
    {
      "playerOne": 16,
      "playerTwo": 26,
      "winPercentage": 61.512
    },
    {
      "playerOne": 16,
      "playerTwo": 27,
      "winPercentage": 54.287
    },
    {
      "playerOne": 16,
      "playerTwo": 28,
      "winPercentage": 63.53
    },
    {
      "playerOne": 16,
      "playerTwo": 29,
      "winPercentage": 75.849
    },
    {
      "playerOne": 16,
      "playerTwo": 30,
      "winPercentage": 96.06
    },
    {
      "playerOne": 16,
      "playerTwo": 31,
      "winPercentage": 86.165
    },
    {
      "playerOne": 16,
      "playerTwo": 32,
      "winPercentage": 99.504
    },
    {
      "playerOne": 16,
      "playerTwo": 33,
      "winPercentage": 19.763
    },
    {
      "playerOne": 16,
      "playerTwo": 34,
      "winPercentage": 63.141
    },
    {
      "playerOne": 16,
      "playerTwo": 35,
      "winPercentage": 40.526
    },
    {
      "playerOne": 16,
      "playerTwo": 36,
      "winPercentage": 89.131
    },
    {
      "playerOne": 16,
      "playerTwo": 37,
      "winPercentage": 64.73
    },
    {
      "playerOne": 16,
      "playerTwo": 38,
      "winPercentage": 27.084
    },
    {
      "playerOne": 16,
      "playerTwo": 39,
      "winPercentage": 64.151
    },
    {
      "playerOne": 17,
      "playerTwo": 18,
      "winPercentage": 20.047
    },
    {
      "playerOne": 17,
      "playerTwo": 19,
      "winPercentage": 36.665
    },
    {
      "playerOne": 17,
      "playerTwo": 20,
      "winPercentage": 34.727
    },
    {
      "playerOne": 17,
      "playerTwo": 21,
      "winPercentage": 78.914
    },
    {
      "playerOne": 17,
      "playerTwo": 22,
      "winPercentage": 52.667
    },
    {
      "playerOne": 17,
      "playerTwo": 23,
      "winPercentage": 71.649
    },
    {
      "playerOne": 17,
      "playerTwo": 24,
      "winPercentage": 7.505
    },
    {
      "playerOne": 17,
      "playerTwo": 25,
      "winPercentage": 3.291
    },
    {
      "playerOne": 17,
      "playerTwo": 26,
      "winPercentage": 39.325
    },
    {
      "playerOne": 17,
      "playerTwo": 27,
      "winPercentage": 70.285
    },
    {
      "playerOne": 17,
      "playerTwo": 28,
      "winPercentage": 68.864
    },
    {
      "playerOne": 17,
      "playerTwo": 29,
      "winPercentage": 15.036
    },
    {
      "playerOne": 17,
      "playerTwo": 30,
      "winPercentage": 49.982
    },
    {
      "playerOne": 17,
      "playerTwo": 31,
      "winPercentage": 33.047
    },
    {
      "playerOne": 17,
      "playerTwo": 32,
      "winPercentage": 31.635
    },
    {
      "playerOne": 17,
      "playerTwo": 33,
      "winPercentage": 55.839
    },
    {
      "playerOne": 17,
      "playerTwo": 34,
      "winPercentage": 37.697
    },
    {
      "playerOne": 17,
      "playerTwo": 35,
      "winPercentage": 26.23
    },
    {
      "playerOne": 17,
      "playerTwo": 36,
      "winPercentage": 26.78
    },
    {
      "playerOne": 17,
      "playerTwo": 37,
      "winPercentage": 39.913
    },
    {
      "playerOne": 17,
      "playerTwo": 38,
      "winPercentage": 67.866
    },
    {
      "playerOne": 17,
      "playerTwo": 39,
      "winPercentage": 7.106
    },
    {
      "playerOne": 18,
      "playerTwo": 19,
      "winPercentage": 92.537
    },
    {
      "playerOne": 18,
      "playerTwo": 20,
      "winPercentage": 73.405
    },
    {
      "playerOne": 18,
      "playerTwo": 21,
      "winPercentage": 16.032
    },
    {
      "playerOne": 18,
      "playerTwo": 22,
      "winPercentage": 51.292
    },
    {
      "playerOne": 18,
      "playerTwo": 23,
      "winPercentage": 36.677
    },
    {
      "playerOne": 18,
      "playerTwo": 24,
      "winPercentage": 75.201
    },
    {
      "playerOne": 18,
      "playerTwo": 25,
      "winPercentage": 96.031
    },
    {
      "playerOne": 18,
      "playerTwo": 26,
      "winPercentage": 68.231
    },
    {
      "playerOne": 18,
      "playerTwo": 27,
      "winPercentage": 25.173
    },
    {
      "playerOne": 18,
      "playerTwo": 28,
      "winPercentage": 75.307
    },
    {
      "playerOne": 18,
      "playerTwo": 29,
      "winPercentage": 9.297
    },
    {
      "playerOne": 18,
      "playerTwo": 30,
      "winPercentage": 61.91
    },
    {
      "playerOne": 18,
      "playerTwo": 31,
      "winPercentage": 33.683
    },
    {
      "playerOne": 18,
      "playerTwo": 32,
      "winPercentage": 85.925
    },
    {
      "playerOne": 18,
      "playerTwo": 33,
      "winPercentage": 53.616
    },
    {
      "playerOne": 18,
      "playerTwo": 34,
      "winPercentage": 8.977
    },
    {
      "playerOne": 18,
      "playerTwo": 35,
      "winPercentage": 48.742
    },
    {
      "playerOne": 18,
      "playerTwo": 36,
      "winPercentage": 34.272
    },
    {
      "playerOne": 18,
      "playerTwo": 37,
      "winPercentage": 65.36
    },
    {
      "playerOne": 18,
      "playerTwo": 38,
      "winPercentage": 94.87
    },
    {
      "playerOne": 18,
      "playerTwo": 39,
      "winPercentage": 89.256
    },
    {
      "playerOne": 19,
      "playerTwo": 20,
      "winPercentage": 16.264
    },
    {
      "playerOne": 19,
      "playerTwo": 21,
      "winPercentage": 17.309
    },
    {
      "playerOne": 19,
      "playerTwo": 22,
      "winPercentage": 66.851
    },
    {
      "playerOne": 19,
      "playerTwo": 23,
      "winPercentage": 25.879
    },
    {
      "playerOne": 19,
      "playerTwo": 24,
      "winPercentage": 90.881
    },
    {
      "playerOne": 19,
      "playerTwo": 25,
      "winPercentage": 67.789
    },
    {
      "playerOne": 19,
      "playerTwo": 26,
      "winPercentage": 18.816
    },
    {
      "playerOne": 19,
      "playerTwo": 27,
      "winPercentage": 88.558
    },
    {
      "playerOne": 19,
      "playerTwo": 28,
      "winPercentage": 38.932
    },
    {
      "playerOne": 19,
      "playerTwo": 29,
      "winPercentage": 33.325
    },
    {
      "playerOne": 19,
      "playerTwo": 30,
      "winPercentage": 78.115
    },
    {
      "playerOne": 19,
      "playerTwo": 31,
      "winPercentage": 28.17
    },
    {
      "playerOne": 19,
      "playerTwo": 32,
      "winPercentage": 38.965
    },
    {
      "playerOne": 19,
      "playerTwo": 33,
      "winPercentage": 92.619
    },
    {
      "playerOne": 19,
      "playerTwo": 34,
      "winPercentage": 49.94
    },
    {
      "playerOne": 19,
      "playerTwo": 35,
      "winPercentage": 99.17
    },
    {
      "playerOne": 19,
      "playerTwo": 36,
      "winPercentage": 39.326
    },
    {
      "playerOne": 19,
      "playerTwo": 37,
      "winPercentage": 40.341
    },
    {
      "playerOne": 19,
      "playerTwo": 38,
      "winPercentage": 9.579
    },
    {
      "playerOne": 19,
      "playerTwo": 39,
      "winPercentage": 40.558
    },
    {
      "playerOne": 20,
      "playerTwo": 21,
      "winPercentage": 0.626
    },
    {
      "playerOne": 20,
      "playerTwo": 22,
      "winPercentage": 83.045
    },
    {
      "playerOne": 20,
      "playerTwo": 23,
      "winPercentage": 54.401
    },
    {
      "playerOne": 20,
      "playerTwo": 24,
      "winPercentage": 9.069
    },
    {
      "playerOne": 20,
      "playerTwo": 25,
      "winPercentage": 2.339
    },
    {
      "playerOne": 20,
      "playerTwo": 26,
      "winPercentage": 12.767
    },
    {
      "playerOne": 20,
      "playerTwo": 27,
      "winPercentage": 59.075
    },
    {
      "playerOne": 20,
      "playerTwo": 28,
      "winPercentage": 42.005
    },
    {
      "playerOne": 20,
      "playerTwo": 29,
      "winPercentage": 58.621
    },
    {
      "playerOne": 20,
      "playerTwo": 30,
      "winPercentage": 20.985
    },
    {
      "playerOne": 20,
      "playerTwo": 31,
      "winPercentage": 29.694
    },
    {
      "playerOne": 20,
      "playerTwo": 32,
      "winPercentage": 32.076
    },
    {
      "playerOne": 20,
      "playerTwo": 33,
      "winPercentage": 68.337
    },
    {
      "playerOne": 20,
      "playerTwo": 34,
      "winPercentage": 68.156
    },
    {
      "playerOne": 20,
      "playerTwo": 35,
      "winPercentage": 25.364
    },
    {
      "playerOne": 20,
      "playerTwo": 36,
      "winPercentage": 91.684
    },
    {
      "playerOne": 20,
      "playerTwo": 37,
      "winPercentage": 64.881
    },
    {
      "playerOne": 20,
      "playerTwo": 38,
      "winPercentage": 99.713
    },
    {
      "playerOne": 20,
      "playerTwo": 39,
      "winPercentage": 36.878
    },
    {
      "playerOne": 21,
      "playerTwo": 22,
      "winPercentage": 2.249
    },
    {
      "playerOne": 21,
      "playerTwo": 23,
      "winPercentage": 95.743
    },
    {
      "playerOne": 21,
      "playerTwo": 24,
      "winPercentage": 99.237
    },
    {
      "playerOne": 21,
      "playerTwo": 25,
      "winPercentage": 51.65
    },
    {
      "playerOne": 21,
      "playerTwo": 26,
      "winPercentage": 37.634
    },
    {
      "playerOne": 21,
      "playerTwo": 27,
      "winPercentage": 6.52
    },
    {
      "playerOne": 21,
      "playerTwo": 28,
      "winPercentage": 317.4
    },
    {
      "playerOne": 21,
      "playerTwo": 29,
      "winPercentage": 86.833
    },
    {
      "playerOne": 21,
      "playerTwo": 30,
      "winPercentage": 4.107
    },
    {
      "playerOne": 21,
      "playerTwo": 31,
      "winPercentage": 37.125
    },
    {
      "playerOne": 21,
      "playerTwo": 32,
      "winPercentage": 89.989
    },
    {
      "playerOne": 21,
      "playerTwo": 33,
      "winPercentage": 40.037
    },
    {
      "playerOne": 21,
      "playerTwo": 34,
      "winPercentage": 45.46
    },
    {
      "playerOne": 21,
      "playerTwo": 35,
      "winPercentage": 96.277
    },
    {
      "playerOne": 21,
      "playerTwo": 36,
      "winPercentage": 87.139
    },
    {
      "playerOne": 21,
      "playerTwo": 37,
      "winPercentage": 91.7
    },
    {
      "playerOne": 21,
      "playerTwo": 38,
      "winPercentage": 84.799
    },
    {
      "playerOne": 21,
      "playerTwo": 39,
      "winPercentage": 51.669
    },
    {
      "playerOne": 22,
      "playerTwo": 23,
      "winPercentage": 90.869
    },
    {
      "playerOne": 22,
      "playerTwo": 24,
      "winPercentage": 52.022
    },
    {
      "playerOne": 22,
      "playerTwo": 25,
      "winPercentage": 18.293
    },
    {
      "playerOne": 22,
      "playerTwo": 26,
      "winPercentage": 82.709
    },
    {
      "playerOne": 22,
      "playerTwo": 27,
      "winPercentage": 5.441
    },
    {
      "playerOne": 22,
      "playerTwo": 28,
      "winPercentage": 12.771
    },
    {
      "playerOne": 22,
      "playerTwo": 29,
      "winPercentage": 12.788
    },
    {
      "playerOne": 22,
      "playerTwo": 30,
      "winPercentage": 70.088
    },
    {
      "playerOne": 22,
      "playerTwo": 31,
      "winPercentage": 0.507
    },
    {
      "playerOne": 22,
      "playerTwo": 32,
      "winPercentage": 15.207
    },
    {
      "playerOne": 22,
      "playerTwo": 33,
      "winPercentage": 21.55
    },
    {
      "playerOne": 22,
      "playerTwo": 34,
      "winPercentage": 62.797
    },
    {
      "playerOne": 22,
      "playerTwo": 35,
      "winPercentage": 67.012
    },
    {
      "playerOne": 22,
      "playerTwo": 36,
      "winPercentage": 99.315
    },
    {
      "playerOne": 22,
      "playerTwo": 37,
      "winPercentage": 57.728
    },
    {
      "playerOne": 22,
      "playerTwo": 38,
      "winPercentage": 81.994
    },
    {
      "playerOne": 22,
      "playerTwo": 39,
      "winPercentage": 93.047
    },
    {
      "playerOne": 23,
      "playerTwo": 24,
      "winPercentage": 8.803
    },
    {
      "playerOne": 23,
      "playerTwo": 25,
      "winPercentage": 43.638
    },
    {
      "playerOne": 23,
      "playerTwo": 26,
      "winPercentage": 3.426
    },
    {
      "playerOne": 23,
      "playerTwo": 27,
      "winPercentage": 4.767
    },
    {
      "playerOne": 23,
      "playerTwo": 28,
      "winPercentage": 66.174
    },
    {
      "playerOne": 23,
      "playerTwo": 29,
      "winPercentage": 4.023
    },
    {
      "playerOne": 23,
      "playerTwo": 30,
      "winPercentage": 55.987
    },
    {
      "playerOne": 23,
      "playerTwo": 31,
      "winPercentage": 97.833
    },
    {
      "playerOne": 23,
      "playerTwo": 32,
      "winPercentage": 80.61
    },
    {
      "playerOne": 23,
      "playerTwo": 33,
      "winPercentage": 17.394
    },
    {
      "playerOne": 23,
      "playerTwo": 34,
      "winPercentage": 45.507
    },
    {
      "playerOne": 23,
      "playerTwo": 35,
      "winPercentage": 71.557
    },
    {
      "playerOne": 23,
      "playerTwo": 36,
      "winPercentage": 60.27
    },
    {
      "playerOne": 23,
      "playerTwo": 37,
      "winPercentage": 64.12
    },
    {
      "playerOne": 23,
      "playerTwo": 38,
      "winPercentage": 99.771
    },
    {
      "playerOne": 23,
      "playerTwo": 39,
      "winPercentage": 64.937
    },
    {
      "playerOne": 24,
      "playerTwo": 25,
      "winPercentage": 80.281
    },
    {
      "playerOne": 24,
      "playerTwo": 26,
      "winPercentage": 60.011
    },
    {
      "playerOne": 24,
      "playerTwo": 27,
      "winPercentage": 18.059
    },
    {
      "playerOne": 24,
      "playerTwo": 28,
      "winPercentage": 35.15
    },
    {
      "playerOne": 24,
      "playerTwo": 29,
      "winPercentage": 49.891
    },
    {
      "playerOne": 24,
      "playerTwo": 30,
      "winPercentage": 32.429
    },
    {
      "playerOne": 24,
      "playerTwo": 31,
      "winPercentage": 93.677
    },
    {
      "playerOne": 24,
      "playerTwo": 32,
      "winPercentage": 79.441
    },
    {
      "playerOne": 24,
      "playerTwo": 33,
      "winPercentage": 15.677
    },
    {
      "playerOne": 24,
      "playerTwo": 34,
      "winPercentage": 53.894
    },
    {
      "playerOne": 24,
      "playerTwo": 35,
      "winPercentage": 69.446
    },
    {
      "playerOne": 24,
      "playerTwo": 36,
      "winPercentage": 43.084
    },
    {
      "playerOne": 24,
      "playerTwo": 37,
      "winPercentage": 18.787
    },
    {
      "playerOne": 24,
      "playerTwo": 38,
      "winPercentage": 58.233
    },
    {
      "playerOne": 24,
      "playerTwo": 39,
      "winPercentage": 45.116
    },
    {
      "playerOne": 25,
      "playerTwo": 26,
      "winPercentage": 20.709
    },
    {
      "playerOne": 25,
      "playerTwo": 27,
      "winPercentage": 98.496
    },
    {
      "playerOne": 25,
      "playerTwo": 28,
      "winPercentage": 35.445
    },
    {
      "playerOne": 25,
      "playerTwo": 29,
      "winPercentage": 74.303
    },
    {
      "playerOne": 25,
      "playerTwo": 30,
      "winPercentage": 7.961
    },
    {
      "playerOne": 25,
      "playerTwo": 31,
      "winPercentage": 38.68
    },
    {
      "playerOne": 25,
      "playerTwo": 32,
      "winPercentage": 0.449
    },
    {
      "playerOne": 25,
      "playerTwo": 33,
      "winPercentage": 27.725
    },
    {
      "playerOne": 25,
      "playerTwo": 34,
      "winPercentage": 15.384
    },
    {
      "playerOne": 25,
      "playerTwo": 35,
      "winPercentage": 5.4
    },
    {
      "playerOne": 25,
      "playerTwo": 36,
      "winPercentage": 3.052
    },
    {
      "playerOne": 25,
      "playerTwo": 37,
      "winPercentage": 36.224
    },
    {
      "playerOne": 25,
      "playerTwo": 38,
      "winPercentage": 14.421
    },
    {
      "playerOne": 25,
      "playerTwo": 39,
      "winPercentage": 37.631
    },
    {
      "playerOne": 26,
      "playerTwo": 27,
      "winPercentage": 52.475
    },
    {
      "playerOne": 26,
      "playerTwo": 28,
      "winPercentage": 77.548
    },
    {
      "playerOne": 26,
      "playerTwo": 29,
      "winPercentage": 53.147
    },
    {
      "playerOne": 26,
      "playerTwo": 30,
      "winPercentage": 5.981
    },
    {
      "playerOne": 26,
      "playerTwo": 31,
      "winPercentage": 96.561
    },
    {
      "playerOne": 26,
      "playerTwo": 32,
      "winPercentage": 28.35
    },
    {
      "playerOne": 26,
      "playerTwo": 33,
      "winPercentage": 65.099
    },
    {
      "playerOne": 26,
      "playerTwo": 34,
      "winPercentage": 17.951
    },
    {
      "playerOne": 26,
      "playerTwo": 35,
      "winPercentage": 0.373
    },
    {
      "playerOne": 26,
      "playerTwo": 36,
      "winPercentage": 17.289
    },
    {
      "playerOne": 26,
      "playerTwo": 37,
      "winPercentage": 64.123
    },
    {
      "playerOne": 26,
      "playerTwo": 38,
      "winPercentage": 65.51
    },
    {
      "playerOne": 26,
      "playerTwo": 39,
      "winPercentage": 35.32
    },
    {
      "playerOne": 27,
      "playerTwo": 28,
      "winPercentage": 3.948
    },
    {
      "playerOne": 27,
      "playerTwo": 29,
      "winPercentage": 69.75
    },
    {
      "playerOne": 27,
      "playerTwo": 30,
      "winPercentage": 98.598
    },
    {
      "playerOne": 27,
      "playerTwo": 31,
      "winPercentage": 68.33
    },
    {
      "playerOne": 27,
      "playerTwo": 32,
      "winPercentage": 67.711
    },
    {
      "playerOne": 27,
      "playerTwo": 33,
      "winPercentage": 69.021
    },
    {
      "playerOne": 27,
      "playerTwo": 34,
      "winPercentage": 93.961
    },
    {
      "playerOne": 27,
      "playerTwo": 35,
      "winPercentage": 9.792
    },
    {
      "playerOne": 27,
      "playerTwo": 36,
      "winPercentage": 18.939
    },
    {
      "playerOne": 27,
      "playerTwo": 37,
      "winPercentage": 19.036
    },
    {
      "playerOne": 27,
      "playerTwo": 38,
      "winPercentage": 46.34
    },
    {
      "playerOne": 27,
      "playerTwo": 39,
      "winPercentage": 51.157
    },
    {
      "playerOne": 28,
      "playerTwo": 29,
      "winPercentage": 33.62
    },
    {
      "playerOne": 28,
      "playerTwo": 30,
      "winPercentage": 28.473
    },
    {
      "playerOne": 28,
      "playerTwo": 31,
      "winPercentage": 18.519
    },
    {
      "playerOne": 28,
      "playerTwo": 32,
      "winPercentage": 53.704
    },
    {
      "playerOne": 28,
      "playerTwo": 33,
      "winPercentage": 58.441
    },
    {
      "playerOne": 28,
      "playerTwo": 34,
      "winPercentage": 20.742
    },
    {
      "playerOne": 28,
      "playerTwo": 35,
      "winPercentage": 11.369
    },
    {
      "playerOne": 28,
      "playerTwo": 36,
      "winPercentage": 9470.4
    },
    {
      "playerOne": 28,
      "playerTwo": 37,
      "winPercentage": 72.258
    },
    {
      "playerOne": 28,
      "playerTwo": 38,
      "winPercentage": 85.063
    },
    {
      "playerOne": 28,
      "playerTwo": 39,
      "winPercentage": 3.346
    },
    {
      "playerOne": 29,
      "playerTwo": 30,
      "winPercentage": 11.599
    },
    {
      "playerOne": 29,
      "playerTwo": 31,
      "winPercentage": 16.949
    },
    {
      "playerOne": 29,
      "playerTwo": 32,
      "winPercentage": 10.269
    },
    {
      "playerOne": 29,
      "playerTwo": 33,
      "winPercentage": 38.015
    },
    {
      "playerOne": 29,
      "playerTwo": 34,
      "winPercentage": 63.089
    },
    {
      "playerOne": 29,
      "playerTwo": 35,
      "winPercentage": 49.045
    },
    {
      "playerOne": 29,
      "playerTwo": 36,
      "winPercentage": 83.002
    },
    {
      "playerOne": 29,
      "playerTwo": 37,
      "winPercentage": 35.353
    },
    {
      "playerOne": 29,
      "playerTwo": 38,
      "winPercentage": 64.672
    },
    {
      "playerOne": 29,
      "playerTwo": 39,
      "winPercentage": 36.092
    },
    {
      "playerOne": 30,
      "playerTwo": 31,
      "winPercentage": 45.774
    },
    {
      "playerOne": 30,
      "playerTwo": 32,
      "winPercentage": 57.329
    },
    {
      "playerOne": 30,
      "playerTwo": 33,
      "winPercentage": 21.061
    },
    {
      "playerOne": 30,
      "playerTwo": 34,
      "winPercentage": 80.479
    },
    {
      "playerOne": 30,
      "playerTwo": 35,
      "winPercentage": 52.613
    },
    {
      "playerOne": 30,
      "playerTwo": 36,
      "winPercentage": 62.466
    },
    {
      "playerOne": 30,
      "playerTwo": 37,
      "winPercentage": 47.793
    },
    {
      "playerOne": 30,
      "playerTwo": 38,
      "winPercentage": 1.985
    },
    {
      "playerOne": 30,
      "playerTwo": 39,
      "winPercentage": 6272.5
    },
    {
      "playerOne": 31,
      "playerTwo": 32,
      "winPercentage": 64.112
    },
    {
      "playerOne": 31,
      "playerTwo": 33,
      "winPercentage": 13.509
    },
    {
      "playerOne": 31,
      "playerTwo": 34,
      "winPercentage": 75.876
    },
    {
      "playerOne": 31,
      "playerTwo": 35,
      "winPercentage": 43.23
    },
    {
      "playerOne": 31,
      "playerTwo": 36,
      "winPercentage": 86.72
    },
    {
      "playerOne": 31,
      "playerTwo": 37,
      "winPercentage": 38.025
    },
    {
      "playerOne": 31,
      "playerTwo": 38,
      "winPercentage": 65.903
    },
    {
      "playerOne": 31,
      "playerTwo": 39,
      "winPercentage": 53.429
    },
    {
      "playerOne": 32,
      "playerTwo": 33,
      "winPercentage": 87.109
    },
    {
      "playerOne": 32,
      "playerTwo": 34,
      "winPercentage": 1.259
    },
    {
      "playerOne": 32,
      "playerTwo": 35,
      "winPercentage": 96.109
    },
    {
      "playerOne": 32,
      "playerTwo": 36,
      "winPercentage": 54.26
    },
    {
      "playerOne": 32,
      "playerTwo": 37,
      "winPercentage": 92.884
    },
    {
      "playerOne": 32,
      "playerTwo": 38,
      "winPercentage": 27.166
    },
    {
      "playerOne": 32,
      "playerTwo": 39,
      "winPercentage": 5.08
    },
    {
      "playerOne": 33,
      "playerTwo": 34,
      "winPercentage": 13.89
    },
    {
      "playerOne": 33,
      "playerTwo": 35,
      "winPercentage": 4.739
    },
    {
      "playerOne": 33,
      "playerTwo": 36,
      "winPercentage": 7.827
    },
    {
      "playerOne": 33,
      "playerTwo": 37,
      "winPercentage": 22.093
    },
    {
      "playerOne": 33,
      "playerTwo": 38,
      "winPercentage": 2.329
    },
    {
      "playerOne": 33,
      "playerTwo": 39,
      "winPercentage": 67.15
    },
    {
      "playerOne": 34,
      "playerTwo": 35,
      "winPercentage": 43.65
    },
    {
      "playerOne": 34,
      "playerTwo": 36,
      "winPercentage": 53.27
    },
    {
      "playerOne": 34,
      "playerTwo": 37,
      "winPercentage": 9.2
    },
    {
      "playerOne": 34,
      "playerTwo": 38,
      "winPercentage": 2.618
    },
    {
      "playerOne": 34,
      "playerTwo": 39,
      "winPercentage": 0.088
    },
    {
      "playerOne": 35,
      "playerTwo": 36,
      "winPercentage": 20.181
    },
    {
      "playerOne": 35,
      "playerTwo": 37,
      "winPercentage": 30.936
    },
    {
      "playerOne": 35,
      "playerTwo": 38,
      "winPercentage": 4.07
    },
    {
      "playerOne": 35,
      "playerTwo": 39,
      "winPercentage": 46.488
    },
    {
      "playerOne": 36,
      "playerTwo": 37,
      "winPercentage": 4.326
    },
    {
      "playerOne": 36,
      "playerTwo": 38,
      "winPercentage": 72.879
    },
    {
      "playerOne": 36,
      "playerTwo": 39,
      "winPercentage": 13.655
    },
    {
      "playerOne": 37,
      "playerTwo": 38,
      "winPercentage": 15.728
    },
    {
      "playerOne": 37,
      "playerTwo": 39,
      "winPercentage": 24.305
    },
    {
      "playerOne": 38,
      "playerTwo": 39,
      "winPercentage": 77.381
    }
  ]
}