{
  "metadata": {
    "numPlayers": 40
  },
  "teamStats": [
    {
      "playerOne": 0,
      "playerTwo": 1,
      "winPercentage": 26.262
    },
    {
      "playerOne": 0,
      "playerTwo": 2,
      "winPercentage": 73.31
    },
    {
      "playerOne": 0,
      "playerTwo": 3,
      "winPercentage": 52.932
    },
    {
      "playerOne": 0,
      "playerTwo": 4,
      "winPercentage": 13.013
    },
    {
      "playerOne": 0,
      "playerTwo": 5,
      "winPercentage": 12.121
    },
    {
      "playerOne": 0,
      "playerTwo": 6,
      "winPercentage": 82.184
    },
    {
      "playerOne": 0,
      "playerTwo": 7,
      "winPercentage": 50.02
    },
    {
      "playerOne": 0,
      "playerTwo": 8,
      "winPercentage": 20.339
    },
    {
      "playerOne": 0,
      "playerTwo": 9,
      "winPercentage": 5.613
    },
    {
      "playerOne": 0,
      "playerTwo": 10,
      "winPercentage": 57.801
    },
    {
      "playerOne": 0,
      "playerTwo": 11,
      "winPercentage": 72.108
    },
    {
      "playerOne": 0,
      "playerTwo": 12,
      "winPercentage": 8.197
    },
    {
      "playerOne": 0,
      "playerTwo": 13,
      "winPercentage": 17.91
    },
    {
      "playerOne": 0,
      "playerTwo": 14,
      "winPercentage": 64.348
    },
    {
      "playerOne": 0,
      "playerTwo": 15,
      "winPercentage": 42.369
    },
    {
      "playerOne": 0,
      "playerTwo": 16,
      "winPercentage": 43.527
    },
    {
      "playerOne": 0,
      "playerTwo": 17,
      "winPercentage": 90.032
    },
    {
      "playerOne": 0,
      "playerTwo": 18,
      "winPercentage": 36.393
    },
    {
      "playerOne": 0,
      "playerTwo": 19,
      "winPercentage": 22.185
    },
    {
      "playerOne": 0,
      "playerTwo": 20,
      "winPercentage": 56.259
    },
    {
      "playerOne": 0,
      "playerTwo": 21,
      "winPercentage": 36.376
    },
    {
      "playerOne": 0,
      "playerTwo": 22,
      "winPercentage": 21.451
    },
    {
      "playerOne": 0,
      "playerTwo": 23,
      "winPercentage": 85.41
    },
    {
      "playerOne": 0,
      "playerTwo": 24,
      "winPercentage": 78.225
    },
    {
      "playerOne": 0,
      "playerTwo": 25,
      "winPercentage": 98.653
    },
    {
      "playerOne": 0,
      "playerTwo": 26,
      "winPercentage": 45.427
    },
    {
      "playerOne": 0,
      "playerTwo": 27,
      "winPercentage": 65.373
    },
    {
      "playerOne": 0,
      "playerTwo": 28,
      "winPercentage": 62.208
    },
    {
      "playerOne": 0,
      "playerTwo": 29,
      "winPercentage": 88.383
    },
    {
      "playerOne": 0,
      "playerTwo": 30,
      "winPercentage": 4.128
    },
    {
      "playerOne": 0,
      "playerTwo": 31,
      "winPercentage": 46.373
    },
    {
      "playerOne": 0,
      "playerTwo": 32,
      "winPercentage": 19.86
    },
    {
      "playerOne": 0,
      "playerTwo": 33,
      "winPercentage": 14.811
    },
    {
      "playerOne": 0,
      "playerTwo": 34,
      "winPercentage": 24.454
    },
    {
      "playerOne": 0,
      "playerTwo": 35,
      "winPercentage": 15.982
    },
    {
      "playerOne": 0,
      "playerTwo": 36,
      "winPercentage": 34.041
    },
    {
      "playerOne": 0,
      "playerTwo": 37,
      "winPercentage": 66.514
    },
    {
      "playerOne": 0,
      "playerTwo": 38,
      "winPercentage": 15.186
    },
    {
      "playerOne": 0,
      "playerTwo": 39,
      "winPercentage": 45.981
    },
    {
      "playerOne": 1,
      "playerTwo": 2,
      "winPercentage": 44.692
    },
    {
      "playerOne": 1,
      "playerTwo": 3,
      "winPercentage": 32.804
    },
    {
      "playerOne": 1,
      "playerTwo": 4,
      "winPercentage": 51.98
    },
    {
      "playerOne": 1,
      "playerTwo": 5,
      "winPercentage": 79.315
    },
    {
      "playerOne": 1,
      "playerTwo": 6,
      "winPercentage": 43.247
    },
    {
      "playerOne": 1,
      "playerTwo": 7,
      "winPercentage": 87.995
    },
    {
      "playerOne": 1,
      "playerTwo": 8,
      "winPercentage": 51.991
    },
    {
      "playerOne": 1,
      "playerTwo": 9,
      "winPercentage": 37.387
    },
    {
      "playerOne": 1,
      "playerTwo": 10,
      "winPercentage": 64.152
    },
    {
      "playerOne": 1,
      "playerTwo": 11,
      "winPercentage": 18.956
    },
    {
      "playerOne": 1,
      "playerTwo": 12,
      "winPercentage": 74.727
    },
    {
      "playerOne": 1,
      "playerTwo": 13,
      "winPercentage": 18.364
    },
    {
      "playerOne": 1,
      "playerTwo": 14,
      "winPercentage": 43.968
    },
    {
      "playerOne": 1,
      "playerTwo": 15,
      "winPercentage": 79.706
    },
    {
      "playerOne": 1,
      "playerTwo": 16,
      "winPercentage": 38.314
    },
    {
      "playerOne": 1,
      "playerTwo": 17,
      "winPercentage": 68.565
    },
    {
      "playerOne": 1,
      "playerTwo": 18,
      "winPercentage": 71.082
    },
    {
      "playerOne": 1,
      "playerTwo": 19,
      "winPercentage": 81.716
    },
    {
      "playerOne": 1,
      "playerTwo": 20,
      "winPercentage": 46.536
    },
    {
      "playerOne": 1,
      "playerTwo": 21,
      "winPercentage": 38.115
    },
    {
      "playerOne": 1,
      "playerTwo": 22,
      "winPercentage": 93.251
    },
    {
      "playerOne": 1,
      "playerTwo": 23,
      "winPercentage": 17.748
    },
    {
      "playerOne": 1,
      "playerTwo": 24,
      "winPercentage": 16.161
    },
    {
      "playerOne": 1,
      "playerTwo": 25,
      "winPercentage": 20.698
    },
    {
      "playerOne": 1,
      "playerTwo": 26,
      "winPercentage": 11.385
    },
    {
      "playerOne": 1,
      "playerTwo": 27,
      "winPercentage": 79.994
    },
    {
      "playerOne": 1,
      "playerTwo": 28,
      "winPercentage": 12.287
    },
    {
      "playerOne": 1,
      "playerTwo": 29,
      "winPercentage": 35.412
    },
    {
      "playerOne": 1,
      "playerTwo": 30,
      "winPercentage": 99.881
    },
    {
      "playerOne": 1,
      "playerTwo": 31,
      "winPercentage": 77.894
    },
    {
      "playerOne": 1,
      "playerTwo": 32,
      "winPercentage": 79.555
    },
    {
      "playerOne": 1,
      "playerTwo": 33,
      "winPercentage": 86.523
    },
    {
      "playerOne": 1,
      "playerTwo": 34,
      "winPercentage": 29.829
    },
    {
      "playerOne": 1,
      "playerTwo": 35,
      "winPercentage": 49.122
    },
    {
      "playerOne": 1,
      "playerTwo": 36,
      "winPercentage": 60.028
    },
    {
      "playerOne": 1,
      "playerTwo": 37,
      "winPercentage": 41.465
    },
    {
      "playerOne": 1,
      "playerTwo": 38,
      "winPercentage": 45.536
    },
    {
      "playerOne": 1,
      "playerTwo": 39,
      "winPercentage": 36.881
    },
    {
      "playerOne": 2,
      "playerTwo": 3,
      "winPercentage": 3.858
    },
    {
      "playerOne": 2,
      "playerTwo": 4,
      "winPercentage": 62.277
    },
    {
      "playerOne": 2,
      "playerTwo": 5,
      "winPercentage": 30.693
    },
    {
      "playerOne": 2,
      "playerTwo": 6,
      "winPercentage": 5.134
    },
    {
      "playerOne": 2,
      "playerTwo": 7,
      "winPercentage": 35.334
    },
    {
      "playerOne": 2,
      "playerTwo": 8,
      "winPercentage": 80.78
    },
    {
      "playerOne": 2,
      "playerTwo": 9,
      "winPercentage": 4.195
    },
    {
      "playerOne": 2,
      "playerTwo": 10,
      "winPercentage": 90.735
    },
    {
      "playerOne": 2,
      "playerTwo": 11,
      "winPercentage": 48.823
    },
    {
      "playerOne": 2,
      "playerTwo": 12,
      "winPercentage": 50.494
    },
    {
      "playerOne": 2,
      "playerTwo": 13,
      "winPercentage": 43.975
    },
    {
      "playerOne": 2,
      "playerTwo": 14,
      "winPercentage": 90.633
    },
    {
      "playerOne": 2,
      "playerTwo": 15,
      "winPercentage": 51.583
    },
    {
      "playerOne": 2,
      "playerTwo": 16,
      "winPercentage": 53.115
    },
    {
      "playerOne": 2,
      "playerTwo": 17,
      "winPercentage": 4.44
    },
    {
      "playerOne": 2,
      "playerTwo": 18,
      "winPercentage": 79.029
    },
    {
      "playerOne": 2,
      "playerTwo": 19,
      "winPercentage": 63.769
    },
    {
      "playerOne": 2,
      "playerTwo": 20,
      "winPercentage": 73.908
    },
    {
      "playerOne": 2,
      "playerTwo": 21,
      "winPercentage": 67.806
    },
    {
      "playerOne": 2,
      "playerTwo": 22,
      "winPercentage": 10.345
    },
    {
      "playerOne": 2,
      "playerTwo": 23,
      "winPercentage": 3.808
    },
    {
      "playerOne": 2,
      "playerTwo": 24,
      "winPercentage": 60.921
    },
    {
      "playerOne": 2,
      "playerTwo": 25,
      "winPercentage": 11.453
    },
    {
      "playerOne": 2,
      "playerTwo": 26,
      "winPercentage": 27.907
    },
    {
      "playerOne": 2,
      "playerTwo": 27,
      "winPercentage": 31.07
    },
    {
      "playerOne": 2,
      "playerTwo": 28,
      "winPercentage": 64.62
    },
    {
      "playerOne": 2,
      "playerTwo": 29,
      "winPercentage": 36.743
    },
    {
      "playerOne": 2,
      "playerTwo": 30,
      "winPercentage": 53.289
    },
    {
      "playerOne": 2,
      "playerTwo": 31,
      "winPercentage": 23.778
    },
    {
      "playerOne": 2,
      "playerTwo": 32,
      "winPercentage": 6.24
    },
    {
      "playerOne": 2,
      "playerTwo": 33,
      "winPercentage": 75.325
    },
    {
      "playerOne": 2,
      "playerTwo": 34,
      "winPercentage": 29.64
    },
    {
      "playerOne": 2,
      "playerTwo": 35,
      "winPercentage": 17.131
    },
    {
      "playerOne": 2,
      "playerTwo": 36,
      "winPercentage": 84.264
    },
    {
      "playerOne": 2,
      "playerTwo": 37,
      "winPercentage": 72.155
    },
    {
      "playerOne": 2,
      "playerTwo": 38,
      "winPercentage": 7.054
    },
    {
      "playerOne": 2,
      "playerTwo": 39,
      "winPercentage": 54.41
    },
    {
      "playerOne": 3,
      "playerTwo": 4,
      "winPercentage": 70.002
    },
    {
      "playerOne": 3,
      "playerTwo": 5,
      "winPercentage": 10.746
    },
    {
      "playerOne": 3,
      "playerTwo": 6,
      "winPercentage": 54.372
    },
    {
      "playerOne": 3,
      "playerTwo": 7,
      "winPercentage": 68.547
    },
    {
      "playerOne": 3,
      "playerTwo": 8,
      "winPercentage": 25.825
    },
    {
      "playerOne": 3,
      "playerTwo": 9,
      "winPercentage": 70.33
    },
    {
      "playerOne": 3,
      "playerTwo": 10,
      "winPercentage": 50.019
    },
    {
      "playerOne": 3,
      "playerTwo": 11,
      "winPercentage": 21.135
    },
    {
      "playerOne": 3,
      "playerTwo": 12,
      "winPercentage": 82.504
    },
    {
      "playerOne": 3,
      "playerTwo": 13,
      "winPercentage": 46.181
    },
    {
      "playerOne": 3,
      "playerTwo": 14,
      "winPercentage": 51.703
    },
    {
      "playerOne": 3,
      "playerTwo": 15,
      "winPercentage": 6.811
    },
    {
      "playerOne": 3,
      "playerTwo": 16,
      "winPercentage": 16.117
    },
    {
      "playerOne": 3,
      "playerTwo": 17,
      "winPercentage": 42.292
    },
    {
      "playerOne": 3,
      "playerTwo": 18,
      "winPercentage": 47.31
    },
    {
      "playerOne": 3,
      "playerTwo": 19,
      "winPercentage": 75.165
    },
    {
      "playerOne": 3,
      "playerTwo": 20,
      "winPercentage": 85.016
    },
    {
      "playerOne": 3,
      "playerTwo": 21,
      "winPercentage": 67.168
    },
    {
      "playerOne": 3,
      "playerTwo": 22,
      "winPercentage": 60.026
    },
    {
      "playerOne": 3,
      "playerTwo": 23,
      "winPercentage": 29.051
    },
    {
      "playerOne": 3,
      "playerTwo": 24,
      "winPercentage": 76.38
    },
    {
      "playerOne": 3,
      "playerTwo": 25,
      "winPercentage": 53.421
    },
    {
      "playerOne": 3,
      "playerTwo": 26,
      "winPercentage": 42.556
    },
    {
      "playerOne": 3,
      "playerTwo": 27,
      "winPercentage": 71.474
    },
    {
      "playerOne": 3,
      "playerTwo": 28,
      "winPercentage": 40.98
    },
    {
      "playerOne": 3,
      "playerTwo": 29,
      "winPercentage": 51.021
    },
    {
      "playerOne": 3,
      "playerTwo": 30,
      "winPercentage": 3.806
    },
    {
      "playerOne": 3,
      "playerTwo": 31,
      "winPercentage": 61.748
    },
    {
      "playerOne": 3,
      "playerTwo": 32,
      "winPercentage": 89.944
    },
    {
      "playerOne": 3,
      "playerTwo": 33,
      "winPercentage": 45.174
    },
    {
      "playerOne": 3,
      "playerTwo": 34,
      "winPercentage": 65.886
    },
    {
      "playerOne": 3,
      "playerTwo": 35,
      "winPercentage": 70.993
    },
    {
      "playerOne": 3,
      "playerTwo": 36,
      "winPercentage": 31.798
    },
    {
      "playerOne": 3,
      "playerTwo": 37,
      "winPercentage": 52.332
    },
    {
      "playerOne": 3,
      "playerTwo": 38,
      "winPercentage": 34.952
    },
    {
      "playerOne": 3,
      "playerTwo": 39,
      "winPercentage": 47.227
    },
    {
      "playerOne": 4,
      "playerTwo": 5,
      "winPercentage": 0.496
    },
    {
      "playerOne": 4,
      "playerTwo": 6,
      "winPercentage": 42.658
    },
    {
      "playerOne": 4,
      "playerTwo": 7,
      "winPercentage": 91.567
    },
    {
      "playerOne": 4,
      "playerTwo": 8,
      "winPercentage": 91.939
    },
    {
      "playerOne": 4,
      "playerTwo": 9,
      "winPercentage": 18.595
    },
    {
      "playerOne": 4,
      "playerTwo": 10,
      "winPercentage": 28.121
    },
    {
      "playerOne": 4,
      "playerTwo": 11,
      "winPercentage": 78.203
    },
    {
      "playerOne": 4,
      "playerTwo": 12,
      "winPercentage": 21.453
    },
    {
      "playerOne": 4,
      "playerTwo": 13,
      "winPercentage": 20.801
    },
    {
      "playerOne": 4,
      "playerTwo": 14,
      "winPercentage": 31.623
    },
    {
      "playerOne": 4,
      "playerTwo": 15,
      "winPercentage": 80.075
    },
    {
      "playerOne": 4,
      "playerTwo": 16,
      "winPercentage": 54.566
    },
    {
      "playerOne": 4,
      "playerTwo": 17,
      "winPercentage": 49.084
    },
    {
      "playerOne": 4,
      "playerTwo": 18,
      "winPercentage": 27.297
    },
    {
      "playerOne": 4,
      "playerTwo": 19,
      "winPercentage": 52.163
    },
    {
      "playerOne": 4,
      "playerTwo": 20,
      "winPercentage": 69.667
    },
    {
      "playerOne": 4,
      "playerTwo": 21,
      "winPercentage": 11.992
    },
    {
      "playerOne": 4,
      "playerTwo": 22,
      "winPercentage": 18.285
    },
    {
      "playerOne": 4,
      "playerTwo": 23,
      "winPercentage": 64.175
    },
    {
      "playerOne": 4,
      "playerTwo": 24,
      "winPercentage": 45.612
    },
    {
      "playerOne": 4,
      "playerTwo": 25,
      "winPercentage": 77.537
    },
    {
      "playerOne": 4,
      "playerTwo": 26,
      "winPercentage": 93.225
    },
    {
      "playerOne": 4,
      "playerTwo": 27,
      "winPercentage": 7.885
    },
    {
      "playerOne": 4,
      "playerTwo": 28,
      "winPercentage": 8.23
    },
    {
      "playerOne": 4,
      "playerTwo": 29,
      "winPercentage": 42.457
    },
    {
      "playerOne": 4,
      "playerTwo": 30,
      "winPercentage": 97.35
    },
    {
      "playerOne": 4,
      "playerTwo": 31,
      "winPercentage": 14.826
    },
    {
      "playerOne": 4,
      "playerTwo": 32,
      "winPercentage": 49.175
    },
    {
      "playerOne": 4,
      "playerTwo": 33,
      "winPercentage": 52.186
    },
    {
      "playerOne": 4,
      "playerTwo": 34,
      "winPercentage": 73.102
    },
    {
      "playerOne": 4,
      "playerTwo": 35,
      "winPercentage": 55.524
    },
    {
      "playerOne": 4,
      "playerTwo": 36,
      "winPercentage": 45.145
    },
    {
      "playerOne": 4,
      "playerTwo": 37,
      "winPercentage": 53.612
    },
    {
      "playerOne": 4,
      "playerTwo": 38,
      "winPercentage": 2.794
    },
    {
      "playerOne": 4,
      "playerTwo": 39,
      "winPercentage": 90.978
    },
    {
      "playerOne": 5,
      "playerTwo": 6,
      "winPercentage": 71.793
    },
    {
      "playerOne": 5,
      "playerTwo": 7,
      "winPercentage": 49.763
    },
    {
      "playerOne": 5,
      "playerTwo": 8,
      "winPercentage": 3.742
    },
    {
      "playerOne": 5,
      "playerTwo": 9,
      "winPercentage": 99.564
    },
    {
      "playerOne": 5,
      "playerTwo": 10,
      "winPercentage": 90.245
    },
    {
      "playerOne": 5,
      "playerTwo": 11,
      "winPercentage": 82.53
    },
    {
      "playerOne": 5,
      "playerTwo": 12,
      "winPercentage": 54.795
    },
    {
      "playerOne": 5,
      "playerTwo": 13,
      "winPercentage": 93.819
    },
    {
      "playerOne": 5,
      "playerTwo": 14,
      "winPercentage": 51.884
    },
    {
      "playerOne": 5,
      "playerTwo": 15,
      "winPercentage": 91.591
    },
    {
      "playerOne": 5,
      "playerTwo": 16,
      "winPercentage": 78.825
    },
    {
      "playerOne": 5,
      "playerTwo": 17,
      "winPercentage": 20.686
    },
    {
      "playerOne": 5,
      "playerTwo": 18,
      "winPercentage": 49.619
    },
    {
      "playerOne": 5,
      "playerTwo": 19,
      "winPercentage": 59.65
    },
    {
      "playerOne": 5,
      "playerTwo": 20,
      "winPercentage": 32.363
    },
    {
      "playerOne": 5,
      "playerTwo": 21,
      "winPercentage": 95.238
    },
    {
      "playerOne": 5,
      "playerTwo": 22,
      "winPercentage": 61.713
    },
    {
      "playerOne": 5,
      "playerTwo": 23,
      "winPercentage": 46.854
    },
    {
      "playerOne": 5,
      "playerTwo": 24,
      "winPercentage": 71.505
    },
    {
      "playerOne": 5,
      "playerTwo": 25,
      "winPercentage": 82.686
    },
    {
      "playerOne": 5,
      "playerTwo": 26,
      "winPercentage": 59.754
    },
    {
      "playerOne": 5,
      "playerTwo": 27,
      "winPercentage": 45.598
    },
    {
      "playerOne": 5,
      "playerTwo": 28,
      "winPercentage": 44.708
    },
    {
      "playerOne": 5,
      "playerTwo": 29,
      "winPercentage": 8.172
    },
    {
      "playerOne": 5,
      "playerTwo": 30,
      "winPercentage": 38.384
    },
    {
      "playerOne": 5,
      "playerTwo": 31,
      "winPercentage": 6.958
    },
    {
      "playerOne": 5,
      "playerTwo": 32,
      "winPercentage": 43.553
    },
    {
      "playerOne": 5,
      "playerTwo": 33,
      "winPercentage": 29.259
    },
    {
      "playerOne": 5,
      "playerTwo": 34,
      "winPercentage": 46.032
    },
    {
      "playerOne": 5,
      "playerTwo": 35,
      "winPercentage": 57.077
    },
    {
      "playerOne": 5,
      "playerTwo": 36,
      "winPercentage": 5.975
    },
    {
      "playerOne": 5,
      "playerTwo": 37,
      "winPercentage": 79.769
    },
    {
      "playerOne": 5,
      "playerTwo": 38,
      "winPercentage": 25.732
    },
    {
      "playerOne": 5,
      "playerTwo": 39,
      "winPercentage": 6122.3
    },
    {
      "playerOne": 6,
      "playerTwo": 7,
      "winPercentage": 31.17
    },
    {
      "playerOne": 6,
      "playerTwo": 8,
      "winPercentage": 12.344
    },
    {
      "playerOne": 6,
      "playerTwo": 9,
      "winPercentage": 4.322
    },
    {
      "playerOne": 6,
      "playerTwo": 10,
      "winPercentage": 48.489
    },
    {
      "playerOne": 6,
      "playerTwo": 11,
      "winPercentage": 53.685
    },
    {
      "playerOne": 6,
      "playerTwo": 12,
      "winPercentage": 12.175
    },
    {
      "playerOne": 6,
      "playerTwo": 13,
      "winPercentage": 57.633
    },
    {
      "playerOne": 6,
      "playerTwo": 14,
      "winPercentage": 28.028
    },
    {
      "playerOne": 6,
      "playerTwo": 15,
      "winPercentage": 37.209
    },
    {
      "playerOne": 6,
      "playerTwo": 16,
      "winPercentage": 1.757
    },
    {
      "playerOne": 6,
      "playerTwo": 17,
      "winPercentage": 85.612
    },
    {
      "playerOne": 6,
      "playerTwo": 18,
      "winPercentage": 35.142
    },
    {
      "playerOne": 6,
      "playerTwo": 19,
      "winPercentage": 66.881
    },
    {
      "playerOne": 6,
      "playerTwo": 20,
      "winPercentage": 43.223
    },
    {
      "playerOne": 6,
      "playerTwo": 21,
      "winPercentage": 66.323
    },
    {
      "playerOne": 6,
      "playerTwo": 22,
      "winPercentage": 35.026
    },
    {
      "playerOne": 6,
      "playerTwo": 23,
      "winPercentage": 39.546
    },
    {
      "playerOne": 6,
      "playerTwo": 24,
      "winPercentage": 93.992
    },
    {
      "playerOne": 6,
      "playerTwo": 25,
      "winPercentage": 3.786
    },
    {
      "playerOne": 6,
      "playerTwo": 26,
      "winPercentage": 50.635
    },
    {
      "playerOne": 6,
      "playerTwo": 27,
      "winPercentage": 62.933
    },
    {
      "playerOne": 6,
      "playerTwo": 28,
      "winPercentage": 33.557
    },
    {
      "playerOne": 6,
      "playerTwo": 29,
      "winPercentage": 3143.1
    },
    {
      "playerOne": 6,
      "playerTwo": 30,
      "winPercentage": 15.86
    },
    {
      "playerOne": 6,
      "playerTwo": 31,
      "winPercentage": 7.713
    },
    {
      "playerOne": 6,
      "playerTwo": 32,
      "winPercentage": 24.55
    },
    {
      "playerOne": 6,
      "playerTwo": 33,
      "winPercentage": 21.868
    },
    {
      "playerOne": 6,
      "playerTwo": 34,
      "winPercentage": 71.817
    },
    {
      "playerOne": 6,
      "playerTwo": 35,
      "winPercentage": 49.778
    },
    {
      "playerOne": 6,
      "playerTwo": 36,
      "winPercentage": 73.835
    },
    {
      "playerOne": 6,
      "playerTwo": 37,
      "winPercentage": 5.097
    },
    {
      "playerOne": 6,
      "playerTwo": 38,
      "winPercentage": 0.798
    },
    {
      "playerOne": 6,
      "playerTwo": 39,
      "winPercentage": 36.42
    },
    {
      "playerOne": 7,
      "playerTwo": 8,
      "winPercentage": 45.818
    },
    {
      "playerOne": 7,
      "playerTwo": 9,
      "winPercentage": 70.096
    },
    {
      "playerOne": 7,
      "playerTwo": 10,
      "winPercentage": 48.121
    },
    {
      "playerOne": 7,
      "playerTwo": 11,
      "winPercentage": 40.817
    },
    {
      "playerOne": 7,
      "playerTwo": 12,
      "winPercentage": 37.84
    },
    {
      "playerOne": 7,
      "playerTwo": 13,
      "winPercentage": 69.652
    },
    {
      "playerOne": 7,
      "playerTwo": 14,
      "winPercentage": 37.784
    },
    {
      "playerOne": 7,
      "playerTwo": 15,
      "winPercentage": 54.815
    },
    {
      "playerOne": 7,
      "playerTwo": 16,
      "winPercentage": 72.913
    },
    {
      "playerOne": 7,
      "playerTwo": 17,
      "winPercentage": 18.407
    },
    {
      "playerOne": 7,
      "playerTwo": 18,
      "winPercentage": 33.182
    },
    {
      "playerOne": 7,
      "playerTwo": 19,
      "winPercentage": 65.506
    },
    {
      "playerOne": 7,
      "playerTwo": 20,
      "winPercentage": 20.021
    },
    {
      "playerOne": 7,
      "playerTwo": 21,
      "winPercentage": 75.947
    },
    {
      "playerOne": 7,
      "playerTwo": 22,
      "winPercentage": 77.638
    },
    {
      "playerOne": 7,
      "playerTwo": 23,
      "winPercentage": 88.806
    },
    {
      "playerOne": 7,
      "playerTwo": 24,
      "winPercentage": 46.556
    },
    {
      "playerOne": 7,
      "playerTwo": 25,
      "winPercentage": 91.272
    },
    {
      "playerOne": 7,
      "playerTwo": 26,
      "winPercentage": 69.244
    },
    {
      "playerOne": 7,
      "playerTwo": 27,
      "winPercentage": 27.509
    },
    {
      "playerOne": 7,
      "playerTwo": 28,
      "winPercentage": 80.629
    },
    {
      "playerOne": 7,
      "playerTwo": 29,
      "winPercentage": 53.071
    },
    {
      "playerOne": 7,
      "playerTwo": 30,
      "winPercentage": 26.182
    },
    {
      "playerOne": 7,
      "playerTwo": 31,
      "winPercentage": 62.868
    },
    {
      "playerOne": 7,
      "playerTwo": 32,
      "winPercentage": 80.266
    },
    {
      "playerOne": 7,
      "playerTwo": 33,
      "winPercentage": 94.3
    },
    {
      "playerOne": 7,
      "playerTwo": 34,
      "winPercentage": 37.972
    },
    {
      "playerOne": 7,
      "playerTwo": 35,
      "winPercentage": 16.533
    },
    {
      "playerOne": 7,
      "playerTwo": 36,
      "winPercentage": 33.066
    },
    {
      "playerOne": 7,
      "playerTwo": 37,
      "winPercentage": 78.254
    },
    {
      "playerOne": 7,
      "playerTwo": 38,
      "winPercentage": 5.882
    },
    {
      "playerOne": 7,
      "playerTwo": 39,
      "winPercentage": 36.207
    },
    {
      "playerOne": 8,
      "playerTwo": 9,
      "winPercentage": 28.524
    },
    {
      "playerOne": 8,
      "playerTwo": 10,
      "winPercentage": 99.651
    },
    {
      "playerOne": 8,
      "playerTwo": 11,
      "winPercentage": 41.725
    },
    {
      "playerOne": 8,
      "playerTwo": 12,
      "winPercentage": 38.358
    },
    {
      "playerOne": 8,
      "playerTwo": 13,
      "winPercentage": 99.989
    },
    {
      "playerOne": 8,
      "playerTwo": 14,
      "winPercentage": 84.688
    },
    {
      "playerOne": 8,
      "playerTwo": 15,
      "winPercentage": 52.089
    },
    {
      "playerOne": 8,
      "playerTwo": 16,
      "winPercentage": 13.859
    },
    {
      "playerOne": 8,
      "playerTwo": 17,
      "winPercentage": 93.727
    },
    {
      "playerOne": 8,
      "playerTwo": 18,
      "winPercentage": 53.327
    },
    {
      "playerOne": 8,
      "playerTwo": 19,
      "winPercentage": 89.973
    },
    {
      "playerOne": 8,
      "playerTwo": 20,
      "winPercentage": 67.874
    },
    {
      "playerOne": 8,
      "playerTwo": 21,
      "winPercentage": 98.655
    },
    {
      "playerOne": 8,
      "playerTwo": 22,
      "winPercentage": 29.577
    },
    {
      "playerOne": 8,
      "playerTwo": 23,
      "winPercentage": 50.689
    },
    {
      "playerOne": 8,
      "playerTwo": 24,
      "winPercentage": 86.658
    },
    {
      "playerOne": 8,
      "playerTwo": 25,
      "winPercentage": 65.161
    },
    {
      "playerOne": 8,
      "playerTwo": 26,
      "winPercentage": 50.656
    },
    {
      "playerOne": 8,
      "playerTwo": 27,
      "winPercentage": 35.212
    },
    {
      "playerOne": 8,
      "playerTwo": 28,
      "winPercentage": 75.809
    },
    {
      "playerOne": 8,
      "playerTwo": 29,
      "winPercentage": 25.113
    },
    {
      "playerOne": 8,
      "playerTwo": 30,
      "winPercentage": 3.043
    },
    {
      "playerOne": 8,
      "playerTwo": 31,
      "winPercentage": 48.866
    },
    {
      "playerOne": 8,
      "playerTwo": 32,
      "winPercentage": 74.633
    },
    {
      "playerOne": 8,
      "playerTwo": 33,
      "winPercentage": 59.231
    },
    {
      "playerOne": 8,
      "playerTwo": 34,
      "winPercentage": 5.356
    },
    {
      "playerOne": 8,
      "playerTwo": 35,
      "winPercentage": 81.841
    },
    {
      "playerOne": 8,
      "playerTwo": 36,
      "winPercentage": 68.396
    },
    {
      "playerOne": 8,
      "playerTwo": 37,
      "winPercentage": 83.253
    },
    {
      "playerOne": 8,
      "playerTwo": 38,
      "winPercentage": 20.946
    },
    {
      "playerOne": 8,
      "playerTwo": 39,
      "winPercentage": 20.574
    },
    {
      "playerOne": 9,
      "playerTwo": 10,
      "winPercentage": 70.519
    },
    {
      "playerOne": 9,
      "playerTwo": 11,
      "winPercentage": 89.743
    },
    {
      "playerOne": 9,
      "playerTwo": 12,
      "winPercentage": 6836.2
    },
    {
      "playerOne": 9,
      "playerTwo": 13,
      "winPercentage": 85.296
    },
    {
      "playerOne": 9,
      "playerTwo": 14,
      "winPercentage": 18.698
    },
    {
      "playerOne": 9,
      "playerTwo": 15,
      "winPercentage": 86.882
    },
    {
      "playerOne": 9,
      "playerTwo": 16,
      "winPercentage": 62.156
    },
    {
      "playerOne": 9,
      "playerTwo": 17,
      "winPercentage": 91.736
    },
    {
      "playerOne": 9,
      "playerTwo": 18,
      "winPercentage": 22.896
    },
    {
      "playerOne": 9,
      "playerTwo": 19,
      "winPercentage": 96.388
    },
    {
      "playerOne": 9,
      "playerTwo": 20,
      "winPercentage": 54.463
    },
    {
      "playerOne": 9,
      "playerTwo": 21,
      "winPercentage": 36.458
    },
    {
      "playerOne": 9,
      "playerTwo": 22,
      "winPercentage": 65.314
    },
    {
      "playerOne": 9,
      "playerTwo": 23,
      "winPercentage": 27.033
    },
    {
      "playerOne": 9,
      "playerTwo": 24,
      "winPercentage": 28.589
    },
    {
      "playerOne": 9,
      "playerTwo": 25,
      "winPercentage": 0.901
    },
    {
      "playerOne": 9,
      "playerTwo": 26,
      "winPercentage": 2.496
    },
    {
      "playerOne": 9,
      "playerTwo": 27,
      "winPercentage": 37.213
    },
    {
      "playerOne": 9,
      "playerTwo": 28,
      "winPercentage": 80.832
    },
    {
      "playerOne": 9,
      "playerTwo": 29,
      "winPercentage": 85.394
    },
    {
      "playerOne": 9,
      "playerTwo": 30,
      "winPercentage": 53.443
    },
    {
      "playerOne": 9,
      "playerTwo": 31,
      "winPercentage": 25.162
    },
    {
      "playerOne": 9,
      "playerTwo": 32,
      "winPercentage": 17.961
    },
    {
      "playerOne": 9,
      "playerTwo": 33,
      "winPercentage": 74.922
    },
    {
      "playerOne": 9,
      "playerTwo": 34,
      "winPercentage": 33.905
    },
    {
      "playerOne": 9,
      "playerTwo": 35,
      "winPercentage": 19.31
    },
    {
      "playerOne": 9,
      "playerTwo": 36,
      "winPercentage": 63.496
    },
    {
      "playerOne": 9,
      "playerTwo": 37,
      "winPercentage": 92.089
    },
    {
      "playerOne": 9,
      "playerTwo": 38,
      "winPercentage": 11.501
    },
    {
      "playerOne": 9,
      "playerTwo": 39,
      "winPercentage": 53.489
    },
    {
      "playerOne": 10,
      "playerTwo": 11,
      "winPercentage": 83.583
    },
    {
      "playerOne": 10,
      "playerTwo": 12,
      "winPercentage": 59.875
    },
    {
      "playerOne": 10,
      "playerTwo": 13,
      "winPercentage": 35.015
    },
    {
      "playerOne": 10,
      "playerTwo": 14,
      "winPercentage": 71.313
    },
    {
      "playerOne": 10,
      "playerTwo": 15,
      "winPercentage": 85.246
    },
    {
      "playerOne": 10,
      "playerTwo": 16,
      "winPercentage": 4.968
    },
    {
      "playerOne": 10,
      "playerTwo": 17,
      "winPercentage": 47.511
    },
    {
      "playerOne": 10,
      "playerTwo": 18,
      "winPercentage": 91.507
    },
    {
      "playerOne": 10,
      "playerTwo": 19,
      "winPercentage": 88.995
    },
    {
      "playerOne": 10,
      "playerTwo": 20,
      "winPercentage": 48.668
    },
    {
      "playerOne": 10,
      "playerTwo": 21,
      "winPercentage": 75.767
    },
    {
      "playerOne": 10,
      "playerTwo": 22,
      "winPercentage": 31.233
    },
    {
      "playerOne": 10,
      "playerTwo": 23,
      "winPercentage": 19.947
    },
    {
      "playerOne": 10,
      "playerTwo": 24,
      "winPercentage": 73.122
    },
    {
      "playerOne": 10,
      "playerTwo": 25,
      "winPercentage": 89.165
    },
    {
      "playerOne": 10,
      "playerTwo": 26,
      "winPercentage": 21.581
    },
    {
      "playerOne": 10,
      "playerTwo": 27,
      "winPercentage": 64.089
    },
    {
      "playerOne": 10,
      "playerTwo": 28,
      "winPercentage": 11.165
    },
    {
      "playerOne": 10,
      "playerTwo": 29,
      "winPercentage": 64.355
    },
    {
      "playerOne": 10,
      "playerTwo": 30,
      "winPercentage": 29.409
    },
    {
      "playerOne": 10,
      "playerTwo": 31,
      "winPercentage": 52.967
    },
    {
      "playerOne": 10,
      "playerTwo": 32,
      "winPercentage": 90.091
    },
    {
      "playerOne": 10,
      "playerTwo": 33,
      "winPercentage": 37.111
    },
    {
      "playerOne": 10,
      "playerTwo": 34,
      "winPercentage": 84.88
    },
    {
      "playerOne": 10,
      "playerTwo": 35,
      "winPercentage": 16.477
    },
    {
      "playerOne": 10,
      "playerTwo": 36,
      "winPercentage": 78.346
    },
    {
      "playerOne": 10,
      "playerTwo": 37,
      "winPercentage": 31.069
    },
    {
      "playerOne": 10,
      "playerTwo": 38,
      "winPercentage": 36.843
    },
    {
      "playerOne": 10,
      "playerTwo": 39,
      "winPercentage": 98.231
    },
    {
      "playerOne": 11,
      "playerTwo": 12,
      "winPercentage": 10.334
    },
    {
      "playerOne": 11,
      "playerTwo": 13,
      "winPercentage": 99.31
    },
    {
      "playerOne": 11,
      "playerTwo": 14,
      "winPercentage": 29.223
    },
    {
      "playerOne": 11,
      "playerTwo": 15,
      "winPercentage": 67.615
    },
    {
      "playerOne": 11,
      "playerTwo": 16,
      "winPercentage": 47.333
    },
    {
      "playerOne": 11,
      "playerTwo": 17,
      "winPercentage": 72.973
    },
    {
      "playerOne": 11,
      "playerTwo": 18,
      "winPercentage": 3.862
    },
    {
      "playerOne": 11,
      "playerTwo": 19,
      "winPercentage": 15.251
    },
    {
      "playerOne": 11,
      "playerTwo": 20,
      "winPercentage": 93.34
    },
    {
      "playerOne": 11,
      "playerTwo": 21,
      "winPercentage": 32.251
    },
    {
      "playerOne": 11,
      "playerTwo": 22,
      "winPercentage": 43.771
    },
    {
      "playerOne": 11,
      "playerTwo": 23,
      "winPercentage": 79.238
    },
    {
      "playerOne": 11,
      "playerTwo": 24,
      "winPercentage": 67.131
    },
    {
      "playerOne": 11,
      "playerTwo": 25,
      "winPercentage": 6.042
    },
    {
      "playerOne": 11,
      "playerTwo": 26,
      "winPercentage": 41.882
    },
    {
      "playerOne": 11,
      "playerTwo": 27,
      "winPercentage": 59.11
    },
    {
      "playerOne": 11,
      "playerTwo": 28,
      "winPercentage": 58.552
    },
    {
      "playerOne": 11,
      "playerTwo": 29,
      "winPercentage": 83.574
    },
    {
      "playerOne": 11,
      "playerTwo": 30,
      "winPercentage": 40.32
    },
    {
      "playerOne": 11,
      "playerTwo": 31,
      "winPercentage": 67.075
    },
    {
      "playerOne": 11,
      "playerTwo": 32,
      "winPercentage": 92.583
    },
    {
      "playerOne": 11,
      "playerTwo": 33,
      "winPercentage": 35.036
    },
    {
      "playerOne": 11,
      "playerTwo": 34,
      "winPercentage": 62.618
    },
    {
      "playerOne": 11,
      "playerTwo": 35,
      "winPercentage": 67.548
    },
    {
      "playerOne": 11,
      "playerTwo": 36,
      "winPercentage": 86.119
    },
    {
      "playerOne": 11,
      "playerTwo": 37,
      "winPercentage": 96.096
    },
    {
      "playerOne": 11,
      "playerTwo": 38,
      "winPercentage": 26.94
    },
    {
      "playerOne": 11,
      "playerTwo": 39,
      "winPercentage": 99.39
    },
    {
      "playerOne": 12,
      "playerTwo": 13,
      "winPercentage": 28.66
    },
    {
      "playerOne": 12,
      "playerTwo": 14,
      "winPercentage": 67.432
    },
    {
      "playerOne": 12,
      "playerTwo": 15,
      "winPercentage": 86.919
    },
    {
      "playerOne": 12,
      "playerTwo": 16,
      "winPercentage": 30.166
    },
    {
      "playerOne": 12,
      "playerTwo": 17,
      "winPercentage": 5.888
    },
    {
      "playerOne": 12,
      "playerTwo": 18,
      "winPercentage": 72.73
    },
    {
      "playerOne": 12,
      "playerTwo": 19,
      "winPercentage": 78.789
    },
    {
      "playerOne": 12,
      "playerTwo": 20,
      "winPercentage": 70.727
    },
    {
      "playerOne": 12,
      "playerTwo": 21,
      "winPercentage": 91.124
    },
    {
      "playerOne": 12,
      "playerTwo": 22,
      "winPercentage": 57.119
    },
    {
      "playerOne": 12,
      "playerTwo": 23,
      "winPercentage": 80.224
    },
    {
      "playerOne": 12,
      "playerTwo": 24,
      "winPercentage": 56.867
    },
    {
      "playerOne": 12,
      "playerTwo": 25,
      "winPercentage": 95.841
    },
    {
      "playerOne": 12,
      "playerTwo": 26,
      "winPercentage": 27.97
    },
    {
      "playerOne": 12,
      "playerTwo": 27,
      "winPercentage": 91.027
    },
    {
      "playerOne": 12,
      "playerTwo": 28,
      "winPercentage": 61.281
    },
    {
      "playerOne": 12,
      "playerTwo": 29,
      "winPercentage": 53.125
    },
    {
      "playerOne": 12,
      "playerTwo": 30,
      "winPercentage": 4.997
    },
    {
      "playerOne": 12,
      "playerTwo": 31,
      "winPercentage": 40.055
    },
    {
      "playerOne": 12,
      "playerTwo": 32,
      "winPercentage": 0.807
    },
    {
      "playerOne": 12,
      "playerTwo": 33,
      "winPercentage": 59.66
    },
    {
      "playerOne": 12,
      "playerTwo": 34,
      "winPercentage": 17.281
    },
    {
      "playerOne": 12,
      "playerTwo": 35,
      "winPercentage": 53.622
    },
    {
      "playerOne": 12,
      "playerTwo": 36,
      "winPercentage": 33.398
    },
    {
      "playerOne": 12,
      "playerTwo": 37,
      "winPercentage": 39.266
    },
    {
      "playerOne": 12,
      "playerTwo": 38,
      "winPercentage": 36.079
    },
    {
      "playerOne": 12,
      "playerTwo": 39,
      "winPercentage": 71.475
    },
    {
      "playerOne": 13,
      "playerTwo": 14,
      "winPercentage": 51.282
    },
    {
      "playerOne": 13,
      "playerTwo": 15,
      "winPercentage": 72.207
    },
    {
      "playerOne": 13,
      "playerTwo": 16,
      "winPercentage": 10.443
    },
    {
      "playerOne": 13,
      "playerTwo": 17,
      "winPercentage": 39.136
    },
    {
      "playerOne": 13,
      "playerTwo": 18,
      "winPercentage": 62.442
    },
    {
      "playerOne": 13,
      "playerTwo": 19,
      "winPercentage": 65.701
    },
    {
      "playerOne": 13,
      "playerTwo": 20,
      "winPercentage": 49.284
    },
    {
      "playerOne": 13,
      "playerTwo": 21,
      "winPercentage": 46.21
    },
    {
      "playerOne": 13,
      "playerTwo": 22,
      "winPercentage": 3.012
    },
    {
      "playerOne": 13,
      "playerTwo": 23,
      "winPercentage": 6.536
    },
    {
      "playerOne": 13,
      "playerTwo": 24,
      "winPercentage": 56.495
    },
    {
      "playerOne": 13,
      "playerTwo": 25,
      "winPercentage": 81.927
    },
    {
      "playerOne": 13,
      "playerTwo": 26,
      "winPercentage": 6.691
    },
    {
      "playerOne": 13,
      "playerTwo": 27,
      "winPercentage": 50.61
    },
    {
      "playerOne": 13,
      "playerTwo": 28,
      "winPercentage": 49.401
    },
    {
      "playerOne": 13,
      "playerTwo": 29,
      "winPercentage": 64.938
    },
    {
      "playerOne": 13,
      "playerTwo": 30,
      "winPercentage": 31.874
    },
    {
      "playerOne": 13,
      "playerTwo": 31,
      "winPercentage": 64.479
    },
    {
      "playerOne": 13,
      "playerTwo": 32,
      "winPercentage": 20.921
    },
    {
      "playerOne": 13,
      "playerTwo": 33,
      "winPercentage": 23.138
    },
    {
      "playerOne": 13,
      "playerTwo": 34,
      "winPercentage": 43.829
    },
    {
      "playerOne": 13,
      "playerTwo": 35,
      "winPercentage": 12.117
    },
    {
      "playerOne": 13,
      "playerTwo": 36,
      "winPercentage": 84.492
    },
    {
      "playerOne": 13,
      "playerTwo": 37,
      "winPercentage": 8.228
    },
    {
      "playerOne": 13,
      "playerTwo": 38,
      "winPercentage": 95.076
    },
    {
      "playerOne": 13,
      "playerTwo": 39,
      "winPercentage": 0.493
    },
    {
      "playerOne": 14,
      "playerTwo": 15,
      "winPercentage": 53.016
    },
    {
      "playerOne": 14,
      "playerTwo": 16,
      "winPercentage": 74.638
    },
    {
      "playerOne": 14,
      "playerTwo": 17,
      "winPercentage": 59.937
    },
    {
      "playerOne": 14,
      "playerTwo": 18,
      "winPercentage": 27.332
    },
    {
      "playerOne": 14,
      "playerTwo": 19,
      "winPercentage": 58.452
    },
    {
      "playerOne": 14,
      "playerTwo": 20,
      "winPercentage": 77.879
    },
    {
      "playerOne": 14,
      "playerTwo": 21,
      "winPercentage": 2.776
    },
    {
      "playerOne": 14,
      "playerTwo": 22,
      "winPercentage": 38.722
    },
    {
      "playerOne": 14,
      "playerTwo": 23,
      "winPercentage": 53.081
    },
    {
      "playerOne": 14,
      "playerTwo": 24,
      "winPercentage": 42.742
    },
    {
      "playerOne": 14,
      "playerTwo": 25,
      "winPercentage": 87.301
    },
    {
      "playerOne": 14,
      "playerTwo": 26,
      "winPercentage": 40.249
    },
    {
      "playerOne": 14,
      "playerTwo": 27,
      "winPercentage": 26.172
    },
    {
      "playerOne": 14,
      "playerTwo": 28,
      "winPercentage": 37.366
    },
    {
      "playerOne": 14,
      "playerTwo": 29,
      "winPercentage": 2.594
    },
    {
      "playerOne": 14,
      "playerTwo": 30,
      "winPercentage": 63.745
    },
    {
      "playerOne": 14,
      "playerTwo": 31,
      "winPercentage": 11.976
    },
    {
      "playerOne": 14,
      "playerTwo": 32,
      "winPercentage": 47.845
    },
    {
      "playerOne": 14,
      "playerTwo": 33,
      "winPercentage": 13.764
    },
    {
      "playerOne": 14,
      "playerTwo": 34,
      "winPercentage": 88.257
    },
    {
      "playerOne": 14,
      "playerTwo": 35,
      "winPercentage": 76.254
    },
    {
      "playerOne": 14,
      "playerTwo": 36,
      "winPercentage": 61.789
    },
    {
      "playerOne": 14,
      "playerTwo": 37,
      "winPercentage": 15.718
    },
    {
      "playerOne": 14,
      "playerTwo": 38,
      "winPercentage": 84.423
    },
    {
      "playerOne": 14,
      "playerTwo": 39,
      "winPercentage": 58.076
    },
    {
      "playerOne": 15,
      "playerTwo": 16,
      "winPercentage": 90.016
    },
    {
      "playerOne": 15,
      "playerTwo": 17,
      "winPercentage": 83.148
    },
    {
      "playerOne": 15,
      "playerTwo": 18,
      "winPercentage": 64.063
    },
    {
      "playerOne": 15,
      "playerTwo": 19,
      "winPercentage": 22.008
    },
    {
      "playerOne": 15,
      "playerTwo": 20,
      "winPercentage": 73.547
    },
    {
      "playerOne": 15,
      "playerTwo": 21,
      "winPercentage": 47.39
    },
    {
      "playerOne": 15,
      "playerTwo": 22,
      "winPercentage": 14.818
    },
    {
      "playerOne": 15,
      "playerTwo": 23,
      "winPercentage": 52.547
    },
    {
      "playerOne": 15,
      "playerTwo": 24,
      "winPercentage": 11.802
    },
    {
      "playerOne": 15,
      "playerTwo": 25,
      "winPercentage": 13.06
    },
    {
      "playerOne": 15,
      "playerTwo": 26,
      "winPercentage": 83.607
    },
    {
      "playerOne": 15,
      "playerTwo": 27,
      "winPercentage": 24.823
    },
    {
      "playerOne": 15,
      "playerTwo": 28,
      "winPercentage": 86.809
    },
    {
      "playerOne": 15,
      "playerTwo": 29,
      "winPercentage": 20.348
    },
    {
      "playerOne": 15,
      "playerTwo": 30,
      "winPercentage": 7.239
    },
    {
      "playerOne": 15,
      "playerTwo": 31,
      "winPercentage": 89.014
    },
    {
      "playerOne": 15,
      "playerTwo": 32,
      "winPercentage": 42.221
    },
    {
      "playerOne": 15,
      "playerTwo": 33,
      "winPercentage": 46.233
    },
    {
      "playerOne": 15,
      "playerTwo": 34,
      "winPercentage": 43.783
    },
    {
      "playerOne": 15,
      "playerTwo": 35,
      "winPercentage": 29.833
    },
    {
      "playerOne": 15,
      "playerTwo": 36,
      "winPercentage": 3.662
    },
    {
      "playerOne": 15,
      "playerTwo": 37,
      "winPercentage": 51.865
    },
    {
      "playerOne": 15,
      "playerTwo": 38,
      "winPercentage": 78.445
    },
    {
      "playerOne": 15,
      "playerTwo": 39,
      "winPercentage": 98.069
    },
    {
      "playerOne": 16,
      "playerTwo": 17,
      "winPercentage": 10.132
    },
    {
      "playerOne": 16,
      "playerTwo": 18,
      "winPercentage": 90.695
    },
    {
      "playerOne": 16,
      "playerTwo": 19,
      "winPercentage": 0.335
    },
    {
      "playerOne": 16,
      "playerTwo": 20,
      "winPercentage": 51.2
    },
    {
      "playerOne": 16,
      "playerTwo": 21,
      "winPercentage": 54.811
    },
    {
      "playerOne": 16,
      "playerTwo": 22,
      "winPercentage": 67.021
    },
    {
      "playerOne": 16,
      "playerTwo": 23,
      "winPercentage": 41.199
    },
    {
      "playerOne": 16,
      "playerTwo": 24,
      "winPercentage": 46.696
    },
    {
      "playerOne": 16,
      "playerTwo": 25,
      "winPercentage": 44.978
    },
    {
      "playerOne": 16,
      "playerTwo": 26,
      "winPercentage": 64.818
    },
    {
      "playerOne": 16,
      "playerTwo": 27,
      "winPercentage": 52.58
    },
    {
      "playerOne": 16,
      "playerTwo": 28,
      "winPercentage": 70.66
    },
    {
      "playerOne": 16,
      "playerTwo": 29,
      "winPercentage": 92.191
    },
    {
      "playerOne": 16,
      "playerTwo": 30,
      "winPercentage": 13.944
    },
    {
      "playerOne": 16,
      "playerTwo": 31,
      "winPercentage": 93.012
    },
    {
      "playerOne": 16,
      "playerTwo": 32,
      "winPercentage": 67.706
    },
    {
      "playerOne": 16,
      "playerTwo": 33,
      "winPercentage": 26.973
    },
    {
      "playerOne": 16,
      "playerTwo": 34,
      "winPercentage": 17.687
    },
    {
      "playerOne": 16,
      "playerTwo": 35,
      "winPercentage": 99.277
    },
    {
      "playerOne": 16,
      "playerTwo": 36,
      "winPercentage": 60.254
    },
    {
      "playerOne": 16,
      "playerTwo": 37,
      "winPercentage": 82.373
    },
    {
      "playerOne": 16,
      "playerTwo": 38,
      "winPercentage": 10.156
    },
    {
      "playerOne": 16,
      "playerTwo": 39,
      "winPercentage": 86.525
    },
    {
      "playerOne": 17,
      "playerTwo": 18,
      "winPercentage": 38.553
    },
    {
      "playerOne": 17,
      "playerTwo": 19,
      "winPercentage": 86.377
    },
    {
      "playerOne": 17,
      "playerTwo": 20,
      "winPercentage": 8.436
    },
    {
      "playerOne": 17,
      "playerTwo": 21,
      "winPercentage": 15.522
    },
    {
      "playerOne": 17,
      "playerTwo": 22,
      "winPercentage": 22.201
    },
    {
      "playerOne": 17,
      "playerTwo": 23,
      "winPercentage": 17.802
    },
    {
      "playerOne": 17,
      "playerTwo": 24,
      "winPercentage": 34.546
    },
    {
      "playerOne": 17,
      "playerTwo": 25,
      "winPercentage": 37.785
    },
    {
      "playerOne": 17,
      "playerTwo": 26,
      "winPercentage": 36.267
    },
    {
      "playerOne": 17,
      "playerTwo": 27,
      "winPercentage": 4.907
    },
    {
      "playerOne": 17,
      "playerTwo": 28,
      "winPercentage": 61.397
    },
    {
      "playerOne": 17,
      "playerTwo": 29,
      "winPercentage": 84.174
    },
    {
      "playerOne": 17,
      "playerTwo": 30,
      "winPercentage": 25.81
    },
    {
      "playerOne": 17,
      "playerTwo": 31,
      "winPercentage": 48.903
    },
    {
      "playerOne": 17,
      "playerTwo": 32,
      "winPercentage": 90.026
    },
    {
      "playerOne": 17,
      "playerTwo": 33,
      "winPercentage": 35.969
    },
    {
      "playerOne": 17,
      "playerTwo": 34,
      "winPercentage": 70.645
    },
    {
      "playerOne": 17,
      "playerTwo": 35,
      "winPercentage": 32.238
    },
    {
      "playerOne": 17,
      "playerTwo": 36,
      "winPercentage": 78.065
    },
    {
      "playerOne": 17,
      "playerTwo": 37,
      "winPercentage": 59.622
    },
    {
      "playerOne": 17,
      "playerTwo": 38,
      "winPercentage": 52.751
    },
    {
      "playerOne": 17,
      "playerTwo": 39,
      "winPercentage": 25.347
    },
    {
      "playerOne": 18,
      "playerTwo": 19,
      "winPercentage": 67.544
    },
    {
      "playerOne": 18,
      "playerTwo": 20,
      "winPercentage": 34.934
    },
    {
      "playerOne": 18,
      "playerTwo": 21,
      "winPercentage": 0.498
    },
    {
      "playerOne": 18,
      "playerTwo": 22,
      "winPercentage": 26.608
    },
    {
      "playerOne": 18,
      "playerTwo": 23,
      "winPercentage": 12.352
    },
    {
      "playerOne": 18,
      "playerTwo": 24,
      "winPercentage": 96.252
    },
    {
      "playerOne": 18,
      "playerTwo": 25,
      "winPercentage": 88.548
    },
    {
      "playerOne": 18,
      "playerTwo": 26,
      "winPercentage": 28.334
    },
    {
      "playerOne": 18,
      "playerTwo": 27,
      "winPercentage": 96.996
    },
    {
      "playerOne": 18,
      "playerTwo": 28,
      "winPercentage": 31.801
    },
    {
      "playerOne": 18,
      "playerTwo": 29,
      "winPercentage": 85.208
    },
    {
      "playerOne": 18,
      "playerTwo": 30,
      "winPercentage": 72.794
    },
    {
      "playerOne": 18,
      "playerTwo": 31,
      "winPercentage": 2636.1
    },
    {
      "playerOne": 18,
      "playerTwo": 32,
      "winPercentage": 80.792
    },
    {
      "playerOne": 18,
      "playerTwo": 33,
      "winPercentage": 59.313
    },
    {
      "playerOne": 18,
      "playerTwo": 34,
      "winPercentage": 12.501
    },
    {
      "playerOne": 18,
      "playerTwo": 35,
      "winPercentage": 76.243
    },
    {
      "playerOne": 18,
      "playerTwo": 36,
      "winPercentage": 31.264
    },
    {
      "playerOne": 18,
      "playerTwo": 37,
      "winPercentage": 69.188
    },
    {
      "playerOne": 18,
      "playerTwo": 38,
      "winPercentage": 47.049
    },
    {
      "playerOne": 18,
      "playerTwo": 39,
      "winPercentage": 83.974
    },
    {
      "playerOne": 19,
      "playerTwo": 20,
      "winPercentage": 77.64
    },
    {
      "playerOne": 19,
      "playerTwo": 21,
      "winPercentage": 9.452
    },
    {
      "playerOne": 19,
      "playerTwo": 22,
      "winPercentage": 76.435
    },
    {
      "playerOne": 19,
      "playerTwo": 23,
      "winPercentage": 2.831
    },
    {
      "playerOne": 19,
      "playerTwo": 24,
      "winPercentage": 69.973
    },
    {
      "playerOne": 19,
      "playerTwo": 25,
      "winPercentage": 93.688
    },
    {
      "playerOne": 19,
      "playerTwo": 26,
      "winPercentage": 12.589
    },
    {
      "playerOne": 19,
      "playerTwo": 27,
      "winPercentage": 83.004
    },
    {
      "playerOne": 19,
      "playerTwo": 28,
      "winPercentage": 42.227
    },
    {
      "playerOne": 19,
      "playerTwo": 29,
      "winPercentage": 46.687
    },
    {
      "playerOne": 19,
      "playerTwo": 30,
      "winPercentage": 93.623
    },
    {
      "playerOne": 19,
      "playerTwo": 31,
      "winPercentage": 49.865
    },
    {
      "playerOne": 19,
      "playerTwo": 32,
      "winPercentage": 52.858
    },
    {
      "playerOne": 19,
      "playerTwo": 33,
      "winPercentage": 55.208
    },
    {
      "playerOne": 19,
      "playerTwo": 34,
      "winPercentage": 45.408
    },
    {
      "playerOne": 19,
      "playerTwo": 35,
      "winPercentage": 4.172
    },
    {
      "playerOne": 19,
      "playerTwo": 36,
      "winPercentage": 13.607
    },
    {
      "playerOne": 19,
      "playerTwo": 37,
      "winPercentage": 79.127
    },
    {
      "playerOne": 19,
      "playerTwo": 38,
      "winPercentage": 44.053
    },
    {
      "playerOne": 19,
      "playerTwo": 39,
      "winPercentage": 95.415
    },
    {
      "playerOne": 20,
      "playerTwo": 21,
      "winPercentage": 45.553
    },
    {
      "playerOne": 20,
      "playerTwo": 22,
      "winPercentage": 19.662
    },
    {
      "playerOne": 20,
      "playerTwo": 23,
      "winPercentage": 25.431
    },
    {
      "playerOne": 20,
      "playerTwo": 24,
      "winPercentage": 99.488
    },
    {
      "playerOne": 20,
      "playerTwo": 25,
      "winPercentage": 57.754
    },
    {
      "playerOne": 20,
      "playerTwo": 26,
      "winPercentage": 39.254
    },
    {
      "playerOne": 20,
      "playerTwo": 27,
      "winPercentage": 98.359
    },
    {
      "playerOne": 20,
      "playerTwo": 28,
      "winPercentage": 10.435
    },
    {
      "playerOne": 20,
      "playerTwo": 29,
      "winPercentage": 96.514
    },
    {
      "playerOne": 20,
      "playerTwo": 30,
      "winPercentage": 58.836
    },
    {
      "playerOne": 20,
      "playerTwo": 31,
      "winPercentage": 17.298
    },
    {
      "playerOne": 20,
      "playerTwo": 32,
      "winPercentage": 3.755
    },
    {
      "playerOne": 20,
      "playerTwo": 33,
      "winPercentage": 21.624
    },
    {
      "playerOne": 20,
      "playerTwo": 34,
      "winPercentage": 94.438
    },
    {
      "playerOne": 20,
      "playerTwo": 35,
      "winPercentage": 23.701
    },
    {
      "playerOne": 20,
      "playerTwo": 36,
      "winPercentage": 86.582
    },
    {
      "playerOne": 20,
      "playerTwo": 37,
      "winPercentage": 91.115
    },
    {
      "playerOne": 20,
      "playerTwo": 38,
      "winPercentage": 75.61
    },
    {
      "playerOne": 20,
      "playerTwo": 39,
      "winPercentage": 3.736
    },
    {
      "playerOne": 21,
      "playerTwo": 22,
      "winPercentage": 17.375
    },
    {
      "playerOne": 21,
      "playerTwo": 23,
      "winPercentage": 9.274
    },
    {
      "playerOne": 21,
      "playerTwo": 24,
      "winPercentage": 3.37
    },
    {
      "playerOne": 21,
      "playerTwo": 25,
      "winPercentage": 61.235
    },
    {
      "playerOne": 21,
      "playerTwo": 26,
      "winPercentage": 22.354
    },
    {
      "playerOne": 21,
      "playerTwo": 27,
      "winPercentage": 69.939
    },
    {
      "playerOne": 21,
      "playerTwo": 28,
      "winPercentage": 28.815
    },
    {
      "playerOne": 21,
      "playerTwo": 29,
      "winPercentage": 28.128
    },
    {
      "playerOne": 21,
      "playerTwo": 30,
      "winPercentage": 68.165
    },
    {
      "playerOne": 21,
      "playerTwo": 31,
      "winPercentage": 20.788
    },
    {
      "playerOne": 21,
      "playerTwo": 32,
      "winPercentage": 22.359
    },
    {
      "playerOne": 21,
      "playerTwo": 33,
      "winPercentage": 46.876
    },
    {
      "playerOne": 21,
      "playerTwo": 34,
      "winPercentage": 6.999
    },
    {
      "playerOne": 21,
      "playerTwo": 35,
      "winPercentage": 42.016
    },
    {
      "playerOne": 21,
      "playerTwo": 36,
      "winPercentage": 8.445
    },
    {
      "playerOne": 21,
      "playerTwo": 37,
      "winPercentage": 49.695
    },
    {
      "playerOne": 21,
      "playerTwo": 38,
      "winPercentage": 93.006
    },
    {
      "playerOne": 21,
      "playerTwo": 39,
      "winPercentage": 2.856
    },
    {
      "playerOne": 22,
      "playerTwo": 23,
      "winPercentage": 46.553
    },
    {
      "playerOne": 22,
      "playerTwo": 24,
      "winPercentage": 5.833
    },
    {
      "playerOne": 22,
      "playerTwo": 25,
      "winPercentage": 2.095
    },
    {
      "playerOne": 22,
      "playerTwo": 26,
      "winPercentage": 19.776
    },
    {
      "playerOne": 22,
      "playerTwo": 27,
      "winPercentage": 88.108
    },
    {
      "playerOne": 22,
      "playerTwo": 28,
      "winPercentage": 43.795
    },
    {
      "playerOne": 22,
      "playerTwo": 29,
      "winPercentage": 17.049
    },
    {
      "playerOne": 22,
      "playerTwo": 30,
      "winPercentage": 32.416
    },
    {
      "playerOne": 22,
      "playerTwo": 31,
      "winPercentage": 80.738
    },
    {
      "playerOne": 22,
      "playerTwo": 32,
      "winPercentage": 10.937
    },
    {
      "playerOne": 22,
      "playerTwo": 33,
      "winPercentage": 5.622
    },
    {
      "playerOne": 22,
      "playerTwo": 34,
      "winPercentage": 51.354
    },
    {
      "playerOne": 22,
      "playerTwo": 35,
      "winPercentage": 83.329
    },
    {
      "playerOne": 22,
      "playerTwo": 36,
      "winPercentage": 31.091
    },
    {
      "playerOne": 22,
      "playerTwo": 37,
      "winPercentage": 43.163
    },
    {
      "playerOne": 22,
      "playerTwo": 38,
      "winPercentage": 43.754
    },
    {
      "playerOne": 22,
      "playerTwo": 39,
      "winPercentage": 24.464
    },
    {
      "playerOne": 23,
      "playerTwo": 24,
      "winPercentage": 85.338
    },
    {
      "playerOne": 23,
      "playerTwo": 25,
      "winPercentage": 79.343
    },
    {
      "playerOne": 23,
      "playerTwo": 26,
      "winPercentage": 51.054
    },
    {
      "playerOne": 23,
      "playerTwo": 27,
      "winPercentage": 8.697
    },
    {
      "playerOne": 23,
      "playerTwo": 28,
      "winPercentage": 60.407
    },
    {
      "playerOne": 23,
      "playerTwo": 29,
      "winPercentage": 34.757
    },
    {
      "playerOne": 23,
      "playerTwo": 30,
      "winPercentage": 26.004
    },
    {
      "playerOne": 23,
      "playerTwo": 31,
      "winPercentage": 23.531
    },
    {
      "playerOne": 23,
      "playerTwo": 32,
      "winPercentage": 15.723
    },
    {
      "playerOne": 23,
      "playerTwo": 33,
      "winPercentage": 94.841
    },
    {
      "playerOne": 23,
      "playerTwo": 34,
      "winPercentage": 97.811
    },
    {
      "playerOne": 23,
      "playerTwo": 35,
      "winPercentage": 27.324
    },
    {
      "playerOne": 23,
      "playerTwo": 36,
      "winPercentage": 28.784
    },
    {
      "playerOne": 23,
      "playerTwo": 37,
      "winPercentage": 16.177
    },
    {
      "playerOne": 23,
      "playerTwo": 38,
      "winPercentage": 37.151
    },
    {
      "playerOne": 23,
      "playerTwo": 39,
      "winPercentage": 52.352
    },
    {
      "playerOne": 24,
      "playerTwo": 25,
      "winPercentage": 12.511
    },
    {
      "playerOne": 24,
      "playerTwo": 26,
      "winPercentage": 18.891
    },
    {
      "playerOne": 24,
      "playerTwo": 27,
      "winPercentage": 15.834
    },
    {
      "playerOne": 24,
      "playerTwo": 28,
      "winPercentage": 77.12
    },
    {
      "playerOne": 24,
      "playerTwo": 29,
      "winPercentage": 31.679
    },
    {
      "playerOne": 24,
      "playerTwo": 30,
      "winPercentage": 89.31
    },
    {
      "playerOne": 24,
      "playerTwo": 31,
      "winPercentage": 40.786
    },
    {
      "playerOne": 24,
      "playerTwo": 32,
      "winPercentage": 4.672
    },
    {
      "playerOne": 24,
      "playerTwo": 33,
      "winPercentage": 63.575
    },
    {
      "playerOne": 24,
      "playerTwo": 34,
      "winPercentage": 32.599
    },
    {
      "playerOne": 24,
      "playerTwo": 35,
      "winPercentage": 16.38
    },
    {
      "playerOne": 24,
      "playerTwo": 36,
      "winPercentage": 67.88
    },
    {
      "playerOne": 24,
      "playerTwo": 37,
      "winPercentage": 99.491
    },
    {
      "playerOne": 24,
      "playerTwo": 38,
      "winPercentage": 66.328
    },
    {
      "playerOne": 24,
      "playerTwo": 39,
      "winPercentage": 29.57
    },
    {
      "playerOne": 25,
      "playerTwo": 26,
      "winPercentage": 85.069
    },
    {
      "playerOne": 25,
      "playerTwo": 27,
      "winPercentage": 25.472
    },
    {
      "playerOne": 25,
      "playerTwo": 28,
      "winPercentage": 79.609
    },
    {
      "playerOne": 25,
      "playerTwo": 29,
      "winPercentage": 65.062
    },
    {
      "playerOne": 25,
      "playerTwo": 30,
      "winPercentage": 0.513
    },
    {
      "playerOne": 25,
      "playerTwo": 31,
      "winPercentage": 90.017
    },
    {
      "playerOne": 25,
      "playerTwo": 32,
      "winPercentage": 99.458
    },
    {
      "playerOne": 25,
      "playerTwo": 33,
      "winPercentage": 49.771
    },
    {
      "playerOne": 25,
      "playerTwo": 34,
      "winPercentage": 55.82
    },
    {
      "playerOne": 25,
      "playerTwo": 35,
      "winPercentage": 0.97
    },
    {
      "playerOne": 25,
      "playerTwo": 36,
      "winPercentage": 53.781
    },
    {
      "playerOne": 25,
      "playerTwo": 37,
      "winPercentage": 87.459
    },
    {
      "playerOne": 25,
      "playerTwo": 38,
      "winPercentage": 65.867
    },
    {
      "playerOne": 25,
      "playerTwo": 39,
      "winPercentage": 32.759
    },
    {
      "playerOne": 26,
      "playerTwo": 27,
      "winPercentage": 51.464
    },
    {
      "playerOne": 26,
      "playerTwo": 28,
      "winPercentage": 65.591
    },
    {
      "playerOne": 26,
      "playerTwo": 29,
      "winPercentage": 88.409
    },
    {
      "playerOne": 26,
      "playerTwo": 30,
      "winPercentage": 47.9
    },
    {
      "playerOne": 26,
      "playerTwo": 31,
      "winPercentage": 70.093
    },
    {
      "playerOne": 26,
      "playerTwo": 32,
      "winPercentage": 76.576
    },
    {
      "playerOne": 26,
      "playerTwo": 33,
      "winPercentage": 49.756
    },
    {
      "playerOne": 26,
      "playerTwo": 34,
      "winPercentage": 80.763
    },
    {
      "playerOne": 26,
      "playerTwo": 35,
      "winPercentage": 49.056
    },
    {
      "playerOne": 26,
      "playerTwo": 36,
      "winPercentage": 24.726
    },
    {
      "playerOne": 26,
      "playerTwo": 37,
      "winPercentage": 18.632
    },
    {
      "playerOne": 26,
      "playerTwo": 38,
      "winPercentage": 83.216
    },
    {
      "playerOne": 26,
      "playerTwo": 39,
      "winPercentage": 21.379
    },
    {
      "playerOne": 27,
      "playerTwo": 28,
      "winPercentage": 98.649
    },
    {
      "playerOne": 27,
      "playerTwo": 29,
      "winPercentage": 51.618
    },
    {
      "playerOne": 27,
      "playerTwo": 30,
      "winPercentage": 83.304
    },
    {
      "playerOne": 27,
      "playerTwo": 31,
      "winPercentage": 14.313
    },
    {
      "playerOne": 27,
      "playerTwo": 32,
      "winPercentage": 27.954
    },
    {
      "playerOne": 27,
      "playerTwo": 33,
      "winPercentage": 26.272
    },
    {
      "playerOne": 27,
      "playerTwo": 34,
      "winPercentage": 53.383
    },
    {
      "playerOne": 27,
      "playerTwo": 35,
      "winPercentage": 73.857
    },
    {
      "playerOne": 27,
      "playerTwo": 36,
      "winPercentage": 97.455
    },
    {
      "playerOne": 27,
      "playerTwo": 37,
      "winPercentage": 98.451
    },
    {
      "playerOne": 27,
      "playerTwo": 38,
      "winPercentage": 66.034
    },
    {
      "playerOne": 27,
      "playerTwo": 39,
      "winPercentage": 50.603
    },
    {
      "playerOne": 28,
      "playerTwo": 29,
      "winPercentage": 16.535
    },
    {
      "playerOne": 28,
      "playerTwo": 30,
      "winPercentage": 15.15
    },
    {
      "playerOne": 28,
      "playerTwo": 31,
      "winPercentage": 97.899
    },
    {
      "playerOne": 28,
      "playerTwo": 32,
      "winPercentage": 74.075
    },
    {
      "playerOne": 28,
      "playerTwo": 33,
      "winPercentage": 79.937
    },
    {
      "playerOne": 28,
      "playerTwo": 34,
      "winPercentage": 92.199
    },
    {
      "playerOne": 28,
      "playerTwo": 35,
      "winPercentage": 26.467
    },
    {
      "playerOne": 28,
      "playerTwo": 36,
      "winPercentage": 2.1
    },
    {
      "playerOne": 28,
      "playerTwo": 37,
      "winPercentage": 74.068
    },
    {
      "playerOne": 28,
      "playerTwo": 38,
      "winPercentage": 78.19
    },
    {
      "playerOne": 28,
      "playerTwo": 39,
      "winPercentage": 75.083
    },
    {
      "playerOne": 29,
      "playerTwo": 30,
      "winPercentage": 55.87
    },
    {
      "playerOne": 29,
      "playerTwo": 31,
      "winPercentage": 83.179
    },
    {
      "playerOne": 29,
      "playerTwo": 32,
      "winPercentage": 53.762
    },
    {
      "playerOne": 29,
      "playerTwo": 33,
      "winPercentage": 87.827
    },
    {
      "playerOne": 29,
      "playerTwo": 34,
      "winPercentage": 0.256
    },
    {
      "playerOne": 29,
      "playerTwo": 35,
      "winPercentage": 78.109
    },
    {
      "playerOne": 29,
      "playerTwo": 36,
      "winPercentage": 63.166
    },
    {
      "playerOne": 29,
      "playerTwo": 37,
      "winPercentage": 5.104
    },
    {
      "playerOne": 29,
      "playerTwo": 38,
      "winPercentage": 79.461
    },
    {
      "playerOne": 29,
      "playerTwo": 39,
      "winPercentage": 89.573
    },
    {
      "playerOne": 30,
      "playerTwo": 31,
      "winPercentage": 85.894
    },
    {
      "playerOne": 30,
      "playerTwo": 32,
      "winPercentage": 74.852
    },
    {
      "playerOne": 30,
      "playerTwo": 33,
      "winPercentage": 1.158
    },
    {
      "playerOne": 30,
      "playerTwo": 34,
      "winPercentage": 56.961
    },
    {
      "playerOne": 30,
      "playerTwo": 35,
      "winPercentage": 77.898
    },
    {
      "playerOne": 30,
      "playerTwo": 36,
      "winPercentage": 25.803
    },
    {
      "playerOne": 30,
      "playerTwo": 37,
      "winPercentage": 77.012
    },
    {
      "playerOne": 30,
      "playerTwo": 38,
      "winPercentage": 11.069
    },
    {
      "playerOne": 30,
      "playerTwo": 39,
      "winPercentage": 15.667
    },
    {
      "playerOne": 31,
      "playerTwo": 32,
      "winPercentage": 60.05
    },
    {
      "playerOne": 31,
      "playerTwo": 33,
      "winPercentage": 33.125
    },
    {
      "playerOne": 31,
      "playerTwo": 34,
      "winPercentage": 71.285
    },
    {
      "playerOne": 31,
      "playerTwo": 35,
      "winPercentage": 38.898
    },
    {
      "playerOne": 31,
      "playerTwo": 36,
      "winPercentage": 19.096
    },
    {
      "playerOne": 31,
      "playerTwo": 37,
      "winPercentage": 2.105
    },
    {
      "playerOne": 31,
      "playerTwo": 38,
      "winPercentage": 91.22
    },
    {
      "playerOne": 31,
      "playerTwo": 39,
      "winPercentage": 50.383
    },
    {
      "playerOne": 32,
      "playerTwo": 33,
      "winPercentage": 50.505
    },
    {
      "playerOne": 32,
      "playerTwo": 34,
      "winPercentage": 23.324
    },
    {
      "playerOne": 32,
      "playerTwo": 35,
      "winPercentage": 45.285
    },
    {
      "playerOne": 32,
      "playerTwo": 36,
      "winPercentage": 52.638
    },
    {
      "playerOne": 32,
      "playerTwo": 37,
      "winPercentage": 67.612
    },
    {
      "playerOne": 32,
      "playerTwo": 38,
      "winPercentage": 13.843
    },
    {
      "playerOne": 32,
      "playerTwo": 39,
      "winPercentage": 45.723
    },
    {
      "playerOne": 33,
      "playerTwo": 34,
      "winPercentage": 5077.1
    },
    {
      "playerOne": 33,
      "playerTwo": 35,
      "winPercentage": 59.127
    },
    {
      "playerOne": 33,
      "playerTwo": 36,
      "winPercentage": 45.783
    },
    {
      "playerOne": 33,
      "playerTwo": 37,
      "winPercentage": 93.51
    },
    {
      "playerOne": 33,
      "playerTwo": 38,
      "winPercentage": 96.394
    },
    {
      "playerOne": 33,
      "playerTwo": 39,
      "winPercentage": 92.535
    },
    {
      "playerOne": 34,
      "playerTwo": 35,
      "winPercentage": 73.776
    },
    {
      "playerOne": 34,
      "playerTwo": 36,
      "winPercentage": 26.263
    },
    {
      "playerOne": 34,
      "playerTwo": 37,
      "winPercentage": 31.332
    },
    {
      "playerOne": 34,
      "playerTwo": 38,
      "winPercentage": 62.241
    },
    {
      "playerOne": 34,
      "playerTwo": 39,
      "winPercentage": 27.19
    },
    {
      "playerOne": 35,
      "playerTwo": 36,
      "winPercentage": 67.961
    },
    {
      "playerOne": 35,
      "playerTwo": 37,
      "winPercentage": 23.813
    },
    {
      "playerOne": 35,
      "playerTwo": 38,
      "winPercentage": 8.095
    },
    {
      "playerOne": 35,
      "playerTwo": 39,
      "winPercentage": 59.718
    },
    {
      "playerOne": 36,
      "playerTwo": 37,
      "winPercentage": 33.211
    },
    {
      "playerOne": 36,
      "playerTwo": 38,
      "winPercentage": 82.633
    },
    {
      "playerOne": 36,
      "playerTwo": 39,
      "winPercentage": 64.586
    },
    {
      "playerOne": 37,
      "playerTwo": 38,
      "winPercentage": 37.543
    },
    {
      "playerOne": 37,
      "playerTwo": 39,
      "winPercentage": 31.906
    },
    {
      "playerOne": 38,
      "playerTwo": 39,
      "winPercentage": 11.612
    }
  ]
}