{
  "metadata": {
    "numPlayers": 40
  },
  "teamStats": [
    {
      "playerOne": 0,
      "playerTwo": 1,
      "winPercentage": 0.148
    },
    {
      "playerOne": 0,
      "playerTwo": 2,
      "winPercentage": 31.293
    },
    {
      "playerOne": 0,
      "playerTwo": 3,
      "winPercentage": 18.725
    },
    {
      "playerOne": 0,
      "playerTwo": 4,
      "winPercentage": 71.899
    },
    {
      "playerOne": 0,
      "playerTwo": 5,
      "winPercentage": 10.494
    },
    {
      "playerOne": 0,
      "playerTwo": 6,
      "winPercentage": 67.226
    },
    {
      "playerOne": 0,
      "playerTwo": 7,
      "winPercentage": 52.146
    },
    {
      "playerOne": 0,
      "playerTwo": 8,
      "winPercentage": 82.089
    },
    {
      "playerOne": 0,
      "playerTwo": 9,
      "winPercentage": 98.678
    },
    {
      "playerOne": 0,
      "playerTwo": 10,
      "winPercentage": 6.072
    },
    {
      "playerOne": 0,
      "playerTwo": 11,
      "winPercentage": 56.85
    },
    {
      "playerOne": 0,
      "playerTwo": 12,
      "winPercentage": 9.049
    },
    {
      "playerOne": 0,
      "playerTwo": 13,
      "winPercentage": 37.382
    },
    {
      "playerOne": 0,
      "playerTwo": 14,
      "winPercentage": 37.421
    },
    {
      "playerOne": 0,
      "playerTwo": 15,
      "winPercentage": 89.561
    },
    {
      "playerOne": 0,
      "playerTwo": 16,
      "winPercentage": 94.741
    },
    {
      "playerOne": 0,
      "playerTwo": 17,
      "winPercentage": 3.01
    },
    {
      "playerOne": 0,
      "playerTwo": 18,
      "winPercentage": 23.062
    },
    {
      "playerOne": 0,
      "playerTwo": 19,
      "winPercentage": 32.983
    },
    {
      "playerOne": 0,
      "playerTwo": 20,
      "winPercentage": 63.678
    },
    {
      "playerOne": 0,
      "playerTwo": 21,
      "winPercentage": 42.383
    },
    {
      "playerOne": 0,
      "playerTwo": 22,
      "winPercentage": 96.597
    },
    {
      "playerOne": 0,
      "playerTwo": 23,
      "winPercentage": 18.088
    },
    {
      "playerOne": 0,
      "playerTwo": 24,
      "winPercentage": 8.173
    },
    {
      "playerOne": 0,
      "playerTwo": 25,
      "winPercentage": 22.229
    },
    {
      "playerOne": 0,
      "playerTwo": 26,
      "winPercentage": 75.116
    },
    {
      "playerOne": 0,
      "playerTwo": 27,
      "winPercentage": 26.427
    },
    {
      "playerOne": 0,
      "playerTwo": 28,
      "winPercentage": 35.885
    },
    {
      "playerOne": 0,
      "playerTwo": 29,
      "winPercentage": 9.757
    },
    {
      "playerOne": 0,
      "playerTwo": 30,
      "winPercentage": 58.398
    },
    {
      "playerOne": 0,
      "playerTwo": 31,
      "winPercentage": 52.832
    },
    {
      "playerOne": 0,
      "playerTwo": 32,
      "winPercentage": 50.214
    },
    {
      "playerOne": 0,
      "playerTwo": 33,
      "winPercentage": 86.325
    },
    {
      "playerOne": 0,
      "playerTwo": 34,
      "winPercentage": 26.224
    },
    {
      "playerOne": 0,
      "playerTwo": 35,
      "winPercentage": 53.301
    },
    {
      "playerOne": 0,
      "playerTwo": 36,
      "winPercentage": 18.715
    },
    {
      "playerOne": 0,
      "playerTwo": 37,
      "winPercentage": 37.761
    },
    {
      "playerOne": 0,
      "playerTwo": 38,
      "winPercentage": 50.729
    },
    {
      "playerOne": 0,
      "playerTwo": 39,
      "winPercentage": 48.62
    },
    {
      "playerOne": 1,
      "playerTwo": 2,
      "winPercentage": 48.913
    },
    {
      "playerOne": 1,
      "playerTwo": 3,
      "winPercentage": 95.159
    },
    {
      "playerOne": 1,
      "playerTwo": 4,
      "winPercentage": 36.021
    },
    {
      "playerOne": 1,
      "playerTwo": 5,
      "winPercentage": 36.561
    },
    {
      "playerOne": 1,
      "playerTwo": 6,
      "winPercentage": 78.353
    },
    {
      "playerOne": 1,
      "playerTwo": 7,
      "winPercentage": 80.885
    },
    {
      "playerOne": 1,
      "playerTwo": 8,
      "winPercentage": 96.955
    },
    {
      "playerOne": 1,
      "playerTwo": 9,
      "winPercentage": 9.705
    },
    {
      "playerOne": 1,
      "playerTwo": 10,
      "winPercentage": 98.821
    },
    {
      "playerOne": 1,
      "playerTwo": 11,
      "winPercentage": 61.057
    },
    {
      "playerOne": 1,
      "playerTwo": 12,
      "winPercentage": 92.667
    },
    {
      "playerOne": 1,
      "playerTwo": 13,
      "winPercentage": 14.325
    },
    {
      "playerOne": 1,
      "playerTwo": 14,
      "winPercentage": 80.68
    },
    {
      "playerOne": 1,
      "playerTwo": 15,
      "winPercentage": 36.928
    },
    {
      "playerOne": 1,
      "playerTwo": 16,
      "winPercentage": 45.12
    },
    {
      "playerOne": 1,
      "playerTwo": 17,
      "winPercentage": 25.456
    },
    {
      "playerOne": 1,
      "playerTwo": 18,
      "winPercentage": 15.461
    },
    {
      "playerOne": 1,
      "playerTwo": 19,
      "winPercentage": 25.681
    },
    {
      "playerOne": 1,
      "playerTwo": 20,
      "winPercentage": 2.023
    },
    {
      "playerOne": 1,
      "playerTwo": 21,
      "winPercentage": 3.398
    },
    {
      "playerOne": 1,
      "playerTwo": 22,
      "winPercentage": 70.453
    },
    {
      "playerOne": 1,
      "playerTwo": 23,
      "winPercentage": 80.33
    },
    {
      "playerOne": 1,
      "playerTwo": 24,
      "winPercentage": 35.341
    },
    {
      "playerOne": 1,
      "playerTwo": 25,
      "winPercentage": 59.378
    },
    {
      "playerOne": 1,
      "playerTwo": 26,
      "winPercentage": 53.886
    },
    {
      "playerOne": 1,
      "playerTwo": 27,
      "winPercentage": 52.626
    },
    {
      "playerOne": 1,
      "playerTwo": 28,
      "winPercentage": 12.417
    },
    {
      "playerOne": 1,
      "playerTwo": 29,
      "winPercentage": 32.224
    },
    {
      "playerOne": 1,
      "playerTwo": 30,
      "winPercentage": 84.277
    },
    {
      "playerOne": 1,
      "playerTwo": 31,
      "winPercentage": 95.256
    },
    {
      "playerOne": 1,
      "playerTwo": 32,
      "winPercentage": 56.135
    },
    {
      "playerOne": 1,
      "playerTwo": 33,
      "winPercentage": 23.796
    },
    {
      "playerOne": 1,
      "playerTwo": 34,
      "winPercentage": 13.634
    },
    {
      "playerOne": 1,
      "playerTwo": 35,
      "winPercentage": 12.616
    },
    {
      "playerOne": 1,
      "playerTwo": 36,
      "winPercentage": 31.159
    },
    {
      "playerOne": 1,
      "playerTwo": 37,
      "winPercentage": 9.949
    },
    {
      "playerOne": 1,
      "playerTwo": 38,
      "winPercentage": 4.586
    },
    {
      "playerOne": 1,
      "playerTwo": 39,
      "winPercentage": 35.292
    },
    {
      "playerOne": 2,
      "playerTwo": 3,
      "winPercentage": 80.139
    },
    {
      "playerOne": 2,
      "playerTwo": 4,
      "winPercentage": 99.997
    },
    {
      "playerOne": 2,
      "playerTwo": 5,
      "winPercentage": 83.226
    },
    {
      "playerOne": 2,
      "playerTwo": 6,
      "winPercentage": 10.15
    },
    {
      "playerOne": 2,
      "playerTwo": 7,
      "winPercentage": 87.717
    },
    {
      "playerOne": 2,
      "playerTwo": 8,
      "winPercentage": 89.366
    },
    {
      "playerOne": 2,
      "playerTwo": 9,
      "winPercentage": 96.973
    },
    {
      "playerOne": 2,
      "playerTwo": 10,
      "winPercentage": 38.093
    },
    {
      "playerOne": 2,
      "playerTwo": 11,
      "winPercentage": 84.69
    },
    {
      "playerOne": 2,
      "playerTwo": 12,
      "winPercentage": 99.437
    },
    {
      "playerOne": 2,
      "playerTwo": 13,
      "winPercentage": 86.916
    },
    {
      "playerOne": 2,
      "playerTwo": 14,
      "winPercentage": 99.327
    },
    {
      "playerOne": 2,
      "playerTwo": 15,
      "winPercentage": 51.21
    },
    {
      "playerOne": 2,
      "playerTwo": 16,
      "winPercentage": 71.768
    },
    {
      "playerOne": 2,
      "playerTwo": 17,
      "winPercentage": 93.52
    },
    {
      "playerOne": 2,
      "playerTwo": 18,
      "winPercentage": 98.609
    },
    {
      "playerOne": 2,
      "playerTwo": 19,
      "winPercentage": 96.514
    },
    {
      "playerOne": 2,
      "playerTwo": 20,
      "winPercentage": 3.956
    },
    {
      "playerOne": 2,
      "playerTwo": 21,
      "winPercentage": 89.537
    },
    {
      "playerOne": 2,
      "playerTwo": 22,
      "winPercentage": 49.285
    },
    {
      "playerOne": 2,
      "playerTwo": 23,
      "winPercentage": 95.399
    },
    {
      "playerOne": 2,
      "playerTwo": 24,
      "winPercentage": 62.053
    },
    {
      "playerOne": 2,
      "playerTwo": 25,
      "winPercentage": 6.999
    },
    {
      "playerOne": 2,
      "playerTwo": 26,
      "winPercentage": 55.902
    },
    {
      "playerOne": 2,
      "playerTwo": 27,
      "winPercentage": 6.481
    },
    {
      "playerOne": 2,
      "playerTwo": 28,
      "winPercentage": 67.5
    },
    {
      "playerOne": 2,
      "playerTwo": 29,
      "winPercentage": 74.315
    },
    {
      "playerOne": 2,
      "playerTwo": 30,
      "winPercentage": 82.556
    },
    {
      "playerOne": 2,
      "playerTwo": 31,
      "winPercentage": 72.512
    },
    {
      "playerOne": 2,
      "playerTwo": 32,
      "winPercentage": 42.409
    },
    {
      "playerOne": 2,
      "playerTwo": 33,
      "winPercentage": 72.066
    },
    {
      "playerOne": 2,
      "playerTwo": 34,
      "winPercentage": 26.578
    },
    {
      "playerOne": 2,
      "playerTwo": 35,
      "winPercentage": 41.905
    },
    {
      "playerOne": 2,
      "playerTwo": 36,
      "winPercentage": 71.573
    },
    {
      "playerOne": 2,
      "playerTwo": 37,
      "winPercentage": 81.12
    },
    {
      "playerOne": 2,
      "playerTwo": 38,
      "winPercentage": 96.413
    },
    {
      "playerOne": 2,
      "playerTwo": 39,
      "winPercentage": 8.158
    },
    {
      "playerOne": 3,
      "playerTwo": 4,
      "winPercentage": 82.088
    },
    {
      "playerOne": 3,
      "playerTwo": 5,
      "winPercentage": 77.282
    },
    {
      "playerOne": 3,
      "playerTwo": 6,
      "winPercentage": 47.163
    },
    {
      "playerOne": 3,
      "playerTwo": 7,
      "winPercentage": 39.117
    },
    {
      "playerOne": 3,
      "playerTwo": 8,
      "winPercentage": 3.969
    },
    {
      "playerOne": 3,
      "playerTwo": 9,
      "winPercentage": 83.88
    },
    {
      "playerOne": 3,
      "playerTwo": 10,
      "winPercentage": 70.559
    },
    {
      "playerOne": 3,
      "playerTwo": 11,
      "winPercentage": 60.865
    },
    {
      "playerOne": 3,
      "playerTwo": 12,
      "winPercentage": 88.022
    },
    {
      "playerOne": 3,
      "playerTwo": 13,
      "winPercentage": 58.017
    },
    {
      "playerOne": 3,
      "playerTwo": 14,
      "winPercentage": 93.646
    },
    {
      "playerOne": 3,
      "playerTwo": 15,
      "winPercentage": 47.055
    },
    {
      "playerOne": 3,
      "playerTwo": 16,
      "winPercentage": 58.989
    },
    {
      "playerOne": 3,
      "playerTwo": 17,
      "winPercentage": 58.996
    },
    {
      "playerOne": 3,
      "playerTwo": 18,
      "winPercentage": 2.425
    },
    {
      "playerOne": 3,
      "playerTwo": 19,
      "winPercentage": 3.03
    },
    {
      "playerOne": 3,
      "playerTwo": 20,
      "winPercentage": 62.554
    },
    {
      "playerOne": 3,
      "playerTwo": 21,
      "winPercentage": 14.485
    },
    {
      "playerOne": 3,
      "playerTwo": 22,
      "winPercentage": 78.124
    },
    {
      "playerOne": 3,
      "playerTwo": 23,
      "winPercentage": 42.749
    },
    {
      "playerOne": 3,
      "playerTwo": 24,
      "winPercentage": 61.635
    },
    {
      "playerOne": 3,
      "playerTwo": 25,
      "winPercentage": 40.917
    },
    {
      "playerOne": 3,
      "playerTwo": 26,
      "winPercentage": 36.874
    },
    {
      "playerOne": 3,
      "playerTwo": 27,
      "winPercentage": 88.75
    },
    {
      "playerOne": 3,
      "playerTwo": 28,
      "winPercentage": 1.636
    },
    {
      "playerOne": 3,
      "playerTwo": 29,
      "winPercentage": 36.776
    },
    {
      "playerOne": 3,
      "playerTwo": 30,
      "winPercentage": 28.275
    },
    {
      "playerOne": 3,
      "playerTwo": 31,
      "winPercentage": 86.855
    },
    {
      "playerOne": 3,
      "playerTwo": 32,
      "winPercentage": 66.377
    },
    {
      "playerOne": 3,
      "playerTwo": 33,
      "winPercentage": 37.686
    },
    {
      "playerOne": 3,
      "playerTwo": 34,
      "winPercentage": 12.932
    },
    {
      "playerOne": 3,
      "playerTwo": 35,
      "winPercentage": 73.764
    },
    {
      "playerOne": 3,
      "playerTwo": 36,
      "winPercentage": 82.514
    },
    {
      "playerOne": 3,
      "playerTwo": 37,
      "winPercentage": 91.787
    },
    {
      "playerOne": 3,
      "playerTwo": 38,
      "winPercentage": 46.883
    },
    {
      "playerOne": 3,
      "playerTwo": 39,
      "winPercentage": 71.735
    },
    {
      "playerOne": 4,
      "playerTwo": 5,
      "winPercentage": 62.344
    },
    {
      "playerOne": 4,
      "playerTwo": 6,
      "winPercentage": 47.241
    },
    {
      "playerOne": 4,
      "playerTwo": 7,
      "winPercentage": 28.093
    },
    {
      "playerOne": 4,
      "playerTwo": 8,
      "winPercentage": 78.356
    },
    {
      "playerOne": 4,
      "playerTwo": 9,
      "winPercentage": 1.09
    },
    {
      "playerOne": 4,
      "playerTwo": 10,
      "winPercentage": 69.929
    },
    {
      "playerOne": 4,
      "playerTwo": 11,
      "winPercentage": 57.869
    },
    {
      "playerOne": 4,
      "playerTwo": 12,
      "winPercentage": 20.587
    },
    {
      "playerOne": 4,
      "playerTwo": 13,
      "winPercentage": 78.875
    },
    {
      "playerOne": 4,
      "playerTwo": 14,
      "winPercentage": 89.559
    },
    {
      "playerOne": 4,
      "playerTwo": 15,
      "winPercentage": 56.273
    },
    {
      "playerOne": 4,
      "playerTwo": 16,
      "winPercentage": 52.767
    },
    {
      "playerOne": 4,
      "playerTwo": 17,
      "winPercentage": 1.317
    },
    {
      "playerOne": 4,
      "playerTwo": 18,
      "winPercentage": 1.137
    },
    {
      "playerOne": 4,
      "playerTwo": 19,
      "winPercentage": 83.751
    },
    {
      "playerOne": 4,
      "playerTwo": 20,
      "winPercentage": 63.479
    },
    {
      "playerOne": 4,
      "playerTwo": 21,
      "winPercentage": 54.829
    },
    {
      "playerOne": 4,
      "playerTwo": 22,
      "winPercentage": 90.482
    },
    {
      "playerOne": 4,
      "playerTwo": 23,
      "winPercentage": 32.428
    },
    {
      "playerOne": 4,
      "playerTwo": 24,
      "winPercentage": 90.524
    },
    {
      "playerOne": 4,
      "playerTwo": 25,
      "winPercentage": 6.441
    },
    {
      "playerOne": 4,
      "playerTwo": 26,
      "winPercentage": 66.687
    },
    {
      "playerOne": 4,
      "playerTwo": 27,
      "winPercentage": 20.038
    },
    {
      "playerOne": 4,
      "playerTwo": 28,
      "winPercentage": 46.44
    },
    {
      "playerOne": 4,
      "playerTwo": 29,
      "winPercentage": 56.319
    },
    {
      "playerOne": 4,
      "playerTwo": 30,
      "winPercentage": 29.813
    },
    {
      "playerOne": 4,
      "playerTwo": 31,
      "winPercentage": 54.41
    },
    {
      "playerOne": 4,
      "playerTwo": 32,
      "winPercentage": 42.235
    },
    {
      "playerOne": 4,
      "playerTwo": 33,
      "winPercentage": 95.435
    },
    {
      "playerOne": 4,
      "playerTwo": 34,
      "winPercentage": 59.643
    },
    {
      "playerOne": 4,
      "playerTwo": 35,
      "winPercentage": 21.378
    },
    {
      "playerOne": 4,
      "playerTwo": 36,
      "winPercentage": 41.846
    },
    {
      "playerOne": 4,
      "playerTwo": 37,
      "winPercentage": 10.558
    },
    {
      "playerOne": 4,
      "playerTwo": 38,
      "winPercentage": 99.383
    },
    {
      "playerOne": 4,
      "playerTwo": 39,
      "winPercentage": 7.733
    },
    {
      "playerOne": 5,
      "playerTwo": 6,
      "winPercentage": 1.289
    },
    {
      "playerOne": 5,
      "playerTwo": 7,
      "winPercentage": 83.303
    },
    {
      "playerOne": 5,
      "playerTwo": 8,
      "winPercentage": 70.218
    },
    {
      "playerOne": 5,
      "playerTwo": 9,
      "winPercentage": 13.023
    },
    {
      "playerOne": 5,
      "playerTwo": 10,
      "winPercentage": 57.245
    },
    {
      "playerOne": 5,
      "playerTwo": 11,
      "winPercentage": 25.944
    },
    {
      "playerOne": 5,
      "playerTwo": 12,
      "winPercentage": 47.457
    },
    {
      "playerOne": 5,
      "playerTwo": 13,
      "winPercentage": 31.246
    },
    {
      "playerOne": 5,
      "playerTwo": 14,
      "winPercentage": 44.305
    },
    {
      "playerOne": 5,
      "playerTwo": 15,
      "winPercentage": 59.194
    },
    {
      "playerOne": 5,
      "playerTwo": 16,
      "winPercentage": 69.096
    },
    {
      "playerOne": 5,
      "playerTwo": 17,
      "winPercentage": 87.166
    },
    {
      "playerOne": 5,
      "playerTwo": 18,
      "winPercentage": 36.525
    },
    {
      "playerOne": 5,
      "playerTwo": 19,
      "winPercentage": 38.296
    },
    {
      "playerOne": 5,
      "playerTwo": 20,
      "winPercentage": 99.079
    },
    {
      "playerOne": 5,
      "playerTwo": 21,
      "winPercentage": 56.669
    },
    {
      "playerOne": 5,
      "playerTwo": 22,
      "winPercentage": 94.831
    },
    {
      "playerOne": 5,
      "playerTwo": 23,
      "winPercentage": 76.427
    },
    {
      "playerOne": 5,
      "playerTwo": 24,
      "winPercentage": 77.688
    },
    {
      "playerOne": 5,
      "playerTwo": 25,
      "winPercentage": 8.967
    },
    {
      "playerOne": 5,
      "playerTwo": 26,
      "winPercentage": 6.881
    },
    {
      "playerOne": 5,
      "playerTwo": 27,
      "winPercentage": 74.558
    },
    {
      "playerOne": 5,
      "playerTwo": 28,
      "winPercentage": 1.954
    },
    {
      "playerOne": 5,
      "playerTwo": 29,
      "winPercentage": 57.36
    },
    {
      "playerOne": 5,
      "playerTwo": 30,
      "winPercentage": 47.734
    },
    {
      "playerOne": 5,
      "playerTwo": 31,
      "winPercentage": 72.787
    },
    {
      "playerOne": 5,
      "playerTwo": 32,
      "winPercentage": 60.901
    },
    {
      "playerOne": 5,
      "playerTwo": 33,
      "winPercentage": 82.728
    },
    {
      "playerOne": 5,
      "playerTwo": 34,
      "winPercentage": 13.963
    },
    {
      "playerOne": 5,
      "playerTwo": 35,
      "winPercentage": 83.136
    },
    {
      "playerOne": 5,
      "playerTwo": 36,
      "winPercentage": 4.577
    },
    {
      "playerOne": 5,
      "playerTwo": 37,
      "winPercentage": 40.639
    },
    {
      "playerOne": 5,
      "playerTwo": 38,
      "winPercentage": 72.493
    },
    {
      "playerOne": 5,
      "playerTwo": 39,
      "winPercentage": 6.607
    },
    {
      "playerOne": 6,
      "playerTwo": 7,
      "winPercentage": 89.165
    },
    {
      "playerOne": 6,
      "playerTwo": 8,
      "winPercentage": 56.743
    },
    {
      "playerOne": 6,
      "playerTwo": 9,
      "winPercentage": 74.163
    },
    {
      "playerOne": 6,
      "playerTwo": 10,
      "winPercentage": 1.515
    },
    {
      "playerOne": 6,
      "playerTwo": 11,
      "winPercentage": 55.54
    },
    {
      "playerOne": 6,
      "playerTwo": 12,
      "winPercentage": 55.006
    },
    {
      "playerOne": 6,
      "playerTwo": 13,
      "winPercentage": 91.032
    },
    {
      "playerOne": 6,
      "playerTwo": 14,
      "winPercentage": 61.738
    },
    {
      "playerOne": 6,
      "playerTwo": 15,
      "winPercentage": 1.212
    },
    {
      "playerOne": 6,
      "playerTwo": 16,
      "winPercentage": 82.229
    },
    {
      "playerOne": 6,
      "playerTwo": 17,
      "winPercentage": 25.676
    },
    {
      "playerOne": 6,
      "playerTwo": 18,
      "winPercentage": 91.66
    },
    {
      "playerOne": 6,
      "playerTwo": 19,
      "winPercentage": 83.666
    },
    {
      "playerOne": 6,
      "playerTwo": 20,
      "winPercentage": 57.101
    },
    {
      "playerOne": 6,
      "playerTwo": 21,
      "winPercentage": 33.204
    },
    {
      "playerOne": 6,
      "playerTwo": 22,
      "winPercentage": 61.61
    },
    {
      "playerOne": 6,
      "playerTwo": 23,
      "winPercentage": 43.394
    },
    {
      "playerOne": 6,
      "playerTwo": 24,
      "winPercentage": 77.158
    },
    {
      "playerOne": 6,
      "playerTwo": 25,
      "winPercentage": 40.793
    },
    {
      "playerOne": 6,
      "playerTwo": 26,
      "winPercentage": 15.587
    },
    {
      "playerOne": 6,
      "playerTwo": 27,
      "winPercentage": 53.168
    },
    {
      "playerOne": 6,
      "playerTwo": 28,
      "winPercentage": 26.565
    },
    {
      "playerOne": 6,
      "playerTwo": 29,
      "winPercentage": 38.617
    },
    {
      "playerOne": 6,
      "playerTwo": 30,
      "winPercentage": 40.997
    },
    {
      "playerOne": 6,
      "playerTwo": 31,
      "winPercentage": 97.447
    },
    {
      "playerOne": 6,
      "playerTwo": 32,
      "winPercentage": 99.473
    },
    {
      "playerOne": 6,
      "playerTwo": 33,
      "winPercentage": 8.249
    },
    {
      "playerOne": 6,
      "playerTwo": 34,
      "winPercentage": 8.611
    },
    {
      "playerOne": 6,
      "playerTwo": 35,
      "winPercentage": 65.19
    },
    {
      "playerOne": 6,
      "playerTwo": 36,
      "winPercentage": 20.748
    },
    {
      "playerOne": 6,
      "playerTwo": 37,
      "winPercentage": 24.386
    },
    {
      "playerOne": 6,
      "playerTwo": 38,
      "winPercentage": 81.668
    },
    {
      "playerOne": 6,
      "playerTwo": 39,
      "winPercentage": 55.343
    },
    {
      "playerOne": 7,
      "playerTwo": 8,
      "winPercentage": 99.595
    },
    {
      "playerOne": 7,
      "playerTwo": 9,
      "winPercentage": 43.416
    },
    {
      "playerOne": 7,
      "playerTwo": 10,
      "winPercentage": 28.562
    },
    {
      "playerOne": 7,
      "playerTwo": 11,
      "winPercentage": 62.913
    },
    {
      "playerOne": 7,
      "playerTwo": 12,
      "winPercentage": 55.331
    },
    {
      "playerOne": 7,
      "playerTwo": 13,
      "winPercentage": 82.354
    },
    {
      "playerOne": 7,
      "playerTwo": 14,
      "winPercentage": 69.994
    },
    {
      "playerOne": 7,
      "playerTwo": 15,
      "winPercentage": 49.436
    },
    {
      "playerOne": 7,
      "playerTwo": 16,
      "winPercentage": 24.418
    },
    {
      "playerOne": 7,
      "playerTwo": 17,
      "winPercentage": 38.212
    },
    {
      "playerOne": 7,
      "playerTwo": 18,
      "winPercentage": 12.416
    },
    {
      "playerOne": 7,
      "playerTwo": 19,
      "winPercentage": 81.908
    },
    {
      "playerOne": 7,
      "playerTwo": 20,
      "winPercentage": 34.055
    },
    {
      "playerOne": 7,
      "playerTwo": 21,
      "winPercentage": 51.343
    },
    {
      "playerOne": 7,
      "playerTwo": 22,
      "winPercentage": 12.66
    },
    {
      "playerOne": 7,
      "playerTwo": 23,
      "winPercentage": 2.537
    },
    {
      "playerOne": 7,
      "playerTwo": 24,
      "winPercentage": 23.401
    },
    {
      "playerOne": 7,
      "playerTwo": 25,
      "winPercentage": 83.949
    },
    {
      "playerOne": 7,
      "playerTwo": 26,
      "winPercentage": 89.178
    },
    {
      "playerOne": 7,
      "playerTwo": 27,
      "winPercentage": 75.875
    },
    {
      "playerOne": 7,
      "playerTwo": 28,
      "winPercentage": 79.421
    },
    {
      "playerOne": 7,
      "playerTwo": 29,
      "winPercentage": 64.979
    },
    {
      "playerOne": 7,
      "playerTwo": 30,
      "winPercentage": 94.174
    },
    {
      "playerOne": 7,
      "playerTwo": 31,
      "winPercentage": 95.195
    },
    {
      "playerOne": 7,
      "playerTwo": 32,
      "winPercentage": 9.818
    },
    {
      "playerOne": 7,
      "playerTwo": 33,
      "winPercentage": 54.11
    },
    {
      "playerOne": 7,
      "playerTwo": 34,
      "winPercentage": 20.379
    },
    {
      "playerOne": 7,
      "playerTwo": 35,
      "winPercentage": 20.355
    },
    {
      "playerOne": 7,
      "playerTwo": 36,
      "winPercentage": 70.311
    },
    {
      "playerOne": 7,
      "playerTwo": 37,
      "winPercentage": 9.494
    },
    {
      "playerOne": 7,
      "playerTwo": 38,
      "winPercentage": 14.948
    },
    {
      "playerOne": 7,
      "playerTwo": 39,
      "winPercentage": 67.599
    },
    {
      "playerOne": 8,
      "playerTwo": 9,
      "winPercentage": 46.691
    },
    {
      "playerOne": 8,
      "playerTwo": 10,
      "winPercentage": 16.9
    },
    {
      "playerOne": 8,
      "playerTwo": 11,
      "winPercentage": 19.796
    },
    {
      "playerOne": 8,
      "playerTwo": 12,
      "winPercentage": 3.712
    },
    {
      "playerOne": 8,
      "playerTwo": 13,
      "winPercentage": 24.581
    },
    {
      "playerOne": 8,
      "playerTwo": 14,
      "winPercentage": 8.474
    },
    {
      "playerOne": 8,
      "playerTwo": 15,
      "winPercentage": 6153.4
    },
    {
      "playerOne": 8,
      "playerTwo": 16,
      "winPercentage": 74.926
    },
    {
      "playerOne": 8,
      "playerTwo": 17,
      "winPercentage": 54.081
    },
    {
      "playerOne": 8,
      "playerTwo": 18,
      "winPercentage": 37.406
    },
    {
      "playerOne": 8,
      "playerTwo": 19,
      "winPercentage": 35.846
    },
    {
      "playerOne": 8,
      "playerTwo": 20,
      "winPercentage": 79.31
    },
    {
      "playerOne": 8,
      "playerTwo": 21,
      "winPercentage": 52.454
    },
    {
      "playerOne": 8,
      "playerTwo": 22,
      "winPercentage": 61.898
    },
    {
      "playerOne": 8,
      "playerTwo": 23,
      "winPercentage": 6.857
    },
    {
      "playerOne": 8,
      "playerTwo": 24,
      "winPercentage": 8.372
    },
    {
      "playerOne": 8,
      "playerTwo": 25,
      "winPercentage": 29.989
    },
    {
      "playerOne": 8,
      "playerTwo": 26,
      "winPercentage": 98.221
    },
    {
      "playerOne": 8,
      "playerTwo": 27,
      "winPercentage": 68.972
    },
    {
      "playerOne": 8,
      "playerTwo": 28,
      "winPercentage": 56.043
    },
    {
      "playerOne": 8,
      "playerTwo": 29,
      "winPercentage": 12.439
    },
    {
      "playerOne": 8,
      "playerTwo": 30,
      "winPercentage": 9.149
    },
    {
      "playerOne": 8,
      "playerTwo": 31,
      "winPercentage": 55.113
    },
    {
      "playerOne": 8,
      "playerTwo": 32,
      "winPercentage": 91.973
    },
    {
      "playerOne": 8,
      "playerTwo": 33,
      "winPercentage": 2.122
    },
    {
      "playerOne": 8,
      "playerTwo": 34,
      "winPercentage": 54.875
    },
    {
      "playerOne": 8,
      "playerTwo": 35,
      "winPercentage": 10.623
    },
    {
      "playerOne": 8,
      "playerTwo": 36,
      "winPercentage": 0.044
    },
    {
      "playerOne": 8,
      "playerTwo": 37,
      "winPercentage": 0.339
    },
    {
      "playerOne": 8,
      "playerTwo": 38,
      "winPercentage": 76.116
    },
    {
      "playerOne": 8,
      "playerTwo": 39,
      "winPercentage": 11.449
    },
    {
      "playerOne": 9,
      "playerTwo": 10,
      "winPercentage": 5.41
    },
    {
      "playerOne": 9,
      "playerTwo": 11,
      "winPercentage": 14.91
    },
    {
      "playerOne": 9,
      "playerTwo": 12,
      "winPercentage": 56.986
    },
    {
      "playerOne": 9,
      "playerTwo": 13,
      "winPercentage": 87.049
    },
    {
      "playerOne": 9,
      "playerTwo": 14,
      "winPercentage": 13.571
    },
    {
      "playerOne": 9,
      "playerTwo": 15,
      "winPercentage": 43.456
    },
    {
      "playerOne": 9,
      "playerTwo": 16,
      "winPercentage": 48.702
    },
    {
      "playerOne": 9,
      "playerTwo": 17,
      "winPercentage": 83.165
    },
    {
      "playerOne": 9,
      "playerTwo": 18,
      "winPercentage": 17.184
    },
    {
      "playerOne": 9,
      "playerTwo": 19,
      "winPercentage": 0.433
    },
    {
      "playerOne": 9,
      "playerTwo": 20,
      "winPercentage": 23.77
    },
    {
      "playerOne": 9,
      "playerTwo": 21,
      "winPercentage": 40.258
    },
    {
      "playerOne": 9,
      "playerTwo": 22,
      "winPercentage": 31.783
    },
    {
      "playerOne": 9,
      "playerTwo": 23,
      "winPercentage": 89.54
    },
    {
      "playerOne": 9,
      "playerTwo": 24,
      "winPercentage": 89.031
    },
    {
      "playerOne": 9,
      "playerTwo": 25,
      "winPercentage": 25.156
    },
    {
      "playerOne": 9,
      "playerTwo": 26,
      "winPercentage": 62.665
    },
    {
      "playerOne": 9,
      "playerTwo": 27,
      "winPercentage": 9.095
    },
    {
      "playerOne": 9,
      "playerTwo": 28,
      "winPercentage": 69.361
    },
    {
      "playerOne": 9,
      "playerTwo": 29,
      "winPercentage": 75.307
    },
    {
      "playerOne": 9,
      "playerTwo": 30,
      "winPercentage": 41.268
    },
    {
      "playerOne": 9,
      "playerTwo": 31,
      "winPercentage": 42.751
    },
    {
      "playerOne": 9,
      "playerTwo": 32,
      "winPercentage": 36.045
    },
    {
      "playerOne": 9,
      "playerTwo": 33,
      "winPercentage": 51.987
    },
    {
      "playerOne": 9,
      "playerTwo": 34,
      "winPercentage": 7.668
    },
    {
      "playerOne": 9,
      "playerTwo": 35,
      "winPercentage": 45.376
    },
    {
      "playerOne": 9,
      "playerTwo": 36,
      "winPercentage": 96.859
    },
    {
      "playerOne": 9,
      "playerTwo": 37,
      "winPercentage": 27.495
    },
    {
      "playerOne": 9,
      "playerTwo": 38,
      "winPercentage": 15.89
    },
    {
      "playerOne": 9,
      "playerTwo": 39,
      "winPercentage": 40.387
    },
    {
      "playerOne": 10,
      "playerTwo": 11,
      "winPercentage": 8.401
    },
    {
      "playerOne": 10,
      "playerTwo": 12,
      "winPercentage": 34.044
    },
    {
      "playerOne": 10,
      "playerTwo": 13,
      "winPercentage": 43.073
    },
    {
      "playerOne": 10,
      "playerTwo": 14,
      "winPercentage": 9.318
    },
    {
      "playerOne": 10,
      "playerTwo": 15,
      "winPercentage": 21.686
    },
    {
      "playerOne": 10,
      "playerTwo": 16,
      "winPercentage": 11.038
    },
    {
      "playerOne": 10,
      "playerTwo": 17,
      "winPercentage": 47.084
    },
    {
      "playerOne": 10,
      "playerTwo": 18,
      "winPercentage": 41.784
    },
    {
      "playerOne": 10,
      "playerTwo": 19,
      "winPercentage": 67.074
    },
    {
      "playerOne": 10,
      "playerTwo": 20,
      "winPercentage": 60.935
    },
    {
      "playerOne": 10,
      "playerTwo": 21,
      "winPercentage": 50.454
    },
    {
      "playerOne": 10,
      "playerTwo": 22,
      "winPercentage": 92.332
    },
    {
      "playerOne": 10,
      "playerTwo": 23,
      "winPercentage": 92.887
    },
    {
      "playerOne": 10,
      "playerTwo": 24,
      "winPercentage": 46.001
    },
    {
      "playerOne": 10,
      "playerTwo": 25,
      "winPercentage": 47.773
    },
    {
      "playerOne": 10,
      "playerTwo": 26,
      "winPercentage": 20.78
    },
    {
      "playerOne": 10,
      "playerTwo": 27,
      "winPercentage": 11.066
    },
    {
      "playerOne": 10,
      "playerTwo": 28,
      "winPercentage": 55.708
    },
    {
      "playerOne": 10,
      "playerTwo": 29,
      "winPercentage": 85.207
    },
    {
      "playerOne": 10,
      "playerTwo": 30,
      "winPercentage": 65.511
    },
    {
      "playerOne": 10,
      "playerTwo": 31,
      "winPercentage": 98.549
    },
    {
      "playerOne": 10,
      "playerTwo": 32,
      "winPercentage": 49.163
    },
    {
      "playerOne": 10,
      "playerTwo": 33,
      "winPercentage": 24.196
    },
    {
      "playerOne": 10,
      "playerTwo": 34,
      "winPercentage": 53.276
    },
    {
      "playerOne": 10,
      "playerTwo": 35,
      "winPercentage": 92.378
    },
    {
      "playerOne": 10,
      "playerTwo": 36,
      "winPercentage": 20.087
    },
    {
      "playerOne": 10,
      "playerTwo": 37,
      "winPercentage": 97.943
    },
    {
      "playerOne": 10,
      "playerTwo": 38,
      "winPercentage": 3.162
    },
    {
      "playerOne": 10,
      "playerTwo": 39,
      "winPercentage": 76.162
    },
    {
      "playerOne": 11,
      "playerTwo": 12,
      "winPercentage": 22.576
    },
    {
      "playerOne": 11,
      "playerTwo": 13,
      "winPercentage": 9.701
    },
    {
      "playerOne": 11,
      "playerTwo": 14,
      "winPercentage": 1.782
    },
    {
      "playerOne": 11,
      "playerTwo": 15,
      "winPercentage": 64.771
    },
    {
      "playerOne": 11,
      "playerTwo": 16,
      "winPercentage": 88.132
    },
    {
      "playerOne": 11,
      "playerTwo": 17,
      "winPercentage": 24.363
    },
    {
      "playerOne": 11,
      "playerTwo": 18,
      "winPercentage": 6.678
    },
    {
      "playerOne": 11,
      "playerTwo": 19,
      "winPercentage": 18.519
    },
    {
      "playerOne": 11,
      "playerTwo": 20,
      "winPercentage": 71.692
    },
    {
      "playerOne": 11,
      "playerTwo": 21,
      "winPercentage": 69.515
    },
    {
      "playerOne": 11,
      "playerTwo": 22,
      "winPercentage": 39.874
    },
    {
      "playerOne": 11,
      "playerTwo": 23,
      "winPercentage": 22.16
    },
    {
      "playerOne": 11,
      "playerTwo": 24,
      "winPercentage": 93.519
    },
    {
      "playerOne": 11,
      "playerTwo": 25,
      "winPercentage": 48.606
    },
    {
      "playerOne": 11,
      "playerTwo": 26,
      "winPercentage": 69.653
    },
    {
      "playerOne": 11,
      "playerTwo": 27,
      "winPercentage": 6.673
    },
    {
      "playerOne": 11,
      "playerTwo": 28,
      "winPercentage": 82.231
    },
    {
      "playerOne": 11,
      "playerTwo": 29,
      "winPercentage": 54.355
    },
    {
      "playerOne": 11,
      "playerTwo": 30,
      "winPercentage": 48.651
    },
    {
      "playerOne": 11,
      "playerTwo": 31,
      "winPercentage": 87.502
    },
    {
      "playerOne": 11,
      "playerTwo": 32,
      "winPercentage": 49.049
    },
    {
      "playerOne": 11,
      "playerTwo": 33,
      "winPercentage": 71.705
    },
    {
      "playerOne": 11,
      "playerTwo": 34,
      "winPercentage": 90.943
    },
    {
      "playerOne": 11,
      "playerTwo": 35,
      "winPercentage": 64.397
    },
    {
      "playerOne": 11,
      "playerTwo": 36,
      "winPercentage": 32.64
    },
    {
      "playerOne": 11,
      "playerTwo": 37,
      "winPercentage": 31.259
    },
    {
      "playerOne": 11,
      "playerTwo": 38,
      "winPercentage": 63.515
    },
    {
      "playerOne": 11,
      "playerTwo": 39,
      "winPercentage": 25.087
    },
    {
      "playerOne": 12,
      "playerTwo": 13,
      "winPercentage": 34.383
    },
    {
      "playerOne": 12,
      "playerTwo": 14,
      "winPercentage": 28.361
    },
    {
      "playerOne": 12,
      "playerTwo": 15,
      "winPercentage": 71.625
    },
    {
      "playerOne": 12,
      "playerTwo": 16,
      "winPercentage": 81.305
    },
    {
      "playerOne": 12,
      "playerTwo": 17,
      "winPercentage": 95.89
    },
    {
      "playerOne": 12,
      "playerTwo": 18,
      "winPercentage": 96.265
    },
    {
      "playerOne": 12,
      "playerTwo": 19,
      "winPercentage": 63.251
    },
    {
      "playerOne": 12,
      "playerTwo": 20,
      "winPercentage": 34.893
    },
    {
      "playerOne": 12,
      "playerTwo": 21,
      "winPercentage": 40.855
    },
    {
      "playerOne": 12,
      "playerTwo": 22,
      "winPercentage": 93.635
    },
    {
      "playerOne": 12,
      "playerTwo": 23,
      "winPercentage": 80.566
    },
    {
      "playerOne": 12,
      "playerTwo": 24,
      "winPercentage": 90.196
    },
    {
      "playerOne": 12,
      "playerTwo": 25,
      "winPercentage": 55.092
    },
    {
      "playerOne": 12,
      "playerTwo": 26,
      "winPercentage": 65.914
    },
    {
      "playerOne": 12,
      "playerTwo": 27,
      "winPercentage": 61.064
    },
    {
      "playerOne": 12,
      "playerTwo": 28,
      "winPercentage": 28.868
    },
    {
      "playerOne": 12,
      "playerTwo": 29,
      "winPercentage": 78.032
    },
    {
      "playerOne": 12,
      "playerTwo": 30,
      "winPercentage": 37.664
    },
    {
      "playerOne": 12,
      "playerTwo": 31,
      "winPercentage": 48.894
    },
    {
      "playerOne": 12,
      "playerTwo": 32,
      "winPercentage": 13.515
    },
    {
      "playerOne": 12,
      "playerTwo": 33,
      "winPercentage": 16.729
    },
    {
      "playerOne": 12,
      "playerTwo": 34,
      "winPercentage": 40.448
    },
    {
      "playerOne": 12,
      "playerTwo": 35,
      "winPercentage": 5.375
    },
    {
      "playerOne": 12,
      "playerTwo": 36,
      "winPercentage": 40.252
    },
    {
      "playerOne": 12,
      "playerTwo": 37,
      "winPercentage": 78.248
    },
    {
      "playerOne": 12,
      "playerTwo": 38,
      "winPercentage": 74.059
    },
    {
      "playerOne": 12,
      "playerTwo": 39,
      "winPercentage": 12.199
    },
    {
      "playerOne": 13,
      "playerTwo": 14,
      "winPercentage": 0.574
    },
    {
      "playerOne": 13,
      "playerTwo": 15,
      "winPercentage": 9.675
    },
    {
      "playerOne": 13,
      "playerTwo": 16,
      "winPercentage": 42.261
    },
    {
      "playerOne": 13,
      "playerTwo": 17,
      "winPercentage": 6.509
    },
    {
      "playerOne": 13,
      "playerTwo": 18,
      "winPercentage": 28.219
    },
    {
      "playerOne": 13,
      "playerTwo": 19,
      "winPercentage": 6.724
    },
    {
      "playerOne": 13,
      "playerTwo": 20,
      "winPercentage": 21.885
    },
    {
      "playerOne": 13,
      "playerTwo": 21,
      "winPercentage": 71.505
    },
    {
      "playerOne": 13,
      "playerTwo": 22,
      "winPercentage": 63.593
    },
    {
      "playerOne": 13,
      "playerTwo": 23,
      "winPercentage": 27.651
    },
    {
      "playerOne": 13,
      "playerTwo": 24,
      "winPercentage": 83.906
    },
    {
      "playerOne": 13,
      "playerTwo": 25,
      "winPercentage": 96.361
    },
    {
      "playerOne": 13,
      "playerTwo": 26,
      "winPercentage": 86.891
    },
    {
      "playerOne": 13,
      "playerTwo": 27,
      "winPercentage": 15.722
    },
    {
      "playerOne": 13,
      "playerTwo": 28,
      "winPercentage": 43.439
    },
    {
      "playerOne": 13,
      "playerTwo": 29,
      "winPercentage": 98.202
    },
    {
      "playerOne": 13,
      "playerTwo": 30,
      "winPercentage": 33.668
    },
    {
      "playerOne": 13,
      "playerTwo": 31,
      "winPercentage": 33.574
    },
    {
      "playerOne": 13,
      "playerTwo": 32,
      "winPercentage": 10.747
    },
    {
      "playerOne": 13,
      "playerTwo": 33,
      "winPercentage": 78.182
    },
    {
      "playerOne": 13,
      "playerTwo": 34,
      "winPercentage": 90.794
    },
    {
      "playerOne": 13,
      "playerTwo": 35,
      "winPercentage": 57.865
    },
    {
      "playerOne": 13,
      "playerTwo": 36,
      "winPercentage": 84.697
    },
    {
      "playerOne": 13,
      "playerTwo": 37,
      "winPercentage": 32.497
    },
    {
      "playerOne": 13,
      "playerTwo": 38,
      "winPercentage": 78.459
    },
    {
      "playerOne": 13,
      "playerTwo": 39,
      "winPercentage": 99.812
    },
    {
      "playerOne": 14,
      "playerTwo": 15,
      "winPercentage": 38.006
    },
    {
      "playerOne": 14,
      "playerTwo": 16,
      "winPercentage": 94.078
    },
    {
      "playerOne": 14,
      "playerTwo": 17,
      "winPercentage": 83.502
    },
    {
      "playerOne": 14,
      "playerTwo": 18,
      "winPercentage": 91.284
    },
    {
      "playerOne": 14,
      "playerTwo": 19,
      "winPercentage": 31.42
    },
    {
      "playerOne": 14,
      "playerTwo": 20,
      "winPercentage": 57.192
    },
    {
      "playerOne": 14,
      "playerTwo": 21,
      "winPercentage": 85.309
    },
    {
      "playerOne": 14,
      "playerTwo": 22,
      "winPercentage": 36.675
    },
    {
      "playerOne": 14,
      "playerTwo": 23,
      "winPercentage": 87.969
    },
    {
      "playerOne": 14,
      "playerTwo": 24,
      "winPercentage": 49.423
    },
    {
      "playerOne": 14,
      "playerTwo": 25,
      "winPercentage": 90.643
    },
    {
      "playerOne": 14,
      "playerTwo": 26,
      "winPercentage": 93.973
    },
    {
      "playerOne": 14,
      "playerTwo": 27,
      "winPercentage": 21.452
    },
    {
      "playerOne": 14,
      "playerTwo": 28,
      "winPercentage": 76.123
    },
    {
      "playerOne": 14,
      "playerTwo": 29,
      "winPercentage": 62.985
    },
    {
      "playerOne": 14,
      "playerTwo": 30,
      "winPercentage": 84.406
    },
    {
      "playerOne": 14,
      "playerTwo": 31,
      "winPercentage": 15.621
    },
    {
      "playerOne": 14,
      "playerTwo": 32,
      "winPercentage": 93.6
    },
    {
      "playerOne": 14,
      "playerTwo": 33,
      "winPercentage": 26.141
    },
    {
      "playerOne": 14,
      "playerTwo": 34,
      "winPercentage": 25.597
    },
    {
      "playerOne": 14,
      "playerTwo": 35,
      "winPercentage": 63.876
    },
    {
      "playerOne": 14,
      "playerTwo": 36,
      "winPercentage": 23.885
    },
    {
      "playerOne": 14,
      "playerTwo": 37,
      "winPercentage": 99.638
    },
    {
      "playerOne": 14,
      "playerTwo": 38,
      "winPercentage": 27.204
    },
    {
      "playerOne": 14,
      "playerTwo": 39,
      "winPercentage": 61.462
    },
    {
      "playerOne": 15,
      "playerTwo": 16,
      "winPercentage": 25.613
    },
    {
      "playerOne": 15,
      "playerTwo": 17,
      "winPercentage": 70.268
    },
    {
      "playerOne": 15,
      "playerTwo": 18,
      "winPercentage": 86.58
    },
    {
      "playerOne": 15,
      "playerTwo": 19,
      "winPercentage": 22.47
    },
    {
      "playerOne": 15,
      "playerTwo": 20,
      "winPercentage": 41.307
    },
    {
      "playerOne": 15,
      "playerTwo": 21,
      "winPercentage": 51.428
    },
    {
      "playerOne": 15,
      "playerTwo": 22,
      "winPercentage": 6.885
    },
    {
      "playerOne": 15,
      "playerTwo": 23,
      "winPercentage": 90.035
    },
    {
      "playerOne": 15,
      "playerTwo": 24,
      "winPercentage": 51.559
    },
    {
      "playerOne": 15,
      "playerTwo": 25,
      "winPercentage": 49.579
    },
    {
      "playerOne": 15,
      "playerTwo": 26,
      "winPercentage": 30.341
    },
    {
      "playerOne": 15,
      "playerTwo": 27,
      "winPercentage": 43.433
    },
    {
      "playerOne": 15,
      "playerTwo": 28,
      "winPercentage": 8.189
    },
    {
      "playerOne": 15,
      "playerTwo": 29,
      "winPercentage": 84.216
    },
    {
      "playerOne": 15,
      "playerTwo": 30,
      "winPercentage": 4.233
    },
    {
      "playerOne": 15,
      "playerTwo": 31,
      "winPercentage": 14.601
    },
    {
      "playerOne": 15,
      "playerTwo": 32,
      "winPercentage": 80.989
    },
    {
      "playerOne": 15,
      "playerTwo": 33,
      "winPercentage": 8.453
    },
    {
      "playerOne": 15,
      "playerTwo": 34,
      "winPercentage": 53.829
    },
    {
      "playerOne": 15,
      "playerTwo": 35,
      "winPercentage": 36.053
    },
    {
      "playerOne": 15,
      "playerTwo": 36,
      "winPercentage": 35.303
    },
    {
      "playerOne": 15,
      "playerTwo": 37,
      "winPercentage": 16.094
    },
    {
      "playerOne": 15,
      "playerTwo": 38,
      "winPercentage": 86.286
    },
    {
      "playerOne": 15,
      "playerTwo": 39,
      "winPercentage": 48.436
    },
    {
      "playerOne": 16,
      "playerTwo": 17,
      "winPercentage": 65.244
    },
    {
      "playerOne": 16,
      "playerTwo": 18,
      "winPercentage": 25.318
    },
    {
      "playerOne": 16,
      "playerTwo": 19,
      "winPercentage": 75.509
    },
    {
      "playerOne": 16,
      "playerTwo": 20,
      "winPercentage": 49.711
    },
    {
      "playerOne": 16,
      "playerTwo": 21,
      "winPercentage": 28.474
    },
    {
      "playerOne": 16,
      "playerTwo": 22,
      "winPercentage": 12.115
    },
    {
      "playerOne": 16,
      "playerTwo": 23,
      "winPercentage": 24.052
    },
    {
      "playerOne": 16,
      "playerTwo": 24,
      "winPercentage": 42.91
    },
    {
      "playerOne": 16,
      "playerTwo": 25,
      "winPercentage": 63.958
    },
    {
      "playerOne": 16,
      "playerTwo": 26,
      "winPercentage": 35.231
    },
    {
      "playerOne": 16,
      "playerTwo": 27,
      "winPercentage": 2.517
    },
    {
      "playerOne": 16,
      "playerTwo": 28,
      "winPercentage": 46.751
    },
    {
      "playerOne": 16,
      "playerTwo": 29,
      "winPercentage": 31.749
    },
    {
      "playerOne": 16,
      "playerTwo": 30,
      "winPercentage": 17.834
    },
    {
      "playerOne": 16,
      "playerTwo": 31,
      "winPercentage": 23.528
    },
    {
      "playerOne": 16,
      "playerTwo": 32,
      "winPercentage": 88.098
    },
    {
      "playerOne": 16,
      "playerTwo": 33,
      "winPercentage": 63.089
    },
    {
      "playerOne": 16,
      "playerTwo": 34,
      "winPercentage": 30.428
    },
    {
      "playerOne": 16,
      "playerTwo": 35,
      "winPercentage": 10.604
    },
    {
      "playerOne": 16,
      "playerTwo": 36,
      "winPercentage": 56.18
    },
    {
      "playerOne": 16,
      "playerTwo": 37,
      "winPercentage": 88.543
    },
    {
      "playerOne": 16,
      "playerTwo": 38,
      "winPercentage": 81.406
    },
    {
      "playerOne": 16,
      "playerTwo": 39,
      "winPercentage": 75.868
    },
    {
      "playerOne": 17,
      "playerTwo": 18,
      "winPercentage": 2.835
    },
    {
      "playerOne": 17,
      "playerTwo": 19,
      "winPercentage": 19.767
    },
    {
      "playerOne": 17,
      "playerTwo": 20,
      "winPercentage": 45.774
    },
    {
      "playerOne": 17,
      "playerTwo": 21,
      "winPercentage": 6.657
    },
    {
      "playerOne": 17,
      "playerTwo": 22,
      "winPercentage": 94.807
    },
    {
      "playerOne": 17,
      "playerTwo": 23,
      "winPercentage": 6.259
    },
    {
      "playerOne": 17,
      "playerTwo": 24,
      "winPercentage": 28.703
    },
    {
      "playerOne": 17,
      "playerTwo": 25,
      "winPercentage": 93.312
    },
    {
      "playerOne": 17,
      "playerTwo": 26,
      "winPercentage": 23.88
    },
    {
      "playerOne": 17,
      "playerTwo": 27,
      "winPercentage": 5663.0
    },
    {
      "playerOne": 17,
      "playerTwo": 28,
      "winPercentage": 83.944
    },
    {
      "playerOne": 17,
      "playerTwo": 29,
      "winPercentage": 81.978
    },
    {
      "playerOne": 17,
      "playerTwo": 30,
      "winPercentage": 22.745
    },
    {
      "playerOne": 17,
      "playerTwo": 31,
      "winPercentage": 97.414
    },
    {
      "playerOne": 17,
      "playerTwo": 32,
      "winPercentage": 66.425
    },
    {
      "playerOne": 17,
      "playerTwo": 33,
      "winPercentage": 91.447
    },
    {
      "playerOne": 17,
      "playerTwo": 34,
      "winPercentage": 52.26
    },
    {
      "playerOne": 17,
      "playerTwo": 35,
      "winPercentage": 45.865
    },
    {
      "playerOne": 17,
      "playerTwo": 36,
      "winPercentage": 70.899
    },
    {
      "playerOne": 17,
      "playerTwo": 37,
      "winPercentage": 56.855
    },
    {
      "playerOne": 17,
      "playerTwo": 38,
      "winPercentage": 29.995
    },
    {
      "playerOne": 17,
      "playerTwo": 39,
      "winPercentage": 29.741
    },
    {
      "playerOne": 18,
      "playerTwo": 19,
      "winPercentage": 11.8
    },
    {
      "playerOne": 18,
      "playerTwo": 20,
      "winPercentage": 6.22
    },
    {
      "playerOne": 18,
      "playerTwo": 21,
      "winPercentage": 54.049
    },
    {
      "playerOne": 18,
      "playerTwo": 22,
      "winPercentage": 74.694
    },
    {
      "playerOne": 18,
      "playerTwo": 23,
      "winPercentage": 14.078
    },
    {
      "playerOne": 18,
      "playerTwo": 24,
      "winPercentage": 20.187
    },
    {
      "playerOne": 18,
      "playerTwo": 25,
      "winPercentage": 15.299
    },
    {
      "playerOne": 18,
      "playerTwo": 26,
      "winPercentage": 74.358
    },
    {
      "playerOne": 18,
      "playerTwo": 27,
      "winPercentage": 48.811
    },
    {
      "playerOne": 18,
      "playerTwo": 28,
      "winPercentage": 24.553
    },
    {
      "playerOne": 18,
      "playerTwo": 29,
      "winPercentage": 57.145
    },
    {
      "playerOne": 18,
      "playerTwo": 30,
      "winPercentage": 95.631
    },
    {
      "playerOne": 18,
      "playerTwo": 31,
      "winPercentage": 93.552
    },
    {
      "playerOne": 18,
      "playerTwo": 32,
      "winPercentage": 69.265
    },
    {
      "playerOne": 18,
      "playerTwo": 33,
      "winPercentage": 43.545
    },
    {
      "playerOne": 18,
      "playerTwo": 34,
      "winPercentage": 15.847
    },
    {
      "playerOne": 18,
      "playerTwo": 35,
      "winPercentage": 84.275
    },
    {
      "playerOne": 18,
      "playerTwo": 36,
      "winPercentage": 96.692
    },
    {
      "playerOne": 18,
      "playerTwo": 37,
      "winPercentage": 5.002
    },
    {
      "playerOne": 18,
      "playerTwo": 38,
      "winPercentage": 5.253
    },
    {
      "playerOne": 18,
      "playerTwo": 39,
      "winPercentage": 0.068
    },
    {
      "playerOne": 19,
      "playerTwo": 20,
      "winPercentage": 99.885
    },
    {
      "playerOne": 19,
      "playerTwo": 21,
      "winPercentage": 47.615
    },
    {
      "playerOne": 19,
      "playerTwo": 22,
      "winPercentage": 26.135
    },
    {
      "playerOne": 19,
      "playerTwo": 23,
      "winPercentage": 41.995
    },
    {
      "playerOne": 19,
      "playerTwo": 24,
      "winPercentage": 25.655
    },
    {
      "playerOne": 19,
      "playerTwo": 25,
      "winPercentage": 66.105
    },
    {
      "playerOne": 19,
      "playerTwo": 26,
      "winPercentage": 89.143
    },
    {
      "playerOne": 19,
      "playerTwo": 27,
      "winPercentage": 36.814
    },
    {
      "playerOne": 19,
      "playerTwo": 28,
      "winPercentage": 77.041
    },
    {
      "playerOne": 19,
      "playerTwo": 29,
      "winPercentage": 70.348
    },
    {
      "playerOne": 19,
      "playerTwo": 30,
      "winPercentage": 45.144
    },
    {
      "playerOne": 19,
      "playerTwo": 31,
      "winPercentage": 15.1
    },
    {
      "playerOne": 19,
      "playerTwo": 32,
      "winPercentage": 51.465
    },
    {
      "playerOne": 19,
      "playerTwo": 33,
      "winPercentage": 93.436
    },
    {
      "playerOne": 19,
      "playerTwo": 34,
      "winPercentage": 74.962
    },
    {
      "playerOne": 19,
      "playerTwo": 35,
      "winPercentage": 81.521
    },
    {
      "playerOne": 19,
      "playerTwo": 36,
      "winPercentage": 26.961
    },
    {
      "playerOne": 19,
      "playerTwo": 37,
      "winPercentage": 65.77
    },
    {
      "playerOne": 19,
      "playerTwo": 38,
      "winPercentage": 0.77
    },
    {
      "playerOne": 19,
      "playerTwo": 39,
      "winPercentage": 20.48
    },
    {
      "playerOne": 20,
      "playerTwo": 21,
      "winPercentage": 64.541
    },
    {
      "playerOne": 20,
      "playerTwo": 22,
      "winPercentage": 29.625
    },
    {
      "playerOne": 20,
      "playerTwo": 23,
      "winPercentage": 0.545
    },
    {
      "playerOne": 20,
      "playerTwo": 24,
      "winPercentage": 22.006
    },
    {
      "playerOne": 20,
      "playerTwo": 25,
      "winPercentage": 97.675
    },
    {
      "playerOne": 20,
      "playerTwo": 26,
      "winPercentage": 95.114
    },
    {
      "playerOne": 20,
      "playerTwo": 27,
      "winPercentage": 97.115
    },
    {
      "playerOne": 20,
      "playerTwo": 28,
      "winPercentage": 11.154
    },
    {
      "playerOne": 20,
      "playerTwo": 29,
      "winPercentage": 53.058
    },
    {
      "playerOne": 20,
      "playerTwo": 30,
      "winPercentage": 81.332
    },
    {
      "playerOne": 20,
      "playerTwo": 31,
      "winPercentage": 89.609
    },
    {
      "playerOne": 20,
      "playerTwo": 32,
      "winPercentage": 70.687
    },
    {
      "playerOne": 20,
      "playerTwo": 33,
      "winPercentage": 35.769
    },
    {
      "playerOne": 20,
      "playerTwo": 34,
      "winPercentage": 94.479
    },
    {
      "playerOne": 20,
      "playerTwo": 35,
      "winPercentage": 29.395
    },
    {
      "playerOne": 20,
      "playerTwo": 36,
      "winPercentage": 34.91
    },
    {
      "playerOne": 20,
      "playerTwo": 37,
      "winPercentage": 10.614
    },
    {
      "playerOne": 20,
      "playerTwo": 38,
      "winPercentage": 24.289
    },
    {
      "playerOne": 20,
      "playerTwo": 39,
      "winPercentage": 21.802
    },
    {
      "playerOne": 21,
      "playerTwo": 22,
      "winPercentage": 65.053
    },
    {
      "playerOne": 21,
      "playerTwo": 23,
      "winPercentage": 73.602
    },
    {
      "playerOne": 21,
      "playerTwo": 24,
      "winPercentage": 87.347
    },
    {
      "playerOne": 21,
      "playerTwo": 25,
      "winPercentage": 4.518
    },
    {
      "playerOne": 21,
      "playerTwo": 26,
      "winPercentage": 9840.0
    },
    {
      "playerOne": 21,
      "playerTwo": 27,
      "winPercentage": 73.693
    },
    {
      "playerOne": 21,
      "playerTwo": 28,
      "winPercentage": 98.347
    },
    {
      "playerOne": 21,
      "playerTwo": 29,
      "winPercentage": 40.883
    },
    {
      "playerOne": 21,
      "playerTwo": 30,
      "winPercentage": 73.173
    },
    {
      "playerOne": 21,
      "playerTwo": 31,
      "winPercentage": 2.192
    },
    {
      "playerOne": 21,
      "playerTwo": 32,
      "winPercentage": 48.838
    },
    {
      "playerOne": 21,
      "playerTwo": 33,
      "winPercentage": 74.269
    },
    {
      "playerOne": 21,
      "playerTwo": 34,
      "winPercentage": 55.555
    },
    {
      "playerOne": 21,
      "playerTwo": 35,
      "winPercentage": 88.152
    },
    {
      "playerOne": 21,
      "playerTwo": 36,
      "winPercentage": 25.824
    },
    {
      "playerOne": 21,
      "playerTwo": 37,
      "winPercentage": 34.021
    },
    {
      "playerOne": 21,
      "playerTwo": 38,
      "winPercentage": 45.378
    },
    {
      "playerOne": 21,
      "playerTwo": 39,
      "winPercentage": 57.84
    },
    {
      "playerOne": 22,
      "playerTwo": 23,
      "winPercentage": 86.911
    },
    {
      "playerOne": 22,
      "playerTwo": 24,
      "winPercentage": 52.362
    },
    {
      "playerOne": 22,
      "playerTwo": 25,
      "winPercentage": 32.642
    },
    {
      "playerOne": 22,
      "playerTwo": 26,
      "winPercentage": 57.409
    },
    {
      "playerOne": 22,
      "playerTwo": 27,
      "winPercentage": 94.862
    },
    {
      "playerOne": 22,
      "playerTwo": 28,
      "winPercentage": 62.38
    },
    {
      "playerOne": 22,
      "playerTwo": 29,
      "winPercentage": 42.931
    },
    {
      "playerOne": 22,
      "playerTwo": 30,
      "winPercentage": 18.606
    },
    {
      "playerOne": 22,
      "playerTwo": 31,
      "winPercentage": 90.058
    },
    {
      "playerOne": 22,
      "playerTwo": 32,
      "winPercentage": 95.235
    },
    {
      "playerOne": 22,
      "playerTwo": 33,
      "winPercentage": 59.196
    },
    {
      "playerOne": 22,
      "playerTwo": 34,
      "winPercentage": 42.171
    },
    {
      "playerOne": 22,
      "playerTwo": 35,
      "winPercentage": 38.038
    },
    {
      "playerOne": 22,
      "playerTwo": 36,
      "winPercentage": 69.302
    },
    {
      "playerOne": 22,
      "playerTwo": 37,
      "winPercentage": 80.593
    },
    {
      "playerOne": 22,
      "playerTwo": 38,
      "winPercentage": 97.118
    },
    {
      "playerOne": 22,
      "playerTwo": 39,
      "winPercentage": 50.587
    },
    {
      "playerOne": 23,
      "playerTwo": 24,
      "winPercentage": 83.266
    },
    {
      "playerOne": 23,
      "playerTwo": 25,
      "winPercentage": 8.678
    },
    {
      "playerOne": 23,
      "playerTwo": 26,
      "winPercentage": 19.539
    },
    {
      "playerOne": 23,
      "playerTwo": 27,
      "winPercentage": 88.333
    },
    {
      "playerOne": 23,
      "playerTwo": 28,
      "winPercentage": 33.764
    },
    {
      "playerOne": 23,
      "playerTwo": 29,
      "winPercentage": 14.417
    },
    {
      "playerOne": 23,
      "playerTwo": 30,
      "winPercentage": 62.3
    },
    {
      "playerOne": 23,
      "playerTwo": 31,
      "winPercentage": 66.667
    },
    {
      "playerOne": 23,
      "playerTwo": 32,
      "winPercentage": 47.255
    },
    {
      "playerOne": 23,
      "playerTwo": 33,
      "winPercentage": 7.392
    },
    {
      "playerOne": 23,
      "playerTwo": 34,
      "winPercentage": 38.131
    },
    {
      "playerOne": 23,
      "playerTwo": 35,
      "winPercentage": 64.026
    },
    {
      "playerOne": 23,
      "playerTwo": 36,
      "winPercentage": 0.093
    },
    {
      "playerOne": 23,
      "playerTwo": 37,
      "winPercentage": 32.353
    },
    {
      "playerOne": 23,
      "playerTwo": 38,
      "winPercentage": 35.315
    },
    {
      "playerOne": 23,
      "playerTwo": 39,
      "winPercentage": 68.308
    },
    {
      "playerOne": 24,
      "playerTwo": 25,
      "winPercentage": 73.727
    },
    {
      "playerOne": 24,
      "playerTwo": 26,
      "winPercentage": 77.032
    },
    {
      "playerOne": 24,
      "playerTwo": 27,
      "winPercentage": 5.54
    },
    {
      "playerOne": 24,
      "playerTwo": 28,
      "winPercentage": 81.718
    },
    {
      "playerOne": 24,
      "playerTwo": 29,
      "winPercentage": 43.966
    },
    {
      "playerOne": 24,
      "playerTwo": 30,
      "winPercentage": 33.616
    },
    {
      "playerOne": 24,
      "playerTwo": 31,
      "winPercentage": 1.497
    },
    {
      "playerOne": 24,
      "playerTwo": 32,
      "winPercentage": 95.241
    },
    {
      "playerOne": 24,
      "playerTwo": 33,
      "winPercentage": 92.846
    },
    {
      "playerOne": 24,
      "playerTwo": 34,
      "winPercentage": 27.014
    },
    {
      "playerOne": 24,
      "playerTwo": 35,
      "winPercentage": 68.703
    },
    {
      "playerOne": 24,
      "playerTwo": 36,
      "winPercentage": 45.281
    },
    {
      "playerOne": 24,
      "playerTwo": 37,
      "winPercentage": 16.941
    },
    {
      "playerOne": 24,
      "playerTwo": 38,
      "winPercentage": 42.053
    },
    {
      "playerOne": 24,
      "playerTwo": 39,
      "winPercentage": 24.143
    },
    {
      "playerOne": 25,
      "playerTwo": 26,
      "winPercentage": 19.8
    },
    {
      "playerOne": 25,
      "playerTwo": 27,
      "winPercentage": 3.664
    },
    {
      "playerOne": 25,
      "playerTwo": 28,
      "winPercentage": 67.605
    },
    {
      "playerOne": 25,
      "playerTwo": 29,
      "winPercentage": 37.72
    },
    {
      "playerOne": 25,
      "playerTwo": 30,
      "winPercentage": 95.128
    },
    {
      "playerOne": 25,
      "playerTwo": 31,
      "winPercentage": 83.175
    },
    {
      "playerOne": 25,
      "playerTwo": 32,
      "winPercentage": 6.736
    },
    {
      "playerOne": 25,
      "playerTwo": 33,
      "winPercentage": 48.419
    },
    {
      "playerOne": 25,
      "playerTwo": 34,
      "winPercentage": 65.318
    },
    {
      "playerOne": 25,
      "playerTwo": 35,
      "winPercentage": 8.763
    },
    {
      "playerOne": 25,
      "playerTwo": 36,
      "winPercentage": 75.455
    },
    {
      "playerOne": 25,
      "playerTwo": 37,
      "winPercentage": 44.481
    },
    {
      "playerOne": 25,
      "playerTwo": 38,
      "winPercentage": 43.618
    },
    {
      "playerOne": 25,
      "playerTwo": 39,
      "winPercentage": 91.569
    },
    {
      "playerOne": 26,
      "playerTwo": 27,
      "winPercentage": 0.04
    },
    {
      "playerOne": 26,
      "playerTwo": 28,
      "winPercentage": 0.519
    },
    {
      "playerOne": 26,
      "playerTwo": 29,
      "winPercentage": 78.869
    },
    {
      "playerOne": 26,
      "playerTwo": 30,
      "winPercentage": 44.93
    },
    {
      "playerOne": 26,
      "playerTwo": 31,
      "winPercentage": 38.766
    },
    {
      "playerOne": 26,
      "playerTwo": 32,
      "winPercentage": 53.699
    },
    {
      "playerOne": 26,
      "playerTwo": 33,
      "winPercentage": 45.307
    },
    {
      "playerOne": 26,
      "playerTwo": 34,
      "winPercentage": 21.029
    },
    {
      "playerOne": 26,
      "playerTwo": 35,
      "winPercentage": 32.609
    },
    {
      "playerOne": 26,
      "playerTwo": 36,
      "winPercentage": 64.583
    },
    {
      "playerOne": 26,
      "playerTwo": 37,
      "winPercentage": 90.648
    },
    {
      "playerOne": 26,
      "playerTwo": 38,
      "winPercentage": 34.592
    },
    {
      "playerOne": 26,
      "playerTwo": 39,
      "winPercentage": 92.153
    },
    {
      "playerOne": 27,
      "playerTwo": 28,
      "winPercentage": 82.186
    },
    {
      "playerOne": 27,
      "playerTwo": 29,
      "winPercentage": 70.036
    },
    {
      "playerOne": 27,
      "playerTwo": 30,
      "winPercentage": 23.602
    },
    {
      "playerOne": 27,
      "playerTwo": 31,
      "winPercentage": 8.565
    },
    {
      "playerOne": 27,
      "playerTwo": 32,
      "winPercentage": 84.881
    },
    {
      "playerOne": 27,
      "playerTwo": 33,
      "winPercentage": 36.946
    },
    {
      "playerOne": 27,
      "playerTwo": 34,
      "winPercentage": 38.774
    },
    {
      "playerOne": 27,
      "playerTwo": 35,
      "winPercentage": 77.269
    },
    {
      "playerOne": 27,
      "playerTwo": 36,
      "winPercentage": 28.879
    },
    {
      "playerOne": 27,
      "playerTwo": 37,
      "winPercentage": 22.387
    },
    {
      "playerOne": 27,
      "playerTwo": 38,
      "winPercentage": 42.925
    },
    {
      "playerOne": 27,
      "playerTwo": 39,
      "winPercentage": 20.294
    },
    {
      "playerOne": 28,
      "playerTwo": 29,
      "winPercentage": 74.627
    },
    {
      "playerOne": 28,
      "playerTwo": 30,
      "winPercentage": 36.163
    },
    {
      "playerOne": 28,
      "playerTwo": 31,
      "winPercentage": 24.448
    },
    {
      "playerOne": 28,
      "playerTwo": 32,
      "winPercentage": 15.878
    },
    {
      "playerOne": 28,
      "playerTwo": 33,
      "winPercentage": 7.625
    },
    {
      "playerOne": 28,
      "playerTwo": 34,
      "winPercentage": 44.831
    },
    {
      "playerOne": 28,
      "playerTwo": 35,
      "winPercentage": 61.573
    },
    {
      "playerOne": 28,
      "playerTwo": 36,
      "winPercentage": 36.108
    },
    {
      "playerOne": 28,
      "playerTwo": 37,
      "winPercentage": 56.538
    },
    {
      "playerOne": 28,
      "playerTwo": 38,
      "winPercentage": 74.296
    },
    {
      "playerOne": 28,
      "playerTwo": 39,
      "winPercentage": 43.866
    },
    {
      "playerOne": 29,
      "playerTwo": 30,
      "winPercentage": 30.986
    },
    {
      "playerOne": 29,
      "playerTwo": 31,
      "winPercentage": 75.783
    },
    {
      "playerOne": 29,
      "playerTwo": 32,
      "winPercentage": 59.369
    },
    {
      "playerOne": 29,
      "playerTwo": 33,
      "winPercentage": 90.14
    },
    {
      "playerOne": 29,
      "playerTwo": 34,
      "winPercentage": 45.179
    },
    {
      "playerOne": 29,
      "playerTwo": 35,
      "winPercentage": 84.481
    },
    {
      "playerOne": 29,
      "playerTwo": 36,
      "winPercentage": 50.687
    },
    {
      "playerOne": 29,
      "playerTwo": 37,
      "winPercentage": 71.785
    },
    {
      "playerOne": 29,
      "playerTwo": 38,
      "winPercentage": 42.84
    },
    {
      "playerOne": 29,
      "playerTwo": 39,
      "winPercentage": 44.998
    },
    {
      "playerOne": 30,
      "playerTwo": 31,
      "winPercentage": 21.352
    },
    {
      "playerOne": 30,
      "playerTwo": 32,
      "winPercentage": 74.366
    },
    {
      "playerOne": 30,
      "playerTwo": 33,
      "winPercentage": 96.681
    },
    {
      "playerOne": 30,
      "playerTwo": 34,
      "winPercentage": 90.491
    },
    {
      "playerOne": 30,
      "playerTwo": 35,
      "winPercentage": 7670.2
    },
    {
      "playerOne": 30,
      "playerTwo": 36,
      "winPercentage": 52.486
    },
    {
      "playerOne": 30,
      "playerTwo": 37,
      "winPercentage": 14.903
    },
    {
      "playerOne": 30,
      "playerTwo": 38,
      "winPercentage": 50.131
    },
    {
      "playerOne": 30,
      "playerTwo": 39,
      "winPercentage": 2.111
    },
    {
      "playerOne": 31,
      "playerTwo": 32,
      "winPercentage": 43.305
    },
    {
      "playerOne": 31,
      "playerTwo": 33,
      "winPercentage": 43.994
    },
    {
      "playerOne": 31,
      "playerTwo": 34,
      "winPercentage": 31.722
    },
    {
      "playerOne": 31,
      "playerTwo": 35,
      "winPercentage": 18.215
    },
    {
      "playerOne": 31,
      "playerTwo": 36,
      "winPercentage": 40.151
    },
    {
      "playerOne": 31,
      "playerTwo": 37,
      "winPercentage": 90.718
    },
    {
      "playerOne": 31,
      "playerTwo": 38,
      "winPercentage": 17.627
    },
    {
      "playerOne": 31,
      "playerTwo": 39,
      "winPercentage": 3868.4
    },
    {
      "playerOne": 32,
      "playerTwo": 33,
      "winPercentage": 57.119
    },
    {
      "playerOne": 32,
      "playerTwo": 34,
      "winPercentage": 63.766
    },
    {
      "playerOne": 32,
      "playerTwo": 35,
      "winPercentage": 24.631
    },
    {
      "playerOne": 32,
      "playerTwo": 36,
      "winPercentage": 91.072
    },
    {
      "playerOne": 32,
      "playerTwo": 37,
      "winPercentage": 69.385
    },
    {
      "playerOne": 32,
      "playerTwo": 38,
      "winPercentage": 69.098
    },
    {
      "playerOne": 32,
      "playerTwo": 39,
      "winPercentage": 23.804
    },
    {
      "playerOne": 33,
      "playerTwo": 34,
      "winPercentage": 97.739
    },
    {
      "playerOne": 33,
      "playerTwo": 35,
      "winPercentage": 87.42
    },
    {
      "playerOne": 33,
      "playerTwo": 36,
      "winPercentage": 33.401
    },
    {
      "playerOne": 33,
      "playerTwo": 37,
      "winPercentage": 73.643
    },
    {
      "playerOne": 33,
      "playerTwo": 38,
      "winPercentage": 32.177
    },
    {
      "playerOne": 33,
      "playerTwo": 39,
      "winPercentage": 86.407
    },
    {
      "playerOne": 34,
      "playerTwo": 35,
      "winPercentage": 26.532
    },
    {
      "playerOne": 34,
      "playerTwo": 36,
      "winPercentage": 86.492
    },
    {
      "playerOne": 34,
      "playerTwo": 37,
      "winPercentage": 30.759
    },
    {
      "playerOne": 34,
      "playerTwo": 38,
      "winPercentage": 44.222
    },
    {
      "playerOne": 34,
      "playerTwo": 39,
      "winPercentage": 52.056
    },
    {
      "playerOne": 35,
      "playerTwo": 36,
      "winPercentage": 57.929
    },
    {
      "playerOne": 35,
      "playerTwo": 37,
      "winPercentage": 39.447
    },
    {
      "playerOne": 35,
      "playerTwo": 38,
      "winPercentage": 27.359
    },
    {
      "playerOne": 35,
      "playerTwo": 39,
      "winPercentage": 66.098
    },
    {
      "playerOne": 36,
      "playerTwo": 37,
      "winPercentage": 3.317
    },
    {
      "playerOne": 36,
      "playerTwo": 38,
      "winPercentage": 69.39
    },
    {
      "playerOne": 36,
      "playerTwo": 39,
      "winPercentage": 13.744
    },
    {
      "playerOne": 37,
      "playerTwo": 38,
      "winPercentage": 28.795
    },
    {
      "playerOne": 37,
      "playerTwo": 39,
      "winPercentage": 74.723
    },
    {
      "playerOne": 38,
      "playerTwo": 39,
      "winPercentage": 54.524
    }
  ]
}