{
  "metadata": {
    "numPlayers": 40
  },
  "teamStats": [
    {
      "playerOne": 0,
      "playerTwo": 1,
      "winPercentage": 68.183
    },
    {
      "playerOne": 0,
      "playerTwo": 2,
      "winPercentage": 10.556
    },
    {
      "playerOne": 0,
      "playerTwo": 3,
      "winPercentage": 10.366
    },
    {
      "playerOne": 0,
      "playerTwo": 4,
      "winPercentage": 29.705
    },
    {
      "playerOne": 0,
      "playerTwo": 5,
      "winPercentage": 88.969
    },
    {
      "playerOne": 0,
      "playerTwo": 6,
      "winPercentage": 19.668
    },
    {
      "playerOne": 0,
      "playerTwo": 7,
      "winPercentage": 88.897
    },
    {
      "playerOne": 0,
      "playerTwo": 8,
      "winPercentage": 77.811
    },
    {
      "playerOne": 0,
      "playerTwo": 9,
      "winPercentage": 52.278
    },
    {
      "playerOne": 0,
      "playerTwo": 10,
      "winPercentage": 39.016
    },
    {
      "playerOne": 0,
      "playerTwo": 11,
      "winPercentage": 39.705
    },
    {
      "playerOne": 0,
      "playerTwo": 12,
      "winPercentage": 68.251
    },
    {
      "playerOne": 0,
      "playerTwo": 13,
      "winPercentage": 16.011
    },
    {
      "playerOne": 0,
      "playerTwo": 14,
      "winPercentage": 32.787
    },
    {
      "playerOne": 0,
      "playerTwo": 15,
      "winPercentage": 41.796
    },
    {
      "playerOne": 0,
      "playerTwo": 16,
      "winPercentage": 59.718
    },
    {
      "playerOne": 0,
      "playerTwo": 17,
      "winPercentage": 30.747
    },
    {
      "playerOne": 0,
      "playerTwo": 18,
      "winPercentage": 58.567
    },
    {
      "playerOne": 0,
      "playerTwo": 19,
      "winPercentage": 70.313
    },
    {
      "playerOne": 0,
      "playerTwo": 20,
      "winPercentage": 45.966
    },
    {
      "playerOne": 0,
      "playerTwo": 21,
      "winPercentage": 12.305
    },
    {
      "playerOne": 0,
      "playerTwo": 22,
      "winPercentage": 21.522
    },
    {
      "playerOne": 0,
      "playerTwo": 23,
      "winPercentage": 97.22
    },
    {
      "playerOne": 0,
      "playerTwo": 24,
      "winPercentage": 93.718
    },
    {
      "playerOne": 0,
      "playerTwo": 25,
      "winPercentage": 57.496
    },
    {
      "playerOne": 0,
      "playerTwo": 26,
      "winPercentage": 19.364
    },
    {
      "playerOne": 0,
      "playerTwo": 27,
      "winPercentage": 76.345
    },
    {
      "playerOne": 0,
      "playerTwo": 28,
      "winPercentage": 44.657
    },
    {
      "playerOne": 0,
      "playerTwo": 29,
      "winPercentage": 9.39
    },
    {
      "playerOne": 0,
      "playerTwo": 30,
      "winPercentage": 5.197
    },
    {
      "playerOne": 0,
      "playerTwo": 31,
      "winPercentage": 2.722
    },
    {
      "playerOne": 0,
      "playerTwo": 32,
      "winPercentage": 31.819
    },
    {
      "playerOne": 0,
      "playerTwo": 33,
      "winPercentage": 60.323
    },
    {
      "playerOne": 0,
      "playerTwo": 34,
      "winPercentage": 95.015
    },
    {
      "playerOne": 0,
      "playerTwo": 35,
      "winPercentage": 40.178
    },
    {
      "playerOne": 0,
      "playerTwo": 36,
      "winPercentage": 64.499
    },
    {
      "playerOne": 0,
      "playerTwo": 37,
      "winPercentage": 0.077
    },
    {
      "playerOne": 0,
      "playerTwo": 38,
      "winPercentage": 76.189
    },
    {
      "playerOne": 0,
      "playerTwo": 39,
      "winPercentage": 73.536
    },
    {
      "playerOne": 1,
      "playerTwo": 2,
      "winPercentage": 49.355
    },
    {
      "playerOne": 1,
      "playerTwo": 3,
      "winPercentage": 98.764
    },
    {
      "playerOne": 1,
      "playerTwo": 4,
      "winPercentage": 4.821
    },
    {
      "playerOne": 1,
      "playerTwo": 5,
      "winPercentage": 74.599
    },
    {
      "playerOne": 1,
      "playerTwo": 6,
      "winPercentage": 38.903
    },
    {
      "playerOne": 1,
      "playerTwo": 7,
      "winPercentage": 64.449
    },
    {
      "playerOne": 1,
      "playerTwo": 8,
      "winPercentage": 50.395
    },
    {
      "playerOne": 1,
      "playerTwo": 9,
      "winPercentage": 83.633
    },
    {
      "playerOne": 1,
      "playerTwo": 10,
      "winPercentage": 19.022
    },
    {
      "playerOne": 1,
      "playerTwo": 11,
      "winPercentage": 54.916
    },
    {
      "playerOne": 1,
      "playerTwo": 12,
      "winPercentage": 27.873
    },
    {
      "playerOne": 1,
      "playerTwo": 13,
      "winPercentage": 15.753
    },
    {
      "playerOne": 1,
      "playerTwo": 14,
      "winPercentage": 17.94
    },
    {
      "playerOne": 1,
      "playerTwo": 15,
      "winPercentage": 44.083
    },
    {
      "playerOne": 1,
      "playerTwo": 16,
      "winPercentage": 12.279
    },
    {
      "playerOne": 1,
      "playerTwo": 17,
      "winPercentage": 92.892
    },
    {
      "playerOne": 1,
      "playerTwo": 18,
      "winPercentage": 95.84
    },
    {
      "playerOne": 1,
      "playerTwo": 19,
      "winPercentage": 1.716
    },
    {
      "playerOne": 1,
      "playerTwo": 20,
      "winPercentage": 53.218
    },
    {
      "playerOne": 1,
      "playerTwo": 21,
      "winPercentage": 63.055
    },
    {
      "playerOne": 1,
      "playerTwo": 22,
      "winPercentage": 47.991
    },
    {
      "playerOne": 1,
      "playerTwo": 23,
      "winPercentage": 28.89
    },
    {
      "playerOne": 1,
      "playerTwo": 24,
      "winPercentage": 2.321
    },
    {
      "playerOne": 1,
      "playerTwo": 25,
      "winPercentage": 65.719
    },
    {
      "playerOne": 1,
      "playerTwo": 26,
      "winPercentage": 79.72
    },
    {
      "playerOne": 1,
      "playerTwo": 27,
      "winPercentage": 59.435
    },
    {
      "playerOne": 1,
      "playerTwo": 28,
      "winPercentage": 49.046
    },
    {
      "playerOne": 1,
      "playerTwo": 29,
      "winPercentage": 6.397
    },
    {
      "playerOne": 1,
      "playerTwo": 30,
      "winPercentage": 4.702
    },
    {
      "playerOne": 1,
      "playerTwo": 31,
      "winPercentage": 60.816
    },
    {
      "playerOne": 1,
      "playerTwo": 32,
      "winPercentage": 69.509
    },
    {
      "playerOne": 1,
      "playerTwo": 33,
      "winPercentage": 77.573
    },
    {
      "playerOne": 1,
      "playerTwo": 34,
      "winPercentage": 47.162
    },
    {
      "playerOne": 1,
      "playerTwo": 35,
      "winPercentage": 59.237
    },
    {
      "playerOne": 1,
      "playerTwo": 36,
      "winPercentage": 5.895
    },
    {
      "playerOne": 1,
      "playerTwo": 37,
      "winPercentage": 89.586
    },
    {
      "playerOne": 1,
      "playerTwo": 38,
      "winPercentage": 40.581
    },
    {
      "playerOne": 1,
      "playerTwo": 39,
      "winPercentage": 84.222
    },
    {
      "playerOne": 2,
      "playerTwo": 3,
      "winPercentage": 84.156
    },
    {
      "playerOne": 2,
      "playerTwo": 4,
      "winPercentage": 31.399
    },
    {
      "playerOne": 2,
      "playerTwo": 5,
      "winPercentage": 1.704
    },
    {
      "playerOne": 2,
      "playerTwo": 6,
      "winPercentage": 57.102
    },
    {
      "playerOne": 2,
      "playerTwo": 7,
      "winPercentage": 58.996
    },
    {
      "playerOne": 2,
      "playerTwo": 8,
      "winPercentage": 66.663
    },
    {
      "playerOne": 2,
      "playerTwo": 9,
      "winPercentage": 30.291
    },
    {
      "playerOne": 2,
      "playerTwo": 10,
      "winPercentage": 4.415
    },
    {
      "playerOne": 2,
      "playerTwo": 11,
      "winPercentage": 42.249
    },
    {
      "playerOne": 2,
      "playerTwo": 12,
      "winPercentage": 22.862
    },
    {
      "playerOne": 2,
      "playerTwo": 13,
      "winPercentage": 16.376
    },
    {
      "playerOne": 2,
      "playerTwo": 14,
      "winPercentage": 30.106
    },
    {
      "playerOne": 2,
      "playerTwo": 15,
      "winPercentage": 3.028
    },
    {
      "playerOne": 2,
      "playerTwo": 16,
      "winPercentage": 52.206
    },
    {
      "playerOne": 2,
      "playerTwo": 17,
      "winPercentage": 94.556
    },
    {
      "playerOne": 2,
      "playerTwo": 18,
      "winPercentage": 35.566
    },
    {
      "playerOne": 2,
      "playerTwo": 19,
      "winPercentage": 59.485
    },
    {
      "playerOne": 2,
      "playerTwo": 20,
      "winPercentage": 93.96
    },
    {
      "playerOne": 2,
      "playerTwo": 21,
      "winPercentage": 53.33
    },
    {
      "playerOne": 2,
      "playerTwo": 22,
      "winPercentage": 8.471
    },
    {
      "playerOne": 2,
      "playerTwo": 23,
      "winPercentage": 87.2
    },
    {
      "playerOne": 2,
      "playerTwo": 24,
      "winPercentage": 21.852
    },
    {
      "playerOne": 2,
      "playerTwo": 25,
      "winPercentage": 99.659
    },
    {
      "playerOne": 2,
      "playerTwo": 26,
      "winPercentage": 55.776
    },
    {
      "playerOne": 2,
      "playerTwo": 27,
      "winPercentage": 19.603
    },
    {
      "playerOne": 2,
      "playerTwo": 28,
      "winPercentage": 89.354
    },
    {
      "playerOne": 2,
      "playerTwo": 29,
      "winPercentage": 44.245
    },
    {
      "playerOne": 2,
      "playerTwo": 30,
      "winPercentage": 4.203
    },
    {
      "playerOne": 2,
      "playerTwo": 31,
      "winPercentage": 14.0
    },
    {
      "playerOne": 2,
      "playerTwo": 32,
      "winPercentage": 12.609
    },
    {
      "playerOne": 2,
      "playerTwo": 33,
      "winPercentage": 42.959
    },
    {
      "playerOne": 2,
      "playerTwo": 34,
      "winPercentage": 20.598
    },
    {
      "playerOne": 2,
      "playerTwo": 35,
      "winPercentage": 46.462
    },
    {
      "playerOne": 2,
      "playerTwo": 36,
      "winPercentage": 18.652
    },
    {
      "playerOne": 2,
      "playerTwo": 37,
      "winPercentage": 47.195
    },
    {
      "playerOne": 2,
      "playerTwo": 38,
      "winPercentage": 99.388
    },
    {
      "playerOne": 2,
      "playerTwo": 39,
      "winPercentage": 71.641
    },
    {
      "playerOne": 3,
      "playerTwo": 4,
      "winPercentage": 67.852
    },
    {
      "playerOne": 3,
      "playerTwo": 5,
      "winPercentage": 40.197
    },
    {
      "playerOne": 3,
      "playerTwo": 6,
      "winPercentage": 50.152
    },
    {
      "playerOne": 3,
      "playerTwo": 7,
      "winPercentage": 44.887
    },
    {
      "playerOne": 3,
      "playerTwo": 8,
      "winPercentage": 95.56
    },
    {
      "playerOne": 3,
      "playerTwo": 9,
      "winPercentage": 61.899
    },
    {
      "playerOne": 3,
      "playerTwo": 10,
      "winPercentage": 71.852
    },
    {
      "playerOne": 3,
      "playerTwo": 11,
      "winPercentage": 85.718
    },
    {
      "playerOne": 3,
      "playerTwo": 12,
      "winPercentage": 29.189
    },
    {
      "playerOne": 3,
      "playerTwo": 13,
      "winPercentage": 18.666
    },
    {
      "playerOne": 3,
      "playerTwo": 14,
      "winPercentage": 26.434
    },
    {
      "playerOne": 3,
      "playerTwo": 15,
      "winPercentage": 99.813
    },
    {
      "playerOne": 3,
      "playerTwo": 16,
      "winPercentage": 34.053
    },
    {
      "playerOne": 3,
      "playerTwo": 17,
      "winPercentage": 24.309
    },
    {
      "playerOne": 3,
      "playerTwo": 18,
      "winPercentage": 14.51
    },
    {
      "playerOne": 3,
      "playerTwo": 19,
      "winPercentage": 42.368
    },
    {
      "playerOne": 3,
      "playerTwo": 20,
      "winPercentage": 32.413
    },
    {
      "playerOne": 3,
      "playerTwo": 21,
      "winPercentage": 19.677
    },
    {
      "playerOne": 3,
      "playerTwo": 22,
      "winPercentage": 36.409
    },
    {
      "playerOne": 3,
      "playerTwo": 23,
      "winPercentage": 62.521
    },
    {
      "playerOne": 3,
      "playerTwo": 24,
      "winPercentage": 66.783
    },
    {
      "playerOne": 3,
      "playerTwo": 25,
      "winPercentage": 66.961
    },
    {
      "playerOne": 3,
      "playerTwo": 26,
      "winPercentage": 37.504
    },
    {
      "playerOne": 3,
      "playerTwo": 27,
      "winPercentage": 79.852
    },
    {
      "playerOne": 3,
      "playerTwo": 28,
      "winPercentage": 8.17
    },
    {
      "playerOne": 3,
      "playerTwo": 29,
      "winPercentage": 37.736
    },
    {
      "playerOne": 3,
      "playerTwo": 30,
      "winPercentage": 22.244
    },
    {
      "playerOne": 3,
      "playerTwo": 31,
      "winPercentage": 15.504
    },
    {
      "playerOne": 3,
      "playerTwo": 32,
      "winPercentage": 98.175
    },
    {
      "playerOne": 3,
      "playerTwo": 33,
      "winPercentage": 56.503
    },
    {
      "playerOne": 3,
      "playerTwo": 34,
      "winPercentage": 80.471
    },
    {
      "playerOne": 3,
      "playerTwo": 35,
      "winPercentage": 49.629
    },
    {
      "playerOne": 3,
      "playerTwo": 36,
      "winPercentage": 75.268
    },
    {
      "playerOne": 3,
      "playerTwo": 37,
      "winPercentage": 74.496
    },
    {
      "playerOne": 3,
      "playerTwo": 38,
      "winPercentage": 58.409
    },
    {
      "playerOne": 3,
      "playerTwo": 39,
      "winPercentage": 81.304
    },
    {
      "playerOne": 4,
      "playerTwo": 5,
      "winPercentage": 52.789
    },
    {
      "playerOne": 4,
      "playerTwo": 6,
      "winPercentage": 55.362
    },
    {
      "playerOne": 4,
      "playerTwo": 7,
      "winPercentage": 45.619
    },
    {
      "playerOne": 4,
      "playerTwo": 8,
      "winPercentage": 84.643
    },
    {
      "playerOne": 4,
      "playerTwo": 9,
      "winPercentage": 15.014
    },
    {
      "playerOne": 4,
      "playerTwo": 10,
      "winPercentage": 50.808
    },
    {
      "playerOne": 4,
      "playerTwo": 11,
      "winPercentage": 7.051
    },
    {
      "playerOne": 4,
      "playerTwo": 12,
      "winPercentage": 87.532
    },
    {
      "playerOne": 4,
      "playerTwo": 13,
      "winPercentage": 62.949
    },
    {
      "playerOne": 4,
      "playerTwo": 14,
      "winPercentage": 85.462
    },
    {
      "playerOne": 4,
      "playerTwo": 15,
      "winPercentage": 26.409
    },
    {
      "playerOne": 4,
      "playerTwo": 16,
      "winPercentage": 7.217
    },
    {
      "playerOne": 4,
      "playerTwo": 17,
      "winPercentage": 48.988
    },
    {
      "playerOne": 4,
      "playerTwo": 18,
      "winPercentage": 1.616
    },
    {
      "playerOne": 4,
      "playerTwo": 19,
      "winPercentage": 45.551
    },
    {
      "playerOne": 4,
      "playerTwo": 20,
      "winPercentage": 81.226
    },
    {
      "playerOne": 4,
      "playerTwo": 21,
      "winPercentage": 12.862
    },
    {
      "playerOne": 4,
      "playerTwo": 22,
      "winPercentage": 7.627
    },
    {
      "playerOne": 4,
      "playerTwo": 23,
      "winPercentage": 63.97
    },
    {
      "playerOne": 4,
      "playerTwo": 24,
      "winPercentage": 7.837
    },
    {
      "playerOne": 4,
      "playerTwo": 25,
      "winPercentage": 99.403
    },
    {
      "playerOne": 4,
      "playerTwo": 26,
      "winPercentage": 92.685
    },
    {
      "playerOne": 4,
      "playerTwo": 27,
      "winPercentage": 63.391
    },
    {
      "playerOne": 4,
      "playerTwo": 28,
      "winPercentage": 61.664
    },
    {
      "playerOne": 4,
      "playerTwo": 29,
      "winPercentage": 26.353
    },
    {
      "playerOne": 4,
      "playerTwo": 30,
      "winPercentage": 44.394
    },
    {
      "playerOne": 4,
      "playerTwo": 31,
      "winPercentage": 7.893
    },
    {
      "playerOne": 4,
      "playerTwo": 32,
      "winPercentage": 70.865
    },
    {
      "playerOne": 4,
      "playerTwo": 33,
      "winPercentage": 0.914
    },
    {
      "playerOne": 4,
      "playerTwo": 34,
      "winPercentage": 89.152
    },
    {
      "playerOne": 4,
      "playerTwo": 35,
      "winPercentage": 45.386
    },
    {
      "playerOne": 4,
      "playerTwo": 36,
      "winPercentage": 65.834
    },
    {
      "playerOne": 4,
      "playerTwo": 37,
      "winPercentage": 1.205
    },
    {
      "playerOne": 4,
      "playerTwo": 38,
      "winPercentage": 56.629
    },
    {
      "playerOne": 4,
      "playerTwo": 39,
      "winPercentage": 54.729
    },
    {
      "playerOne": 5,
      "playerTwo": 6,
      "winPercentage": 37.318
    },
    {
      "playerOne": 5,
      "playerTwo": 7,
      "winPercentage": 87.126
    },
    {
      "playerOne": 5,
      "playerTwo": 8,
      "winPercentage": 97.237
    },
    {
      "playerOne": 5,
      "playerTwo": 9,
      "winPercentage": 94.037
    },
    {
      "playerOne": 5,
      "playerTwo": 10,
      "winPercentage": 35.282
    },
    {
      "playerOne": 5,
      "playerTwo": 11,
      "winPercentage": 27.507
    },
    {
      "playerOne": 5,
      "playerTwo": 12,
      "winPercentage": 88.637
    },
    {
      "playerOne": 5,
      "playerTwo": 13,
      "winPercentage": 17.715
    },
    {
      "playerOne": 5,
      "playerTwo": 14,
      "winPercentage": 6.004
    },
    {
      "playerOne": 5,
      "playerTwo": 15,
      "winPercentage": 8.805
    },
    {
      "playerOne": 5,
      "playerTwo": 16,
      "winPercentage": 24.979
    },
    {
      "playerOne": 5,
      "playerTwo": 17,
      "winPercentage": 38.585
    },
    {
      "playerOne": 5,
      "playerTwo": 18,
      "winPercentage": 42.808
    },
    {
      "playerOne": 5,
      "playerTwo": 19,
      "winPercentage": 14.519
    },
    {
      "playerOne": 5,
      "playerTwo": 20,
      "winPercentage": 13.053
    },
    {
      "playerOne": 5,
      "playerTwo": 21,
      "winPercentage": 72.381
    },
    {
      "playerOne": 5,
      "playerTwo": 22,
      "winPercentage": 66.933
    },
    {
      "playerOne": 5,
      "playerTwo": 23,
      "winPercentage": 89.146
    },
    {
      "playerOne": 5,
      "playerTwo": 24,
      "winPercentage": 18.566
    },
    {
      "playerOne": 5,
      "playerTwo": 25,
      "winPercentage": 45.893
    },
    {
      "playerOne": 5,
      "playerTwo": 26,
      "winPercentage": 2.445
    },
    {
      "playerOne": 5,
      "playerTwo": 27,
      "winPercentage": 26.392
    },
    {
      "playerOne": 5,
      "playerTwo": 28,
      "winPercentage": 98.867
    },
    {
      "playerOne": 5,
      "playerTwo": 29,
      "winPercentage": 44.476
    },
    {
      "playerOne": 5,
      "playerTwo": 30,
      "winPercentage": 10.142
    },
    {
      "playerOne": 5,
      "playerTwo": 31,
      "winPercentage": 0.911
    },
    {
      "playerOne": 5,
      "playerTwo": 32,
      "winPercentage": 15.022
    },
    {
      "playerOne": 5,
      "playerTwo": 33,
      "winPercentage": 67.689
    },
    {
      "playerOne": 5,
      "playerTwo": 34,
      "winPercentage": 40.028
    },
    {
      "playerOne": 5,
      "playerTwo": 35,
      "winPercentage": 96.216
    },
    {
      "playerOne": 5,
      "playerTwo": 36,
      "winPercentage": 33.667
    },
    {
      "playerOne": 5,
      "playerTwo": 37,
      "winPercentage": 41.204
    },
    {
      "playerOne": 5,
      "playerTwo": 38,
      "winPercentage": 85.793
    },
    {
      "playerOne": 5,
      "playerTwo": 39,
      "winPercentage": 76.193
    },
    {
      "playerOne": 6,
      "playerTwo": 7,
      "winPercentage": 28.97
    },
    {
      "playerOne": 6,
      "playerTwo": 8,
      "winPercentage": 13.371
    },
    {
      "playerOne": 6,
      "playerTwo": 9,
      "winPercentage": 70.017
    },
    {
      "playerOne": 6,
      "playerTwo": 10,
      "winPercentage": 19.207
    },
    {
      "playerOne": 6,
      "playerTwo": 11,
      "winPercentage": 46.902
    },
    {
      "playerOne": 6,
      "playerTwo": 12,
      "winPercentage": 61.532
    },
    {
      "playerOne": 6,
      "playerTwo": 13,
      "winPercentage": 26.933
    },
    {
      "playerOne": 6,
      "playerTwo": 14,
      "winPercentage": 97.964
    },
    {
      "playerOne": 6,
      "playerTwo": 15,
      "winPercentage": 83.996
    },
    {
      "playerOne": 6,
      "playerTwo": 16,
      "winPercentage": 37.602
    },
    {
      "playerOne": 6,
      "playerTwo": 17,
      "winPercentage": 40.239
    },
    {
      "playerOne": 6,
      "playerTwo": 18,
      "winPercentage": 45.824
    },
    {
      "playerOne": 6,
      "playerTwo": 19,
      "winPercentage": 75.242
    },
    {
      "playerOne": 6,
      "playerTwo": 20,
      "winPercentage": 72.693
    },
    {
      "playerOne": 6,
      "playerTwo": 21,
      "winPercentage": 33.532
    },
    {
      "playerOne": 6,
      "playerTwo": 22,
      "winPercentage": 83.819
    },
    {
      "playerOne": 6,
      "playerTwo": 23,
      "winPercentage": 39.981
    },
    {
      "playerOne": 6,
      "playerTwo": 24,
      "winPercentage": 27.093
    },
    {
      "playerOne": 6,
      "playerTwo": 25,
      "winPercentage": 15.249
    },
    {
      "playerOne": 6,
      "playerTwo": 26,
      "winPercentage": 74.567
    },
    {
      "playerOne": 6,
      "playerTwo": 27,
      "winPercentage": 62.958
    },
    {
      "playerOne": 6,
      "playerTwo": 28,
      "winPercentage": 20.201
    },
    {
      "playerOne": 6,
      "playerTwo": 29,
      "winPercentage": 26.887
    },
    {
      "playerOne": 6,
      "playerTwo": 30,
      "winPercentage": 89.287
    },
    {
      "playerOne": 6,
      "playerTwo": 31,
      "winPercentage": 19.09
    },
    {
      "playerOne": 6,
      "playerTwo": 32,
      "winPercentage": 53.605
    },
    {
      "playerOne": 6,
      "playerTwo": 33,
      "winPercentage": 55.26
    },
    {
      "playerOne": 6,
      "playerTwo": 34,
      "winPercentage": 84.14
    },
    {
      "playerOne": 6,
      "playerTwo": 35,
      "winPercentage": 89.985
    },
    {
      "playerOne": 6,
      "playerTwo": 36,
      "winPercentage": 50.246
    },
    {
      "playerOne": 6,
      "playerTwo": 37,
      "winPercentage": 90.53
    },
    {
      "playerOne": 6,
      "playerTwo": 38,
      "winPercentage": 88.268
    },
    {
      "playerOne": 6,
      "playerTwo": 39,
      "winPercentage": 84.512
    },
    {
      "playerOne": 7,
      "playerTwo": 8,
      "winPercentage": 57.137
    },
    {
      "playerOne": 7,
      "playerTwo": 9,
      "winPercentage": 43.69
    },
    {
      "playerOne": 7,
      "playerTwo": 10,
      "winPercentage": 38.881
    },
    {
      "playerOne": 7,
      "playerTwo": 11,
      "winPercentage": 98.796
    },
    {
      "playerOne": 7,
      "playerTwo": 12,
      "winPercentage": 71.084
    },
    {
      "playerOne": 7,
      "playerTwo": 13,
      "winPercentage": 3.312
    },
    {
      "playerOne": 7,
      "playerTwo": 14,
      "winPercentage": 27.991
    },
    {
      "playerOne": 7,
      "playerTwo": 15,
      "winPercentage": 85.561
    },
    {
      "playerOne": 7,
      "playerTwo": 16,
      "winPercentage": 38.162
    },
    {
      "playerOne": 7,
      "playerTwo": 17,
      "winPercentage": 35.126
    },
    {
      "playerOne": 7,
      "playerTwo": 18,
      "winPercentage": 3.599
    },
    {
      "playerOne": 7,
      "playerTwo": 19,
      "winPercentage": 97.942
    },
    {
      "playerOne": 7,
      "playerTwo": 20,
      "winPercentage": 12.06
    },
    {
      "playerOne": 7,
      "playerTwo": 21,
      "winPercentage": 20.235
    },
    {
      "playerOne": 7,
      "playerTwo": 22,
      "winPercentage": 52.358
    },
    {
      "playerOne": 7,
      "playerTwo": 23,
      "winPercentage": 85.893
    },
    {
      "playerOne": 7,
      "playerTwo": 24,
      "winPercentage": 0.923
    },
    {
      "playerOne": 7,
      "playerTwo": 25,
      "winPercentage": 61.626
    },
    {
      "playerOne": 7,
      "playerTwo": 26,
      "winPercentage": 89.233
    },
    {
      "playerOne": 7,
      "playerTwo": 27,
      "winPercentage": 81.249
    },
    {
      "playerOne": 7,
      "playerTwo": 28,
      "winPercentage": 4.389
    },
    {
      "playerOne": 7,
      "playerTwo": 29,
      "winPercentage": 80.088
    },
    {
      "playerOne": 7,
      "playerTwo": 30,
      "winPercentage": 39.18
    },
    {
      "playerOne": 7,
      "playerTwo": 31,
      "winPercentage": 3.492
    },
    {
      "playerOne": 7,
      "playerTwo": 32,
      "winPercentage": 37.133
    },
    {
      "playerOne": 7,
      "playerTwo": 33,
      "winPercentage": 7.802
    },
    {
      "playerOne": 7,
      "playerTwo": 34,
      "winPercentage": 88.395
    },
    {
      "playerOne": 7,
      "playerTwo": 35,
      "winPercentage": 33.984
    },
    {
      "playerOne": 7,
      "playerTwo": 36,
      "winPercentage": 98.831
    },
    {
      "playerOne": 7,
      "playerTwo": 37,
      "winPercentage": 90.789
    },
    {
      "playerOne": 7,
      "playerTwo": 38,
      "winPercentage": 20.612
    },
    {
      "playerOne": 7,
      "playerTwo": 39,
      "winPercentage": 56.044
    },
    {
      "playerOne": 8,
      "playerTwo": 9,
      "winPercentage": 32.156
    },
    {
      "playerOne": 8,
      "playerTwo": 10,
      "winPercentage": 28.663
    },
    {
      "playerOne": 8,
      "playerTwo": 11,
      "winPercentage": 91.714
    },
    {
      "playerOne": 8,
      "playerTwo": 12,
      "winPercentage": 56.344
    },
    {
      "playerOne": 8,
      "playerTwo": 13,
      "winPercentage": 99.28
    },
    {
      "playerOne": 8,
      "playerTwo": 14,
      "winPercentage": 79.945
    },
    {
      "playerOne": 8,
      "playerTwo": 15,
      "winPercentage": 75.718
    },
    {
      "playerOne": 8,
      "playerTwo": 16,
      "winPercentage": 80.853
    },
    {
      "playerOne": 8,
      "playerTwo": 17,
      "winPercentage": 33.504
    },
    {
      "playerOne": 8,
      "playerTwo": 18,
      "winPercentage": 64.007
    },
    {
      "playerOne": 8,
      "playerTwo": 19,
      "winPercentage": 92.879
    },
    {
      "playerOne": 8,
      "playerTwo": 20,
      "winPercentage": 36.231
    },
    {
      "playerOne": 8,
      "playerTwo": 21,
      "winPercentage": 99.582
    },
    {
      "playerOne": 8,
      "playerTwo": 22,
      "winPercentage": 16.894
    },
    {
      "playerOne": 8,
      "playerTwo": 23,
      "winPercentage": 8.509
    },
    {
      "playerOne": 8,
      "playerTwo": 24,
      "winPercentage": 7.12
    },
    {
      "playerOne": 8,
      "playerTwo": 25,
      "winPercentage": 63.209
    },
    {
      "playerOne": 8,
      "playerTwo": 26,
      "winPercentage": 99.687
    },
    {
      "playerOne": 8,
      "playerTwo": 27,
      "winPercentage": 66.897
    },
    {
      "playerOne": 8,
      "playerTwo": 28,
      "winPercentage": 20.027
    },
    {
      "playerOne": 8,
      "playerTwo": 29,
      "winPercentage": 72.527
    },
    {
      "playerOne": 8,
      "playerTwo": 30,
      "winPercentage": 1.253
    },
    {
      "playerOne": 8,
      "playerTwo": 31,
      "winPercentage": 66.667
    },
    {
      "playerOne": 8,
      "playerTwo": 32,
      "winPercentage": 89.757
    },
    {
      "playerOne": 8,
      "playerTwo": 33,
      "winPercentage": 2.505
    },
    {
      "playerOne": 8,
      "playerTwo": 34,
      "winPercentage": 2.923
    },
    {
      "playerOne": 8,
      "playerTwo": 35,
      "winPercentage": 19.473
    },
    {
      "playerOne": 8,
      "playerTwo": 36,
      "winPercentage": 98.915
    },
    {
      "playerOne": 8,
      "playerTwo": 37,
      "winPercentage": 57.422
    },
    {
      "playerOne": 8,
      "playerTwo": 38,
      "winPercentage": 89.362
    },
    {
      "playerOne": 8,
      "playerTwo": 39,
      "winPercentage": 55.598
    },
    {
      "playerOne": 9,
      "playerTwo": 10,
      "winPercentage": 19.898
    },
    {
      "playerOne": 9,
      "playerTwo": 11,
      "winPercentage": 27.037
    },
    {
      "playerOne": 9,
      "playerTwo": 12,
      "winPercentage": 82.259
    },
    {
      "playerOne": 9,
      "playerTwo": 13,
      "winPercentage": 23.489
    },
    {
      "playerOne": 9,
      "playerTwo": 14,
      "winPercentage": 33.301
    },
    {
      "playerOne": 9,
      "playerTwo": 15,
      "winPercentage": 40.868
    },
    {
      "playerOne": 9,
      "playerTwo": 16,
      "winPercentage": 88.033
    },
    {
      "playerOne": 9,
      "playerTwo": 17,
      "winPercentage": 28.479
    },
    {
      "playerOne": 9,
      "playerTwo": 18,
      "winPercentage": 69.651
    },
    {
      "playerOne": 9,
      "playerTwo": 19,
      "winPercentage": 98.958
    },
    {
      "playerOne": 9,
      "playerTwo": 20,
      "winPercentage": 24.829
    },
    {
      "playerOne": 9,
      "playerTwo": 21,
      "winPercentage": 51.119
    },
    {
      "playerOne": 9,
      "playerTwo": 22,
      "winPercentage": 31.331
    },
    {
      "playerOne": 9,
      "playerTwo": 23,
      "winPercentage": 8.07
    },
    {
      "playerOne": 9,
      "playerTwo": 24,
      "winPercentage": 52.882
    },
    {
      "playerOne": 9,
      "playerTwo": 25,
      "winPercentage": 56.671
    },
    {
      "playerOne": 9,
      "playerTwo": 26,
      "winPercentage": 61.653
    },
    {
      "playerOne": 9,
      "playerTwo": 27,
      "winPercentage": 69.125
    },
    {
      "playerOne": 9,
      "playerTwo": 28,
      "winPercentage": 88.18
    },
    {
      "playerOne": 9,
      "playerTwo": 29,
      "winPercentage": 0.901
    },
    {
      "playerOne": 9,
      "playerTwo": 30,
      "winPercentage": 19.626
    },
    {
      "playerOne": 9,
      "playerTwo": 31,
      "winPercentage": 4.841
    },
    {
      "playerOne": 9,
      "playerTwo": 32,
      "winPercentage": 64.851
    },
    {
      "playerOne": 9,
      "playerTwo": 33,
      "winPercentage": 64.519
    },
    {
      "playerOne": 9,
      "playerTwo": 34,
      "winPercentage": 25.231
    },
    {
      "playerOne": 9,
      "playerTwo": 35,
      "winPercentage": 5.471
    },
    {
      "playerOne": 9,
      "playerTwo": 36,
      "winPercentage": 58.465
    },
    {
      "playerOne": 9,
      "playerTwo": 37,
      "winPercentage": 1.446
    },
    {
      "playerOne": 9,
      "playerTwo": 38,
      "winPercentage": 76.592
    },
    {
      "playerOne": 9,
      "playerTwo": 39,
      "winPercentage": 80.499
    },
    {
      "playerOne": 10,
      "playerTwo": 11,
      "winPercentage": 98.354
    },
    {
      "playerOne": 10,
      "playerTwo": 12,
      "winPercentage": 99.59
    },
    {
      "playerOne": 10,
      "playerTwo": 13,
      "winPercentage": 97.11
    },
    {
      "playerOne": 10,
      "playerTwo": 14,
      "winPercentage": 3071.3
    },
    {
      "playerOne": 10,
      "playerTwo": 15,
      "winPercentage": 25.519
    },
    {
      "playerOne": 10,
      "playerTwo": 16,
      "winPercentage": 39.693
    },
    {
      "playerOne": 10,
      "playerTwo": 17,
      "winPercentage": 69.589
    },
    {
      "playerOne": 10,
      "playerTwo": 18,
      "winPercentage": 28.042
    },
    {
      "playerOne": 10,
      "playerTwo": 19,
      "winPercentage": 54.884
    },
    {
      "playerOne": 10,
      "playerTwo": 20,
      "winPercentage": 6.496
    },
    {
      "playerOne": 10,
      "playerTwo": 21,
      "winPercentage": 77.524
    },
    {
      "playerOne": 10,
      "playerTwo": 22,
      "winPercentage": 89.894
    },
    {
      "playerOne": 10,
      "playerTwo": 23,
      "winPercentage": 92.802
    },
    {
      "playerOne": 10,
      "playerTwo": 24,
      "winPercentage": 86.24
    },
    {
      "playerOne": 10,
      "playerTwo": 25,
      "winPercentage": 70.22
    },
    {
      "playerOne": 10,
      "playerTwo": 26,
      "winPercentage": 29.186
    },
    {
      "playerOne": 10,
      "playerTwo": 27,
      "winPercentage": 41.621
    },
    {
      "playerOne": 10,
      "playerTwo": 28,
      "winPercentage": 3.345
    },
    {
      "playerOne": 10,
      "playerTwo": 29,
      "winPercentage": 88.658
    },
    {
      "playerOne": 10,
      "playerTwo": 30,
      "winPercentage": 54.708
    },
    {
      "playerOne": 10,
      "playerTwo": 31,
      "winPercentage": 7.461
    },
    {
      "playerOne": 10,
      "playerTwo": 32,
      "winPercentage": 85.518
    },
    {
      "playerOne": 10,
      "playerTwo": 33,
      "winPercentage": 97.319
    },
    {
      "playerOne": 10,
      "playerTwo": 34,
      "winPercentage": 75.556
    },
    {
      "playerOne": 10,
      "playerTwo": 35,
      "winPercentage": 17.16
    },
    {
      "playerOne": 10,
      "playerTwo": 36,
      "winPercentage": 44.983
    },
    {
      "playerOne": 10,
      "playerTwo": 37,
      "winPercentage": 69.619
    },
    {
      "playerOne": 10,
      "playerTwo": 38,
      "winPercentage": 90.652
    },
    {
      "playerOne": 10,
      "playerTwo": 39,
      "winPercentage": 86.765
    },
    {
      "playerOne": 11,
      "playerTwo": 12,
      "winPercentage": 67.944
    },
    {
      "playerOne": 11,
      "playerTwo": 13,
      "winPercentage": 82.597
    },
    {
      "playerOne": 11,
      "playerTwo": 14,
      "winPercentage": 40.49
    },
    {
      "playerOne": 11,
      "playerTwo": 15,
      "winPercentage": 82.406
    },
    {
      "playerOne": 11,
      "playerTwo": 16,
      "winPercentage": 73.552
    },
    {
      "playerOne": 11,
      "playerTwo": 17,
      "winPercentage": 84.967
    },
    {
      "playerOne": 11,
      "playerTwo": 18,
      "winPercentage": 93.222
    },
    {
      "playerOne": 11,
      "playerTwo": 19,
      "winPercentage": 8.342
    },
    {
      "playerOne": 11,
      "playerTwo": 20,
      "winPercentage": 9.311
    },
    {
      "playerOne": 11,
      "playerTwo": 21,
      "winPercentage": 39.621
    },
    {
      "playerOne": 11,
      "playerTwo": 22,
      "winPercentage": 6.088
    },
    {
      "playerOne": 11,
      "playerTwo": 23,
      "winPercentage": 58.508
    },
    {
      "playerOne": 11,
      "playerTwo": 24,
      "winPercentage": 54.336
    },
    {
      "playerOne": 11,
      "playerTwo": 25,
      "winPercentage": 60.422
    },
    {
      "playerOne": 11,
      "playerTwo": 26,
      "winPercentage": 5.346
    },
    {
      "playerOne": 11,
      "playerTwo": 27,
      "winPercentage": 12.835
    },
    {
      "playerOne": 11,
      "playerTwo": 28,
      "winPercentage": 99.527
    },
    {
      "playerOne": 11,
      "playerTwo": 29,
      "winPercentage": 66.596
    },
    {
      "playerOne": 11,
      "playerTwo": 30,
      "winPercentage": 64.435
    },
    {
      "playerOne": 11,
      "playerTwo": 31,
      "winPercentage": 1.605
    },
    {
      "playerOne": 11,
      "playerTwo": 32,
      "winPercentage": 95.725
    },
    {
      "playerOne": 11,
      "playerTwo": 33,
      "winPercentage": 19.726
    },
    {
      "playerOne": 11,
      "playerTwo": 34,
      "winPercentage": 38.904
    },
    {
      "playerOne": 11,
      "playerTwo": 35,
      "winPercentage": 21.641
    },
    {
      "playerOne": 11,
      "playerTwo": 36,
      "winPercentage": 49.093
    },
    {
      "playerOne": 11,
      "playerTwo": 37,
      "winPercentage": 83.372
    },
    {
      "playerOne": 11,
      "playerTwo": 38,
      "winPercentage": 29.713
    },
    {
      "playerOne": 11,
      "playerTwo": 39,
      "winPercentage": 60.196
    },
    {
      "playerOne": 12,
      "playerTwo": 13,
      "winPercentage": 53.944
    },
    {
      "playerOne": 12,
      "playerTwo": 14,
      "winPercentage": 93.48
    },
    {
      "playerOne": 12,
      "playerTwo": 15,
      "winPercentage": 25.822
    },
    {
      "playerOne": 12,
      "playerTwo": 16,
      "winPercentage": 32.82
    },
    {
      "playerOne": 12,
      "playerTwo": 17,
      "winPercentage": 95.422
    },
    {
      "playerOne": 12,
      "playerTwo": 18,
      "winPercentage": 31.584
    },
    {
      "playerOne": 12,
      "playerTwo": 19,
      "winPercentage": 60.637
    },
    {
      "playerOne": 12,
      "playerTwo": 20,
      "winPercentage": 7539.4
    },
    {
      "playerOne": 12,
      "playerTwo": 21,
      "winPercentage": 70.566
    },
    {
      "playerOne": 12,
      "playerTwo": 22,
      "winPercentage": 88.868
    },
    {
      "playerOne": 12,
      "playerTwo": 23,
      "winPercentage": 13.798
    },
    {
      "playerOne": 12,
      "playerTwo": 24,
      "winPercentage": 12.543
    },
    {
      "playerOne": 12,
      "playerTwo": 25,
      "winPercentage": 74.566
    },
    {
      "playerOne": 12,
      "playerTwo": 26,
      "winPercentage": 73.254
    },
    {
      "playerOne": 12,
      "playerTwo": 27,
      "winPercentage": 89.83
    },
    {
      "playerOne": 12,
      "playerTwo": 28,
      "winPercentage": 15.181
    },
    {
      "playerOne": 12,
      "playerTwo": 29,
      "winPercentage": 95.919
    },
    {
      "playerOne": 12,
      "playerTwo": 30,
      "winPercentage": 3.503
    },
    {
      "playerOne": 12,
      "playerTwo": 31,
      "winPercentage": 92.155
    },
    {
      "playerOne": 12,
      "playerTwo": 32,
      "winPercentage": 7.674
    },
    {
      "playerOne": 12,
      "playerTwo": 33,
      "winPercentage": 82.219
    },
    {
      "playerOne": 12,
      "playerTwo": 34,
      "winPercentage": 2.932
    },
    {
      "playerOne": 12,
      "playerTwo": 35,
      "winPercentage": 2.889
    },
    {
      "playerOne": 12,
      "playerTwo": 36,
      "winPercentage": 52.564
    },
    {
      "playerOne": 12,
      "playerTwo": 37,
      "winPercentage": 45.256
    },
    {
      "playerOne": 12,
      "playerTwo": 38,
      "winPercentage": 64.637
    },
    {
      "playerOne": 12,
      "playerTwo": 39,
      "winPercentage": 42.039
    },
    {
      "playerOne": 13,
      "playerTwo": 14,
      "winPercentage": 27.912
    },
    {
      "playerOne": 13,
      "playerTwo": 15,
      "winPercentage": 78.191
    },
    {
      "playerOne": 13,
      "playerTwo": 16,
      "winPercentage": 76.263
    },
    {
      "playerOne": 13,
      "playerTwo": 17,
      "winPercentage": 36.353
    },
    {
      "playerOne": 13,
      "playerTwo": 18,
      "winPercentage": 8.378
    },
    {
      "playerOne": 13,
      "playerTwo": 19,
      "winPercentage": 87.562
    },
    {
      "playerOne": 13,
      "playerTwo": 20,
      "winPercentage": 55.305
    },
    {
      "playerOne": 13,
      "playerTwo": 21,
      "winPercentage": 45.646
    },
    {
      "playerOne": 13,
      "playerTwo": 22,
      "winPercentage": 6.371
    },
    {
      "playerOne": 13,
      "playerTwo": 23,
      "winPercentage": 87.456
    },
    {
      "playerOne": 13,
      "playerTwo": 24,
      "winPercentage": 69.309
    },
    {
      "playerOne": 13,
      "playerTwo": 25,
      "winPercentage": 12.195
    },
    {
      "playerOne": 13,
      "playerTwo": 26,
      "winPercentage": 82.02
    },
    {
      "playerOne": 13,
      "playerTwo": 27,
      "winPercentage": 90.624
    },
    {
      "playerOne": 13,
      "playerTwo": 28,
      "winPercentage": 28.142
    },
    {
      "playerOne": 13,
      "playerTwo": 29,
      "winPercentage": 68.054
    },
    {
      "playerOne": 13,
      "playerTwo": 30,
      "winPercentage": 27.447
    },
    {
      "playerOne": 13,
      "playerTwo": 31,
      "winPercentage": 54.123
    },
    {
      "playerOne": 13,
      "playerTwo": 32,
      "winPercentage": 68.744
    },
    {
      "playerOne": 13,
      "playerTwo": 33,
      "winPercentage": 86.25
    },
    {
      "playerOne": 13,
      "playerTwo": 34,
      "winPercentage": 25.363
    },
    {
      "playerOne": 13,
      "playerTwo": 35,
      "winPercentage": 0.739
    },
    {
      "playerOne": 13,
      "playerTwo": 36,
      "winPercentage": 71.463
    },
    {
      "playerOne": 13,
      "playerTwo": 37,
      "winPercentage": 23.055
    },
    {
      "playerOne": 13,
      "playerTwo": 38,
      "winPercentage": 48.467
    },
    {
      "playerOne": 13,
      "playerTwo": 39,
      "winPercentage": 49.142
    },
    {
      "playerOne": 14,
      "playerTwo": 15,
      "winPercentage": 43.974
    },
    {
      "playerOne": 14,
      "playerTwo": 16,
      "winPercentage": 46.125
    },
    {
      "playerOne": 14,
      "playerTwo": 17,
      "winPercentage": 58.144
    },
    {
      "playerOne": 14,
      "playerTwo": 18,
      "winPercentage": 40.894
    },
    {
      "playerOne": 14,
      "playerTwo": 19,
      "winPercentage": 45.904
    },
    {
      "playerOne": 14,
      "playerTwo": 20,
      "winPercentage": 32.869
    },
    {
      "playerOne": 14,
      "playerTwo": 21,
      "winPercentage": 63.324
    },
    {
      "playerOne": 14,
      "playerTwo": 22,
      "winPercentage": 54.464
    },
    {
      "playerOne": 14,
      "playerTwo": 23,
      "winPercentage": 788.4
    },
    {
      "playerOne": 14,
      "playerTwo": 24,
      "winPercentage": 46.495
    },
    {
      "playerOne": 14,
      "playerTwo": 25,
      "winPercentage": 93.197
    },
    {
      "playerOne": 14,
      "playerTwo": 26,
      "winPercentage": 32.114
    },
    {
      "playerOne": 14,
      "playerTwo": 27,
      "winPercentage": 19.184
    },
    {
      "playerOne": 14,
      "playerTwo": 28,
      "winPercentage": 48.024
    },
    {
      "playerOne": 14,
      "playerTwo": 29,
      "winPercentage": 56.847
    },
    {
      "playerOne": 14,
      "playerTwo": 30,
      "winPercentage": 77.503
    },
    {
      "playerOne": 14,
      "playerTwo": 31,
      "winPercentage": 48.367
    },
    {
      "playerOne": 14,
      "playerTwo": 32,
      "winPercentage": 92.334
    },
    {
      "playerOne": 14,
      "playerTwo": 33,
      "winPercentage": 63.766
    },
    {
      "playerOne": 14,
      "playerTwo": 34,
      "winPercentage": 88.723
    },
    {
      "playerOne": 14,
      "playerTwo": 35,
      "winPercentage": 92.716
    },
    {
      "playerOne": 14,
      "playerTwo": 36,
      "winPercentage": 55.969
    },
    {
      "playerOne": 14,
      "playerTwo": 37,
      "winPercentage": 63.624
    },
    {
      "playerOne": 14,
      "playerTwo": 38,
      "winPercentage": 40.317
    },
    {
      "playerOne": 14,
      "playerTwo": 39,
      "winPercentage": 49.523
    },
    {
      "playerOne": 15,
      "playerTwo": 16,
      "winPercentage": 12.838
    },
    {
      "playerOne": 15,
      "playerTwo": 17,
      "winPercentage": 81.242
    },
    {
      "playerOne": 15,
      "playerTwo": 18,
      "winPercentage": 8.488
    },
    {
      "playerOne": 15,
      "playerTwo": 19,
      "winPercentage": 1.733
    },
    {
      "playerOne": 15,
      "playerTwo": 20,
      "winPercentage": 19.52
    },
    {
      "playerOne": 15,
      "playerTwo": 21,
      "winPercentage": 88.81
    },
    {
      "playerOne": 15,
      "playerTwo": 22,
      "winPercentage": 24.261
    },
    {
      "playerOne": 15,
      "playerTwo": 23,
      "winPercentage": 76.325
    },
    {
      "playerOne": 15,
      "playerTwo": 24,
      "winPercentage": 61.441
    },
    {
      "playerOne": 15,
      "playerTwo": 25,
      "winPercentage": 22.923
    },
    {
      "playerOne": 15,
      "playerTwo": 26,
      "winPercentage": 95.997
    },
    {
      "playerOne": 15,
      "playerTwo": 27,
      "winPercentage": 63.499
    },
    {
      "playerOne": 15,
      "playerTwo": 28,
      "winPercentage": 76.862
    },
    {
      "playerOne": 15,
      "playerTwo": 29,
      "winPercentage": 51.712
    },
    {
      "playerOne": 15,
      "playerTwo": 30,
      "winPercentage": 96.235
    },
    {
      "playerOne": 15,
      "playerTwo": 31,
      "winPercentage": 11.404
    },
    {
      "playerOne": 15,
      "playerTwo": 32,
      "winPercentage": 93.158
    },
    {
      "playerOne": 15,
      "playerTwo": 33,
      "winPercentage": 53.428
    },
    {
      "playerOne": 15,
      "playerTwo": 34,
      "winPercentage": 49.728
    },
    {
      "playerOne": 15,
      "playerTwo": 35,
      "winPercentage": 96.41
    },
    {
      "playerOne": 15,
      "playerTwo": 36,
      "winPercentage": 0.619
    },
    {
      "playerOne": 15,
      "playerTwo": 37,
      "winPercentage": 65.157
    },
    {
      "playerOne": 15,
      "playerTwo": 38,
      "winPercentage": 93.395
    },
    {
      "playerOne": 15,
      "playerTwo": 39,
      "winPercentage": 78.958
    },
    {
      "playerOne": 16,
      "playerTwo": 17,
      "winPercentage": 35.086
    },
    {
      "playerOne": 16,
      "playerTwo": 18,
      "winPercentage": 90.442
    },
    {
      "playerOne": 16,
      "playerTwo": 19,
      "winPercentage": 34.015
    },
    {
      "playerOne": 16,
      "playerTwo": 20,
      "winPercentage": 20.512
    },
    {
      "playerOne": 16,
      "playerTwo": 21,
      "winPercentage": 88.741
    },
    {
      "playerOne": 16,
      "playerTwo": 22,
      "winPercentage": 43.004
    },
    {
      "playerOne": 16,
      "playerTwo": 23,
      "winPercentage": 83.87
    },
    {
      "playerOne": 16,
      "playerTwo": 24,
      "winPercentage": 82.253
    },
    {
      "playerOne": 16,
      "playerTwo": 25,
      "winPercentage": 42.817
    },
    {
      "playerOne": 16,
      "playerTwo": 26,
      "winPercentage": 86.582
    },
    {
      "playerOne": 16,
      "playerTwo": 27,
      "winPercentage": 74.22
    },
    {
      "playerOne": 16,
      "playerTwo": 28,
      "winPercentage": 46.621
    },
    {
      "playerOne": 16,
      "playerTwo": 29,
      "winPercentage": 80.177
    },
    {
      "playerOne": 16,
      "playerTwo": 30,
      "winPercentage": 27.914
    },
    {
      "playerOne": 16,
      "playerTwo": 31,
      "winPercentage": 56.694
    },
    {
      "playerOne": 16,
      "playerTwo": 32,
      "winPercentage": 31.962
    },
    {
      "playerOne": 16,
      "playerTwo": 33,
      "winPercentage": 94.544
    },
    {
      "playerOne": 16,
      "playerTwo": 34,
      "winPercentage": 16.577
    },
    {
      "playerOne": 16,
      "playerTwo": 35,
      "winPercentage": 0.852
    },
    {
      "playerOne": 16,
      "playerTwo": 36,
      "winPercentage": 6572.8
    },
    {
      "playerOne": 16,
      "playerTwo": 37,
      "winPercentage": 58.081
    },
    {
      "playerOne": 16,
      "playerTwo": 38,
      "winPercentage": 33.769
    },
    {
      "playerOne": 16,
      "playerTwo": 39,
      "winPercentage": 52.175
    },
    {
      "playerOne": 17,
      "playerTwo": 18,
      "winPercentage": 57.379
    },
    {
      "playerOne": 17,
      "playerTwo": 19,
      "winPercentage": 35.15
    },
    {
      "playerOne": 17,
      "playerTwo": 20,
      "winPercentage": 21.307
    },
    {
      "playerOne": 17,
      "playerTwo": 21,
      "winPercentage": 19.029
    },
    {
      "playerOne": 17,
      "playerTwo": 22,
      "winPercentage": 57.482
    },
    {
      "playerOne": 17,
      "playerTwo": 23,
      "winPercentage": 33.608
    },
    {
      "playerOne": 17,
      "playerTwo": 24,
      "winPercentage": 86.812
    },
    {
      "playerOne": 17,
      "playerTwo": 25,
      "winPercentage": 47.283
    },
    {
      "playerOne": 17,
      "playerTwo": 26,
      "winPercentage": 4.192
    },
    {
      "playerOne": 17,
      "playerTwo": 27,
      "winPercentage": 73.86
    },
    {
      "playerOne": 17,
      "playerTwo": 28,
      "winPercentage": 49.202
    },
    {
      "playerOne": 17,
      "playerTwo": 29,
      "winPercentage": 93.862
    },
    {
      "playerOne": 17,
      "playerTwo": 30,
      "winPercentage": 97.665
    },
    {
      "playerOne": 17,
      "playerTwo": 31,
      "winPercentage": 60.682
    },
    {
      "playerOne": 17,
      "playerTwo": 32,
      "winPercentage": 36.206
    },
    {
      "playerOne": 17,
      "playerTwo": 33,
      "winPercentage": 47.334
    },
    {
      "playerOne": 17,
      "playerTwo": 34,
      "winPercentage": 35.436
    },
    {
      "playerOne": 17,
      "playerTwo": 35,
      "winPercentage": 75.575
    },
    {
      "playerOne": 17,
      "playerTwo": 36,
      "winPercentage": 89.954
    },
    {
      "playerOne": 17,
      "playerTwo": 37,
      "winPercentage": 61.527
    },
    {
      "playerOne": 17,
      "playerTwo": 38,
      "winPercentage": 98.861
    },
    {
      "playerOne": 17,
      "playerTwo": 39,
      "winPercentage": 48.922
    },
    {
      "playerOne": 18,
      "playerTwo": 19,
      "winPercentage": 67.102
    },
    {
      "playerOne": 18,
      "playerTwo": 20,
      "winPercentage": 34.384
    },
    {
      "playerOne": 18,
      "playerTwo": 21,
      "winPercentage": 54.103
    },
    {
      "playerOne": 18,
      "playerTwo": 22,
      "winPercentage": 29.696
    },
    {
      "playerOne": 18,
      "playerTwo": 23,
      "winPercentage": 17.75
    },
    {
      "playerOne": 18,
      "playerTwo": 24,
      "winPercentage": 17.529
    },
    {
      "playerOne": 18,
      "playerTwo": 25,
      "winPercentage": 30.171
    },
    {
      "playerOne": 18,
      "playerTwo": 26,
      "winPercentage": 6.931
    },
    {
      "playerOne": 18,
      "playerTwo": 27,
      "winPercentage": 69.506
    },
    {
      "playerOne": 18,
      "playerTwo": 28,
      "winPercentage": 44.565
    },
    {
      "playerOne": 18,
      "playerTwo": 29,
      "winPercentage": 11.136
    },
    {
      "playerOne": 18,
      "playerTwo": 30,
      "winPercentage": 81.126
    },
    {
      "playerOne": 18,
      "playerTwo": 31,
      "winPercentage": 17.494
    },
    {
      "playerOne": 18,
      "playerTwo": 32,
      "winPercentage": 73.994
    },
    {
      "playerOne": 18,
      "playerTwo": 33,
      "winPercentage": 42.025
    },
    {
      "playerOne": 18,
      "playerTwo": 34,
      "winPercentage": 78.822
    },
    {
      "playerOne": 18,
      "playerTwo": 35,
      "winPercentage": 30.21
    },
    {
      "playerOne": 18,
      "playerTwo": 36,
      "winPercentage": 0.688
    },
    {
      "playerOne": 18,
      "playerTwo": 37,
      "winPercentage": 85.283
    },
    {
      "playerOne": 18,
      "playerTwo": 38,
      "winPercentage": 78.413
    },
    {
      "playerOne": 18,
      "playerTwo": 39,
      "winPercentage": 80.944
    },
    {
      "playerOne": 19,
      "playerTwo": 20,
      "winPercentage": 52.197
    },
    {
      "playerOne": 19,
      "playerTwo": 21,
      "winPercentage": 94.295
    },
    {
      "playerOne": 19,
      "playerTwo": 22,
      "winPercentage": 87.861
    },
    {
      "playerOne": 19,
      "playerTwo": 23,
      "winPercentage": 7.485
    },
    {
      "playerOne": 19,
      "playerTwo": 24,
      "winPercentage": 96.035
    },
    {
      "playerOne": 19,
      "playerTwo": 25,
      "winPercentage": 66.088
    },
    {
      "playerOne": 19,
      "playerTwo": 26,
      "winPercentage": 6.789
    },
    {
      "playerOne": 19,
      "playerTwo": 27,
      "winPercentage": 88.47
    },
    {
      "playerOne": 19,
      "playerTwo": 28,
      "winPercentage": 56.136
    },
    {
      "playerOne": 19,
      "playerTwo": 29,
      "winPercentage": 35.857
    },
    {
      "playerOne": 19,
      "playerTwo": 30,
      "winPercentage": 74.008
    },
    {
      "playerOne": 19,
      "playerTwo": 31,
      "winPercentage": 35.164
    },
    {
      "playerOne": 19,
      "playerTwo": 32,
      "winPercentage": 27.736
    },
    {
      "playerOne": 19,
      "playerTwo": 33,
      "winPercentage": 75.296
    },
    {
      "playerOne": 19,
      "playerTwo": 34,
      "winPercentage": 96.711
    },
    {
      "playerOne": 19,
      "playerTwo": 35,
      "winPercentage": 88.052
    },
    {
      "playerOne": 19,
      "playerTwo": 36,
      "winPercentage": 41.863
    },
    {
      "playerOne": 19,
      "playerTwo": 37,
      "winPercentage": 83.491
    },
    {
      "playerOne": 19,
      "playerTwo": 38,
      "winPercentage": 86.347
    },
    {
      "playerOne": 19,
      "playerTwo": 39,
      "winPercentage": 70.977
    },
    {
      "playerOne": 20,
      "playerTwo": 21,
      "winPercentage": 45.655
    },
    {
      "playerOne": 20,
      "playerTwo": 22,
      "winPercentage": 15.844
    },
    {
      "playerOne": 20,
      "playerTwo": 23,
      "winPercentage": 68.616
    },
    {
      "playerOne": 20,
      "playerTwo": 24,
      "winPercentage": 97.366
    },
    {
      "playerOne": 20,
      "playerTwo": 25,
      "winPercentage": 99.389
    },
    {
      "playerOne": 20,
      "playerTwo": 26,
      "winPercentage": 70.668
    },
    {
      "playerOne": 20,
      "playerTwo": 27,
      "winPercentage": 21.724
    },
    {
      "playerOne": 20,
      "playerTwo": 28,
      "winPercentage": 20.102
    },
    {
      "playerOne": 20,
      "playerTwo": 29,
      "winPercentage": 56.758
    },
    {
      "playerOne": 20,
      "playerTwo": 30,
      "winPercentage": 11.366
    },
    {
      "playerOne": 20,
      "playerTwo": 31,
      "winPercentage": 79.633
    },
    {
      "playerOne": 20,
      "playerTwo": 32,
      "winPercentage": 51.245
    },
    {
      "playerOne": 20,
      "playerTwo": 33,
      "winPercentage": 52.723
    },
    {
      "playerOne": 20,
      "playerTwo": 34,
      "winPercentage": 13.195
    },
    {
      "playerOne": 20,
      "playerTwo": 35,
      "winPercentage": 4.904
    },
    {
      "playerOne": 20,
      "playerTwo": 36,
      "winPercentage": 15.232
    },
    {
      "playerOne": 20,
      "playerTwo": 37,
      "winPercentage": 27.809
    },
    {
      "playerOne": 20,
      "playerTwo": 38,
      "winPercentage": 8655.8
    },
    {
      "playerOne": 20,
      "playerTwo": 39,
      "winPercentage": 29.544
    },
    {
      "playerOne": 21,
      "playerTwo": 22,
      "winPercentage": 3.477
    },
    {
      "playerOne": 21,
      "playerTwo": 23,
      "winPercentage": 51.48
    },
    {
      "playerOne": 21,
      "playerTwo": 24,
      "winPercentage": 45.974
    },
    {
      "playerOne": 21,
      "playerTwo": 25,
      "winPercentage": 96.412
    },
    {
      "playerOne": 21,
      "playerTwo": 26,
      "winPercentage": 10.187
    },
    {
      "playerOne": 21,
      "playerTwo": 27,
      "winPercentage": 43.611
    },
    {
      "playerOne": 21,
      "playerTwo": 28,
      "winPercentage": 70.613
    },
    {
      "playerOne": 21,
      "playerTwo": 29,
      "winPercentage": 38.955
    },
    {
      "playerOne": 21,
      "playerTwo": 30,
      "winPercentage": 2.96
    },
    {
      "playerOne": 21,
      "playerTwo": 31,
      "winPercentage": 9.247
    },
    {
      "playerOne": 21,
      "playerTwo": 32,
      "winPercentage": 18.065
    },
    {
      "playerOne": 21,
      "playerTwo": 33,
      "winPercentage": 2.203
    },
    {
      "playerOne": 21,
      "playerTwo": 34,
      "winPercentage": 55.919
    },
    {
      "playerOne": 21,
      "playerTwo": 35,
      "winPercentage": 94.839
    },
    {
      "playerOne": 21,
      "playerTwo": 36,
      "winPercentage": 96.772
    },
    {
      "playerOne": 21,
      "playerTwo": 37,
      "winPercentage": 2.441
    },
    {
      "playerOne": 21,
      "playerTwo": 38,
      "winPercentage": 46.642
    },
    {
      "playerOne": 21,
      "playerTwo": 39,
      "winPercentage": 86.937
    },
    {
      "playerOne": 22,
      "playerTwo": 23,
      "winPercentage": 75.554
    },
    {
      "playerOne": 22,
      "playerTwo": 24,
      "winPercentage": 72.983
    },
    {
      "playerOne": 22,
      "playerTwo": 25,
      "winPercentage": 11.948
    },
    {
      "playerOne": 22,
      "playerTwo": 26,
      "winPercentage": 59.118
    },
    {
      "playerOne": 22,
      "playerTwo": 27,
      "winPercentage": 2.336
    },
    {
      "playerOne": 22,
      "playerTwo": 28,
      "winPercentage": 26.668
    },
    {
      "playerOne": 22,
      "playerTwo": 29,
      "winPercentage": 94.51
    },
    {
      "playerOne": 22,
      "playerTwo": 30,
      "winPercentage": 48.076
    },
    {
      "playerOne": 22,
      "playerTwo": 31,
      "winPercentage": 27.407
    },
    {
      "playerOne": 22,
      "playerTwo": 32,
      "winPercentage": 17.66
    },
    {
      "playerOne": 22,
      "playerTwo": 33,
      "winPercentage": 77.115
    },
    {
      "playerOne": 22,
      "playerTwo": 34,
      "winPercentage": 76.786
    },
    {
      "playerOne": 22,
      "playerTwo": 35,
      "winPercentage": 73.013
    },
    {
      "playerOne": 22,
      "playerTwo": 36,
      "winPercentage": 33.813
    },
    {
      "playerOne": 22,
      "playerTwo": 37,
      "winPercentage": 55.188
    },
    {
      "playerOne": 22,
      "playerTwo": 38,
      "winPercentage": 46.548
    },
    {
      "playerOne": 22,
      "playerTwo": 39,
      "winPercentage": 74.335
    },
    {
      "playerOne": 23,
      "playerTwo": 24,
      "winPercentage": 45.713
    },
    {
      "playerOne": 23,
      "playerTwo": 25,
      "winPercentage": 34.698
    },
    {
      "playerOne": 23,
      "playerTwo": 26,
      "winPercentage": 51.501
    },
    {
      "playerOne": 23,
      "playerTwo": 27,
      "winPercentage": 82.86
    },
    {
      "playerOne": 23,
      "playerTwo": 28,
      "winPercentage": 0.607
    },
    {
      "playerOne": 23,
      "playerTwo": 29,
      "winPercentage": 3.797
    },
    {
      "playerOne": 23,
      "playerTwo": 30,
      "winPercentage": 41.706
    },
    {
      "playerOne": 23,
      "playerTwo": 31,
      "winPercentage": 49.242
    },
    {
      "playerOne": 23,
      "playerTwo": 32,
      "winPercentage": 66.978
    },
    {
      "playerOne": 23,
      "playerTwo": 33,
      "winPercentage": 70.138
    },
    {
      "playerOne": 23,
      "playerTwo": 34,
      "winPercentage": 90.897
    },
    {
      "playerOne": 23,
      "playerTwo": 35,
      "winPercentage": 91.749
    },
    {
      "playerOne": 23,
      "playerTwo": 36,
      "winPercentage": 43.179
    },
    {
      "playerOne": 23,
      "playerTwo": 37,
      "winPercentage": 55.947
    },
    {
      "playerOne": 23,
      "playerTwo": 38,
      "winPercentage": 56.549
    },
    {
      "playerOne": 23,
      "playerTwo": 39,
      "winPercentage": 85.057
    },
    {
      "playerOne": 24,
      "playerTwo": 25,
      "winPercentage": 7.482
    },
    {
      "playerOne": 24,
      "playerTwo": 26,
      "winPercentage": 80.009
    },
    {
      "playerOne": 24,
      "playerTwo": 27,
      "winPercentage": 19.648
    },
    {
      "playerOne": 24,
      "playerTwo": 28,
      "winPercentage": 8.813
    },
    {
      "playerOne": 24,
      "playerTwo": 29,
      "winPercentage": 40.342
    },
    {
      "playerOne": 24,
      "playerTwo": 30,
      "winPercentage": 26.934
    },
    {
      "playerOne": 24,
      "playerTwo": 31,
      "winPercentage": 66.595
    },
    {
      "playerOne": 24,
      "playerTwo": 32,
      "winPercentage": 79.372
    },
    {
      "playerOne": 24,
      "playerTwo": 33,
      "winPercentage": 34.681
    },
    {
      "playerOne": 24,
      "playerTwo": 34,
      "winPercentage": 21.08
    },
    {
      "playerOne": 24,
      "playerTwo": 35,
      "winPercentage": 64.049
    },
    {
      "playerOne": 24,
      "playerTwo": 36,
      "winPercentage": 26.134
    },
    {
      "playerOne": 24,
      "playerTwo": 37,
      "winPercentage": 12.254
    },
    {
      "playerOne": 24,
      "playerTwo": 38,
      "winPercentage": 32.552
    },
    {
      "playerOne": 24,
      "playerTwo": 39,
      "winPercentage": 70.274
    },
    {
      "playerOne": 25,
      "playerTwo": 26,
      "winPercentage": 81.282
    },
    {
      "playerOne": 25,
      "playerTwo": 27,
      "winPercentage": 31.585
    },
    {
      "playerOne": 25,
      "playerTwo": 28,
      "winPercentage": 80.283
    },
    {
      "playerOne": 25,
      "playerTwo": 29,
      "winPercentage": 71.393
    },
    {
      "playerOne": 25,
      "playerTwo": 30,
      "winPercentage": 20.456
    },
    {
      "playerOne": 25,
      "playerTwo": 31,
      "winPercentage": 90.729
    },
    {
      "playerOne": 25,
      "playerTwo": 32,
      "winPercentage": 61.965
    },
    {
      "playerOne": 25,
      "playerTwo": 33,
      "winPercentage": 95.67
    },
    {
      "playerOne": 25,
      "playerTwo": 34,
      "winPercentage": 48.199
    },
    {
      "playerOne": 25,
      "playerTwo": 35,
      "winPercentage": 51.429
    },
    {
      "playerOne": 25,
      "playerTwo": 36,
      "winPercentage": 29.444
    },
    {
      "playerOne": 25,
      "playerTwo": 37,
      "winPercentage": 2.626
    },
    {
      "playerOne": 25,
      "playerTwo": 38,
      "winPercentage": 61.016
    },
    {
      "playerOne": 25,
      "playerTwo": 39,
      "winPercentage": 42.11
    },
    {
      "playerOne": 26,
      "playerTwo": 27,
      "winPercentage": 77.834
    },
    {
      "playerOne": 26,
      "playerTwo": 28,
      "winPercentage": 92.948
    },
    {
      "playerOne": 26,
      "playerTwo": 29,
      "winPercentage": 95.351
    },
    {
      "playerOne": 26,
      "playerTwo": 30,
      "winPercentage": 5.877
    },
    {
      "playerOne": 26,
      "playerTwo": 31,
      "winPercentage": 1686.2
    },
    {
      "playerOne": 26,
      "playerTwo": 32,
      "winPercentage": 22.823
    },
    {
      "playerOne": 26,
      "playerTwo": 33,
      "winPercentage": 92.777
    },
    {
      "playerOne": 26,
      "playerTwo": 34,
      "winPercentage": 26.999
    },
    {
      "playerOne": 26,
      "playerTwo": 35,
      "winPercentage": 57.184
    },
    {
      "playerOne": 26,
      "playerTwo": 36,
      "winPercentage": 32.68
    },
    {
      "playerOne": 26,
      "playerTwo": 37,
      "winPercentage": 11.698
    },
    {
      "playerOne": 26,
      "playerTwo": 38,
      "winPercentage": 7.018
    },
    {
      "playerOne": 26,
      "playerTwo": 39,
      "winPercentage": 30.709
    },
    {
      "playerOne": 27,
      "playerTwo": 28,
      "winPercentage": 77.357
    },
    {
      "playerOne": 27,
      "playerTwo": 29,
      "winPercentage": 34.419
    },
    {
      "playerOne": 27,
      "playerTwo": 30,
      "winPercentage": 33.33
    },
    {
      "playerOne": 27,
      "playerTwo": 31,
      "winPercentage": 7.455
    },
    {
      "playerOne": 27,
      "playerTwo": 32,
      "winPercentage": 52.872
    },
    {
      "playerOne": 27,
      "playerTwo": 33,
      "winPercentage": 49.598
    },
    {
      "playerOne": 27,
      "playerTwo": 34,
      "winPercentage": 52.412
    },
    {
      "playerOne": 27,
      "playerTwo": 35,
      "winPercentage": 47.725
    },
    {
      "playerOne": 27,
      "playerTwo": 36,
      "winPercentage": 58.034
    },
    {
      "playerOne": 27,
      "playerTwo": 37,
      "winPercentage": 320.0
    },
    {
      "playerOne": 27,
      "playerTwo": 38,
      "winPercentage": 34.453
    },
    {
      "playerOne": 27,
      "playerTwo": 39,
      "winPercentage": 25.402
    },
    {
      "playerOne": 28,
      "playerTwo": 29,
      "winPercentage": 93.011
    },
    {
      "playerOne": 28,
      "playerTwo": 30,
      "winPercentage": 19.72
    },
    {
      "playerOne": 28,
      "playerTwo": 31,
      "winPercentage": 74.177
    },
    {
      "playerOne": 28,
      "playerTwo": 32,
      "winPercentage": 73.634
    },
    {
      "playerOne": 28,
      "playerTwo": 33,
      "winPercentage": 10.862
    },
    {
      "playerOne": 28,
      "playerTwo": 34,
      "winPercentage": 78.57
    },
    {
      "playerOne": 28,
      "playerTwo": 35,
      "winPercentage": 81.216
    },
    {
      "playerOne": 28,
      "playerTwo": 36,
      "winPercentage": 94.014
    },
    {
      "playerOne": 28,
      "playerTwo": 37,
      "winPercentage": 52.823
    },
    {
      "playerOne": 28,
      "playerTwo": 38,
      "winPercentage": 14.207
    },
    {
      "playerOne": 28,
      "playerTwo": 39,
      "winPercentage": 57.038
    },
    {
      "playerOne": 29,
      "playerTwo": 30,
      "winPercentage": 19.49
    },
    {
      "playerOne": 29,
      "playerTwo": 31,
      "winPercentage": 29.169
    },
    {
      "playerOne": 29,
      "playerTwo": 32,
      "winPercentage": 98.69
    },
    {
      "playerOne": 29,
      "playerTwo": 33,
      "winPercentage": 97.98
    },
    {
      "playerOne": 29,
      "playerTwo": 34,
      "winPercentage": 84.818
    },
    {
      "playerOne": 29,
      "playerTwo": 35,
      "winPercentage": 68.096
    },
    {
      "playerOne": 29,
      "playerTwo": 36,
      "winPercentage": 24.155
    },
    {
      "playerOne": 29,
      "playerTwo": 37,
      "winPercentage": 36.049
    },
    {
      "playerOne": 29,
      "playerTwo": 38,
      "winPercentage": 26.463
    },
    {
      "playerOne": 29,
      "playerTwo": 39,
      "winPercentage": 42.089
    },
    {
      "playerOne": 30,
      "playerTwo": 31,
      "winPercentage": 26.481
    },
    {
      "playerOne": 30,
      "playerTwo": 32,
      "winPercentage": 26.225
    },
    {
      "playerOne": 30,
      "playerTwo": 33,
      "winPercentage": 28.354
    },
    {
      "playerOne": 30,
      "playerTwo": 34,
      "winPercentage": 67.27
    },
    {
      "playerOne": 30,
      "playerTwo": 35,
      "winPercentage": 57.272
    },
    {
      "playerOne": 30,
      "playerTwo": 36,
      "winPercentage": 33.709
    },
    {
      "playerOne": 30,
      "playerTwo": 37,
      "winPercentage": 65.666
    },
    {
      "playerOne": 30,
      "playerTwo": 38,
      "winPercentage": 42.345
    },
    {
      "playerOne": 30,
      "playerTwo": 39,
      "winPercentage": 89.417
    },
    {
      "playerOne": 31,
      "playerTwo": 32,
      "winPercentage": 17.919
    },
    {
      "playerOne": 31,
      "playerTwo": 33,
      "winPercentage": 46.45
    },
    {
      "playerOne": 31,
      "playerTwo": 34,
      "winPercentage": 58.675
    },
    {
      "playerOne": 31,
      "playerTwo": 35,
      "winPercentage": 51.494
    },
    {
      "playerOne": 31,
      "playerTwo": 36,
      "winPercentage": 60.867
    },
    {
      "playerOne": 31,
      "playerTwo": 37,
      "winPercentage": 42.544
    },
    {
      "playerOne": 31,
      "playerTwo": 38,
      "winPercentage": 26.286
    },
    {
      "playerOne": 31,
      "playerTwo": 39,
      "winPercentage": 94.325
    },
    {
      "playerOne": 32,
      "playerTwo": 33,
      "winPercentage": 34.448
    },
    {
      "playerOne": 32,
      "playerTwo": 34,
      "winPercentage": 92.85
    },
    {
      "playerOne": 32,
      "playerTwo": 35,
      "winPercentage": 84.787
    },
    {
      "playerOne": 32,
      "playerTwo": 36,
      "winPercentage": 53.495
    },
    {
      "playerOne": 32,
      "playerTwo": 37,
      "winPercentage": 95.097
    },
    {
      "playerOne": 32,
      "playerTwo": 38,
      "winPercentage": 6.098
    },
    {
      "playerOne": 32,
      "playerTwo": 39,
      "winPercentage": 17.238
    },
    {
      "playerOne": 33,
      "playerTwo": 34,
      "winPercentage": 27.756
    },
    {
      "playerOne": 33,
      "playerTwo": 35,
      "winPercentage": 14.077
    },
    {
      "playerOne": 33,
      "playerTwo": 36,
      "winPercentage": 30.758
    },
    {
      "playerOne": 33,
      "playerTwo": 37,
      "winPercentage": 66.082
    },
    {
      "playerOne": 33,
      "playerTwo": 38,
      "winPercentage": 64.931
    },
    {
      "playerOne": 33,
      "playerTwo": 39,
      "winPercentage": 37.831
    },
    {
      "playerOne": 34,
      "playerTwo": 35,
      "winPercentage": 29.364
    },
    {
      "playerOne": 34,
      "playerTwo": 36,
      "winPercentage": 84.366
    },
    {
      "playerOne": 34,
      "playerTwo": 37,
      "winPercentage": 94.974
    },
    {
      "playerOne": 34,
      "playerTwo": 38,
      "winPercentage": 28.639
    },
    {
      "playerOne": 34,
      "playerTwo": 39,
      "winPercentage": 45.633
    },
    {
      "playerOne": 35,
      "playerTwo": 36,
      "winPercentage": 93.556
    },
    {
      "playerOne": 35,
      "playerTwo": 37,
      "winPercentage": 60.834
    },
    {
      "playerOne": 35,
      "playerTwo": 38,
      "winPercentage": 40.597
    },
    {
      "playerOne": 35,
      "playerTwo": 39,
      "winPercentage": 60.948
    },
    {
      "playerOne": 36,
      "playerTwo": 37,
      "winPercentage": 90.893
    },
    {
      "playerOne": 36,
      "playerTwo": 38,
      "winPercentage": 14.065
    },
    {
      "playerOne": 36,
      "playerTwo": 39,
      "winPercentage": 93.813
    },
    {
      "playerOne": 37,
      "playerTwo": 38,
      "winPercentage": 81.809
    },
    {
      "playerOne": 37,
      "playerTwo": 39,
      "winPercentage": 9.292
    },
    {
      "playerOne": 38,
      "playerTwo": 39,
      "winPercentage": 7975.1
    }
  ]
}