{
  "metadata": {
    "numPlayers": 40
  },
  "teamStats": [
    {
      "playerOne": 0,
      "playerTwo": 1,
      "winPercentage": 31.041
    },
    {
      "playerOne": 0,
      "playerTwo": 2,
      "winPercentage": 96.098
    },
    {
      "playerOne": 0,
      "playerTwo": 3,
      "winPercentage": 67.362
    },
    {
      "playerOne": 0,
      "playerTwo": 4,
      "winPercentage": 60.966
    },
    {
      "playerOne": 0,
      "playerTwo": 5,
      "winPercentage": 85.837
    },
    {
      "playerOne": 0,
      "playerTwo": 6,
      "winPercentage": 94.338
    },
    {
      "playerOne": 0,
      "playerTwo": 7,
      "winPercentage": 86.366
    },
    {
      "playerOne": 0,
      "playerTwo": 8,
      "winPercentage": 23.944
    },
    {
      "playerOne": 0,
      "playerTwo": 9,
      "winPercentage": 71.062
    },
    {
      "playerOne": 0,
      "playerTwo": 10,
      "winPercentage": 81.452
    },
    {
      "playerOne": 0,
      "playerTwo": 11,
      "winPercentage": 39.346
    },
    {
      "playerOne": 0,
      "playerTwo": 12,
      "winPercentage": 78.917
    },
    {
      "playerOne": 0,
      "playerTwo": 13,
      "winPercentage": 82.051
    },
    {
      "playerOne": 0,
      "playerTwo": 14,
      "winPercentage": 21.636
    },
    {
      "playerOne": 0,
      "playerTwo": 15,
      "winPercentage": 32.782
    },
    {
      "playerOne": 0,
      "playerTwo": 16,
      "winPercentage": 28.831
    },
    {
      "playerOne": 0,
      "playerTwo": 17,
      "winPercentage": 26.076
    },
    {
      "playerOne": 0,
      "playerTwo": 18,
      "winPercentage": 1.791
    },
    {
      "playerOne": 0,
      "playerTwo": 19,
      "winPercentage": 11.288
    },
    {
      "playerOne": 0,
      "playerTwo": 20,
      "winPercentage": 2.695
    },
    {
      "playerOne": 0,
      "playerTwo": 21,
      "winPercentage": 0.277
    },
    {
      "playerOne": 0,
      "playerTwo": 22,
      "winPercentage": 61.365
    },
    {
      "playerOne": 0,
      "playerTwo": 23,
      "winPercentage": 4.531
    },
    {
      "playerOne": 0,
      "playerTwo": 24,
      "winPercentage": 80.076
    },
    {
      "playerOne": 0,
      "playerTwo": 25,
      "winPercentage": 10.336
    },
    {
      "playerOne": 0,
      "playerTwo": 26,
      "winPercentage": 75.084
    },
    {
      "playerOne": 0,
      "playerTwo": 27,
      "winPercentage": 78.029
    },
    {
      "playerOne": 0,
      "playerTwo": 28,
      "winPercentage": 56.106
    },
    {
      "playerOne": 0,
      "playerTwo": 29,
      "winPercentage": 70.094
    },
    {
      "playerOne": 0,
      "playerTwo": 30,
      "winPercentage": 64.542
    },
    {
      "playerOne": 0,
      "playerTwo": 31,
      "winPercentage": 24.41
    },
    {
      "playerOne": 0,
      "playerTwo": 32,
      "winPercentage": 41.622
    },
    {
      "playerOne": 0,
      "playerTwo": 33,
      "winPercentage": 33.955
    },
    {
      "playerOne": 0,
      "playerTwo": 34,
      "winPercentage": 11.695
    },
    {
      "playerOne": 0,
      "playerTwo": 35,
      "winPercentage": 55.819
    },
    {
      "playerOne": 0,
      "playerTwo": 36,
      "winPercentage": 63.33
    },
    {
      "playerOne": 0,
      "playerTwo": 37,
      "winPercentage": 86.813
    },
    {
      "playerOne": 0,
      "playerTwo": 38,
      "winPercentage": 51.582
    },
    {
      "playerOne": 0,
      "playerTwo": 39,
      "winPercentage": 49.123
    },
    {
      "playerOne": 1,
      "playerTwo": 2,
      "winPercentage": 19.771
    },
    {
      "playerOne": 1,
      "playerTwo": 3,
      "winPercentage": 51.562
    },
    {
      "playerOne": 1,
      "playerTwo": 4,
      "winPercentage": 78.747
    },
    {
      "playerOne": 1,
      "playerTwo": 5,
      "winPercentage": 71.413
    },
    {
      "playerOne": 1,
      "playerTwo": 6,
      "winPercentage": 20.871
    },
    {
      "playerOne": 1,
      "playerTwo": 7,
      "winPercentage": 69.431
    },
    {
      "playerOne": 1,
      "playerTwo": 8,
      "winPercentage": 76.681
    },
    {
      "playerOne": 1,
      "playerTwo": 9,
      "winPercentage": 37.632
    },
    {
      "playerOne": 1,
      "playerTwo": 10,
      "winPercentage": 27.224
    },
    {
      "playerOne": 1,
      "playerTwo": 11,
      "winPercentage": 37.232
    },
    {
      "playerOne": 1,
      "playerTwo": 12,
      "winPercentage": 43.542
    },
    {
      "playerOne": 1,
      "playerTwo": 13,
      "winPercentage": 23.857
    },
    {
      "playerOne": 1,
      "playerTwo": 14,
      "winPercentage": 97.551
    },
    {
      "playerOne": 1,
      "playerTwo": 15,
      "winPercentage": 77.152
    },
    {
      "playerOne": 1,
      "playerTwo": 16,
      "winPercentage": 74.873
    },
    {
      "playerOne": 1,
      "playerTwo": 17,
      "winPercentage": 66.981
    },
    {
      "playerOne": 1,
      "playerTwo": 18,
      "winPercentage": 49.058
    },
    {
      "playerOne": 1,
      "playerTwo": 19,
      "winPercentage": 17.219
    },
    {
      "playerOne": 1,
      "playerTwo": 20,
      "winPercentage": 0.547
    },
    {
      "playerOne": 1,
      "playerTwo": 21,
      "winPercentage": 55.399
    },
    {
      "playerOne": 1,
      "playerTwo": 22,
      "winPercentage": 11.037
    },
    {
      "playerOne": 1,
      "playerTwo": 23,
      "winPercentage": 0.075
    },
    {
      "playerOne": 1,
      "playerTwo": 24,
      "winPercentage": 58.518
    },
    {
      "playerOne": 1,
      "playerTwo": 25,
      "winPercentage": 71.602
    },
    {
      "playerOne": 1,
      "playerTwo": 26,
      "winPercentage": 28.836
    },
    {
      "playerOne": 1,
      "playerTwo": 27,
      "winPercentage": 3.65
    },
    {
      "playerOne": 1,
      "playerTwo": 28,
      "winPercentage": 70.124
    },
    {
      "playerOne": 1,
      "playerTwo": 29,
      "winPercentage": 97.346
    },
    {
      "playerOne": 1,
      "playerTwo": 30,
      "winPercentage": 0.154
    },
    {
      "playerOne": 1,
      "playerTwo": 31,
      "winPercentage": 37.412
    },
    {
      "playerOne": 1,
      "playerTwo": 32,
      "winPercentage": 45.974
    },
    {
      "playerOne": 1,
      "playerTwo": 33,
      "winPercentage": 96.58
    },
    {
      "playerOne": 1,
      "playerTwo": 34,
      "winPercentage": 37.624
    },
    {
      "playerOne": 1,
      "playerTwo": 35,
      "winPercentage": 19.829
    },
    {
      "playerOne": 1,
      "playerTwo": 36,
      "winPercentage": 28.112
    },
    {
      "playerOne": 1,
      "playerTwo": 37,
      "winPercentage": 79.182
    },
    {
      "playerOne": 1,
      "playerTwo": 38,
      "winPercentage": 36.284
    },
    {
      "playerOne": 1,
      "playerTwo": 39,
      "winPercentage": 4.025
    },
    {
      "playerOne": 2,
      "playerTwo": 3,
      "winPercentage": 54.182
    },
    {
      "playerOne": 2,
      "playerTwo": 4,
      "winPercentage": 46.942
    },
    {
      "playerOne": 2,
      "playerTwo": 5,
      "winPercentage": 41.239
    },
    {
      "playerOne": 2,
      "playerTwo": 6,
      "winPercentage": 74.995
    },
    {
      "playerOne": 2,
      "playerTwo": 7,
      "winPercentage": 8.998
    },
    {
      "playerOne": 2,
      "playerTwo": 8,
      "winPercentage": 94.805
    },
    {
      "playerOne": 2,
      "playerTwo": 9,
      "winPercentage": 29.828
    },
    {
      "playerOne": 2,
      "playerTwo": 10,
      "winPercentage": 34.368
    },
    {
      "playerOne": 2,
      "playerTwo": 11,
      "winPercentage": 77.021
    },
    {
      "playerOne": 2,
      "playerTwo": 12,
      "winPercentage": 63.366
    },
    {
      "playerOne": 2,
      "playerTwo": 13,
      "winPercentage": 83.713
    },
    {
      "playerOne": 2,
      "playerTwo": 14,
      "winPercentage": 19.273
    },
    {
      "playerOne": 2,
      "playerTwo": 15,
      "winPercentage": 17.095
    },
    {
      "playerOne": 2,
      "playerTwo": 16,
      "winPercentage": 52.769
    },
    {
      "playerOne": 2,
      "playerTwo": 17,
      "winPercentage": 93.852
    },
    {
      "playerOne": 2,
      "playerTwo": 18,
      "winPercentage": 30.761
    },
    {
      "playerOne": 2,
      "playerTwo": 19,
      "winPercentage": 36.25
    },
    {
      "playerOne": 2,
      "playerTwo": 20,
      "winPercentage": 23.96
    },
    {
      "playerOne": 2,
      "playerTwo": 21,
      "winPercentage": 13.376
    },
    {
      "playerOne": 2,
      "playerTwo": 22,
      "winPercentage": 70.395
    },
    {
      "playerOne": 2,
      "playerTwo": 23,
      "winPercentage": 84.189
    },
    {
      "playerOne": 2,
      "playerTwo": 24,
      "winPercentage": 61.607
    },
    {
      "playerOne": 2,
      "playerTwo": 25,
      "winPercentage": 81.009
    },
    {
      "playerOne": 2,
      "playerTwo": 26,
      "winPercentage": 32.609
    },
    {
      "playerOne": 2,
      "playerTwo": 27,
      "winPercentage": 96.899
    },
    {
      "playerOne": 2,
      "playerTwo": 28,
      "winPercentage": 17.749
    },
    {
      "playerOne": 2,
      "playerTwo": 29,
      "winPercentage": 12.765
    },
    {
      "playerOne": 2,
      "playerTwo": 30,
      "winPercentage": 34.369
    },
    {
      "playerOne": 2,
      "playerTwo": 31,
      "winPercentage": 3.542
    },
    {
      "playerOne": 2,
      "playerTwo": 32,
      "winPercentage": 39.249
    },
    {
      "playerOne": 2,
      "playerTwo": 33,
      "winPercentage": 35.258
    },
    {
      "playerOne": 2,
      "playerTwo": 34,
      "winPercentage": 93.575
    },
    {
      "playerOne": 2,
      "playerTwo": 35,
      "winPercentage": 91.014
    },
    {
      "playerOne": 2,
      "playerTwo": 36,
      "winPercentage": 29.812
    },
    {
      "playerOne": 2,
      "playerTwo": 37,
      "winPercentage": 86.46
    },
    {
      "playerOne": 2,
      "playerTwo": 38,
      "winPercentage": 43.71
    },
    {
      "playerOne": 2,
      "playerTwo": 39,
      "winPercentage": 56.282
    },
    {
      "playerOne": 3,
      "playerTwo": 4,
      "winPercentage": 62.229
    },
    {
      "playerOne": 3,
      "playerTwo": 5,
      "winPercentage": 26.965
    },
    {
      "playerOne": 3,
      "playerTwo": 6,
      "winPercentage": 48.998
    },
    {
      "playerOne": 3,
      "playerTwo": 7,
      "winPercentage": 36.159
    },
    {
      "playerOne": 3,
      "playerTwo": 8,
      "winPercentage": 5.336
    },
    {
      "playerOne": 3,
      "playerTwo": 9,
      "winPercentage": 17.916
    },
    {
      "playerOne": 3,
      "playerTwo": 10,
      "winPercentage": 62.032
    },
    {
      "playerOne": 3,
      "playerTwo": 11,
      "winPercentage": 74.222
    },
    {
      "playerOne": 3,
      "playerTwo": 12,
      "winPercentage": 74.473
    },
    {
      "playerOne": 3,
      "playerTwo": 13,
      "winPercentage": 4.415
    },
    {
      "playerOne": 3,
      "playerTwo": 14,
      "winPercentage": 16.198
    },
    {
      "playerOne": 3,
      "playerTwo": 15,
      "winPercentage": 27.001
    },
    {
      "playerOne": 3,
      "playerTwo": 16,
      "winPercentage": 52.152
    },
    {
      "playerOne": 3,
      "playerTwo": 17,
      "winPercentage": 67.87
    },
    {
      "playerOne": 3,
      "playerTwo": 18,
      "winPercentage": 39.609
    },
    {
      "playerOne": 3,
      "playerTwo": 19,
      "winPercentage": 21.278
    },
    {
      "playerOne": 3,
      "playerTwo": 20,
      "winPercentage": 68.147
    },
    {
      "playerOne": 3,
      "playerTwo": 21,
      "winPercentage": 0.861
    },
    {
      "playerOne": 3,
      "playerTwo": 22,
      "winPercentage": 72.92
    },
    {
      "playerOne": 3,
      "playerTwo": 23,
      "winPercentage": 71.165
    },
    {
      "playerOne": 3,
      "playerTwo": 24,
      "winPercentage": 51.344
    },
    {
      "playerOne": 3,
      "playerTwo": 25,
      "winPercentage": 84.697
    },
    {
      "playerOne": 3,
      "playerTwo": 26,
      "winPercentage": 69.021
    },
    {
      "playerOne": 3,
      "playerTwo": 27,
      "winPercentage": 64.078
    },
    {
      "playerOne": 3,
      "playerTwo": 28,
      "winPercentage": 15.153
    },
    {
      "playerOne": 3,
      "playerTwo": 29,
      "winPercentage": 86.522
    },
    {
      "playerOne": 3,
      "playerTwo": 30,
      "winPercentage": 64.464
    },
    {
      "playerOne": 3,
      "playerTwo": 31,
      "winPercentage": 26.243
    },
    {
      "playerOne": 3,
      "playerTwo": 32,
      "winPercentage": 42.302
    },
    {
      "playerOne": 3,
      "playerTwo": 33,
      "winPercentage": 91.629
    },
    {
      "playerOne": 3,
      "playerTwo": 34,
      "winPercentage": 82.208
    },
    {
      "playerOne": 3,
      "playerTwo": 35,
      "winPercentage": 0.428
    },
    {
      "playerOne": 3,
      "playerTwo": 36,
      "winPercentage": 85.423
    },
    {
      "playerOne": 3,
      "playerTwo": 37,
      "winPercentage": 78.576
    },
    {
      "playerOne": 3,
      "playerTwo": 38,
      "winPercentage": 31.501
    },
    {
      "playerOne": 3,
      "playerTwo": 39,
      "winPercentage": 56.081
    },
    {
      "playerOne": 4,
      "playerTwo": 5,
      "winPercentage": 28.045
    },
    {
      "playerOne": 4,
      "playerTwo": 6,
      "winPercentage": 93.244
    },
    {
      "playerOne": 4,
      "playerTwo": 7,
      "winPercentage": 26.345
    },
    {
      "playerOne": 4,
      "playerTwo": 8,
      "winPercentage": 14.764
    },
    {
      "playerOne": 4,
      "playerTwo": 9,
      "winPercentage": 89.515
    },
    {
      "playerOne": 4,
      "playerTwo": 10,
      "winPercentage": 60.982
    },
    {
      "playerOne": 4,
      "playerTwo": 11,
      "winPercentage": 65.377
    },
    {
      "playerOne": 4,
      "playerTwo": 12,
      "winPercentage": 30.158
    },
    {
      "playerOne": 4,
      "playerTwo": 13,
      "winPercentage": 67.64
    },
    {
      "playerOne": 4,
      "playerTwo": 14,
      "winPercentage": 2.468
    },
    {
      "playerOne": 4,
      "playerTwo": 15,
      "winPercentage": 64.793
    },
    {
      "playerOne": 4,
      "playerTwo": 16,
      "winPercentage": 17.326
    },
    {
      "playerOne": 4,
      "playerTwo": 17,
      "winPercentage": 45.016
    },
    {
      "playerOne": 4,
      "playerTwo": 18,
      "winPercentage": 71.438
    },
    {
      "playerOne": 4,
      "playerTwo": 19,
      "winPercentage": 99.847
    },
    {
      "playerOne": 4,
      "playerTwo": 20,
      "winPercentage": 76.75
    },
    {
      "playerOne": 4,
      "playerTwo": 21,
      "winPercentage": 99.076
    },
    {
      "playerOne": 4,
      "playerTwo": 22,
      "winPercentage": 6.097
    },
    {
      "playerOne": 4,
      "playerTwo": 23,
      "winPercentage": 93.12
    },
    {
      "playerOne": 4,
      "playerTwo": 24,
      "winPercentage": 45.883
    },
    {
      "playerOne": 4,
      "playerTwo": 25,
      "winPercentage": 98.599
    },
    {
      "playerOne": 4,
      "playerTwo": 26,
      "winPercentage": 63.117
    },
    {
      "playerOne": 4,
      "playerTwo": 27,
      "winPercentage": 99.202
    },
    {
      "playerOne": 4,
      "playerTwo": 28,
      "winPercentage": 42.974
    },
    {
      "playerOne": 4,
      "playerTwo": 29,
      "winPercentage": 88.726
    },
    {
      "playerOne": 4,
      "playerTwo": 30,
      "winPercentage": 25.116
    },
    {
      "playerOne": 4,
      "playerTwo": 31,
      "winPercentage": 12.464
    },
    {
      "playerOne": 4,
      "playerTwo": 32,
      "winPercentage": 2.343
    },
    {
      "playerOne": 4,
      "playerTwo": 33,
      "winPercentage": 26.305
    },
    {
      "playerOne": 4,
      "playerTwo": 34,
      "winPercentage": 60.297
    },
    {
      "playerOne": 4,
      "playerTwo": 35,
      "winPercentage": 24.805
    },
    {
      "playerOne": 4,
      "playerTwo": 36,
      "winPercentage": 64.299
    },
    {
      "playerOne": 4,
      "playerTwo": 37,
      "winPercentage": 83.225
    },
    {
      "playerOne": 4,
      "playerTwo": 38,
      "winPercentage": 76.052
    },
    {
      "playerOne": 4,
      "playerTwo": 39,
      "winPercentage": 6.688
    },
    {
      "playerOne": 5,
      "playerTwo": 6,
      "winPercentage": 74.291
    },
    {
      "playerOne": 5,
      "playerTwo": 7,
      "winPercentage": 42.098
    },
    {
      "playerOne": 5,
      "playerTwo": 8,
      "winPercentage": 29.543
    },
    {
      "playerOne": 5,
      "playerTwo": 9,
      "winPercentage": 47.639
    },
    {
      "playerOne": 5,
      "playerTwo": 10,
      "winPercentage": 50.518
    },
    {
      "playerOne": 5,
      "playerTwo": 11,
      "winPercentage": 82.145
    },
    {
      "playerOne": 5,
      "playerTwo": 12,
      "winPercentage": 96.777
    },
    {
      "playerOne": 5,
      "playerTwo": 13,
      "winPercentage": 24.305
    },
    {
      "playerOne": 5,
      "playerTwo": 14,
      "winPercentage": 8.076
    },
    {
      "playerOne": 5,
      "playerTwo": 15,
      "winPercentage": 15.068
    },
    {
      "playerOne": 5,
      "playerTwo": 16,
      "winPercentage": 72.653
    },
    {
      "playerOne": 5,
      "playerTwo": 17,
      "winPercentage": 10.805
    },
    {
      "playerOne": 5,
      "playerTwo": 18,
      "winPercentage": 75.889
    },
    {
      "playerOne": 5,
      "playerTwo": 19,
      "winPercentage": 54.198
    },
    {
      "playerOne": 5,
      "playerTwo": 20,
      "winPercentage": 30.449
    },
    {
      "playerOne": 5,
      "playerTwo": 21,
      "winPercentage": 51.012
    },
    {
      "playerOne": 5,
      "playerTwo": 22,
      "winPercentage": 77.136
    },
    {
      "playerOne": 5,
      "playerTwo": 23,
      "winPercentage": 38.725
    },
    {
      "playerOne": 5,
      "playerTwo": 24,
      "winPercentage": 70.258
    },
    {
      "playerOne": 5,
      "playerTwo": 25,
      "winPercentage": 36.279
    },
    {
      "playerOne": 5,
      "playerTwo": 26,
      "winPercentage": 48.02
    },
    {
      "playerOne": 5,
      "playerTwo": 27,
      "winPercentage": 6.915
    },
    {
      "playerOne": 5,
      "playerTwo": 28,
      "winPercentage": 54.001
    },
    {
      "playerOne": 5,
      "playerTwo": 29,
      "winPercentage": 53.487
    },
    {
      "playerOne": 5,
      "playerTwo": 30,
      "winPercentage": 93.512
    },
    {
      "playerOne": 5,
      "playerTwo": 31,
      "winPercentage": 68.798
    },
    {
      "playerOne": 5,
      "playerTwo": 32,
      "winPercentage": 80.978
    },
    {
      "playerOne": 5,
      "playerTwo": 33,
      "winPercentage": 46.049
    },
    {
      "playerOne": 5,
      "playerTwo": 34,
      "winPercentage": 8.232
    },
    {
      "playerOne": 5,
      "playerTwo": 35,
      "winPercentage": 80.388
    },
    {
      "playerOne": 5,
      "playerTwo": 36,
      "winPercentage": 79.665
    },
    {
      "playerOne": 5,
      "playerTwo": 37,
      "winPercentage": 83.81
    },
    {
      "playerOne": 5,
      "playerTwo": 38,
      "winPercentage": 77.1
    },
    {
      "playerOne": 5,
      "playerTwo": 39,
      "winPercentage": 24.978
    },
    {
      "playerOne": 6,
      "playerTwo": 7,
      "winPercentage": 64.194
    },
    {
      "playerOne": 6,
      "playerTwo": 8,
      "winPercentage": 12.934
    },
    {
      "playerOne": 6,
      "playerTwo": 9,
      "winPercentage": 99.982
    },
    {
      "playerOne": 6,
      "playerTwo": 10,
      "winPercentage": 31.527
    },
    {
      "playerOne": 6,
      "playerTwo": 11,
      "winPercentage": 77.63
    },
    {
      "playerOne": 6,
      "playerTwo": 12,
      "winPercentage": 87.531
    },
    {
      "playerOne": 6,
      "playerTwo": 13,
      "winPercentage": 5.727
    },
    {
      "playerOne": 6,
      "playerTwo": 14,
      "winPercentage": 1.531
    },
    {
      "playerOne": 6,
      "playerTwo": 15,
      "winPercentage": 66.571
    },
    {
      "playerOne": 6,
      "playerTwo": 16,
      "winPercentage": 5.88
    },
    {
      "playerOne": 6,
      "playerTwo": 17,
      "winPercentage": 20.356
    },
    {
      "playerOne": 6,
      "playerTwo": 18,
      "winPercentage": 20.402
    },
    {
      "playerOne": 6,
      "playerTwo": 19,
      "winPercentage": 54.236
    },
    {
      "playerOne": 6,
      "playerTwo": 20,
      "winPercentage": 97.222
    },
    {
      "playerOne": 6,
      "playerTwo": 21,
      "winPercentage": 80.918
    },
    {
      "playerOne": 6,
      "playerTwo": 22,
      "winPercentage": 38.036
    },
    {
      "playerOne": 6,
      "playerTwo": 23,
      "winPercentage": 69.089
    },
    {
      "playerOne": 6,
      "playerTwo": 24,
      "winPercentage": 65.9
    },
    {
      "playerOne": 6,
      "playerTwo": 25,
      "winPercentage": 90.45
    },
    {
      "playerOne": 6,
      "playerTwo": 26,
      "winPercentage": 51.042
    },
    {
      "playerOne": 6,
      "playerTwo": 27,
      "winPercentage": 69.514
    },
    {
      "playerOne": 6,
      "playerTwo": 28,
      "winPercentage": 83.188
    },
    {
      "playerOne": 6,
      "playerTwo": 29,
      "winPercentage": 27.298
    },
    {
      "playerOne": 6,
      "playerTwo": 30,
      "winPercentage": 53.254
    },
    {
      "playerOne": 6,
      "playerTwo": 31,
      "winPercentage": 94.165
    },
    {
      "playerOne": 6,
      "playerTwo": 32,
      "winPercentage": 53.91
    },
    {
      "playerOne": 6,
      "playerTwo": 33,
      "winPercentage": 32.953
    },
    {
      "playerOne": 6,
      "playerTwo": 34,
      "winPercentage": 34.661
    },
    {
      "playerOne": 6,
      "playerTwo": 35,
      "winPercentage": 60.053
    },
    {
      "playerOne": 6,
      "playerTwo": 36,
      "winPercentage": 98.264
    },
    {
      "playerOne": 6,
      "playerTwo": 37,
      "winPercentage": 58.512
    },
    {
      "playerOne": 6,
      "playerTwo": 38,
      "winPercentage": 76.713
    },
    {
      "playerOne": 6,
      "playerTwo": 39,
      "winPercentage": 27.896
    },
    {
      "playerOne": 7,
      "playerTwo": 8,
      "winPercentage": 45.036
    },
    {
      "playerOne": 7,
      "playerTwo": 9,
      "winPercentage": 88.194
    },
    {
      "playerOne": 7,
      "playerTwo": 10,
      "winPercentage": 1.751
    },
    {
      "playerOne": 7,
      "playerTwo": 11,
      "winPercentage": 39.11
    },
    {
      "playerOne": 7,
      "playerTwo": 12,
      "winPercentage": 92.235
    },
    {
      "playerOne": 7,
      "playerTwo": 13,
      "winPercentage": 72.03
    },
    {
      "playerOne": 7,
      "playerTwo": 14,
      "winPercentage": 45.401
    },
    {
      "playerOne": 7,
      "playerTwo": 15,
      "winPercentage": 2.792
    },
    {
      "playerOne": 7,
      "playerTwo": 16,
      "winPercentage": 72.281
    },
    {
      "playerOne": 7,
      "playerTwo": 17,
      "winPercentage": 51.565
    },
    {
      "playerOne": 7,
      "playerTwo": 18,
      "winPercentage": 71.344
    },
    {
      "playerOne": 7,
      "playerTwo": 19,
      "winPercentage": 91.862
    },
    {
      "playerOne": 7,
      "playerTwo": 20,
      "winPercentage": 69.206
    },
    {
      "playerOne": 7,
      "playerTwo": 21,
      "winPercentage": 69.598
    },
    {
      "playerOne": 7,
      "playerTwo": 22,
      "winPercentage": 45.587
    },
    {
      "playerOne": 7,
      "playerTwo": 23,
      "winPercentage": 10.908
    },
    {
      "playerOne": 7,
      "playerTwo": 24,
      "winPercentage": 35.689
    },
    {
      "playerOne": 7,
      "playerTwo": 25,
      "winPercentage": 74.426
    },
    {
      "playerOne": 7,
      "playerTwo": 26,
      "winPercentage": 33.974
    },
    {
      "playerOne": 7,
      "playerTwo": 27,
      "winPercentage": 94.139
    },
    {
      "playerOne": 7,
      "playerTwo": 28,
      "winPercentage": 69.163
    },
    {
      "playerOne": 7,
      "playerTwo": 29,
      "winPercentage": 25.999
    },
    {
      "playerOne": 7,
      "playerTwo": 30,
      "winPercentage": 62.629
    },
    {
      "playerOne": 7,
      "playerTwo": 31,
      "winPercentage": 26.612
    },
    {
      "playerOne": 7,
      "playerTwo": 32,
      "winPercentage": 84.804
    },
    {
      "playerOne": 7,
      "playerTwo": 33,
      "winPercentage": 1024.0
    },
    {
      "playerOne": 7,
      "playerTwo": 34,
      "winPercentage": 53.991
    },
    {
      "playerOne": 7,
      "playerTwo": 35,
      "winPercentage": 63.121
    },
    {
      "playerOne": 7,
      "playerTwo": 36,
      "winPercentage": 55.068
    },
    {
      "playerOne": 7,
      "playerTwo": 37,
      "winPercentage": 66.784
    },
    {
      "playerOne": 7,
      "playerTwo": 38,
      "winPercentage": 33.573
    },
    {
      "playerOne": 7,
      "playerTwo": 39,
      "winPercentage": 18.829
    },
    {
      "playerOne": 8,
      "playerTwo": 9,
      "winPercentage": 21.074
    },
    {
      "playerOne": 8,
      "playerTwo": 10,
      "winPercentage": 45.816
    },
    {
      "playerOne": 8,
      "playerTwo": 11,
      "winPercentage": 55.413
    },
    {
      "playerOne": 8,
      "playerTwo": 12,
      "winPercentage": 23.606
    },
    {
      "playerOne": 8,
      "playerTwo": 13,
      "winPercentage": 53.576
    },
    {
      "playerOne": 8,
      "playerTwo": 14,
      "winPercentage": 43.693
    },
    {
      "playerOne": 8,
      "playerTwo": 15,
      "winPercentage": 55.178
    },
    {
      "playerOne": 8,
      "playerTwo": 16,
      "winPercentage": 21.115
    },
    {
      "playerOne": 8,
      "playerTwo": 17,
      "winPercentage": 29.499
    },
    {
      "playerOne": 8,
      "playerTwo": 18,
      "winPercentage": 17.704
    },
    {
      "playerOne": 8,
      "playerTwo": 19,
      "winPercentage": 6.923
    },
    {
      "playerOne": 8,
      "playerTwo": 20,
      "winPercentage": 62.375
    },
    {
      "playerOne": 8,
      "playerTwo": 21,
      "winPercentage": 40.997
    },
    {
      "playerOne": 8,
      "playerTwo": 22,
      "winPercentage": 10.764
    },
    {
      "playerOne": 8,
      "playerTwo": 23,
      "winPercentage": 8.789
    },
    {
      "playerOne": 8,
      "playerTwo": 24,
      "winPercentage": 58.052
    },
    {
      "playerOne": 8,
      "playerTwo": 25,
      "winPercentage": 30.946
    },
    {
      "playerOne": 8,
      "playerTwo": 26,
      "winPercentage": 96.577
    },
    {
      "playerOne": 8,
      "playerTwo": 27,
      "winPercentage": 85.808
    },
    {
      "playerOne": 8,
      "playerTwo": 28,
      "winPercentage": 62.98
    },
    {
      "playerOne": 8,
      "playerTwo": 29,
      "winPercentage": 32.105
    },
    {
      "playerOne": 8,
      "playerTwo": 30,
      "winPercentage": 53.0
    },
    {
      "playerOne": 8,
      "playerTwo": 31,
      "winPercentage": 12.106
    },
    {
      "playerOne": 8,
      "playerTwo": 32,
      "winPercentage": 70.705
    },
    {
      "playerOne": 8,
      "playerTwo": 33,
      "winPercentage": 67.942
    },
    {
      "playerOne": 8,
      "playerTwo": 34,
      "winPercentage": 69.994
    },
    {
      "playerOne": 8,
      "playerTwo": 35,
      "winPercentage": 49.063
    },
    {
      "playerOne": 8,
      "playerTwo": 36,
      "winPercentage": 75.994
    },
    {
      "playerOne": 8,
      "playerTwo": 37,
      "winPercentage": 37.021
    },
    {
      "playerOne": 8,
      "playerTwo": 38,
      "winPercentage": 18.187
    },
    {
      "playerOne": 8,
      "playerTwo": 39,
      "winPercentage": 42.607
    },
    {
      "playerOne": 9,
      "playerTwo": 10,
      "winPercentage": 72.241
    },
    {
      "playerOne": 9,
      "playerTwo": 11,
      "winPercentage": 55.755
    },
    {
      "playerOne": 9,
      "playerTwo": 12,
      "winPercentage": 13.707
    },
    {
      "playerOne": 9,
      "playerTwo": 13,
      "winPercentage": 88.534
    },
    {
      "playerOne": 9,
      "playerTwo": 14,
      "winPercentage": 71.59
    },
    {
      "playerOne": 9,
      "playerTwo": 15,
      "winPercentage": 46.709
    },
    {
      "playerOne": 9,
      "playerTwo": 16,
      "winPercentage": 59.413
    },
    {
      "playerOne": 9,
      "playerTwo": 17,
      "winPercentage": 69.231
    },
    {
      "playerOne": 9,
      "playerTwo": 18,
      "winPercentage": 82.888
    },
    {
      "playerOne": 9,
      "playerTwo": 19,
      "winPercentage": 8.111
    },
    {
      "playerOne": 9,
      "playerTwo": 20,
      "winPercentage": 11.623
    },
    {
      "playerOne": 9,
      "playerTwo": 21,
      "winPercentage": 32.276
    },
    {
      "playerOne": 9,
      "playerTwo": 22,
      "winPercentage": 62.265
    },
    {
      "playerOne": 9,
      "playerTwo": 23,
      "winPercentage": 29.241
    },
    {
      "playerOne": 9,
      "playerTwo": 24,
      "winPercentage": 91.056
    },
    {
      "playerOne": 9,
      "playerTwo": 25,
      "winPercentage": 57.732
    },
    {
      "playerOne": 9,
      "playerTwo": 26,
      "winPercentage": 60.778
    },
    {
      "playerOne": 9,
      "playerTwo": 27,
      "winPercentage": 73.266
    },
    {
      "playerOne": 9,
      "playerTwo": 28,
      "winPercentage": 47.057
    },
    {
      "playerOne": 9,
      "playerTwo": 29,
      "winPercentage": 63.624
    },
    {
      "playerOne": 9,
      "playerTwo": 30,
      "winPercentage": 61.175
    },
    {
      "playerOne": 9,
      "playerTwo": 31,
      "winPercentage": 11.207
    },
    {
      "playerOne": 9,
      "playerTwo": 32,
      "winPercentage": 4.271
    },
    {
      "playerOne": 9,
      "playerTwo": 33,
      "winPercentage": 23.68
    },
    {
      "playerOne": 9,
      "playerTwo": 34,
      "winPercentage": 91.238
    },
    {
      "playerOne": 9,
      "playerTwo": 35,
      "winPercentage": 33.784
    },
    {
      "playerOne": 9,
      "playerTwo": 36,
      "winPercentage": 85.252
    },
    {
      "playerOne": 9,
      "playerTwo": 37,
      "winPercentage": 53.137
    },
    {
      "playerOne": 9,
      "playerTwo": 38,
      "winPercentage": 95.79
    },
    {
      "playerOne": 9,
      "playerTwo": 39,
      "winPercentage": 78.726
    },
    {
      "playerOne": 10,
      "playerTwo": 11,
      "winPercentage": 29.636
    },
    {
      "playerOne": 10,
      "playerTwo": 12,
      "winPercentage": 49.052
    },
    {
      "playerOne": 10,
      "playerTwo": 13,
      "winPercentage": 49.61
    },
    {
      "playerOne": 10,
      "playerTwo": 14,
      "winPercentage": 89.419
    },
    {
      "playerOne": 10,
      "playerTwo": 15,
      "winPercentage": 51.999
    },
    {
      "playerOne": 10,
      "playerTwo": 16,
      "winPercentage": 38.68
    },
    {
      "playerOne": 10,
      "playerTwo": 17,
      "winPercentage": 93.081
    },
    {
      "playerOne": 10,
      "playerTwo": 18,
      "winPercentage": 71.627
    },
    {
      "playerOne": 10,
      "playerTwo": 19,
      "winPercentage": 28.015
    },
    {
      "playerOne": 10,
      "playerTwo": 20,
      "winPercentage": 47.992
    },
    {
      "playerOne": 10,
      "playerTwo": 21,
      "winPercentage": 44.376
    },
    {
      "playerOne": 10,
      "playerTwo": 22,
      "winPercentage": 13.509
    },
    {
      "playerOne": 10,
      "playerTwo": 23,
      "winPercentage": 57.425
    },
    {
      "playerOne": 10,
      "playerTwo": 24,
      "winPercentage": 78.472
    },
    {
      "playerOne": 10,
      "playerTwo": 25,
      "winPercentage": 45.251
    },
    {
      "playerOne": 10,
      "playerTwo": 26,
      "winPercentage": 82.06
    },
    {
      "playerOne": 10,
      "playerTwo": 27,
      "winPercentage": 29.099
    },
    {
      "playerOne": 10,
      "playerTwo": 28,
      "winPercentage": 70.244
    },
    {
      "playerOne": 10,
      "playerTwo": 29,
      "winPercentage": 75.351
    },
    {
      "playerOne": 10,
      "playerTwo": 30,
      "winPercentage": 64.819
    },
    {
      "playerOne": 10,
      "playerTwo": 31,
      "winPercentage": 43.204
    },
    {
      "playerOne": 10,
      "playerTwo": 32,
      "winPercentage": 92.397
    },
    {
      "playerOne": 10,
      "playerTwo": 33,
      "winPercentage": 63.522
    },
    {
      "playerOne": 10,
      "playerTwo": 34,
      "winPercentage": 52.111
    },
    {
      "playerOne": 10,
      "playerTwo": 35,
      "winPercentage": 10.088
    },
    {
      "playerOne": 10,
      "playerTwo": 36,
      "winPercentage": 89.484
    },
    {
      "playerOne": 10,
      "playerTwo": 37,
      "winPercentage": 28.579
    },
    {
      "playerOne": 10,
      "playerTwo": 38,
      "winPercentage": 95.875
    },
    {
      "playerOne": 10,
      "playerTwo": 39,
      "winPercentage": 25.801
    },
    {
      "playerOne": 11,
      "playerTwo": 12,
      "winPercentage": 20.507
    },
    {
      "playerOne": 11,
      "playerTwo": 13,
      "winPercentage": 20.538
    },
    {
      "playerOne": 11,
      "playerTwo": 14,
      "winPercentage": 83.001
    },
    {
      "playerOne": 11,
      "playerTwo": 15,
      "winPercentage": 37.589
    },
    {
      "playerOne": 11,
      "playerTwo": 16,
      "winPercentage": 44.172
    },
    {
      "playerOne": 11,
      "playerTwo": 17,
      "winPercentage": 65.691
    },
    {
      "playerOne": 11,
      "playerTwo": 18,
      "winPercentage": 95.443
    },
    {
      "playerOne": 11,
      "playerTwo": 19,
      "winPercentage": 16.633
    },
    {
      "playerOne": 11,
      "playerTwo": 20,
      "winPercentage": 71.593
    },
    {
      "playerOne": 11,
      "playerTwo": 21,
      "winPercentage": 83.747
    },
    {
      "playerOne": 11,
      "playerTwo": 22,
      "winPercentage": 0.484
    },
    {
      "playerOne": 11,
      "playerTwo": 23,
      "winPercentage": 70.093
    },
    {
      "playerOne": 11,
      "playerTwo": 24,
      "winPercentage": 33.539
    },
    {
      "playerOne": 11,
      "playerTwo": 25,
      "winPercentage": 86.893
    },
    {
      "playerOne": 11,
      "playerTwo": 26,
      "winPercentage": 83.855
    },
    {
      "playerOne": 11,
      "playerTwo": 27,
      "winPercentage": 19.457
    },
    {
      "playerOne": 11,
      "playerTwo": 28,
      "winPercentage": 99.541
    },
    {
      "playerOne": 11,
      "playerTwo": 29,
      "winPercentage": 87.211
    },
    {
      "playerOne": 11,
      "playerTwo": 30,
      "winPercentage": 91.407
    },
    {
      "playerOne": 11,
      "playerTwo": 31,
      "winPercentage": 15.008
    },
    {
      "playerOne": 11,
      "playerTwo": 32,
      "winPercentage": 73.71
    },
    {
      "playerOne": 11,
      "playerTwo": 33,
      "winPercentage": 93.07
    },
    {
      "playerOne": 11,
      "playerTwo": 34,
      "winPercentage": 42.536
    },
    {
      "playerOne": 11,
      "playerTwo": 35,
      "winPercentage": 77.966
    },
    {
      "playerOne": 11,
      "playerTwo": 36,
      "winPercentage": 75.7
    },
    {
      "playerOne": 11,
      "playerTwo": 37,
      "winPercentage": 2404.6
    },
    {
      "playerOne": 11,
      "playerTwo": 38,
      "winPercentage": 44.617
    },
    {
      "playerOne": 11,
      "playerTwo": 39,
      "winPercentage": 57.119
    },
    {
      "playerOne": 12,
      "playerTwo": 13,
      "winPercentage": 9.927
    },
    {
      "playerOne": 12,
      "playerTwo": 14,
      "winPercentage": 18.603
    },
    {
      "playerOne": 12,
      "playerTwo": 15,
      "winPercentage": 76.171
    },
    {
      "playerOne": 12,
      "playerTwo": 16,
      "winPercentage": 89.794
    },
    {
      "playerOne": 12,
      "playerTwo": 17,
      "winPercentage": 20.093
    },
    {
      "playerOne": 12,
      "playerTwo": 18,
      "winPercentage": 17.756
    },
    {
      "playerOne": 12,
      "playerTwo": 19,
      "winPercentage": 30.764
    },
    {
      "playerOne": 12,
      "playerTwo": 20,
      "winPercentage": 72.127
    },
    {
      "playerOne": 12,
      "playerTwo": 21,
      "winPercentage": 1.736
    },
    {
      "playerOne": 12,
      "playerTwo": 22,
      "winPercentage": 11.12
    },
    {
      "playerOne": 12,
      "playerTwo": 23,
      "winPercentage": 38.764
    },
    {
      "playerOne": 12,
      "playerTwo": 24,
      "winPercentage": 65.928
    },
    {
      "playerOne": 12,
      "playerTwo": 25,
      "winPercentage": 50.187
    },
    {
      "playerOne": 12,
      "playerTwo": 26,
      "winPercentage": 91.822
    },
    {
      "playerOne": 12,
      "playerTwo": 27,
      "winPercentage": 4.544
    },
    {
      "playerOne": 12,
      "playerTwo": 28,
      "winPercentage": 87.541
    },
    {
      "playerOne": 12,
      "playerTwo": 29,
      "winPercentage": 26.034
    },
    {
      "playerOne": 12,
      "playerTwo": 30,
      "winPercentage": 73.716
    },
    {
      "playerOne": 12,
      "playerTwo": 31,
      "winPercentage": 87.677
    },
    {
      "playerOne": 12,
      "playerTwo": 32,
      "winPercentage": 45.365
    },
    {
      "playerOne": 12,
      "playerTwo": 33,
      "winPercentage": 5.902
    },
    {
      "playerOne": 12,
      "playerTwo": 34,
      "winPercentage": 3.598
    },
    {
      "playerOne": 12,
      "playerTwo": 35,
      "winPercentage": 49.046
    },
    {
      "playerOne": 12,
      "playerTwo": 36,
      "winPercentage": 96.864
    },
    {
      "playerOne": 12,
      "playerTwo": 37,
      "winPercentage": 98.678
    },
    {
      "playerOne": 12,
      "playerTwo": 38,
      "winPercentage": 54.854
    },
    {
      "playerOne": 12,
      "playerTwo": 39,
      "winPercentage": 11.019
    },
    {
      "playerOne": 13,
      "playerTwo": 14,
      "winPercentage": 98.82
    },
    {
      "playerOne": 13,
      "playerTwo": 15,
      "winPercentage": 5.983
    },
    {
      "playerOne": 13,
      "playerTwo": 16,
      "winPercentage": 94.103
    },
    {
      "playerOne": 13,
      "playerTwo": 17,
      "winPercentage": 62.301
    },
    {
      "playerOne": 13,
      "playerTwo": 18,
      "winPercentage": 82.329
    },
    {
      "playerOne": 13,
      "playerTwo": 19,
      "winPercentage": 79.058
    },
    {
      "playerOne": 13,
      "playerTwo": 20,
      "winPercentage": 43.589
    },
    {
      "playerOne": 13,
      "playerTwo": 21,
      "winPercentage": 22.435
    },
    {
      "playerOne": 13,
      "playerTwo": 22,
      "winPercentage": 74.691
    },
    {
      "playerOne": 13,
      "playerTwo": 23,
      "winPercentage": 52.26
    },
    {
      "playerOne": 13,
      "playerTwo": 24,
      "winPercentage": 27.339
    },
    {
      "playerOne": 13,
      "playerTwo": 25,
      "winPercentage": 54.494
    },
    {
      "playerOne": 13,
      "playerTwo": 26,
      "winPercentage": 8.03
    },
    {
      "playerOne": 13,
      "playerTwo": 27,
      "winPercentage": 91.657
    },
    {
      "playerOne": 13,
      "playerTwo": 28,
      "winPercentage": 91.042
    },
    {
      "playerOne": 13,
      "playerTwo": 29,
      "winPercentage": 61.301
    },
    {
      "playerOne": 13,
      "playerTwo": 30,
      "winPercentage": 3.27
    },
    {
      "playerOne": 13,
      "playerTwo": 31,
      "winPercentage": 52.397
    },
    {
      "playerOne": 13,
      "playerTwo": 32,
      "winPercentage": 90.453
    },
    {
      "playerOne": 13,
      "playerTwo": 33,
      "winPercentage": 7.381
    },
    {
      "playerOne": 13,
      "playerTwo": 34,
      "winPercentage": 68.565
    },
    {
      "playerOne": 13,
      "playerTwo": 35,
      "winPercentage": 10.815
    },
    {
      "playerOne": 13,
      "playerTwo": 36,
      "winPercentage": 12.144
    },
    {
      "playerOne": 13,
      "playerTwo": 37,
      "winPercentage": 9.556
    },
    {
      "playerOne": 13,
      "playerTwo": 38,
      "winPercentage": 75.305
    },
    {
      "playerOne": 13,
      "playerTwo": 39,
      "winPercentage": 92.354
    },
    {
      "playerOne": 14,
      "playerTwo": 15,
      "winPercentage": 56.502
    },
    {
      "playerOne": 14,
      "playerTwo": 16,
      "winPercentage": 68.989
    },
    {
      "playerOne": 14,
      "playerTwo": 17,
      "winPercentage": 44.344
    },
    {
      "playerOne": 14,
      "playerTwo": 18,
      "winPercentage": 73.351
    },
    {
      "playerOne": 14,
      "playerTwo": 19,
      "winPercentage": 49.863
    },
    {
      "playerOne": 14,
      "playerTwo": 20,
      "winPercentage": 30.885
    },
    {
      "playerOne": 14,
      "playerTwo": 21,
      "winPercentage": 99.289
    },
    {
      "playerOne": 14,
      "playerTwo": 22,
      "winPercentage": 47.2
    },
    {
      "playerOne": 14,
      "playerTwo": 23,
      "winPercentage": 4.098
    },
    {
      "playerOne": 14,
      "playerTwo": 24,
      "winPercentage": 45.618
    },
    {
      "playerOne": 14,
      "playerTwo": 25,
      "winPercentage": 33.4
    },
    {
      "playerOne": 14,
      "playerTwo": 26,
      "winPercentage": 96.862
    },
    {
      "playerOne": 14,
      "playerTwo": 27,
      "winPercentage": 39.001
    },
    {
      "playerOne": 14,
      "playerTwo": 28,
      "winPercentage": 66.139
    },
    {
      "playerOne": 14,
      "playerTwo": 29,
      "winPercentage": 76.176
    },
    {
      "playerOne": 14,
      "playerTwo": 30,
      "winPercentage": 39.563
    },
    {
      "playerOne": 14,
      "playerTwo": 31,
      "winPercentage": 77.457
    },
    {
      "playerOne": 14,
      "playerTwo": 32,
      "winPercentage": 16.432
    },
    {
      "playerOne": 14,
      "playerTwo": 33,
      "winPercentage": 73.065
    },
    {
      "playerOne": 14,
      "playerTwo": 34,
      "winPercentage": 66.849
    },
    {
      "playerOne": 14,
      "playerTwo": 35,
      "winPercentage": 43.028
    },
    {
      "playerOne": 14,
      "playerTwo": 36,
      "winPercentage": 31.665
    },
    {
      "playerOne": 14,
      "playerTwo": 37,
      "winPercentage": 8.355
    },
    {
      "playerOne": 14,
      "playerTwo": 38,
      "winPercentage": 86.822
    },
    {
      "playerOne": 14,
      "playerTwo": 39,
      "winPercentage": 69.547
    },
    {
      "playerOne": 15,
      "playerTwo": 16,
      "winPercentage": 87.501
    },
    {
      "playerOne": 15,
      "playerTwo": 17,
      "winPercentage": 15.519
    },
    {
      "playerOne": 15,
      "playerTwo": 18,
      "winPercentage": 90.791
    },
    {
      "playerOne": 15,
      "playerTwo": 19,
      "winPercentage": 82.857
    },
    {
      "playerOne": 15,
      "playerTwo": 20,
      "winPercentage": 46.885
    },
    {
      "playerOne": 15,
      "playerTwo": 21,
      "winPercentage": 41.012
    },
    {
      "playerOne": 15,
      "playerTwo": 22,
      "winPercentage": 80.047
    },
    {
      "playerOne": 15,
      "playerTwo": 23,
      "winPercentage": 4.409
    },
    {
      "playerOne": 15,
      "playerTwo": 24,
      "winPercentage": 28.808
    },
    {
      "playerOne": 15,
      "playerTwo": 25,
      "winPercentage": 59.318
    },
    {
      "playerOne": 15,
      "playerTwo": 26,
      "winPercentage": 91.274
    },
    {
      "playerOne": 15,
      "playerTwo": 27,
      "winPercentage": 50.828
    },
    {
      "playerOne": 15,
      "playerTwo": 28,
      "winPercentage": 48.543
    },
    {
      "playerOne": 15,
      "playerTwo": 29,
      "winPercentage": 67.418
    },
    {
      "playerOne": 15,
      "playerTwo": 30,
      "winPercentage": 42.797
    },
    {
      "playerOne": 15,
      "playerTwo": 31,
      "winPercentage": 49.085
    },
    {
      "playerOne": 15,
      "playerTwo": 32,
      "winPercentage": 67.508
    },
    {
      "playerOne": 15,
      "playerTwo": 33,
      "winPercentage": 83.921
    },
    {
      "playerOne": 15,
      "playerTwo": 34,
      "winPercentage": 77.741
    },
    {
      "playerOne": 15,
      "playerTwo": 35,
      "winPercentage": 92.942
    },
    {
      "playerOne": 15,
      "playerTwo": 36,
      "winPercentage": 11.236
    },
    {
      "playerOne": 15,
      "playerTwo": 37,
      "winPercentage": 17.187
    },
    {
      "playerOne": 15,
      "playerTwo": 38,
      "winPercentage": 41.123
    },
    {
      "playerOne": 15,
      "playerTwo": 39,
      "winPercentage": 51.632
    },
    {
      "playerOne": 16,
      "playerTwo": 17,
      "winPercentage": 14.886
    },
    {
      "playerOne": 16,
      "playerTwo": 18,
      "winPercentage": 0.919
    },
    {
      "playerOne": 16,
      "playerTwo": 19,
      "winPercentage": 62.642
    },
    {
      "playerOne": 16,
      "playerTwo": 20,
      "winPercentage": 65.136
    },
    {
      "playerOne": 16,
      "playerTwo": 21,
      "winPercentage": 67.342
    },
    {
      "playerOne": 16,
      "playerTwo": 22,
      "winPercentage": 91.07
    },
    {
      "playerOne": 16,
      "playerTwo": 23,
      "winPercentage": 69.964
    },
    {
      "playerOne": 16,
      "playerTwo": 24,
      "winPercentage": 59.948
    },
    {
      "playerOne": 16,
      "playerTwo": 25,
      "winPercentage": 60.464
    },
    {
      "playerOne": 16,
      "playerTwo": 26,
      "winPercentage": 78.551
    },
    {
      "playerOne": 16,
      "playerTwo": 27,
      "winPercentage": 68.875
    },
    {
      "playerOne": 16,
      "playerTwo": 28,
      "winPercentage": 13.943
    },
    {
      "playerOne": 16,
      "playerTwo": 29,
      "winPercentage": 8.667
    },
    {
      "playerOne": 16,
      "playerTwo": 30,
      "winPercentage": 81.035
    },
    {
      "playerOne": 16,
      "playerTwo": 31,
      "winPercentage": 35.971
    },
    {
      "playerOne": 16,
      "playerTwo": 32,
      "winPercentage": 17.683
    },
    {
      "playerOne": 16,
      "playerTwo": 33,
      "winPercentage": 75.603
    },
    {
      "playerOne": 16,
      "playerTwo": 34,
      "winPercentage": 54.667
    },
    {
      "playerOne": 16,
      "playerTwo": 35,
      "winPercentage": 56.708
    },
    {
      "playerOne": 16,
      "playerTwo": 36,
      "winPercentage": 49.568
    },
    {
      "playerOne": 16,
      "playerTwo": 37,
      "winPercentage": 1.435
    },
    {
      "playerOne": 16,
      "playerTwo": 38,
      "winPercentage": 62.205
    },
    {
      "playerOne": 16,
      "playerTwo": 39,
      "winPercentage": 54.486
    },
    {
      "playerOne": 17,
      "playerTwo": 18,
      "winPercentage": 20.367
    },
    {
      "playerOne": 17,
      "playerTwo": 19,
      "winPercentage": 35.623
    },
    {
      "playerOne": 17,
      "playerTwo": 20,
      "winPercentage": 60.447
    },
    {
      "playerOne": 17,
      "playerTwo": 21,
      "winPercentage": 14.596
    },
    {
      "playerOne": 17,
      "playerTwo": 22,
      "winPercentage": 81.363
    },
    {
      "playerOne": 17,
      "playerTwo": 23,
      "winPercentage": 87.184
    },
    {
      "playerOne": 17,
      "playerTwo": 24,
      "winPercentage": 28.721
    },
    {
      "playerOne": 17,
      "playerTwo": 25,
      "winPercentage": 8.536
    },
    {
      "playerOne": 17,
      "playerTwo": 26,
      "winPercentage": 68.992
    },
    {
      "playerOne": 17,
      "playerTwo": 27,
      "winPercentage": 87.578
    },
    {
      "playerOne": 17,
      "playerTwo": 28,
      "winPercentage": 95.758
    },
    {
      "playerOne": 17,
      "playerTwo": 29,
      "winPercentage": 27.112
    },
    {
      "playerOne": 17,
      "playerTwo": 30,
      "winPercentage": 7.653
    },
    {
      "playerOne": 17,
      "playerTwo": 31,
      "winPercentage": 6.886
    },
    {
      "playerOne": 17,
      "playerTwo": 32,
      "winPercentage": 85.064
    },
    {
      "playerOne": 17,
      "playerTwo": 33,
      "winPercentage": 31.459
    },
    {
      "playerOne": 17,
      "playerTwo": 34,
      "winPercentage": 5.475
    },
    {
      "playerOne": 17,
      "playerTwo": 35,
      "winPercentage": 61.989
    },
    {
      "playerOne": 17,
      "playerTwo": 36,
      "winPercentage": 58.455
    },
    {
      "playerOne": 17,
      "playerTwo": 37,
      "winPercentage": 72.331
    },
    {
      "playerOne": 17,
      "playerTwo": 38,
      "winPercentage": 2.825
    },
    {
      "playerOne": 17,
      "playerTwo": 39,
      "winPercentage": 78.913
    },
    {
      "playerOne": 18,
      "playerTwo": 19,
      "winPercentage": 0.842
    },
    {
      "playerOne": 18,
      "playerTwo": 20,
      "winPercentage": 99.505
    },
    {
      "playerOne": 18,
      "playerTwo": 21,
      "winPercentage": 96.476
    },
    {
      "playerOne": 18,
      "playerTwo": 22,
      "winPercentage": 86.38
    },
    {
      "playerOne": 18,
      "playerTwo": 23,
      "winPercentage": 13.674
    },
    {
      "playerOne": 18,
      "playerTwo": 24,
      "winPercentage": 99.293
    },
    {
      "playerOne": 18,
      "playerTwo": 25,
      "winPercentage": 17.551
    },
    {
      "playerOne": 18,
      "playerTwo": 26,
      "winPercentage": 80.523
    },
    {
      "playerOne": 18,
      "playerTwo": 27,
      "winPercentage": 96.608
    },
    {
      "playerOne": 18,
      "playerTwo": 28,
      "winPercentage": 83.85
    },
    {
      "playerOne": 18,
      "playerTwo": 29,
      "winPercentage": 85.194
    },
    {
      "playerOne": 18,
      "playerTwo": 30,
      "winPercentage": 28.756
    },
    {
      "playerOne": 18,
      "playerTwo": 31,
      "winPercentage": 80.864
    },
    {
      "playerOne": 18,
      "playerTwo": 32,
      "winPercentage": 87.835
    },
    {
      "playerOne": 18,
      "playerTwo": 33,
      "winPercentage": 44.367
    },
    {
      "playerOne": 18,
      "playerTwo": 34,
      "winPercentage": 59.027
    },
    {
      "playerOne": 18,
      "playerTwo": 35,
      "winPercentage": 89.905
    },
    {
      "playerOne": 18,
      "playerTwo": 36,
      "winPercentage": 15.688
    },
    {
      "playerOne": 18,
      "playerTwo": 37,
      "winPercentage": 66.313
    },
    {
      "playerOne": 18,
      "playerTwo": 38,
      "winPercentage": 30.511
    },
    {
      "playerOne": 18,
      "playerTwo": 39,
      "winPercentage": 60.679
    },
    {
      "playerOne": 19,
      "playerTwo": 20,
      "winPercentage": 31.592
    },
    {
      "playerOne": 19,
      "playerTwo": 21,
      "winPercentage": 63.504
    },
    {
      "playerOne": 19,
      "playerTwo": 22,
      "winPercentage": 61.025
    },
    {
      "playerOne": 19,
      "playerTwo": 23,
      "winPercentage": 27.283
    },
    {
      "playerOne": 19,
      "playerTwo": 24,
      "winPercentage": 39.208
    },
    {
      "playerOne": 19,
      "playerTwo": 25,
      "winPercentage": 87.409
    },
    {
      "playerOne": 19,
      "playerTwo": 26,
      "winPercentage": 63.862
    },
    {
      "playerOne": 19,
      "playerTwo": 27,
      "winPercentage": 16.125
    },
    {
      "playerOne": 19,
      "playerTwo": 28,
      "winPercentage": 89.429
    },
    {
      "playerOne": 19,
      "playerTwo": 29,
      "winPercentage": 34.42
    },
    {
      "playerOne": 19,
      "playerTwo": 30,
      "winPercentage": 40.445
    },
    {
      "playerOne": 19,
      "playerTwo": 31,
      "winPercentage": 0.49
    },
    {
      "playerOne": 19,
      "playerTwo": 32,
      "winPercentage": 51.538
    },
    {
      "playerOne": 19,
      "playerTwo": 33,
      "winPercentage": 60.048
    },
    {
      "playerOne": 19,
      "playerTwo": 34,
      "winPercentage": 84.792
    },
    {
      "playerOne": 19,
      "playerTwo": 35,
      "winPercentage": 12.707
    },
    {
      "playerOne": 19,
      "playerTwo": 36,
      "winPercentage": 16.455
    },
    {
      "playerOne": 19,
      "playerTwo": 37,
      "winPercentage": 51.451
    },
    {
      "playerOne": 19,
      "playerTwo": 38,
      "winPercentage": 99.275
    },
    {
      "playerOne": 19,
      "playerTwo": 39,
      "winPercentage": 38.266
    },
    {
      "playerOne": 20,
      "playerTwo": 21,
      "winPercentage": 28.552
    },
    {
      "playerOne": 20,
      "playerTwo": 22,
      "winPercentage": 12.328
    },
    {
      "playerOne": 20,
      "playerTwo": 23,
      "winPercentage": 28.142
    },
    {
      "playerOne": 20,
      "playerTwo": 24,
      "winPercentage": 88.65
    },
    {
      "playerOne": 20,
      "playerTwo": 25,
      "winPercentage": 54.027
    },
    {
      "playerOne": 20,
      "playerTwo": 26,
      "winPercentage": 35.622
    },
    {
      "playerOne": 20,
      "playerTwo": 27,
      "winPercentage": 71.812
    },
    {
      "playerOne": 20,
      "playerTwo": 28,
      "winPercentage": 12.578
    },
    {
      "playerOne": 20,
      "playerTwo": 29,
      "winPercentage": 30.11
    },
    {
      "playerOne": 20,
      "playerTwo": 30,
      "winPercentage": 41.35
    },
    {
      "playerOne": 20,
      "playerTwo": 31,
      "winPercentage": 20.38
    },
    {
      "playerOne": 20,
      "playerTwo": 32,
      "winPercentage": 58.315
    },
    {
      "playerOne": 20,
      "playerTwo": 33,
      "winPercentage": 55.628
    },
    {
      "playerOne": 20,
      "playerTwo": 34,
      "winPercentage": 89.263
    },
    {
      "playerOne": 20,
      "playerTwo": 35,
      "winPercentage": 76.264
    },
    {
      "playerOne": 20,
      "playerTwo": 36,
      "winPercentage": 41.223
    },
    {
      "playerOne": 20,
      "playerTwo": 37,
      "winPercentage": 68.404
    },
    {
      "playerOne": 20,
      "playerTwo": 38,
      "winPercentage": 58.275
    },
    {
      "playerOne": 20,
      "playerTwo": 39,
      "winPercentage": 37.296
    },
    {
      "playerOne": 21,
      "playerTwo": 22,
      "winPercentage": 27.983
    },
    {
      "playerOne": 21,
      "playerTwo": 23,
      "winPercentage": 0.091
    },
    {
      "playerOne": 21,
      "playerTwo": 24,
      "winPercentage": 49.879
    },
    {
      "playerOne": 21,
      "playerTwo": 25,
      "winPercentage": 78.621
    },
    {
      "playerOne": 21,
      "playerTwo": 26,
      "winPercentage": 82.712
    },
    {
      "playerOne": 21,
      "playerTwo": 27,
      "winPercentage": 34.32
    },
    {
      "playerOne": 21,
      "playerTwo": 28,
      "winPercentage": 56.208
    },
    {
      "playerOne": 21,
      "playerTwo": 29,
      "winPercentage": 4.859
    },
    {
      "playerOne": 21,
      "playerTwo": 30,
      "winPercentage": 57.257
    },
    {
      "playerOne": 21,
      "playerTwo": 31,
      "winPercentage": 73.83
    },
    {
      "playerOne": 21,
      "playerTwo": 32,
      "winPercentage": 66.45
    },
    {
      "playerOne": 21,
      "playerTwo": 33,
      "winPercentage": 89.92
    },
    {
      "playerOne": 21,
      "playerTwo": 34,
      "winPercentage": 81.177
    },
    {
      "playerOne": 21,
      "playerTwo": 35,
      "winPercentage": 10.146
    },
    {
      "playerOne": 21,
      "playerTwo": 36,
      "winPercentage": 23.421
    },
    {
      "playerOne": 21,
      "playerTwo": 37,
      "winPercentage": 31.727
    },
    {
      "playerOne": 21,
      "playerTwo": 38,
      "winPercentage": 88.033
    },
    {
      "playerOne": 21,
      "playerTwo": 39,
      "winPercentage": 18.158
    },
    {
      "playerOne": 22,
      "playerTwo": 23,
      "winPercentage": 54.474
    },
    {
      "playerOne": 22,
      "playerTwo": 24,
      "winPercentage": 5.331
    },
    {
      "playerOne": 22,
      "playerTwo": 25,
      "winPercentage": 3.297
    },
    {
      "playerOne": 22,
      "playerTwo": 26,
      "winPercentage": 11.496
    },
    {
      "playerOne": 22,
      "playerTwo": 27,
      "winPercentage": 38.818
    },
    {
      "playerOne": 22,
      "playerTwo": 28,
      "winPercentage": 13.397
    },
    {
      "playerOne": 22,
      "playerTwo": 29,
      "winPercentage": 58.476
    },
    {
      "playerOne": 22,
      "playerTwo": 30,
      "winPercentage": 22.608
    },
    {
      "playerOne": 22,
      "playerTwo": 31,
      "winPercentage": 92.315
    },
    {
      "playerOne": 22,
      "playerTwo": 32,
      "winPercentage": 61.22
    },
    {
      "playerOne": 22,
      "playerTwo": 33,
      "winPercentage": 61.081
    },
    {
      "playerOne": 22,
      "playerTwo": 34,
      "winPercentage": 68.289
    },
    {
      "playerOne": 22,
      "playerTwo": 35,
      "winPercentage": 17.381
    },
    {
      "playerOne": 22,
      "playerTwo": 36,
      "winPercentage": 63.893
    },
    {
      "playerOne": 22,
      "playerTwo": 37,
      "winPercentage": 13.323
    },
    {
      "playerOne": 22,
      "playerTwo": 38,
      "winPercentage": 14.43
    },
    {
      "playerOne": 22,
      "playerTwo": 39,
      "winPercentage": 96.087
    },
    {
      "playerOne": 23,
      "playerTwo": 24,
      "winPercentage": 62.583
    },
    {
      "playerOne": 23,
      "playerTwo": 25,
      "winPercentage": 45.487
    },
    {
      "playerOne": 23,
      "playerTwo": 26,
      "winPercentage": 54.504
    },
    {
      "playerOne": 23,
      "playerTwo": 27,
      "winPercentage": 73.321
    },
    {
      "playerOne": 23,
      "playerTwo": 28,
      "winPercentage": 79.129
    },
    {
      "playerOne": 23,
      "playerTwo": 29,
      "winPercentage": 36.38
    },
    {
      "playerOne": 23,
      "playerTwo": 30,
      "winPercentage": 56.903
    },
    {
      "playerOne": 23,
      "playerTwo": 31,
      "winPercentage": 62.196
    },
    {
      "playerOne": 23,
      "playerTwo": 32,
      "winPercentage": 34.28
    },
    {
      "playerOne": 23,
      "playerTwo": 33,
      "winPercentage": 94.534
    },
    {
      "playerOne": 23,
      "playerTwo": 34,
      "winPercentage": 26.616
    },
    {
      "playerOne": 23,
      "playerTwo": 35,
      "winPercentage": 47.96
    },
    {
      "playerOne": 23,
      "playerTwo": 36,
      "winPercentage": 43.24
    },
    {
      "playerOne": 23,
      "playerTwo": 37,
      "winPercentage": 99.216
    },
    {
      "playerOne": 23,
      "playerTwo": 38,
      "winPercentage": 30.87
    },
    {
      "playerOne": 23,
      "playerTwo": 39,
      "winPercentage": 21.415
    },
    {
      "playerOne": 24,
      "playerTwo": 25,
      "winPercentage": 55.502
    },
    {
      "playerOne": 24,
      "playerTwo": 26,
      "winPercentage": 74.636
    },
    {
      "playerOne": 24,
      "playerTwo": 27,
      "winPercentage": 9.274
    },
    {
      "playerOne": 24,
      "playerTwo": 28,
      "winPercentage": 53.974
    },
    {
      "playerOne": 24,
      "playerTwo": 29,
      "winPercentage": 28.675
    },
    {
      "playerOne": 24,
      "playerTwo": 30,
      "winPercentage": 97.119
    },
    {
      "playerOne": 24,
      "playerTwo": 31,
      "winPercentage": 18.433
    },
    {
      "playerOne": 24,
      "playerTwo": 32,
      "winPercentage": 5.412
    },
    {
      "playerOne": 24,
      "playerTwo": 33,
      "winPercentage": 6.686
    },
    {
      "playerOne": 24,
      "playerTwo": 34,
      "winPercentage": 50.958
    },
    {
      "playerOne": 24,
      "playerTwo": 35,
      "winPercentage": 26.393
    },
    {
      "playerOne": 24,
      "playerTwo": 36,
      "winPercentage": 99.18
    },
    {
      "playerOne": 24,
      "playerTwo": 37,
      "winPercentage": 9.233
    },
    {
      "playerOne": 24,
      "playerTwo": 38,
      "winPercentage": 10.496
    },
    {
      "playerOne": 24,
      "playerTwo": 39,
      "winPercentage": 51.125
    },
    {
      "playerOne": 25,
      "playerTwo": 26,
      "winPercentage": 92.313
    },
    {
      "playerOne": 25,
      "playerTwo": 27,
      "winPercentage": 12.697
    },
    {
      "playerOne": 25,
      "playerTwo": 28,
      "winPercentage": 2.793
    },
    {
      "playerOne": 25,
      "playerTwo": 29,
      "winPercentage": 49.529
    },
    {
      "playerOne": 25,
      "playerTwo": 30,
      "winPercentage": 59.667
    },
    {
      "playerOne": 25,
      "playerTwo": 31,
      "winPercentage": 95.654
    },
    {
      "playerOne": 25,
      "playerTwo": 32,
      "winPercentage": 63.466
    },
    {
      "playerOne": 25,
      "playerTwo": 33,
      "winPercentage": 5.488
    },
    {
      "playerOne": 25,
      "playerTwo": 34,
      "winPercentage": 4824.0
    },
    {
      "playerOne": 25,
      "playerTwo": 35,
      "winPercentage": 97.649
    },
    {
      "playerOne": 25,
      "playerTwo": 36,
      "winPercentage": 38.83
    },
    {
      "playerOne": 25,
      "playerTwo": 37,
      "winPercentage": 62.309
    },
    {
      "playerOne": 25,
      "playerTwo": 38,
      "winPercentage": 59.264
    },
    {
      "playerOne": 25,
      "playerTwo": 39,
      "winPercentage": 54.215
    },
    {
      "playerOne": 26,
      "playerTwo": 27,
      "winPercentage": 24.454
    },
    {
      "playerOne": 26,
      "playerTwo": 28,
      "winPercentage": 62.118
    },
    {
      "playerOne": 26,
      "playerTwo": 29,
      "winPercentage": 10.386
    },
    {
      "playerOne": 26,
      "playerTwo": 30,
      "winPercentage": 40.316
    },
    {
      "playerOne": 26,
      "playerTwo": 31,
      "winPercentage": 63.868
    },
    {
      "playerOne": 26,
      "playerTwo": 32,
      "winPercentage": 7.517
    },
    {
      "playerOne": 26,
      "playerTwo": 33,
      "winPercentage": 75.828
    },
    {
      "playerOne": 26,
      "playerTwo": 34,
      "winPercentage": 66.424
    },
    {
      "playerOne": 26,
      "playerTwo": 35,
      "winPercentage": 35.737
    },
    {
      "playerOne": 26,
      "playerTwo": 36,
      "winPercentage": 96.394
    },
    {
      "playerOne": 26,
      "playerTwo": 37,
      "winPercentage": 29.584
    },
    {
      "playerOne": 26,
      "playerTwo": 38,
      "winPercentage": 36.41
    },
    {
      "playerOne": 26,
      "playerTwo": 39,
      "winPercentage": 61.302
    },
    {
      "playerOne": 27,
      "playerTwo": 28,
      "winPercentage": 20.371
    },
    {
      "playerOne": 27,
      "playerTwo": 29,
      "winPercentage": 39.37
    },
    {
      "playerOne": 27,
      "playerTwo": 30,
      "winPercentage": 10.832
    },
    {
      "playerOne": 27,
      "playerTwo": 31,
      "winPercentage": 48.969
    },
    {
      "playerOne": 27,
      "playerTwo": 32,
      "winPercentage": 26.234
    },
    {
      "playerOne": 27,
      "playerTwo": 33,
      "winPercentage": 36.297
    },
    {
      "playerOne": 27,
      "playerTwo": 34,
      "winPercentage": 99.018
    },
    {
      "playerOne": 27,
      "playerTwo": 35,
      "winPercentage": 92.88
    },
    {
      "playerOne": 27,
      "playerTwo": 36,
      "winPercentage": 28.477
    },
    {
      "playerOne": 27,
      "playerTwo": 37,
      "winPercentage": 75.285
    },
    {
      "playerOne": 27,
      "playerTwo": 38,
      "winPercentage": 64.537
    },
    {
      "playerOne": 27,
      "playerTwo": 39,
      "winPercentage": 15.131
    },
    {
      "playerOne": 28,
      "playerTwo": 29,
      "winPercentage": 74.446
    },
    {
      "playerOne": 28,
      "playerTwo": 30,
      "winPercentage": 30.695
    },
    {
      "playerOne": 28,
      "playerTwo": 31,
      "winPercentage": 96.985
    },
    {
      "playerOne": 28,
      "playerTwo": 32,
      "winPercentage": 89.365
    },
    {
      "playerOne": 28,
      "playerTwo": 33,
      "winPercentage": 9.923
    },
    {
      "playerOne": 28,
      "playerTwo": 34,
      "winPercentage": 74.029
    },
    {
      "playerOne": 28,
      "playerTwo": 35,
      "winPercentage": 49.245
    },
    {
      "playerOne": 28,
      "playerTwo": 36,
      "winPercentage": 44.429
    },
    {
      "playerOne": 28,
      "playerTwo": 37,
      "winPercentage": 5.954
    },
    {
      "playerOne": 28,
      "playerTwo": 38,
      "winPercentage": 84.517
    },
    {
      "playerOne": 28,
      "playerTwo": 39,
      "winPercentage": 87.7
    },
    {
      "playerOne": 29,
      "playerTwo": 30,
      "winPercentage": 55.06
    },
    {
      "playerOne": 29,
      "playerTwo": 31,
      "winPercentage": 41.391
    },
    {
      "playerOne": 29,
      "playerTwo": 32,
      "winPercentage": 57.013
    },
    {
      "playerOne": 29,
      "playerTwo": 33,
      "winPercentage": 3.338
    },
    {
      "playerOne": 29,
      "playerTwo": 34,
      "winPercentage": 49.874
    },
    {
      "playerOne": 29,
      "playerTwo": 35,
      "winPercentage": 35.523
    },
    {
      "playerOne": 29,
      "playerTwo": 36,
      "winPercentage": 98.668
    },
    {
      "playerOne": 29,
      "playerTwo": 37,
      "winPercentage": 98.017
    },
    {
      "playerOne": 29,
      "playerTwo": 38,
      "winPercentage": 47.711
    },
    {
      "playerOne": 29,
      "playerTwo": 39,
      "winPercentage": 19.225
    },
    {
      "playerOne": 30,
      "playerTwo": 31,
      "winPercentage": 89.984
    },
    {
      "playerOne": 30,
      "playerTwo": 32,
      "winPercentage": 34.168
    },
    {
      "playerOne": 30,
      "playerTwo": 33,
      "winPercentage": 66.025
    },
    {
      "playerOne": 30,
      "playerTwo": 34,
      "winPercentage": 57.881
    },
    {
      "playerOne": 30,
      "playerTwo": 35,
      "winPercentage": 34.023
    },
    {
      "playerOne": 30,
      "playerTwo": 36,
      "winPercentage": 80.887
    },
    {
      "playerOne": 30,
      "playerTwo": 37,
      "winPercentage": 1.867
    },
    {
      "playerOne": 30,
      "playerTwo": 38,
      "winPercentage": 82.169
    },
    {
      "playerOne": 30,
      "playerTwo": 39,
      "winPercentage": 13.409
    },
    {
      "playerOne": 31,
      "playerTwo": 32,
      "winPercentage": 54.185
    },
    {
      "playerOne": 31,
      "playerTwo": 33,
      "winPercentage": 9.392
    },
    {
      "playerOne": 31,
      "playerTwo": 34,
      "winPercentage": 88.002
    },
    {
      "playerOne": 31,
      "playerTwo": 35,
      "winPercentage": 39.939
    },
    {
      "playerOne": 31,
      "playerTwo": 36,
      "winPercentage": 42.754
    },
    {
      "playerOne": 31,
      "playerTwo": 37,
      "winPercentage": 24.397
    },
    {
      "playerOne": 31,
      "playerTwo": 38,
      "winPercentage": 6.948
    },
    {
      "playerOne": 31,
      "playerTwo": 39,
      "winPercentage": 13.553
    },
    {
      "playerOne": 32,
      "playerTwo": 33,
      "winPercentage": 59.655
    },
    {
      "playerOne": 32,
      "playerTwo": 34,
      "winPercentage": 4.743
    },
    {
      "playerOne": 32,
      "playerTwo": 35,
      "winPercentage": 47.017
    },
    {
      "playerOne": 32,
      "playerTwo": 36,
      "winPercentage": 94.275
    },
    {
      "playerOne": 32,
      "playerTwo": 37,
      "winPercentage": 77.426
    },
    {
      "playerOne": 32,
      "playerTwo": 38,
      "winPercentage": 58.496
    },
    {
      "playerOne": 32,
      "playerTwo": 39,
      "winPercentage": 41.079
    },
    {
      "playerOne": 33,
      "playerTwo": 34,
      "winPercentage": 97.147
    },
    {
      "playerOne": 33,
      "playerTwo": 35,
      "winPercentage": 16.227
    },
    {
      "playerOne": 33,
      "playerTwo": 36,
      "winPercentage": 88.536
    },
    {
      "playerOne": 33,
      "playerTwo": 37,
      "winPercentage": 46.612
    },
    {
      "playerOne": 33,
      "playerTwo": 38,
      "winPercentage": 43.099
    },
    {
      "playerOne": 33,
      "playerTwo": 39,
      "winPercentage": 85.51
    },
    {
      "playerOne": 34,
      "playerTwo": 35,
      "winPercentage": 73.52
    },
    {
      "playerOne": 34,
      "playerTwo": 36,
      "winPercentage": 65.919
    },
    {
      "playerOne": 34,
      "playerTwo": 37,
      "winPercentage": 97.817
    },
    {
      "playerOne": 34,
      "playerTwo": 38,
      "winPercentage": 23.601
    },
    {
      "playerOne": 34,
      "playerTwo": 39,
      "winPercentage": 5.465
    },
    {
      "playerOne": 35,
      "playerTwo": 36,
      "winPercentage": 51.602
    },
    {
      "playerOne": 35,
      "playerTwo": 37,
      "winPercentage": 99.905
    },
    {
      "playerOne": 35,
      "playerTwo": 38,
      "winPercentage": 82.203
    },
    {
      "playerOne": 35,
      "playerTwo": 39,
      "winPercentage": 11.2
    },
    {
      "playerOne": 36,
      "playerTwo": 37,
      "winPercentage": 85.487
    },
    {
      "playerOne": 36,
      "playerTwo": 38,
      "winPercentage": 32.3
    },
    {
      "playerOne": 36,
      "playerTwo": 39,
      "winPercentage": 14.684
    },
    {
      "playerOne": 37,
      "playerTwo": 38,
      "winPercentage": 26.89
    },
    {
      "playerOne": 37,
      "playerTwo": 39,
      "winPercentage": 56.646
    },
    {
      "playerOne": 38,
      "playerTwo": 39,
      "winPercentage": 50.653
    }
  ]
}