{
  "metadata": {
    "numPlayers": 40
  },
  "teamStats": [
    {
      "playerOne": 0,
      "playerTwo": 1,
      "winPercentage": 97.503
    },
    {
      "playerOne": 0,
      "playerTwo": 2,
      "winPercentage": 4.299
    },
    {
      "playerOne": 0,
      "playerTwo": 3,
      "winPercentage": 25.817
    },
    {
      "playerOne": 0,
      "playerTwo": 4,
      "winPercentage": 58.005
    },
    {
      "playerOne": 0,
      "playerTwo": 5,
      "winPercentage": 56.471
    },
    {
      "playerOne": 0,
      "playerTwo": 6,
      "winPercentage": 23.777
    },
    {
      "playerOne": 0,
      "playerTwo": 7,
      "winPercentage": 58.821
    },
    {
      "playerOne": 0,
      "playerTwo": 8,
      "winPercentage": 84.434
    },
    {
      "playerOne": 0,
      "playerTwo": 9,
      "winPercentage": 12.108
    },
    {
      "playerOne": 0,
      "playerTwo": 10,
      "winPercentage": 18.703
    },
    {
      "playerOne": 0,
      "playerTwo": 11,
      "winPercentage": 56.352
    },
    {
      "playerOne": 0,
      "playerTwo": 12,
      "winPercentage": 95.941
    },
    {
      "playerOne": 0,
      "playerTwo": 13,
      "winPercentage": 69.682
    },
    {
      "playerOne": 0,
      "playerTwo": 14,
      "winPercentage": 15.862
    },
    {
      "playerOne": 0,
      "playerTwo": 15,
      "winPercentage": 36.152
    },
    {
      "playerOne": 0,
      "playerTwo": 16,
      "winPercentage": 56.968
    },
    {
      "playerOne": 0,
      "playerTwo": 17,
      "winPercentage": 98.194
    },
    {
      "playerOne": 0,
      "playerTwo": 18,
      "winPercentage": 33.22
    },
    {
      "playerOne": 0,
      "playerTwo": 19,
      "winPercentage": 59.08
    },
    {
      "playerOne": 0,
      "playerTwo": 20,
      "winPercentage": 41.167
    },
    {
      "playerOne": 0,
      "playerTwo": 21,
      "winPercentage": 41.012
    },
    {
      "playerOne": 0,
      "playerTwo": 22,
      "winPercentage": 31.93
    },
    {
      "playerOne": 0,
      "playerTwo": 23,
      "winPercentage": 28.894
    },
    {
      "playerOne": 0,
      "playerTwo": 24,
      "winPercentage": 92.701
    },
    {
      "playerOne": 0,
      "playerTwo": 25,
      "winPercentage": 31.745
    },
    {
      "playerOne": 0,
      "playerTwo": 26,
      "winPercentage": 14.112
    },
    {
      "playerOne": 0,
      "playerTwo": 27,
      "winPercentage": 59.553
    },
    {
      "playerOne": 0,
      "playerTwo": 28,
      "winPercentage": 0.957
    },
    {
      "playerOne": 0,
      "playerTwo": 29,
      "winPercentage": 48.822
    },
    {
      "playerOne": 0,
      "playerTwo": 30,
      "winPercentage": 94.166
    },
    {
      "playerOne": 0,
      "playerTwo": 31,
      "winPercentage": 68.043
    },
    {
      "playerOne": 0,
      "playerTwo": 32,
      "winPercentage": 59.887
    },
    {
      "playerOne": 0,
      "playerTwo": 33,
      "winPercentage": 8.854
    },
    {
      "playerOne": 0,
      "playerTwo": 34,
      "winPercentage": 95.099
    },
    {
      "playerOne": 0,
      "playerTwo": 35,
      "winPercentage": 95.514
    },
    {
      "playerOne": 0,
      "playerTwo": 36,
      "winPercentage": 52.308
    },
    {
      "playerOne": 0,
      "playerTwo": 37,
      "winPercentage": 16.271
    },
    {
      "playerOne": 0,
      "playerTwo": 38,
      "winPercentage": 85.411
    },
    {
      "playerOne": 0,
      "playerTwo": 39,
      "winPercentage": 98.859
    },
    {
      "playerOne": 1,
      "playerTwo": 2,
      "winPercentage": 60.079
    },
    {
      "playerOne": 1,
      "playerTwo": 3,
      "winPercentage": 75.898
    },
    {
      "playerOne": 1,
      "playerTwo": 4,
      "winPercentage": 39.424
    },
    {
      "playerOne": 1,
      "playerTwo": 5,
      "winPercentage": 50.438
    },
    {
      "playerOne": 1,
      "playerTwo": 6,
      "winPercentage": 77.722
    },
    {
      "playerOne": 1,
      "playerTwo": 7,
      "winPercentage": 89.149
    },
    {
      "playerOne": 1,
      "playerTwo": 8,
      "winPercentage": 71.314
    },
    {
      "playerOne": 1,
      "playerTwo": 9,
      "winPercentage": 43.849
    },
    {
      "playerOne": 1,
      "playerTwo": 10,
      "winPercentage": 34.181
    },
    {
      "playerOne": 1,
      "playerTwo": 11,
      "winPercentage": 60.928
    },
    {
      "playerOne": 1,
      "playerTwo": 12,
      "winPercentage": 76.186
    },
    {
      "playerOne": 1,
      "playerTwo": 13,
      "winPercentage": 41.622
    },
    {
      "playerOne": 1,
      "playerTwo": 14,
      "winPercentage": 3.034
    },
    {
      "playerOne": 1,
      "playerTwo": 15,
      "winPercentage": 59.552
    },
    {
      "playerOne": 1,
      "playerTwo": 16,
      "winPercentage": 32.272
    },
    {
      "playerOne": 1,
      "playerTwo": 17,
      "winPercentage": 13.872
    },
    {
      "playerOne": 1,
      "playerTwo": 18,
      "winPercentage": 49.002
    },
    {
      "playerOne": 1,
      "playerTwo": 19,
      "winPercentage": 54.074
    },
    {
      "playerOne": 1,
      "playerTwo": 20,
      "winPercentage": 88.711
    },
    {
      "playerOne": 1,
      "playerTwo": 21,
      "winPercentage": 79.473
    },
    {
      "playerOne": 1,
      "playerTwo": 22,
      "winPercentage": 44.326
    },
    {
      "playerOne": 1,
      "playerTwo": 23,
      "winPercentage": 23.761
    },
    {
      "playerOne": 1,
      "playerTwo": 24,
      "winPercentage": 8.576
    },
    {
      "playerOne": 1,
      "playerTwo": 25,
      "winPercentage": 60.02
    },
    {
      "playerOne": 1,
      "playerTwo": 26,
      "winPercentage": 26.257
    },
    {
      "playerOne": 1,
      "playerTwo": 27,
      "winPercentage": 99.533
    },
    {
      "playerOne": 1,
      "playerTwo": 28,
      "winPercentage": 63.812
    },
    {
      "playerOne": 1,
      "playerTwo": 29,
      "winPercentage": 93.665
    },
    {
      "playerOne": 1,
      "playerTwo": 30,
      "winPercentage": 68.514
    },
    {
      "playerOne": 1,
      "playerTwo": 31,
      "winPercentage": 77.066
    },
    {
      "playerOne": 1,
      "playerTwo": 32,
      "winPercentage": 66.332
    },
    {
      "playerOne": 1,
      "playerTwo": 33,
      "winPercentage": 30.656
    },
    {
      "playerOne": 1,
      "playerTwo": 34,
      "winPercentage": 74.884
    },
    {
      "playerOne": 1,
      "playerTwo": 35,
      "winPercentage": 82.737
    },
    {
      "playerOne": 1,
      "playerTwo": 36,
      "winPercentage": 96.585
    },
    {
      "playerOne": 1,
      "playerTwo": 37,
      "winPercentage": 46.864
    },
    {
      "playerOne": 1,
      "playerTwo": 38,
      "winPercentage": 39.192
    },
    {
      "playerOne": 1,
      "playerTwo": 39,
      "winPercentage": 22.687
    },
    {
      "playerOne": 2,
      "playerTwo": 3,
      "winPercentage": 42.064
    },
    {
      "playerOne": 2,
      "playerTwo": 4,
      "winPercentage": 98.62
    },
    {
      "playerOne": 2,
      "playerTwo": 5,
      "winPercentage": 15.619
    },
    {
      "playerOne": 2,
      "playerTwo": 6,
      "winPercentage": 52.723
    },
    {
      "playerOne": 2,
      "playerTwo": 7,
      "winPercentage": 8.975
    },
    {
      "playerOne": 2,
      "playerTwo": 8,
      "winPercentage": 80.135
    },
    {
      "playerOne": 2,
      "playerTwo": 9,
      "winPercentage": 85.871
    },
    {
      "playerOne": 2,
      "playerTwo": 10,
      "winPercentage": 10.35
    },
    {
      "playerOne": 2,
      "playerTwo": 11,
      "winPercentage": 89.824
    },
    {
      "playerOne": 2,
      "playerTwo": 12,
      "winPercentage": 39.842
    },
    {
      "playerOne": 2,
      "playerTwo": 13,
      "winPercentage": 46.312
    },
    {
      "playerOne": 2,
      "playerTwo": 14,
      "winPercentage": 91.349
    },
    {
      "playerOne": 2,
      "playerTwo": 15,
      "winPercentage": 23.341
    },
    {
      "playerOne": 2,
      "playerTwo": 16,
      "winPercentage": 33.816
    },
    {
      "playerOne": 2,
      "playerTwo": 17,
      "winPercentage": 12.624
    },
    {
      "playerOne": 2,
      "playerTwo": 18,
      "winPercentage": 41.22
    },
    {
      "playerOne": 2,
      "playerTwo": 19,
      "winPercentage": 43.557
    },
    {
      "playerOne": 2,
      "playerTwo": 20,
      "winPercentage": 42.113
    },
    {
      "playerOne": 2,
      "playerTwo": 21,
      "winPercentage": 85.57
    },
    {
      "playerOne": 2,
      "playerTwo": 22,
      "winPercentage": 30.007
    },
    {
      "playerOne": 2,
      "playerTwo": 23,
      "winPercentage": 49.792
    },
    {
      "playerOne": 2,
      "playerTwo": 24,
      "winPercentage": 3.503
    },
    {
      "playerOne": 2,
      "playerTwo": 25,
      "winPercentage": 42.652
    },
    {
      "playerOne": 2,
      "playerTwo": 26,
      "winPercentage": 83.077
    },
    {
      "playerOne": 2,
      "playerTwo": 27,
      "winPercentage": 83.585
    },
    {
      "playerOne": 2,
      "playerTwo": 28,
      "winPercentage": 71.175
    },
    {
      "playerOne": 2,
      "playerTwo": 29,
      "winPercentage": 37.647
    },
    {
      "playerOne": 2,
      "playerTwo": 30,
      "winPercentage": 70.595
    },
    {
      "playerOne": 2,
      "playerTwo": 31,
      "winPercentage": 37.534
    },
    {
      "playerOne": 2,
      "playerTwo": 32,
      "winPercentage": 85.2
    },
    {
      "playerOne": 2,
      "playerTwo": 33,
      "winPercentage": 21.943
    },
    {
      "playerOne": 2,
      "playerTwo": 34,
      "winPercentage": 49.258
    },
    {
      "playerOne": 2,
      "playerTwo": 35,
      "winPercentage": 4.154
    },
    {
      "playerOne": 2,
      "playerTwo": 36,
      "winPercentage": 7.269
    },
    {
      "playerOne": 2,
      "playerTwo": 37,
      "winPercentage": 53.817
    },
    {
      "playerOne": 2,
      "playerTwo": 38,
      "winPercentage": 47.45
    },
    {
      "playerOne": 2,
      "playerTwo": 39,
      "winPercentage": 63.96
    },
    {
      "playerOne": 3,
      "playerTwo": 4,
      "winPercentage": 59.137
    },
    {
      "playerOne": 3,
      "playerTwo": 5,
      "winPercentage": 44.256
    },
    {
      "playerOne": 3,
      "playerTwo": 6,
      "winPercentage": 56.818
    },
    {
      "playerOne": 3,
      "playerTwo": 7,
      "winPercentage": 55.083
    },
    {
      "playerOne": 3,
      "playerTwo": 8,
      "winPercentage": 11.758
    },
    {
      "playerOne": 3,
      "playerTwo": 9,
      "winPercentage": 65.456
    },
    {
      "playerOne": 3,
      "playerTwo": 10,
      "winPercentage": 69.611
    },
    {
      "playerOne": 3,
      "playerTwo": 11,
      "winPercentage": 32.184
    },
    {
      "playerOne": 3,
      "playerTwo": 12,
      "winPercentage": 68.39
    },
    {
      "playerOne": 3,
      "playerTwo": 13,
      "winPercentage": 24.606
    },
    {
      "playerOne": 3,
      "playerTwo": 14,
      "winPercentage": 24.451
    },
    {
      "playerOne": 3,
      "playerTwo": 15,
      "winPercentage": 60.976
    },
    {
      "playerOne": 3,
      "playerTwo": 16,
      "winPercentage": 92.393
    },
    {
      "playerOne": 3,
      "playerTwo": 17,
      "winPercentage": 20.1
    },
    {
      "playerOne": 3,
      "playerTwo": 18,
      "winPercentage": 39.886
    },
    {
      "playerOne": 3,
      "playerTwo": 19,
      "winPercentage": 55.723
    },
    {
      "playerOne": 3,
      "playerTwo": 20,
      "winPercentage": 97.842
    },
    {
      "playerOne": 3,
      "playerTwo": 21,
      "winPercentage": 39.692
    },
    {
      "playerOne": 3,
      "playerTwo": 22,
      "winPercentage": 41.67
    },
    {
      "playerOne": 3,
      "playerTwo": 23,
      "winPercentage": 52.12
    },
    {
      "playerOne": 3,
      "playerTwo": 24,
      "winPercentage": 19.412
    },
    {
      "playerOne": 3,
      "playerTwo": 25,
      "winPercentage": 8.466
    },
    {
      "playerOne": 3,
      "playerTwo": 26,
      "winPercentage": 75.117
    },
    {
      "playerOne": 3,
      "playerTwo": 27,
      "winPercentage": 64.356
    },
    {
      "playerOne": 3,
      "playerTwo": 28,
      "winPercentage": 60.368
    },
    {
      "playerOne": 3,
      "playerTwo": 29,
      "winPercentage": 38.603
    },
    {
      "playerOne": 3,
      "playerTwo": 30,
      "winPercentage": 54.593
    },
    {
      "playerOne": 3,
      "playerTwo": 31,
      "winPercentage": 86.233
    },
    {
      "playerOne": 3,
      "playerTwo": 32,
      "winPercentage": 69.401
    },
    {
      "playerOne": 3,
      "playerTwo": 33,
      "winPercentage": 69.679
    },
    {
      "playerOne": 3,
      "playerTwo": 34,
      "winPercentage": 59.3
    },
    {
      "playerOne": 3,
      "playerTwo": 35,
      "winPercentage": 68.647
    },
    {
      "playerOne": 3,
      "playerTwo": 36,
      "winPercentage": 79.897
    },
    {
      "playerOne": 3,
      "playerTwo": 37,
      "winPercentage": 80.717
    },
    {
      "playerOne": 3,
      "playerTwo": 38,
      "winPercentage": 44.482
    },
    {
      "playerOne": 3,
      "playerTwo": 39,
      "winPercentage": 73.295
    },
    {
      "playerOne": 4,
      "playerTwo": 5,
      "winPercentage": 66.411
    },
    {
      "playerOne": 4,
      "playerTwo": 6,
      "winPercentage": 41.345
    },
    {
      "playerOne": 4,
      "playerTwo": 7,
      "winPercentage": 31.893
    },
    {
      "playerOne": 4,
      "playerTwo": 8,
      "winPercentage": 3.373
    },
    {
      "playerOne": 4,
      "playerTwo": 9,
      "winPercentage": 96.787
    },
    {
      "playerOne": 4,
      "playerTwo": 10,
      "winPercentage": 23.011
    },
    {
      "playerOne": 4,
      "playerTwo": 11,
      "winPercentage": 87.702
    },
    {
      "playerOne": 4,
      "playerTwo": 12,
      "winPercentage": 71.01
    },
    {
      "playerOne": 4,
      "playerTwo": 13,
      "winPercentage": 20.505
    },
    {
      "playerOne": 4,
      "playerTwo": 14,
      "winPercentage": 69.054
    },
    {
      "playerOne": 4,
      "playerTwo": 15,
      "winPercentage": 66.745
    },
    {
      "playerOne": 4,
      "playerTwo": 16,
      "winPercentage": 50.958
    },
    {
      "playerOne": 4,
      "playerTwo": 17,
      "winPercentage": 71.3
    },
    {
      "playerOne": 4,
      "playerTwo": 18,
      "winPercentage": 87.639
    },
    {
      "playerOne": 4,
      "playerTwo": 19,
      "winPercentage": 74.696
    },
    {
      "playerOne": 4,
      "playerTwo": 20,
      "winPercentage": 19.527
    },
    {
      "playerOne": 4,
      "playerTwo": 21,
      "winPercentage": 12.366
    },
    {
      "playerOne": 4,
      "playerTwo": 22,
      "winPercentage": 21.439
    },
    {
      "playerOne": 4,
      "playerTwo": 23,
      "winPercentage": 95.82
    },
    {
      "playerOne": 4,
      "playerTwo": 24,
      "winPercentage": 3427.7
    },
    {
      "playerOne": 4,
      "playerTwo": 25,
      "winPercentage": 53.018
    },
    {
      "playerOne": 4,
      "playerTwo": 26,
      "winPercentage": 81.524
    },
    {
      "playerOne": 4,
      "playerTwo": 27,
      "winPercentage": 50.899
    },
    {
      "playerOne": 4,
      "playerTwo": 28,
      "winPercentage": 9.999
    },
    {
      "playerOne": 4,
      "playerTwo": 29,
      "winPercentage": 41.665
    },
    {
      "playerOne": 4,
      "playerTwo": 30,
      "winPercentage": 0.381
    },
    {
      "playerOne": 4,
      "playerTwo": 31,
      "winPercentage": 68.013
    },
    {
      "playerOne": 4,
      "playerTwo": 32,
      "winPercentage": 34.892
    },
    {
      "playerOne": 4,
      "playerTwo": 33,
      "winPercentage": 65.884
    },
    {
      "playerOne": 4,
      "playerTwo": 34,
      "winPercentage": 88.349
    },
    {
      "playerOne": 4,
      "playerTwo": 35,
      "winPercentage": 23.662
    },
    {
      "playerOne": 4,
      "playerTwo": 36,
      "winPercentage": 38.256
    },
    {
      "playerOne": 4,
      "playerTwo": 37,
      "winPercentage": 29.957
    },
    {
      "playerOne": 4,
      "playerTwo": 38,
      "winPercentage": 18.709
    },
    {
      "playerOne": 4,
      "playerTwo": 39,
      "winPercentage": 35.933
    },
    {
      "playerOne": 5,
      "playerTwo": 6,
      "winPercentage": 49.419
    },
    {
      "playerOne": 5,
      "playerTwo": 7,
      "winPercentage": 90.191
    },
    {
      "playerOne": 5,
      "playerTwo": 8,
      "winPercentage": 86.159
    },
    {
      "playerOne": 5,
      "playerTwo": 9,
      "winPercentage": 83.734
    },
    {
      "playerOne": 5,
      "playerTwo": 10,
      "winPercentage": 51.731
    },
    {
      "playerOne": 5,
      "playerTwo": 11,
      "winPercentage": 91.395
    },
    {
      "playerOne": 5,
      "playerTwo": 12,
      "winPercentage": 96.734
    },
    {
      "playerOne": 5,
      "playerTwo": 13,
      "winPercentage": 38.683
    },
    {
      "playerOne": 5,
      "playerTwo": 14,
      "winPercentage": 45.169
    },
    {
      "playerOne": 5,
      "playerTwo": 15,
      "winPercentage": 95.676
    },
    {
      "playerOne": 5,
      "playerTwo": 16,
      "winPercentage": 82.193
    },
    {
      "playerOne": 5,
      "playerTwo": 17,
      "winPercentage": 16.909
    },
    {
      "playerOne": 5,
      "playerTwo": 18,
      "winPercentage": 34.855
    },
    {
      "playerOne": 5,
      "playerTwo": 19,
      "winPercentage": 7.213
    },
    {
      "playerOne": 5,
      "playerTwo": 20,
      "winPercentage": 89.017
    },
    {
      "playerOne": 5,
      "playerTwo": 21,
      "winPercentage": 82.238
    },
    {
      "playerOne": 5,
      "playerTwo": 22,
      "winPercentage": 65.157
    },
    {
      "playerOne": 5,
      "playerTwo": 23,
      "winPercentage": 93.362
    },
    {
      "playerOne": 5,
      "playerTwo": 24,
      "winPercentage": 21.371
    },
    {
      "playerOne": 5,
      "playerTwo": 25,
      "winPercentage": 1.068
    },
    {
      "playerOne": 5,
      "playerTwo": 26,
      "winPercentage": 4.417
    },
    {
      "playerOne": 5,
      "playerTwo": 27,
      "winPercentage": 74.786
    },
    {
      "playerOne": 5,
      "playerTwo": 28,
      "winPercentage": 72.533
    },
    {
      "playerOne": 5,
      "playerTwo": 29,
      "winPercentage": 24.621
    },
    {
      "playerOne": 5,
      "playerTwo": 30,
      "winPercentage": 68.421
    },
    {
      "playerOne": 5,
      "playerTwo": 31,
      "winPercentage": 96.176
    },
    {
      "playerOne": 5,
      "playerTwo": 32,
      "winPercentage": 29.722
    },
    {
      "playerOne": 5,
      "playerTwo": 33,
      "winPercentage": 46.742
    },
    {
      "playerOne": 5,
      "playerTwo": 34,
      "winPercentage": 94.323
    },
    {
      "playerOne": 5,
      "playerTwo": 35,
      "winPercentage": 4.784
    },
    {
      "playerOne": 5,
      "playerTwo": 36,
      "winPercentage": 49.163
    },
    {
      "playerOne": 5,
      "playerTwo": 37,
      "winPercentage": 75.824
    },
    {
      "playerOne": 5,
      "playerTwo": 38,
      "winPercentage": 16.231
    },
    {
      "playerOne": 5,
      "playerTwo": 39,
      "winPercentage": 16.99
    },
    {
      "playerOne": 6,
      "playerTwo": 7,
      "winPercentage": 92.291
    },
    {
      "playerOne": 6,
      "playerTwo": 8,
      "winPercentage": 87.975
    },
    {
      "playerOne": 6,
      "playerTwo": 9,
      "winPercentage": 2.195
    },
    {
      "playerOne": 6,
      "playerTwo": 10,
      "winPercentage": 62.51
    },
    {
      "playerOne": 6,
      "playerTwo": 11,
      "winPercentage": 51.549
    },
    {
      "playerOne": 6,
      "playerTwo": 12,
      "winPercentage": 92.228
    },
    {
      "playerOne": 6,
      "playerTwo": 13,
      "winPercentage": 87.787
    },
    {
      "playerOne": 6,
      "playerTwo": 14,
      "winPercentage": 19.485
    },
    {
      "playerOne": 6,
      "playerTwo": 15,
      "winPercentage": 69.322
    },
    {
      "playerOne": 6,
      "playerTwo": 16,
      "winPercentage": 92.224
    },
    {
      "playerOne": 6,
      "playerTwo": 17,
      "winPercentage": 63.476
    },
    {
      "playerOne": 6,
      "playerTwo": 18,
      "winPercentage": 92.94
    },
    {
      "playerOne": 6,
      "playerTwo": 19,
      "winPercentage": 39.314
    },
    {
      "playerOne": 6,
      "playerTwo": 20,
      "winPercentage": 82.134
    },
    {
      "playerOne": 6,
      "playerTwo": 21,
      "winPercentage": 54.927
    },
    {
      "playerOne": 6,
      "playerTwo": 22,
      "winPercentage": 21.079
    },
    {
      "playerOne": 6,
      "playerTwo": 23,
      "winPercentage": 87.786
    },
    {
      "playerOne": 6,
      "playerTwo": 24,
      "winPercentage": 24.919
    },
    {
      "playerOne": 6,
      "playerTwo": 25,
      "winPercentage": 79.329
    },
    {
      "playerOne": 6,
      "playerTwo": 26,
      "winPercentage": 67.786
    },
    {
      "playerOne": 6,
      "playerTwo": 27,
      "winPercentage": 41.428
    },
    {
      "playerOne": 6,
      "playerTwo": 28,
      "winPercentage": 50.036
    },
    {
      "playerOne": 6,
      "playerTwo": 29,
      "winPercentage": 51.067
    },
    {
      "playerOne": 6,
      "playerTwo": 30,
      "winPercentage": 42.48
    },
    {
      "playerOne": 6,
      "playerTwo": 31,
      "winPercentage": 77.475
    },
    {
      "playerOne": 6,
      "playerTwo": 32,
      "winPercentage": 24.702
    },
    {
      "playerOne": 6,
      "playerTwo": 33,
      "winPercentage": 44.428
    },
    {
      "playerOne": 6,
      "playerTwo": 34,
      "winPercentage": 55.644
    },
    {
      "playerOne": 6,
      "playerTwo": 35,
      "winPercentage": 89.843
    },
    {
      "playerOne": 6,
      "playerTwo": 36,
      "winPercentage": 45.818
    },
    {
      "playerOne": 6,
      "playerTwo": 37,
      "winPercentage": 50.249
    },
    {
      "playerOne": 6,
      "playerTwo": 38,
      "winPercentage": 34.075
    },
    {
      "playerOne": 6,
      "playerTwo": 39,
      "winPercentage": 8.549
    },
    {
      "playerOne": 7,
      "playerTwo": 8,
      "winPercentage": 37.444
    },
    {
      "playerOne": 7,
      "playerTwo": 9,
      "winPercentage": 96.836
    },
    {
      "playerOne": 7,
      "playerTwo": 10,
      "winPercentage": 3.685
    },
    {
      "playerOne": 7,
      "playerTwo": 11,
      "winPercentage": 83.697
    },
    {
      "playerOne": 7,
      "playerTwo": 12,
      "winPercentage": 66.43
    },
    {
      "playerOne": 7,
      "playerTwo": 13,
      "winPercentage": 40.023
    },
    {
      "playerOne": 7,
      "playerTwo": 14,
      "winPercentage": 66.704
    },
    {
      "playerOne": 7,
      "playerTwo": 15,
      "winPercentage": 77.431
    },
    {
      "playerOne": 7,
      "playerTwo": 16,
      "winPercentage": 12.904
    },
    {
      "playerOne": 7,
      "playerTwo": 17,
      "winPercentage": 42.847
    },
    {
      "playerOne": 7,
      "playerTwo": 18,
      "winPercentage": 72.988
    },
    {
      "playerOne": 7,
      "playerTwo": 19,
      "winPercentage": 49.776
    },
    {
      "playerOne": 7,
      "playerTwo": 20,
      "winPercentage": 64.137
    },
    {
      "playerOne": 7,
      "playerTwo": 21,
      "winPercentage": 91.913
    },
    {
      "playerOne": 7,
      "playerTwo": 22,
      "winPercentage": 24.622
    },
    {
      "playerOne": 7,
      "playerTwo": 23,
      "winPercentage": 36.071
    },
    {
      "playerOne": 7,
      "playerTwo": 24,
      "winPercentage": 28.888
    },
    {
      "playerOne": 7,
      "playerTwo": 25,
      "winPercentage": 42.004
    },
    {
      "playerOne": 7,
      "playerTwo": 26,
      "winPercentage": 5.731
    },
    {
      "playerOne": 7,
      "playerTwo": 27,
      "winPercentage": 96.675
    },
    {
      "playerOne": 7,
      "playerTwo": 28,
      "winPercentage": 81.063
    },
    {
      "playerOne": 7,
      "playerTwo": 29,
      "winPercentage": 52.797
    },
    {
      "playerOne": 7,
      "playerTwo": 30,
      "winPercentage": 4.933
    },
    {
      "playerOne": 7,
      "playerTwo": 31,
      "winPercentage": 13.48
    },
    {
      "playerOne": 7,
      "playerTwo": 32,
      "winPercentage": 44.248
    },
    {
      "playerOne": 7,
      "playerTwo": 33,
      "winPercentage": 45.858
    },
    {
      "playerOne": 7,
      "playerTwo": 34,
      "winPercentage": 4.734
    },
    {
      "playerOne": 7,
      "playerTwo": 35,
      "winPercentage": 3.13
    },
    {
      "playerOne": 7,
      "playerTwo": 36,
      "winPercentage": 93.812
    },
    {
      "playerOne": 7,
      "playerTwo": 37,
      "winPercentage": 15.29
    },
    {
      "playerOne": 7,
      "playerTwo": 38,
      "winPercentage": 82.208
    },
    {
      "playerOne": 7,
      "playerTwo": 39,
      "winPercentage": 51.064
    },
    {
      "playerOne": 8,
      "playerTwo": 9,
      "winPercentage": 18.441
    },
    {
      "playerOne": 8,
      "playerTwo": 10,
      "winPercentage": 45.468
    },
    {
      "playerOne": 8,
      "playerTwo": 11,
      "winPercentage": 33.45
    },
    {
      "playerOne": 8,
      "playerTwo": 12,
      "winPercentage": 38.842
    },
    {
      "playerOne": 8,
      "playerTwo": 13,
      "winPercentage": 73.546
    },
    {
      "playerOne": 8,
      "playerTwo": 14,
      "winPercentage": 7.542
    },
    {
      "playerOne": 8,
      "playerTwo": 15,
      "winPercentage": 65.921
    },
    {
      "playerOne": 8,
      "playerTwo": 16,
      "winPercentage": 33.166
    },
    {
      "playerOne": 8,
      "playerTwo": 17,
      "winPercentage": 34.096
    },
    {
      "playerOne": 8,
      "playerTwo": 18,
      "winPercentage": 20.954
    },
    {
      "playerOne": 8,
      "playerTwo": 19,
      "winPercentage": 1.364
    },
    {
      "playerOne": 8,
      "playerTwo": 20,
      "winPercentage": 2.711
    },
    {
      "playerOne": 8,
      "playerTwo": 21,
      "winPercentage": 96.184
    },
    {
      "playerOne": 8,
      "playerTwo": 22,
      "winPercentage": 22.44
    },
    {
      "playerOne": 8,
      "playerTwo": 23,
      "winPercentage": 79.136
    },
    {
      "playerOne": 8,
      "playerTwo": 24,
      "winPercentage": 54.9
    },
    {
      "playerOne": 8,
      "playerTwo": 25,
      "winPercentage": 54.313
    },
    {
      "playerOne": 8,
      "playerTwo": 26,
      "winPercentage": 5.739
    },
    {
      "playerOne": 8,
      "playerTwo": 27,
      "winPercentage": 43.951
    },
    {
      "playerOne": 8,
      "playerTwo": 28,
      "winPercentage": 94.678
    },
    {
      "playerOne": 8,
      "playerTwo": 29,
      "winPercentage": 13.517
    },
    {
      "playerOne": 8,
      "playerTwo": 30,
      "winPercentage": 68.464
    },
    {
      "playerOne": 8,
      "playerTwo": 31,
      "winPercentage": 42.942
    },
    {
      "playerOne": 8,
      "playerTwo": 32,
      "winPercentage": 10.409
    },
    {
      "playerOne": 8,
      "playerTwo": 33,
      "winPercentage": 52.4
    },
    {
      "playerOne": 8,
      "playerTwo": 34,
      "winPercentage": 12.34
    },
    {
      "playerOne": 8,
      "playerTwo": 35,
      "winPercentage": 52.155
    },
    {
      "playerOne": 8,
      "playerTwo": 36,
      "winPercentage": 40.478
    },
    {
      "playerOne": 8,
      "playerTwo": 37,
      "winPercentage": 24.639
    },
    {
      "playerOne": 8,
      "playerTwo": 38,
      "winPercentage": 96.971
    },
    {
      "playerOne": 8,
      "playerTwo": 39,
      "winPercentage": 56.428
    },
    {
      "playerOne": 9,
      "playerTwo": 10,
      "winPercentage": 63.539
    },
    {
      "playerOne": 9,
      "playerTwo": 11,
      "winPercentage": 91.051
    },
    {
      "playerOne": 9,
      "playerTwo": 12,
      "winPercentage": 91.211
    },
    {
      "playerOne": 9,
      "playerTwo": 13,
      "winPercentage": 53.146
    },
    {
      "playerOne": 9,
      "playerTwo": 14,
      "winPercentage": 42.963
    },
    {
      "playerOne": 9,
      "playerTwo": 15,
      "winPercentage": 92.473
    },
    {
      "playerOne": 9,
      "playerTwo": 16,
      "winPercentage": 91.572
    },
    {
      "playerOne": 9,
      "playerTwo": 17,
      "winPercentage": 30.203
    },
    {
      "playerOne": 9,
      "playerTwo": 18,
      "winPercentage": 45.212
    },
    {
      "playerOne": 9,
      "playerTwo": 19,
      "winPercentage": 14.962
    },
    {
      "playerOne": 9,
      "playerTwo": 20,
      "winPercentage": 78.067
    },
    {
      "playerOne": 9,
      "playerTwo": 21,
      "winPercentage": 97.499
    },
    {
      "playerOne": 9,
      "playerTwo": 22,
      "winPercentage": 16.612
    },
    {
      "playerOne": 9,
      "playerTwo": 23,
      "winPercentage": 49.807
    },
    {
      "playerOne": 9,
      "playerTwo": 24,
      "winPercentage": 15.681
    },
    {
      "playerOne": 9,
      "playerTwo": 25,
      "winPercentage": 15.161
    },
    {
      "playerOne": 9,
      "playerTwo": 26,
      "winPercentage": 80.095
    },
    {
      "playerOne": 9,
      "playerTwo": 27,
      "winPercentage": 8.775
    },
    {
      "playerOne": 9,
      "playerTwo": 28,
      "winPercentage": 16.68
    },
    {
      "playerOne": 9,
      "playerTwo": 29,
      "winPercentage": 32.107
    },
    {
      "playerOne": 9,
      "playerTwo": 30,
      "winPercentage": 7.115
    },
    {
      "playerOne": 9,
      "playerTwo": 31,
      "winPercentage": 48.951
    },
    {
      "playerOne": 9,
      "playerTwo": 32,
      "winPercentage": 13.941
    },
    {
      "playerOne": 9,
      "playerTwo": 33,
      "winPercentage": 60.726
    },
    {
      "playerOne": 9,
      "playerTwo": 34,
      "winPercentage": 9.527
    },
    {
      "playerOne": 9,
      "playerTwo": 35,
      "winPercentage": 76.44
    },
    {
      "playerOne": 9,
      "playerTwo": 36,
      "winPercentage": 72.549
    },
    {
      "playerOne": 9,
      "playerTwo": 37,
      "winPercentage": 93.459
    },
    {
      "playerOne": 9,
      "playerTwo": 38,
      "winPercentage": 24.705
    },
    {
      "playerOne": 9,
      "playerTwo": 39,
      "winPercentage": 91.798
    },
    {
      "playerOne": 10,
      "playerTwo": 11,
      "winPercentage": 26.228
    },
    {
      "playerOne": 10,
      "playerTwo": 12,
      "winPercentage": 16.212
    },
    {
      "playerOne": 10,
      "playerTwo": 13,
      "winPercentage": 86.564
    },
    {
      "playerOne": 10,
      "playerTwo": 14,
      "winPercentage": 44.529
    },
    {
      "playerOne": 10,
      "playerTwo": 15,
      "winPercentage": 0.917
    },
    {
      "playerOne": 10,
      "playerTwo": 16,
      "winPercentage": 60.262
    },
    {
      "playerOne": 10,
      "playerTwo": 17,
      "winPercentage": 42.771
    },
    {
      "playerOne": 10,
      "playerTwo": 18,
      "winPercentage": 31.712
    },
    {
      "playerOne": 10,
      "playerTwo": 19,
      "winPercentage": 79.428
    },
    {
      "playerOne": 10,
      "playerTwo": 20,
      "winPercentage": 72.65
    },
    {
      "playerOne": 10,
      "playerTwo": 21,
      "winPercentage": 649.0
    },
    {
      "playerOne": 10,
      "playerTwo": 22,
      "winPercentage": 11.447
    },
    {
      "playerOne": 10,
      "playerTwo": 23,
      "winPercentage": 43.912
    },
    {
      "playerOne": 10,
      "playerTwo": 24,
      "winPercentage": 44.95
    },
    {
      "playerOne": 10,
      "playerTwo": 25,
      "winPercentage": 3.731
    },
    {
      "playerOne": 10,
      "playerTwo": 26,
      "winPercentage": 10.621
    },
    {
      "playerOne": 10,
      "playerTwo": 27,
      "winPercentage": 94.126
    },
    {
      "playerOne": 10,
      "playerTwo": 28,
      "winPercentage": 78.986
    },
    {
      "playerOne": 10,
      "playerTwo": 29,
      "winPercentage": 26.447
    },
    {
      "playerOne": 10,
      "playerTwo": 30,
      "winPercentage": 93.1
    },
    {
      "playerOne": 10,
      "playerTwo": 31,
      "winPercentage": 29.437
    },
    {
      "playerOne": 10,
      "playerTwo": 32,
      "winPercentage": 68.628
    },
    {
      "playerOne": 10,
      "playerTwo": 33,
      "winPercentage": 63.998
    },
    {
      "playerOne": 10,
      "playerTwo": 34,
      "winPercentage": 22.05
    },
    {
      "playerOne": 10,
      "playerTwo": 35,
      "winPercentage": 3.897
    },
    {
      "playerOne": 10,
      "playerTwo": 36,
      "winPercentage": 83.79
    },
    {
      "playerOne": 10,
      "playerTwo": 37,
      "winPercentage": 98.185
    },
    {
      "playerOne": 10,
      "playerTwo": 38,
      "winPercentage": 73.359
    },
    {
      "playerOne": 10,
      "playerTwo": 39,
      "winPercentage": 23.634
    },
    {
      "playerOne": 11,
      "playerTwo": 12,
      "winPercentage": 84.73
    },
    {
      "playerOne": 11,
      "playerTwo": 13,
      "winPercentage": 65.836
    },
    {
      "playerOne": 11,
      "playerTwo": 14,
      "winPercentage": 19.213
    },
    {
      "playerOne": 11,
      "playerTwo": 15,
      "winPercentage": 14.632
    },
    {
      "playerOne": 11,
      "playerTwo": 16,
      "winPercentage": 22.871
    },
    {
      "playerOne": 11,
      "playerTwo": 17,
      "winPercentage": 1.372
    },
    {
      "playerOne": 11,
      "playerTwo": 18,
      "winPercentage": 22.14
    },
    {
      "playerOne": 11,
      "playerTwo": 19,
      "winPercentage": 63.134
    },
    {
      "playerOne": 11,
      "playerTwo": 20,
      "winPercentage": 1.314
    },
    {
      "playerOne": 11,
      "playerTwo": 21,
      "winPercentage": 49.561
    },
    {
      "playerOne": 11,
      "playerTwo": 22,
      "winPercentage": 63.956
    },
    {
      "playerOne": 11,
      "playerTwo": 23,
      "winPercentage": 13.299
    },
    {
      "playerOne": 11,
      "playerTwo": 24,
      "winPercentage": 17.35
    },
    {
      "playerOne": 11,
      "playerTwo": 25,
      "winPercentage": 88.708
    },
    {
      "playerOne": 11,
      "playerTwo": 26,
      "winPercentage": 78.757
    },
    {
      "playerOne": 11,
      "playerTwo": 27,
      "winPercentage": 84.317
    },
    {
      "playerOne": 11,
      "playerTwo": 28,
      "winPercentage": 93.755
    },
    {
      "playerOne": 11,
      "playerTwo": 29,
      "winPercentage": 83.859
    },
    {
      "playerOne": 11,
      "playerTwo": 30,
      "winPercentage": 62.45
    },
    {
      "playerOne": 11,
      "playerTwo": 31,
      "winPercentage": 6.084
    },
    {
      "playerOne": 11,
      "playerTwo": 32,
      "winPercentage": 8.801
    },
    {
      "playerOne": 11,
      "playerTwo": 33,
      "winPercentage": 89.128
    },
    {
      "playerOne": 11,
      "playerTwo": 34,
      "winPercentage": 96.001
    },
    {
      "playerOne": 11,
      "playerTwo": 35,
      "winPercentage": 1.252
    },
    {
      "playerOne": 11,
      "playerTwo": 36,
      "winPercentage": 25.648
    },
    {
      "playerOne": 11,
      "playerTwo": 37,
      "winPercentage": 26.375
    },
    {
      "playerOne": 11,
      "playerTwo": 38,
      "winPercentage": 58.769
    },
    {
      "playerOne": 11,
      "playerTwo": 39,
      "winPercentage": 96.211
    },
    {
      "playerOne": 12,
      "playerTwo": 13,
      "winPercentage": 60.224
    },
    {
      "playerOne": 12,
      "playerTwo": 14,
      "winPercentage": 37.227
    },
    {
      "playerOne": 12,
      "playerTwo": 15,
      "winPercentage": 1.755
    },
    {
      "playerOne": 12,
      "playerTwo": 16,
      "winPercentage": 84.139
    },
    {
      "playerOne": 12,
      "playerTwo": 17,
      "winPercentage": 35.321
    },
    {
      "playerOne": 12,
      "playerTwo": 18,
      "winPercentage": 44.312
    },
    {
      "playerOne": 12,
      "playerTwo": 19,
      "winPercentage": 34.153
    },
    {
      "playerOne": 12,
      "playerTwo": 20,
      "winPercentage": 68.782
    },
    {
      "playerOne": 12,
      "playerTwo": 21,
      "winPercentage": 28.318
    },
    {
      "playerOne": 12,
      "playerTwo": 22,
      "winPercentage": 44.962
    },
    {
      "playerOne": 12,
      "playerTwo": 23,
      "winPercentage": 64.21
    },
    {
      "playerOne": 12,
      "playerTwo": 24,
      "winPercentage": 0.02
    },
    {
      "playerOne": 12,
      "playerTwo": 25,
      "winPercentage": 88.785
    },
    {
      "playerOne": 12,
      "playerTwo": 26,
      "winPercentage": 51.572
    },
    {
      "playerOne": 12,
      "playerTwo": 27,
      "winPercentage": 43.269
    },
    {
      "playerOne": 12,
      "playerTwo": 28,
      "winPercentage": 4.81
    },
    {
      "playerOne": 12,
      "playerTwo": 29,
      "winPercentage": 11.778
    },
    {
      "playerOne": 12,
      "playerTwo": 30,
      "winPercentage": 33.968
    },
    {
      "playerOne": 12,
      "playerTwo": 31,
      "winPercentage": 78.327
    },
    {
      "playerOne": 12,
      "playerTwo": 32,
      "winPercentage": 96.178
    },
    {
      "playerOne": 12,
      "playerTwo": 33,
      "winPercentage": 68.465
    },
    {
      "playerOne": 12,
      "playerTwo": 34,
      "winPercentage": 17.542
    },
    {
      "playerOne": 12,
      "playerTwo": 35,
      "winPercentage": 50.95
    },
    {
      "playerOne": 12,
      "playerTwo": 36,
      "winPercentage": 35.617
    },
    {
      "playerOne": 12,
      "playerTwo": 37,
      "winPercentage": 0.902
    },
    {
      "playerOne": 12,
      "playerTwo": 38,
      "winPercentage": 54.748
    },
    {
      "playerOne": 12,
      "playerTwo": 39,
      "winPercentage": 10.704
    },
    {
      "playerOne": 13,
      "playerTwo": 14,
      "winPercentage": 67.321
    },
    {
      "playerOne": 13,
      "playerTwo": 15,
      "winPercentage": 66.033
    },
    {
      "playerOne": 13,
      "playerTwo": 16,
      "winPercentage": 85.049
    },
    {
      "playerOne": 13,
      "playerTwo": 17,
      "winPercentage": 78.413
    },
    {
      "playerOne": 13,
      "playerTwo": 18,
      "winPercentage": 66.241
    },
    {
      "playerOne": 13,
      "playerTwo": 19,
      "winPercentage": 35.731
    },
    {
      "playerOne": 13,
      "playerTwo": 20,
      "winPercentage": 88.271
    },
    {
      "playerOne": 13,
      "playerTwo": 21,
      "winPercentage": 35.864
    },
    {
      "playerOne": 13,
      "playerTwo": 22,
      "winPercentage": 77.968
    },
    {
      "playerOne": 13,
      "playerTwo": 23,
      "winPercentage": 88.295
    },
    {
      "playerOne": 13,
      "playerTwo": 24,
      "winPercentage": 28.611
    },
    {
      "playerOne": 13,
      "playerTwo": 25,
      "winPercentage": 52.473
    },
    {
      "playerOne": 13,
      "playerTwo": 26,
      "winPercentage": 16.208
    },
    {
      "playerOne": 13,
      "playerTwo": 27,
      "winPercentage": 29.526
    },
    {
      "playerOne": 13,
      "playerTwo": 28,
      "winPercentage": 76.533
    },
    {
      "playerOne": 13,
      "playerTwo": 29,
      "winPercentage": 78.595
    },
    {
      "playerOne": 13,
      "playerTwo": 30,
      "winPercentage": 16.437
    },
    {
      "playerOne": 13,
      "playerTwo": 31,
      "winPercentage": 81.358
    },
    {
      "playerOne": 13,
      "playerTwo": 32,
      "winPercentage": 27.046
    },
    {
      "playerOne": 13,
      "playerTwo": 33,
      "winPercentage": 40.834
    },
    {
      "playerOne": 13,
      "playerTwo": 34,
      "winPercentage": 73.923
    },
    {
      "playerOne": 13,
      "playerTwo": 35,
      "winPercentage": 69.523
    },
    {
      "playerOne": 13,
      "playerTwo": 36,
      "winPercentage": 15.038
    },
    {
      "playerOne": 13,
      "playerTwo": 37,
      "winPercentage": 81.535
    },
    {
      "playerOne": 13,
      "playerTwo": 38,
      "winPercentage": 55.283
    },
    {
      "playerOne": 13,
      "playerTwo": 39,
      "winPercentage": 61.442
    },
    {
      "playerOne": 14,
      "playerTwo": 15,
      "winPercentage": 10.381
    },
    {
      "playerOne": 14,
      "playerTwo": 16,
      "winPercentage": 65.05
    },
    {
      "playerOne": 14,
      "playerTwo": 17,
      "winPercentage": 59.364
    },
    {
      "playerOne": 14,
      "playerTwo": 18,
      "winPercentage": 17.167
    },
    {
      "playerOne": 14,
      "playerTwo": 19,
      "winPercentage": 1.251
    },
    {
      "playerOne": 14,
      "playerTwo": 20,
      "winPercentage": 59.948
    },
    {
      "playerOne": 14,
      "playerTwo": 21,
      "winPercentage": 8.579
    },
    {
      "playerOne": 14,
      "playerTwo": 22,
      "winPercentage": 9.698
    },
    {
      "playerOne": 14,
      "playerTwo": 23,
      "winPercentage": 98.07
    },
    {
      "playerOne": 14,
      "playerTwo": 24,
      "winPercentage": 92.373
    },
    {
      "playerOne": 14,
      "playerTwo": 25,
      "winPercentage": 24.848
    },
    {
      "playerOne": 14,
      "playerTwo": 26,
      "winPercentage": 0.989
    },
    {
      "playerOne": 14,
      "playerTwo": 27,
      "winPercentage": 16.133
    },
    {
      "playerOne": 14,
      "playerTwo": 28,
      "winPercentage": 43.118
    },
    {
      "playerOne": 14,
      "playerTwo": 29,
      "winPercentage": 25.316
    },
    {
      "playerOne": 14,
      "playerTwo": 30,
      "winPercentage": 89.493
    },
    {
      "playerOne": 14,
      "playerTwo": 31,
      "winPercentage": 85.27
    },
    {
      "playerOne": 14,
      "playerTwo": 32,
      "winPercentage": 40.397
    },
    {
      "playerOne": 14,
      "playerTwo": 33,
      "winPercentage": 26.97
    },
    {
      "playerOne": 14,
      "playerTwo": 34,
      "winPercentage": 26.958
    },
    {
      "playerOne": 14,
      "playerTwo": 35,
      "winPercentage": 52.605
    },
    {
      "playerOne": 14,
      "playerTwo": 36,
      "winPercentage": 84.079
    },
    {
      "playerOne": 14,
      "playerTwo": 37,
      "winPercentage": 86.485
    },
    {
      "playerOne": 14,
      "playerTwo": 38,
      "winPercentage": 25.584
    },
    {
      "playerOne": 14,
      "playerTwo": 39,
      "winPercentage": 89.663
    },
    {
      "playerOne": 15,
      "playerTwo": 16,
      "winPercentage": 82.68
    },
    {
      "playerOne": 15,
      "playerTwo": 17,
      "winPercentage": 36.34
    },
    {
      "playerOne": 15,
      "playerTwo": 18,
      "winPercentage": 49.079
    },
    {
      "playerOne": 15,
      "playerTwo": 19,
      "winPercentage": 77.188
    },
    {
      "playerOne": 15,
      "playerTwo": 20,
      "winPercentage": 71.38
    },
    {
      "playerOne": 15,
      "playerTwo": 21,
      "winPercentage": 14.335
    },
    {
      "playerOne": 15,
      "playerTwo": 22,
      "winPercentage": 3.736
    },
    {
      "playerOne": 15,
      "playerTwo": 23,
      "winPercentage": 70.539
    },
    {
      "playerOne": 15,
      "playerTwo": 24,
      "winPercentage": 71.809
    },
    {
      "playerOne": 15,
      "playerTwo": 25,
      "winPercentage": 72.073
    },
    {
      "playerOne": 15,
      "playerTwo": 26,
      "winPercentage": 75.441
    },
    {
      "playerOne": 15,
      "playerTwo": 27,
      "winPercentage": 4.215
    },
    {
      "playerOne": 15,
      "playerTwo": 28,
      "winPercentage": 98.315
    },
    {
      "playerOne": 15,
      "playerTwo": 29,
      "winPercentage": 35.775
    },
    {
      "playerOne": 15,
      "playerTwo": 30,
      "winPercentage": 55.732
    },
    {
      "playerOne": 15,
      "playerTwo": 31,
      "winPercentage": 22.126
    },
    {
      "playerOne": 15,
      "playerTwo": 32,
      "winPercentage": 85.648
    },
    {
      "playerOne": 15,
      "playerTwo": 33,
      "winPercentage": 67.612
    },
    {
      "playerOne": 15,
      "playerTwo": 34,
      "winPercentage": 99.105
    },
    {
      "playerOne": 15,
      "playerTwo": 35,
      "winPercentage": 32.946
    },
    {
      "playerOne": 15,
      "playerTwo": 36,
      "winPercentage": 46.383
    },
    {
      "playerOne": 15,
      "playerTwo": 37,
      "winPercentage": 6.629
    },
    {
      "playerOne": 15,
      "playerTwo": 38,
      "winPercentage": 967.3
    },
    {
      "playerOne": 15,
      "playerTwo": 39,
      "winPercentage": 42.025
    },
    {
      "playerOne": 16,
      "playerTwo": 17,
      "winPercentage": 48.901
    },
    {
      "playerOne": 16,
      "playerTwo": 18,
      "winPercentage": 76.397
    },
    {
      "playerOne": 16,
      "playerTwo": 19,
      "winPercentage": 65.545
    },
    {
      "playerOne": 16,
      "playerTwo": 20,
      "winPercentage": 2.189
    },
    {
      "playerOne": 16,
      "playerTwo": 21,
      "winPercentage": 70.66
    },
    {
      "playerOne": 16,
      "playerTwo": 22,
      "winPercentage": 41.062
    },
    {
      "playerOne": 16,
      "playerTwo": 23,
      "winPercentage": 91.091
    },
    {
      "playerOne": 16,
      "playerTwo": 24,
      "winPercentage": 16.123
    },
    {
      "playerOne": 16,
      "playerTwo": 25,
      "winPercentage": 14.049
    },
    {
      "playerOne": 16,
      "playerTwo": 26,
      "winPercentage": 6.266
    },
    {
      "playerOne": 16,
      "playerTwo": 27,
      "winPercentage": 60.813
    },
    {
      "playerOne": 16,
      "playerTwo": 28,
      "winPercentage": 73.769
    },
    {
      "playerOne": 16,
      "playerTwo": 29,
      "winPercentage": 30.307
    },
    {
      "playerOne": 16,
      "playerTwo": 30,
      "winPercentage": 79.252
    },
    {
      "playerOne": 16,
      "playerTwo": 31,
      "winPercentage": 79.227
    },
    {
      "playerOne": 16,
      "playerTwo": 32,
      "winPercentage": 3.474
    },
    {
      "playerOne": 16,
      "playerTwo": 33,
      "winPercentage": 66.16
    },
    {
      "playerOne": 16,
      "playerTwo": 34,
      "winPercentage": 27.501
    },
    {
      "playerOne": 16,
      "playerTwo": 35,
      "winPercentage": 27.743
    },
    {
      "playerOne": 16,
      "playerTwo": 36,
      "winPercentage": 76.134
    },
    {
      "playerOne": 16,
      "playerTwo": 37,
      "winPercentage": 86.27
    },
    {
      "playerOne": 16,
      "playerTwo": 38,
      "winPercentage": 85.777
    },
    {
      "playerOne": 16,
      "playerTwo": 39,
      "winPercentage": 14.294
    },
    {
      "playerOne": 17,
      "playerTwo": 18,
      "winPercentage": 67.192
    },
    {
      "playerOne": 17,
      "playerTwo": 19,
      "winPercentage": 86.06
    },
    {
      "playerOne": 17,
      "playerTwo": 20,
      "winPercentage": 47.045
    },
    {
      "playerOne": 17,
      "playerTwo": 21,
      "winPercentage": 30.991
    },
    {
      "playerOne": 17,
      "playerTwo": 22,
      "winPercentage": 62.685
    },
    {
      "playerOne": 17,
      "playerTwo": 23,
      "winPercentage": 50.34
    },
    {
      "playerOne": 17,
      "playerTwo": 24,
      "winPercentage": 18.761
    },
    {
      "playerOne": 17,
      "playerTwo": 25,
      "winPercentage": 32.553
    },
    {
      "playerOne": 17,
      "playerTwo": 26,
      "winPercentage": 24.248
    },
    {
      "playerOne": 17,
      "playerTwo": 27,
      "winPercentage": 65.325
    },
    {
      "playerOne": 17,
      "playerTwo": 28,
      "winPercentage": 8.683
    },
    {
      "playerOne": 17,
      "playerTwo": 29,
      "winPercentage": 94.434
    },
    {
      "playerOne": 17,
      "playerTwo": 30,
      "winPercentage": 9.638
    },
    {
      "playerOne": 17,
      "playerTwo": 31,
      "winPercentage": 96.547
    },
    {
      "playerOne": 17,
      "playerTwo": 32,
      "winPercentage": 76.684
    },
    {
      "playerOne": 17,
      "playerTwo": 33,
      "winPercentage": 36.981
    },
    {
      "playerOne": 17,
      "playerTwo": 34,
      "winPercentage": 32.257
    },
    {
      "playerOne": 17,
      "playerTwo": 35,
      "winPercentage": 15.238
    },
    {
      "playerOne": 17,
      "playerTwo": 36,
      "winPercentage": 47.877
    },
    {
      "playerOne": 17,
      "playerTwo": 37,
      "winPercentage": 25.873
    },
    {
      "playerOne": 17,
      "playerTwo": 38,
      "winPercentage": 87.802
    },
    {
      "playerOne": 17,
      "playerTwo": 39,
      "winPercentage": 1.907
    },
    {
      "playerOne": 18,
      "playerTwo": 19,
      "winPercentage": 51.979
    },
    {
      "playerOne": 18,
      "playerTwo": 20,
      "winPercentage": 31.231
    },
    {
      "playerOne": 18,
      "playerTwo": 21,
      "winPercentage": 38.124
    },
    {
      "playerOne": 18,
      "playerTwo": 22,
      "winPercentage": 20.37
    },
    {
      "playerOne": 18,
      "playerTwo": 23,
      "winPercentage": 0.671
    },
    {
      "playerOne": 18,
      "playerTwo": 24,
      "winPercentage": 22.935
    },
    {
      "playerOne": 18,
      "playerTwo": 25,
      "winPercentage": 23.287
    },
    {
      "playerOne": 18,
      "playerTwo": 26,
      "winPercentage": 27.362
    },
    {
      "playerOne": 18,
      "playerTwo": 27,
      "winPercentage": 89.409
    },
    {
      "playerOne": 18,
      "playerTwo": 28,
      "winPercentage": 68.474
    },
    {
      "playerOne": 18,
      "playerTwo": 29,
      "winPercentage": 10.053
    },
    {
      "playerOne": 18,
      "playerTwo": 30,
      "winPercentage": 48.573
    },
    {
      "playerOne": 18,
      "playerTwo": 31,
      "winPercentage": 49.38
    },
    {
      "playerOne": 18,
      "playerTwo": 32,
      "winPercentage": 54.497
    },
    {
      "playerOne": 18,
      "playerTwo": 33,
      "winPercentage": 52.603
    },
    {
      "playerOne": 18,
      "playerTwo": 34,
      "winPercentage": 50.823
    },
    {
      "playerOne": 18,
      "playerTwo": 35,
      "winPercentage": 89.56
    },
    {
      "playerOne": 18,
      "playerTwo": 36,
      "winPercentage": 79.154
    },
    {
      "playerOne": 18,
      "playerTwo": 37,
      "winPercentage": 40.766
    },
    {
      "playerOne": 18,
      "playerTwo": 38,
      "winPercentage": 46.489
    },
    {
      "playerOne": 18,
      "playerTwo": 39,
      "winPercentage": 72.862
    },
    {
      "playerOne": 19,
      "playerTwo": 20,
      "winPercentage": 31.855
    },
    {
      "playerOne": 19,
      "playerTwo": 21,
      "winPercentage": 37.76
    },
    {
      "playerOne": 19,
      "playerTwo": 22,
      "winPercentage": 88.072
    },
    {
      "playerOne": 19,
      "playerTwo": 23,
      "winPercentage": 41.303
    },
    {
      "playerOne": 19,
      "playerTwo": 24,
      "winPercentage": 84.673
    },
    {
      "playerOne": 19,
      "playerTwo": 25,
      "winPercentage": 99.393
    },
    {
      "playerOne": 19,
      "playerTwo": 26,
      "winPercentage": 34.156
    },
    {
      "playerOne": 19,
      "playerTwo": 27,
      "winPercentage": 42.042
    },
    {
      "playerOne": 19,
      "playerTwo": 28,
      "winPercentage": 28.882
    },
    {
      "playerOne": 19,
      "playerTwo": 29,
      "winPercentage": 75.665
    },
    {
      "playerOne": 19,
      "playerTwo": 30,
      "winPercentage": 93.281
    },
    {
      "playerOne": 19,
      "playerTwo": 31,
      "winPercentage": 16.354
    },
    {
      "playerOne": 19,
      "playerTwo": 32,
      "winPercentage": 96.947
    },
    {
      "playerOne": 19,
      "playerTwo": 33,
      "winPercentage": 26.736
    },
    {
      "playerOne": 19,
      "playerTwo": 34,
      "winPercentage": 38.954
    },
    {
      "playerOne": 19,
      "playerTwo": 35,
      "winPercentage": 57.782
    },
    {
      "playerOne": 19,
      "playerTwo": 36,
      "winPercentage": 63.021
    },
    {
      "playerOne": 19,
      "playerTwo": 37,
      "winPercentage": 96.913
    },
    {
      "playerOne": 19,
      "playerTwo": 38,
      "winPercentage": 25.638
    },
    {
      "playerOne": 19,
      "playerTwo": 39,
      "winPercentage": 16.934
    },
    {
      "playerOne": 20,
      "playerTwo": 21,
      "winPercentage": 21.158
    },
    {
      "playerOne": 20,
      "playerTwo": 22,
      "winPercentage": 94.276
    },
    {
      "playerOne": 20,
      "playerTwo": 23,
      "winPercentage": 89.32
    },
    {
      "playerOne": 20,
      "playerTwo": 24,
      "winPercentage": 86.223
    },
    {
      "playerOne": 20,
      "playerTwo": 25,
      "winPercentage": 12.012
    },
    {
      "playerOne": 20,
      "playerTwo": 26,
      "winPercentage": 23.001
    },
    {
      "playerOne": 20,
      "playerTwo": 27,
      "winPercentage": 39.918
    },
    {
      "playerOne": 20,
      "playerTwo": 28,
      "winPercentage": 32.394
    },
    {
      "playerOne": 20,
      "playerTwo": 29,
      "winPercentage": 75.197
    },
    {
      "playerOne": 20,
      "playerTwo": 30,
      "winPercentage": 19.202
    },
    {
      "playerOne": 20,
      "playerTwo": 31,
      "winPercentage": 25.545
    },
    {
      "playerOne": 20,
      "playerTwo": 32,
      "winPercentage": 29.421
    },
    {
      "playerOne": 20,
      "playerTwo": 33,
      "winPercentage": 73.469
    },
    {
      "playerOne": 20,
      "playerTwo": 34,
      "winPercentage": 35.671
    },
    {
      "playerOne": 20,
      "playerTwo": 35,
      "winPercentage": 81.088
    },
    {
      "playerOne": 20,
      "playerTwo": 36,
      "winPercentage": 97.33
    },
    {
      "playerOne": 20,
      "playerTwo": 37,
      "winPercentage": 41.027
    },
    {
      "playerOne": 20,
      "playerTwo": 38,
      "winPercentage": 82.691
    },
    {
      "playerOne": 20,
      "playerTwo": 39,
      "winPercentage": 95.701
    },
    {
      "playerOne": 21,
      "playerTwo": 22,
      "winPercentage": 98.915
    },
    {
      "playerOne": 21,
      "playerTwo": 23,
      "winPercentage": 10.287
    },
    {
      "playerOne": 21,
      "playerTwo": 24,
      "winPercentage": 64.597
    },
    {
      "playerOne": 21,
      "playerTwo": 25,
      "winPercentage": 34.853
    },
    {
      "playerOne": 21,
      "playerTwo": 26,
      "winPercentage": 64.935
    },
    {
      "playerOne": 21,
      "playerTwo": 27,
      "winPercentage": 37.243
    },
    {
      "playerOne": 21,
      "playerTwo": 28,
      "winPercentage": 7.099
    },
    {
      "playerOne": 21,
      "playerTwo": 29,
      "winPercentage": 22.326
    },
    {
      "playerOne": 21,
      "playerTwo": 30,
      "winPercentage": 69.473
    },
    {
      "playerOne": 21,
      "playerTwo": 31,
      "winPercentage": 97.461
    },
    {
      "playerOne": 21,
      "playerTwo": 32,
      "winPercentage": 51.713
    },
    {
      "playerOne": 21,
      "playerTwo": 33,
      "winPercentage": 94.041
    },
    {
      "playerOne": 21,
      "playerTwo": 34,
      "winPercentage": 35.124
    },
    {
      "playerOne": 21,
      "playerTwo": 35,
      "winPercentage": 12.571
    },
    {
      "playerOne": 21,
      "playerTwo": 36,
      "winPercentage": 16.663
    },
    {
      "playerOne": 21,
      "playerTwo": 37,
      "winPercentage": 10.681
    },
    {
      "playerOne": 21,
      "playerTwo": 38,
      "winPercentage": 93.856
    },
    {
      "playerOne": 21,
      "playerTwo": 39,
      "winPercentage": 26.977
    },
    {
      "playerOne": 22,
      "playerTwo": 23,
      "winPercentage": 57.192
    },
    {
      "playerOne": 22,
      "playerTwo": 24,
      "winPercentage": 26.088
    },
    {
      "playerOne": 22,
      "playerTwo": 25,
      "winPercentage": 61.086
    },
    {
      "playerOne": 22,
      "playerTwo": 26,
      "winPercentage": 98.831
    },
    {
      "playerOne": 22,
      "playerTwo": 27,
      "winPercentage": 61.491
    },
    {
      "playerOne": 22,
      "playerTwo": 28,
      "winPercentage": 61.652
    },
    {
      "playerOne": 22,
      "playerTwo": 29,
      "winPercentage": 68.297
    },
    {
      "playerOne": 22,
      "playerTwo": 30,
      "winPercentage": 72.07
    },
    {
      "playerOne": 22,
      "playerTwo": 31,
      "winPercentage": 95.666
    },
    {
      "playerOne": 22,
      "playerTwo": 32,
      "winPercentage": 48.076
    },
    {
      "playerOne": 22,
      "playerTwo": 33,
      "winPercentage": 81.225
    },
    {
      "playerOne": 22,
      "playerTwo": 34,
      "winPercentage": 17.535
    },
    {
      "playerOne": 22,
      "playerTwo": 35,
      "winPercentage": 32.629
    },
    {
      "playerOne": 22,
      "playerTwo": 36,
      "winPercentage": 15.598
    },
    {
      "playerOne": 22,
      "playerTwo": 37,
      "winPercentage": 78.239
    },
    {
      "playerOne": 22,
      "playerTwo": 38,
      "winPercentage": 90.036
    },
    {
      "playerOne": 22,
      "playerTwo": 39,
      "winPercentage": 17.457
    },
    {
      "playerOne": 23,
      "playerTwo": 24,
      "winPercentage": 78.006
    },
    {
      "playerOne": 23,
      "playerTwo": 25,
      "winPercentage": 163.5
    },
    {
      "playerOne": 23,
      "playerTwo": 26,
      "winPercentage": 50.559
    },
    {
      "playerOne": 23,
      "playerTwo": 27,
      "winPercentage": 49.704
    },
    {
      "playerOne": 23,
      "playerTwo": 28,
      "winPercentage": 96.448
    },
    {
      "playerOne": 23,
      "playerTwo": 29,
      "winPercentage": 81.479
    },
    {
      "playerOne": 23,
      "playerTwo": 30,
      "winPercentage": 35.203
    },
    {
      "playerOne": 23,
      "playerTwo": 31,
      "winPercentage": 74.862
    },
    {
      "playerOne": 23,
      "playerTwo": 32,
      "winPercentage": 24.47
    },
    {
      "playerOne": 23,
      "playerTwo": 33,
      "winPercentage": 54.638
    },
    {
      "playerOne": 23,
      "playerTwo": 34,
      "winPercentage": 71.296
    },
    {
      "playerOne": 23,
      "playerTwo": 35,
      "winPercentage": 3.956
    },
    {
      "playerOne": 23,
      "playerTwo": 36,
      "winPercentage": 79.57
    },
    {
      "playerOne": 23,
      "playerTwo": 37,
      "winPercentage": 88.512
    },
    {
      "playerOne": 23,
      "playerTwo": 38,
      "winPercentage": 52.121
    },
    {
      "playerOne": 23,
      "playerTwo": 39,
      "winPercentage": 94.705
    },
    {
      "playerOne": 24,
      "playerTwo": 25,
      "winPercentage": 40.355
    },
    {
      "playerOne": 24,
      "playerTwo": 26,
      "winPercentage": 49.011
    },
    {
      "playerOne": 24,
      "playerTwo": 27,
      "winPercentage": 4.365
    },
    {
      "playerOne": 24,
      "playerTwo": 28,
      "winPercentage": 76.408
    },
    {
      "playerOne": 24,
      "playerTwo": 29,
      "winPercentage": 1.27
    },
    {
      "playerOne": 24,
      "playerTwo": 30,
      "winPercentage": 86.997
    },
    {
      "playerOne": 24,
      "playerTwo": 31,
      "winPercentage": 3.106
    },
    {
      "playerOne": 24,
      "playerTwo": 32,
      "winPercentage": 25.935
    },
    {
      "playerOne": 24,
      "playerTwo": 33,
      "winPercentage": 82.637
    },
    {
      "playerOne": 24,
      "playerTwo": 34,
      "winPercentage": 10.67
    },
    {
      "playerOne": 24,
      "playerTwo": 35,
      "winPercentage": 69.832
    },
    {
      "playerOne": 24,
      "playerTwo": 36,
      "winPercentage": 51.609
    },
    {
      "playerOne": 24,
      "playerTwo": 37,
      "winPercentage": 70.877
    },
    {
      "playerOne": 24,
      "playerTwo": 38,
      "winPercentage": 97.351
    },
    {
      "playerOne": 24,
      "playerTwo": 39,
      "winPercentage": 67.706
    },
    {
      "playerOne": 25,
      "playerTwo": 26,
      "winPercentage": 60.83
    },
    {
      "playerOne": 25,
      "playerTwo": 27,
      "winPercentage": 35.482
    },
    {
      "playerOne": 25,
      "playerTwo": 28,
      "winPercentage": 24.262
    },
    {
      "playerOne": 25,
      "playerTwo": 29,
      "winPercentage": 3.917
    },
    {
      "playerOne": 25,
      "playerTwo": 30,
      "winPercentage": 20.022
    },
    {
      "playerOne": 25,
      "playerTwo": 31,
      "winPercentage": 2.46
    },
    {
      "playerOne": 25,
      "playerTwo": 32,
      "winPercentage": 72.866
    },
    {
      "playerOne": 25,
      "playerTwo": 33,
      "winPercentage": 62.18
    },
    {
      "playerOne": 25,
      "playerTwo": 34,
      "winPercentage": 44.386
    },
    {
      "playerOne": 25,
      "playerTwo": 35,
      "winPercentage": 59.493
    },
    {
      "playerOne": 25,
      "playerTwo": 36,
      "winPercentage": 51.648
    },
    {
      "playerOne": 25,
      "playerTwo": 37,
      "winPercentage": 37.357
    },
    {
      "playerOne": 25,
      "playerTwo": 38,
      "winPercentage": 54.524
    },
    {
      "playerOne": 25,
      "playerTwo": 39,
      "winPercentage": 19.177
    },
    {
      "playerOne": 26,
      "playerTwo": 27,
      "winPercentage": 73.001
    },
    {
      "playerOne": 26,
      "playerTwo": 28,
      "winPercentage": 67.712
    },
    {
      "playerOne": 26,
      "playerTwo": 29,
      "winPercentage": 54.17
    },
    {
      "playerOne": 26,
      "playerTwo": 30,
      "winPercentage": 13.696
    },
    {
      "playerOne": 26,
      "playerTwo": 31,
      "winPercentage": 72.004
    },
    {
      "playerOne": 26,
      "playerTwo": 32,
      "winPercentage": 45.535
    },
    {
      "playerOne": 26,
      "playerTwo": 33,
      "winPercentage": 84.624
    },
    {
      "playerOne": 26,
      "playerTwo": 34,
      "winPercentage": 42.756
    },
    {
      "playerOne": 26,
      "playerTwo": 35,
      "winPercentage": 44.502
    },
    {
      "playerOne": 26,
      "playerTwo": 36,
      "winPercentage": 58.471
    },
    {
      "playerOne": 26,
      "playerTwo": 37,
      "winPercentage": 53.997
    },
    {
      "playerOne": 26,
      "playerTwo": 38,
      "winPercentage": 5.111
    },
    {
      "playerOne": 26,
      "playerTwo": 39,
      "winPercentage": 48.535
    },
    {
      "playerOne": 27,
      "playerTwo": 28,
      "winPercentage": 16.304
    },
    {
      "playerOne": 27,
      "playerTwo": 29,
      "winPercentage": 22.514
    },
    {
      "playerOne": 27,
      "playerTwo": 30,
      "winPercentage": 13.924
    },
    {
      "playerOne": 27,
      "playerTwo": 31,
      "winPercentage": 80.273
    },
    {
      "playerOne": 27,
      "playerTwo": 32,
      "winPercentage": 19.972
    },
    {
      "playerOne": 27,
      "playerTwo": 33,
      "winPercentage": 85.227
    },
    {
      "playerOne": 27,
      "playerTwo": 34,
      "winPercentage": 29.53
    },
    {
      "playerOne": 27,
      "playerTwo": 35,
      "winPercentage": 95.705
    },
    {
      "playerOne": 27,
      "playerTwo": 36,
      "winPercentage": 82.961
    },
    {
      "playerOne": 27,
      "playerTwo": 37,
      "winPercentage": 95.739
    },
    {
      "playerOne": 27,
      "playerTwo": 38,
      "winPercentage": 25.561
    },
    {
      "playerOne": 27,
      "playerTwo": 39,
      "winPercentage": 69.001
    },
    {
      "playerOne": 28,
      "playerTwo": 29,
      "winPercentage": 45.396
    },
    {
      "playerOne": 28,
      "playerTwo": 30,
      "winPercentage": 47.771
    },
    {
      "playerOne": 28,
      "playerTwo": 31,
      "winPercentage": 92.879
    },
    {
      "playerOne": 28,
      "playerTwo": 32,
      "winPercentage": 45.171
    },
    {
      "playerOne": 28,
      "playerTwo": 33,
      "winPercentage": 19.627
    },
    {
      "playerOne": 28,
      "playerTwo": 34,
      "winPercentage": 65.602
    },
    {
      "playerOne": 28,
      "playerTwo": 35,
      "winPercentage": 37.158
    },
    {
      "playerOne": 28,
      "playerTwo": 36,
      "winPercentage": 18.632
    },
    {
      "playerOne": 28,
      "playerTwo": 37,
      "winPercentage": 57.39
    },
    {
      "playerOne": 28,
      "playerTwo": 38,
      "winPercentage": 45.34
    },
    {
      "playerOne": 28,
      "playerTwo": 39,
      "winPercentage": 98.796
    },
    {
      "playerOne": 29,
      "playerTwo": 30,
      "winPercentage": 81.399
    },
    {
      "playerOne": 29,
      "playerTwo": 31,
      "winPercentage": 90.117
    },
    {
      "playerOne": 29,
      "playerTwo": 32,
      "winPercentage": 34.604
    },
    {
      "playerOne": 29,
      "playerTwo": 33,
      "winPercentage": 77.196
    },
    {
      "playerOne": 29,
      "playerTwo": 34,
      "winPercentage": 1.257
    },
    {
      "playerOne": 29,
      "playerTwo": 35,
      "winPercentage": 86.049
    },
    {
      "playerOne": 29,
      "playerTwo": 36,
      "winPercentage": 61.375
    },
    {
      "playerOne": 29,
      "playerTwo": 37,
      "winPercentage": 54.203
    },
    {
      "playerOne": 29,
      "playerTwo": 38,
      "winPercentage": 10.754
    },
    {
      "playerOne": 29,
      "playerTwo": 39,
      "winPercentage": 28.612
    },
    {
      "playerOne": 30,
      "playerTwo": 31,
      "winPercentage": 14.055
    },
    {
      "playerOne": 30,
      "playerTwo": 32,
      "winPercentage": 96.882
    },
    {
      "playerOne": 30,
      "playerTwo": 33,
      "winPercentage": 7.357
    },
    {
      "playerOne": 30,
      "playerTwo": 34,
      "winPercentage": 88.263
    },
    {
      "playerOne": 30,
      "playerTwo": 35,
      "winPercentage": 90.207
    },
    {
      "playerOne": 30,
      "playerTwo": 36,
      "winPercentage": 47.578
    },
    {
      "playerOne": 30,
      "playerTwo": 37,
      "winPercentage": 53.834
    },
    {
      "playerOne": 30,
      "playerTwo": 38,
      "winPercentage": 72.615
    },
    {
      "playerOne": 30,
      "playerTwo": 39,
      "winPercentage": 24.316
    },
    {
      "playerOne": 31,
      "playerTwo": 32,
      "winPercentage": 36.412
    },
    {
      "playerOne": 31,
      "playerTwo": 33,
      "winPercentage": 48.242
    },
    {
      "playerOne": 31,
      "playerTwo": 34,
      "winPercentage": 22.278
    },
    {
      "playerOne": 31,
      "playerTwo": 35,
      "winPercentage": 61.372
    },
    {
      "playerOne": 31,
      "playerTwo": 36,
      "winPercentage": 57.548
    },
    {
      "playerOne": 31,
      "playerTwo": 37,
      "winPercentage": 49.384
    },
    {
      "playerOne": 31,
      "playerTwo": 38,
      "winPercentage": 66.128
    },
    {
      "playerOne": 31,
      "playerTwo": 39,
      "winPercentage": 5.121
    },
    {
      "playerOne": 32,
      "playerTwo": 33,
      "winPercentage": 12.306
    },
    {
      "playerOne": 32,
      "playerTwo": 34,
      "winPercentage": 19.416
    },
    {
      "playerOne": 32,
      "playerTwo": 35,
      "winPercentage": 78.6
    },
    {
      "playerOne": 32,
      "playerTwo": 36,
      "winPercentage": 74.541
    },
    {
      "playerOne": 32,
      "playerTwo": 37,
      "winPercentage": 17.953
    },
    {
      "playerOne": 32,
      "playerTwo": 38,
      "winPercentage": 11.161
    },
    {
      "playerOne": 32,
      "playerTwo": 39,
      "winPercentage": 18.18
    },
    {
      "playerOne": 33,
      "playerTwo": 34,
      "winPercentage": 4.134
    },
    {
      "playerOne": 33,
      "playerTwo": 35,
      "winPercentage": 67.889
    },
    {
      "playerOne": 33,
      "playerTwo": 36,
      "winPercentage": 33.115
    },
    {
      "playerOne": 33,
      "playerTwo": 37,
      "winPercentage": 55.742
    },
    {
      "playerOne": 33,
      "playerTwo": 38,
      "winPercentage": 41.442
    },
    {
      "playerOne": 33,
      "playerTwo": 39,
      "winPercentage": 56.206
    },
    {
      "playerOne": 34,
      "playerTwo": 35,
      "winPercentage": 17.069
    },
    {
      "playerOne": 34,
      "playerTwo": 36,
      "winPercentage": 57.262
    },
    {
      "playerOne": 34,
      "playerTwo": 37,
      "winPercentage": 62.417
    },
    {
      "playerOne": 34,
      "playerTwo": 38,
      "winPercentage": 54.512
    },
    {
      "playerOne": 34,
      "playerTwo": 39,
      "winPercentage": 98.489
    },
    {
      "playerOne": 35,
      "playerTwo": 36,
      "winPercentage": 23.141
    },
    {
      "playerOne": 35,
      "playerTwo": 37,
      "winPercentage": 32.456
    },
    {
      "playerOne": 35,
      "playerTwo": 38,
      "winPercentage": 10.89
    },
    {
      "playerOne": 35,
      "playerTwo": 39,
      "winPercentage": 35.765
    },
    {
      "playerOne": 36,
      "playerTwo": 37,
      "winPercentage": 2.436
    },
    {
      "playerOne": 36,
      "playerTwo": 38,
      "winPercentage": 80.384
    },
    {
      "playerOne": 36,
      "playerTwo": 39,
      "winPercentage": 90.768
    },
    {
      "playerOne": 37,
      "playerTwo": 38,
      "winPercentage": 59.153
    },
    {
      "playerOne": 37,
      "playerTwo": 39,
      "winPercentage": 58.097
    },
    {
      "playerOne": 38,
      "playerTwo": 39,
      "winPercentage": 52.692
    }
  ]
}