{
  "0001": {
    "key": -546123470,
    "operation": "Insert"
  },
  "0002": {
    "key": 2118155034,
    "operation": "Insert"
  },
  "0003": {
    "key": 1239293104,
    "operation": "Insert"
  },
  "0004": {
    "key": 1927101281,
    "operation": "Insert"
  },
  "0005": {
    "key": -1626807189,
    "operation": "Insert"
  },
  "0006": {
    "key": 525310756,
    "operation": "Insert"
  },
  "0007": {
    "key": -1866120291,
    "operation": "Insert"
  },
  "0008": {
    "key": 1413357307,
    "operation": "Insert"
  },
  "0009": {
    "key": 2008752290,
    "operation": "Insert"
  },
  "0010": {
    "key": -2135482590,
    "operation": "Insert"
  },
  "0011": {
    "key": -1715531440,
    "operation": "Insert"
  },
  "0012": {
    "key": -2042840640,
    "operation": "Insert"
  },
  "0013": {
    "key": -1503562896,
    "operation": "Insert"
  },
  "0014": {
    "key": -595860904,
    "operation": "Insert"
  },
  "0015": {
    "key": -986450073,
    "operation": "Insert"
  },
  "0016": {
    "key": -1927674532,
    "operation": "Insert"
  },
  "0017": {
    "key": 689375586,
    "operation": "Insert"
  },
  "0018": {
    "key": 634746342,
    "operation": "Insert"
  },
  "0019": {
    "key": 1845610827,
    "operation": "Insert"
  },
  "0020": {
    "key": 2093633738,
    "operation": "Insert"
  },
  "0021": {
    "key": -1085535861,
    "operation": "Insert"
  },
  "0022": {
    "key": 1911589273,
    "operation": "Insert"
  },
  "0023": {
    "key": -1687940404,
    "operation": "Insert"
  },
  "0024": {
    "key": 813141190,
    "operation": "Insert"
  },
  "0025": {
    "key": -521399641,
    "operation": "Insert"
  },
  "0026": {
    "key": 1444072644,
    "operation": "Insert"
  },
  "0027": {
    "key": -27737255,
    "operation": "Insert"
  },
  "0028": {
    "key": -159739336,
    "operation": "Insert"
  },
  "0029": {
    "key": -107178301,
    "operation": "Insert"
  },
  "0030": {
    "key": -612234714,
    "operation": "Insert"
  },
  "0031": {
    "key": -976695742,
    "operation": "Insert"
  },
  "0032": {
    "key": 2119186515,
    "operation": "Insert"
  },
  "0033": {
    "key": -1136869662,
    "operation": "Insert"
  },
  "0034": {
    "key": -1009509081,
    "operation": "Insert"
  },
  "0035": {
    "key": -946033487,
    "operation": "Insert"
  },
  "0036": {
    "key": 884319303,
    "operation": "Insert"
  },
  "0037": {
    "key": 441725602,
    "operation": "Insert"
  },
  "0038": {
    "key": -1500617343,
    "operation": "Insert"
  },
  "0039": {
    "key": 970256258,
    "operation": "Insert"
  },
  "0040": {
    "key": -1986633831,
    "operation": "Insert"
  },
  "0041": {
    "key": 721357867,
    "operation": "Insert"
  },
  "0042": {
    "key": 1826079883,
    "operation": "Insert"
  },
  "0043": {
    "key": -1877439396,
    "operation": "Insert"
  },
  "0044": {
    "key": -1865013579,
    "operation": "Insert"
  },
  "0045": {
    "key": 2064108522,
    "operation": "Insert"
  },
  "0046": {
    "key": -1510103145,
    "operation": "Insert"
  },
  "0047": {
    "key": 21745827,
    "operation": "Insert"
  },
  "0048": {
    "key": -1832201031,
    "operation": "Insert"
  },
  "0049": {
    "key": -780443367,
    "operation": "Insert"
  },
  "0050": {
    "key": 978070141,
    "operation": "Insert"
  },
  "0051": {
    "key": 1827695302,
    "operation": "Insert"
  },
  "0052": {
    "key": -1785733469,
    "operation": "Insert"
  },
  "0053": {
    "key": 1654574478,
    "operation": "Insert"
  },
  "0054": {
    "key": -2143059691,
    "operation": "Insert"
  },
  "0055": {
    "key": -498120328,
    "operation": "Insert"
  },
  "0056": {
    "key": 1967118619,
    "operation": "Insert"
  },
  "0057": {
    "key": 363023822,
    "operation": "Insert"
  },
  "0058": {
    "key": -912000293,
    "operation": "Insert"
  },
  "0059": {
    "key": 1649191521,
    "operation": "Insert"
  },
  "0060": {
    "key": -967891856,
    "operation": "Insert"
  },
  "0061": {
    "key": -962099867,
    "operation": "Insert"
  },
  "0062": {
    "key": -2063921478,
    "operation": "Insert"
  },
  "0063": {
    "key": -1426346385,
    "operation": "Insert"
  },
  "0064": {
    "key": -1076563840,
    "operation": "Insert"
  },
  "0065": {
    "key": -504372037,
    "operation": "Insert"
  },
  "0066": {
    "key": -21218211,
    "operation": "Insert"
  },
  "0067": {
    "key": 1514020592,
    "operation": "Insert"
  },
  "0068": {
    "key": 72603015,
    "operation": "Insert"
  },
  "0069": {
    "key": -1555294622,
    "operation": "Insert"
  },
  "0070": {
    "key": 1125468592,
    "operation": "Insert"
  },
  "0071": {
    "key": 275647221,
    "operation": "Insert"
  },
  "0072": {
    "key": 374898068,
    "operation": "Insert"
  },
  "0073": {
    "key": 905856351,
    "operation": "Insert"
  },
  "0074": {
    "key": 987682272,
    "operation": "Insert"
  },
  "0075": {
    "key": -1656933727,
    "operation": "Insert"
  },
  "0076": {
    "key": 338227091,
    "operation": "Insert"
  },
  "0077": {
    "key": 1411715040,
    "operation": "Insert"
  },
  "0078": {
    "key": -1816345923,
    "operation": "Insert"
  },
  "0079": {
    "key": 98655127,
    "operation": "Insert"
  },
  "0080": {
    "key": -1721077878,
    "operation": "Insert"
  },
  "0081": {
    "key": -879927070,
    "operation": "Insert"
  },
  "0082": {
    "key": -804550923,
    "operation": "Insert"
  },
  "0083": {
    "key": 1198449345,
    "operation": "Insert"
  },
  "0084": {
    "key": 1495657712,
    "operation": "Insert"
  },
  "0085": {
    "key": -2087808308,
    "operation": "Insert"
  },
  "0086": {
    "key": -827685808,
    "operation": "Insert"
  },
  "0087": {
    "key": -731143417,
    "operation": "Insert"
  },
  "0088": {
    "key": -1494999830,
    "operation": "Insert"
  },
  "0089": {
    "key": -405645210,
    "operation": "Insert"
  },
  "0090": {
    "key": -113115892,
    "operation": "Insert"
  },
  "0091": {
    "key": 562034918,
    "operation": "Insert"
  },
  "0092": {
    "key": -1924261793,
    "operation": "Insert"
  },
  "0093": {
    "key": -596303047,
    "operation": "Insert"
  },
  "0094": {
    "key": 632440937,
    "operation": "Insert"
  },
  "0095": {
    "key": -607000016,
    "operation": "Insert"
  },
  "0096": {
    "key": -802539580,
    "operation": "Insert"
  },
  "0097": {
    "key": -1170336401,
    "operation": "Insert"
  },
  "0098": {
    "key": -1781892062,
    "operation": "Insert"
  },
  "0099": {
    "key": -797175896,
    "operation": "Insert"
  },
  "0100": {
    "key": 1336860885,
    "operation": "Insert"
  },
  "0101": {
    "key": 478227353,
    "operation": "Insert"
  },
  "0102": {
    "key": -957393630,
    "operation": "Insert"
  },
  "0103": {
    "key": -817979196,
    "operation": "Insert"
  },
  "0104": {
    "key": -2002581119,
    "operation": "Insert"
  },
  "0105": {
    "key": 1947463270,
    "operation": "Insert"
  },
  "0106": {
    "key": 1082664727,
    "operation": "Insert"
  },
  "0107": {
    "key": -1515855821,
    "operation": "Insert"
  },
  "0108": {
    "key": -848508494,
    "operation": "Insert"
  },
  "0109": {
    "key": 1284077969,
    "operation": "Insert"
  },
  "0110": {
    "key": 331481827,
    "operation": "Insert"
  },
  "0111": {
    "key": 1639005344,
    "operation": "Insert"
  },
  "0112": {
    "key": 1495275347,
    "operation": "Insert"
  },
  "0113": {
    "key": 265362449,
    "operation": "Insert"
  },
  "0114": {
    "key": -860286551,
    "operation": "Insert"
  },
  "0115": {
    "key": -703903581,
    "operation": "Insert"
  },
  "0116": {
    "key": 532958490,
    "operation": "Insert"
  },
  "0117": {
    "key": -1266250609,
    "operation": "Insert"
  },
  "0118": {
    "key": -333995464,
    "operation": "Insert"
  },
  "0119": {
    "key": -1543113274,
    "operation": "Insert"
  },
  "0120": {
    "key": 1760032493,
    "operation": "Insert"
  },
  "0121": {
    "key": -1615590597,
    "operation": "Insert"
  },
  "0122": {
    "key": -2093104376,
    "operation": "Insert"
  },
  "0123": {
    "key": 1124106349,
    "operation": "Insert"
  },
  "0124": {
    "key": 1973254853,
    "operation": "Insert"
  },
  "0125": {
    "key": -482601341,
    "operation": "Insert"
  },
  "0126": {
    "key": -1665304011,
    "operation": "Insert"
  },
  "0127": {
    "key": 495258939,
    "operation": "Insert"
  },
  "0128": {
    "key": 546017235,
    "operation": "Insert"
  },
  "0129": {
    "key": 713585993,
    "operation": "Insert"
  },
  "0130": {
    "key": -1319763410,
    "operation": "Insert"
  },
  "0131": {
    "key": -2040269345,
    "operation": "Insert"
  },
  "0132": {
    "key": -269775911,
    "operation": "Insert"
  },
  "0133": {
    "key": 86368982,
    "operation": "Insert"
  },
  "0134": {
    "key": -1604644238,
    "operation": "Insert"
  },
  "0135": {
    "key": 1168333902,
    "operation": "Insert"
  },
  "0136": {
    "key": -544406938,
    "operation": "Insert"
  },
  "0137": {
    "key": 1604593985,
    "operation": "Insert"
  },
  "0138": {
    "key": 587855584,
    "operation": "Insert"
  },
  "0139": {
    "key": 940273178,
    "operation": "Insert"
  },
  "0140": {
    "key": -1592925049,
    "operation": "Insert"
  },
  "0141": {
    "key": 1274061758,
    "operation": "Insert"
  },
  "0142": {
    "key": 1441514503,
    "operation": "Insert"
  },
  "0143": {
    "key": -1468468653,
    "operation": "Insert"
  },
  "0144": {
    "key": 297094725,
    "operation": "Insert"
  },
  "0145": {
    "key": -2021419183,
    "operation": "Insert"
  },
  "0146": {
    "key": -556761764,
    "operation": "Insert"
  },
  "0147": {
    "key": -2126999131,
    "operation": "Insert"
  },
  "0148": {
    "key": -1983973657,
    "operation": "Insert"
  },
  "0149": {
    "key": 1187287120,
    "operation": "Insert"
  },
  "0150": {
    "key": -359446145,
    "operation": "Insert"
  },
  "0151": {
    "key": -1648806758,
    "operation": "Insert"
  },
  "0152": {
    "key": 379351145,
    "operation": "Insert"
  },
  "0153": {
    "key": 1476042735,
    "operation": "Insert"
  },
  "0154": {
    "key": 1736087294,
    "operation": "Insert"
  },
  "0155": {
    "key": 77264341,
    "operation": "Insert"
  },
  "0156": {
    "key": -124750258,
    "operation": "Insert"
  },
  "0157": {
    "key": 1068585726,
    "operation": "Insert"
  },
  "0158": {
    "key": 578251880,
    "operation": "Insert"
  },
  "0159": {
    "key": 828626774,
    "operation": "Insert"
  },
  "0160": {
    "key": 1191635659,
    "operation": "Insert"
  },
  "0161": {
    "key": -1846298805,
    "operation": "Insert"
  },
  "0162": {
    "key": -842750814,
    "operation": "Insert"
  },
  "0163": {
    "key": -1092200890,
    "operation": "Insert"
  },
  "0164": {
    "key": 1169275943,
    "operation": "Insert"
  },
  "0165": {
    "key": 1788649780,
    "operation": "Insert"
  },
  "0166": {
    "key": 1985071828,
    "operation": "Insert"
  },
  "0167": {
    "key": 1477340927,
    "operation": "Insert"
  },
  "0168": {
    "key": -1938525298,
    "operation": "Insert"
  },
  "0169": {
    "key": 1141417890,
    "operation": "Insert"
  },
  "0170": {
    "key": 1303531066,
    "operation": "Insert"
  },
  "0171": {
    "key": -2141852641,
    "operation": "Insert"
  },
  "0172": {
    "key": -1311310312,
    "operation": "Insert"
  },
  "0173": {
    "key": -1421275699,
    "operation": "Insert"
  },
  "0174": {
    "key": -1448919426,
    "operation": "Insert"
  },
  "0175": {
    "key": 935475384,
    "operation": "Insert"
  },
  "0176": {
    "key": -953779730,
    "operation": "Insert"
  },
  "0177": {
    "key": -408190024,
    "operation": "Insert"
  },
  "0178": {
    "key": 1985721453,
    "operation": "Insert"
  },
  "0179": {
    "key": 1359325245,
    "operation": "Insert"
  },
  "0180": {
    "key": 570053286,
    "operation": "Insert"
  },
  "0181": {
    "key": -569444701,
    "operation": "Insert"
  },
  "0182": {
    "key": -1657664892,
    "operation": "Insert"
  },
  "0183": {
    "key": 1918988817,
    "operation": "Insert"
  },
  "0184": {
    "key": -192892896,
    "operation": "Insert"
  },
  "0185": {
    "key": 2085438811,
    "operation": "Insert"
  },
  "0186": {
    "key": -1982150586,
    "operation": "Insert"
  },
  "0187": {
    "key": -1973621069,
    "operation": "Insert"
  },
  "0188": {
    "key": 620388891,
    "operation": "Insert"
  },
  "0189": {
    "key": -1134553113,
    "operation": "Insert"
  },
  "0190": {
    "key": -300884259,
    "operation": "Insert"
  },
  "0191": {
    "key": -1464715436,
    "operation": "Insert"
  },
  "0192": {
    "key": -1274957893,
    "operation": "Insert"
  },
  "0193": {
    "key": 1623982495,
    "operation": "Insert"
  },
  "0194": {
    "key": 1381262445,
    "operation": "Insert"
  },
  "0195": {
    "key": 1946434095,
    "operation": "Insert"
  },
  "0196": {
    "key": 767346969,
    "operation": "Insert"
  },
  "0197": {
    "key": -283417929,
    "operation": "Insert"
  },
  "0198": {
    "key": 1329433389,
    "operation": "Insert"
  },
  "0199": {
    "key": -1250197676,
    "operation": "Insert"
  },
  "0200": {
    "key": 1113035654,
    "operation": "Insert"
  },
  "0201": {
    "key": 1533203053,
    "operation": "Insert"
  },
  "0202": {
    "key": -667910717,
    "operation": "Insert"
  },
  "0203": {
    "key": 855061092,
    "operation": "Insert"
  },
  "0204": {
    "key": -775228008,
    "operation": "Insert"
  },
  "0205": {
    "key": 240115776,
    "operation": "Insert"
  },
  "0206": {
    "key": -1964897526,
    "operation": "Insert"
  },
  "0207": {
    "key": -985863708,
    "operation": "Insert"
  },
  "0208": {
    "key": -1556811188,
    "operation": "Insert"
  },
  "0209": {
    "key": 924990384,
    "operation": "Insert"
  },
  "0210": {
    "key": -111201424,
    "operation": "Insert"
  },
  "0211": {
    "key": 837834194,
    "operation": "Insert"
  },
  "0212": {
    "key": 1767579960,
    "operation": "Insert"
  },
  "0213": {
    "key": 781140075,
    "operation": "Insert"
  },
  "0214": {
    "key": 1998320263,
    "operation": "Insert"
  },
  "0215": {
    "key": 1213695598,
    "operation": "Insert"
  },
  "0216": {
    "key": 1498694741,
    "operation": "Insert"
  },
  "0217": {
    "key": -571497796,
    "operation": "Insert"
  },
  "0218": {
    "key": -1761407054,
    "operation": "Insert"
  },
  "0219": {
    "key": 80677092,
    "operation": "Insert"
  },
  "0220": {
    "key": 872776128,
    "operation": "Insert"
  },
  "0221": {
    "key": -1051905235,
    "operation": "Insert"
  },
  "0222": {
    "key": -1944197691,
    "operation": "Insert"
  },
  "0223": {
    "key": -195316624,
    "operation": "Insert"
  },
  "0224": {
    "key": 1840704500,
    "operation": "Insert"
  },
  "0225": {
    "key": 205836090,
    "operation": "Insert"
  },
  "0226": {
    "key": -479714307,
    "operation": "Insert"
  },
  "0227": {
    "key": -752836459,
    "operation": "Insert"
  },
  "0228": {
    "key": 1547670170,
    "operation": "Insert"
  },
  "0229": {
    "key": 2146593884,
    "operation": "Insert"
  },
  "0230": {
    "key": -1982392555,
    "operation": "Insert"
  },
  "0231": {
    "key": -269018415,
    "operation": "Insert"
  },
  "0232": {
    "key": -607292587,
    "operation": "Insert"
  },
  "0233": {
    "key": -1528985071,
    "operation": "Insert"
  },
  "0234": {
    "key": 701491779,
    "operation": "Insert"
  },
  "0235": {
    "key": 1763975294,
    "operation": "Insert"
  },
  "0236": {
    "key": 435458943,
    "operation": "Insert"
  },
  "0237": {
    "key": -1835663267,
    "operation": "Insert"
  },
  "0238": {
    "key": 1120750547,
    "operation": "Insert"
  },
  "0239": {
    "key": -1043662699,
    "operation": "Insert"
  },
  "0240": {
    "key": 53663076,
    "operation": "Insert"
  },
  "0241": {
    "key": -1484382029,
    "operation": "Insert"
  },
  "0242": {
    "key": -1430307619,
    "operation": "Insert"
  },
  "0243": {
    "key": -1948117072,
    "operation": "Insert"
  },
  "0244": {
    "key": 1559587315,
    "operation": "Insert"
  },
  "0245": {
    "key": -1648055449,
    "operation": "Insert"
  },
  "0246": {
    "key": 369385628,
    "operation": "Insert"
  },
  "0247": {
    "key": 1169187690,
    "operation": "Insert"
  },
  "0248": {
    "key": 2047008869,
    "operation": "Insert"
  },
  "0249": {
    "key": 1943346811,
    "operation": "Insert"
  },
  "0250": {
    "key": -1786071370,
    "operation": "Insert"
  },
  "0251": {
    "key": -433557068,
    "operation": "Insert"
  },
  "0252": {
    "key": -259502161,
    "operation": "Insert"
  },
  "0253": {
    "key": 880481265,
    "operation": "Insert"
  },
  "0254": {
    "key": 1053940137,
    "operation": "Insert"
  },
  "0255": {
    "key": 1724708059,
    "operation": "Insert"
  },
  "0256": {
    "key": -1446842046,
    "operation": "Insert"
  },
  "0257": {
    "key": -1695845389,
    "operation": "Insert"
  },
  "0258": {
    "key": 863122435,
    "operation": "Insert"
  },
  "0259": {
    "key": 1105228256,
    "operation": "Insert"
  },
  "0260": {
    "key": 526884939,
    "operation": "Insert"
  },
  "0261": {
    "key": 759322162,
    "operation": "Insert"
  },
  "0262": {
    "key": -1684647163,
    "operation": "Insert"
  },
  "0263": {
    "key": -1414476556,
    "operation": "Insert"
  },
  "0264": {
    "key": -82443812,
    "operation": "Insert"
  },
  "0265": {
    "key": -403784604,
    "operation": "Insert"
  },
  "0266": {
    "key": -987484476,
    "operation": "Insert"
  },
  "0267": {
    "key": 977471374,
    "operation": "Insert"
  },
  "0268": {
    "key": -69636362,
    "operation": "Insert"
  },
  "0269": {
    "key": 358988085,
    "operation": "Insert"
  },
  "0270": {
    "key": -1477143739,
    "operation": "Insert"
  },
  "0271": {
    "key": -1118805891,
    "operation": "Insert"
  },
  "0272": {
    "key": -409039585,
    "operation": "Insert"
  },
  "0273": {
    "key": 1471502612,
    "operation": "Insert"
  },
  "0274": {
    "key": -746059394,
    "operation": "Insert"
  },
  "0275": {
    "key": 724356756,
    "operation": "Insert"
  },
  "0276": {
    "key": 1709863371,
    "operation": "Insert"
  },
  "0277": {
    "key": 395224745,
    "operation": "Insert"
  },
  "0278": {
    "key": -543079710,
    "operation": "Insert"
  },
  "0279": {
    "key": 1633918902,
    "operation": "Insert"
  },
  "0280": {
    "key": -617606729,
    "operation": "Insert"
  },
  "0281": {
    "key": -169849654,
    "operation": "Insert"
  },
  "0282": {
    "key": -1055006327,
    "operation": "Insert"
  },
  "0283": {
    "key": -1530533406,
    "operation": "Insert"
  },
  "0284": {
    "key": 1919807522,
    "operation": "Insert"
  },
  "0285": {
    "key": -863636855,
    "operation": "Insert"
  },
  "0286": {
    "key": 1205241144,
    "operation": "Insert"
  },
  "0287": {
    "key": -1840942229,
    "operation": "Insert"
  },
  "0288": {
    "key": 949730468,
    "operation": "Insert"
  },
  "0289": {
    "key": -192407064,
    "operation": "Insert"
  },
  "0290": {
    "key": -1362865390,
    "operation": "Insert"
  },
  "0291": {
    "key": -891407197,
    "operation": "Insert"
  },
  "0292": {
    "key": -905854795,
    "operation": "Insert"
  },
  "0293": {
    "key": 1218060968,
    "operation": "Insert"
  },
  "0294": {
    "key": -309365213,
    "operation": "Insert"
  },
  "0295": {
    "key": 257079790,
    "operation": "Insert"
  },
  "0296": {
    "key": -859305266,
    "operation": "Insert"
  },
  "0297": {
    "key": 177932753,
    "operation": "Insert"
  },
  "0298": {
    "key": -1037653634,
    "operation": "Insert"
  },
  "0299": {
    "key": -857748145,
    "operation": "Insert"
  },
  "0300": {
    "key": -824617120,
    "operation": "Insert"
  },
  "0301": {
    "key": -842252905,
    "operation": "Insert"
  },
  "0302": {
    "key": -365221902,
    "operation": "Insert"
  },
  "0303": {
    "key": 1430100011,
    "operation": "Insert"
  },
  "0304": {
    "key": 691977537,
    "operation": "Insert"
  },
  "0305": {
    "key": -449908474,
    "operation": "Insert"
  },
  "0306": {
    "key": 1766803749,
    "operation": "Insert"
  },
  "0307": {
    "key": 748540644,
    "operation": "Insert"
  },
  "0308": {
    "key": -1738354142,
    "operation": "Insert"
  },
  "0309": {
    "key": -232486643,
    "operation": "Insert"
  },
  "0310": {
    "key": 1262908875,
    "operation": "Insert"
  },
  "0311": {
    "key": 572607703,
    "operation": "Insert"
  },
  "0312": {
    "key": -1612949160,
    "operation": "Insert"
  },
  "0313": {
    "key": -121329533,
    "operation": "Insert"
  },
  "0314": {
    "key": 401703179,
    "operation": "Insert"
  },
  "0315": {
    "key": 982656384,
    "operation": "Insert"
  },
  "0316": {
    "key": -139615695,
    "operation": "Insert"
  },
  "0317": {
    "key": 1368961611,
    "operation": "Insert"
  },
  "0318": {
    "key": 433138404,
    "operation": "Insert"
  },
  "0319": {
    "key": -652178300,
    "operation": "Insert"
  },
  "0320": {
    "key": -1220004749,
    "operation": "Insert"
  },
  "0321": {
    "key": -1515138592,
    "operation": "Insert"
  },
  "0322": {
    "key": 7292002,
    "operation": "Insert"
  },
  "0323": {
    "key": 1429064420,
    "operation": "Insert"
  },
  "0324": {
    "key": 1166282009,
    "operation": "Insert"
  },
  "0325": {
    "key": 351447323,
    "operation": "Insert"
  },
  "0326": {
    "key": -1494513646,
    "operation": "Insert"
  },
  "0327": {
    "key": -1684703255,
    "operation": "Insert"
  },
  "0328": {
    "key": -645042426,
    "operation": "Insert"
  },
  "0329": {
    "key": 1592198179,
    "operation": "Insert"
  },
  "0330": {
    "key": 446880672,
    "operation": "Insert"
  },
  "0331": {
    "key": -1031464514,
    "operation": "Insert"
  },
  "0332": {
    "key": -310797000,
    "operation": "Insert"
  },
  "0333": {
    "key": -1572713048,
    "operation": "Insert"
  },
  "0334": {
    "key": 55733776,
    "operation": "Insert"
  },
  "0335": {
    "key": -2023924271,
    "operation": "Insert"
  },
  "0336": {
    "key": -370422833,
    "operation": "Insert"
  },
  "0337": {
    "key": 1295268299,
    "operation": "Insert"
  },
  "0338": {
    "key": -1688364310,
    "operation": "Insert"
  },
  "0339": {
    "key": 562915169,
    "operation": "Insert"
  },
  "0340": {
    "key": -1271435967,
    "operation": "Insert"
  },
  "0341": {
    "key": -1592285975,
    "operation": "Insert"
  },
  "0342": {
    "key": 2069862307,
    "operation": "Insert"
  },
  "0343": {
    "key": 175312792,
    "operation": "Insert"
  },
  "0344": {
    "key": 2105195823,
    "operation": "Insert"
  },
  "0345": {
    "key": 1401966786,
    "operation": "Insert"
  },
  "0346": {
    "key": -1123739945,
    "operation": "Insert"
  },
  "0347": {
    "key": 58237264,
    "operation": "Insert"
  },
  "0348": {
    "key": 359106196,
    "operation": "Insert"
  },
  "0349": {
    "key": 2109479933,
    "operation": "Insert"
  },
  "0350": {
    "key": -152321577,
    "operation": "Insert"
  },
  "0351": {
    "key": -604208744,
    "operation": "Insert"
  },
  "0352": {
    "key": 882070384,
    "operation": "Insert"
  },
  "0353": {
    "key": 1331728318,
    "operation": "Insert"
  },
  "0354": {
    "key": 684891291,
    "operation": "Insert"
  },
  "0355": {
    "key": 871742428,
    "operation": "Insert"
  },
  "0356": {
    "key": 732355323,
    "operation": "Insert"
  },
  "0357": {
    "key": -1078145763,
    "operation": "Insert"
  },
  "0358": {
    "key": -814178563,
    "operation": "Insert"
  },
  "0359": {
    "key": 1819552298,
    "operation": "Insert"
  },
  "0360": {
    "key": -190516558,
    "operation": "Insert"
  },
  "0361": {
    "key": -293141459,
    "operation": "Insert"
  },
  "0362": {
    "key": 1159347250,
    "operation": "Insert"
  },
  "0363": {
    "key": 120898478,
    "operation": "Insert"
  },
  "0364": {
    "key": -1199057743,
    "operation": "Insert"
  },
  "0365": {
    "key": 1003885339,
    "operation": "Insert"
  },
  "0366": {
    "key": -1886948368,
    "operation": "Insert"
  },
  "0367": {
    "key": 487633333,
    "operation": "Insert"
  },
  "0368": {
    "key": 915718772,
    "operation": "Insert"
  },
  "0369": {
    "key": -798194075,
    "operation": "Insert"
  },
  "0370": {
    "key": 2049746653,
    "operation": "Insert"
  },
  "0371": {
    "key": 1551150903,
    "operation": "Insert"
  },
  "0372": {
    "key": 1344368705,
    "operation": "Insert"
  },
  "0373": {
    "key": 2145011016,
    "operation": "Insert"
  },
  "0374": {
    "key": -831094210,
    "operation": "Insert"
  },
  "0375": {
    "key": 385862256,
    "operation": "Insert"
  },
  "0376": {
    "key": 1681700501,
    "operation": "Insert"
  },
  "0377": {
    "key": 994470939,
    "operation": "Insert"
  },
  "0378": {
    "key": 875345768,
    "operation": "Insert"
  },
  "0379": {
    "key": 1178982231,
    "operation": "Insert"
  },
  "0380": {
    "key": 437058216,
    "operation": "Insert"
  },
  "0381": {
    "key": 1871327171,
    "operation": "Insert"
  },
  "0382": {
    "key": 1450612604,
    "operation": "Insert"
  },
  "0383": {
    "key": 773021330,
    "operation": "Insert"
  },
  "0384": {
    "key": -203677657,
    "operation": "Insert"
  },
  "0385": {
    "key": 980315547,
    "operation": "Insert"
  },
  "0386": {
    "key": 1349249775,
    "operation": "Insert"
  },
  "0387": {
    "key": -1789492156,
    "operation": "Insert"
  },
  "0388": {
    "key": -1862620022,
    "operation": "Insert"
  },
  "0389": {
    "key": 1402323024,
    "operation": "Insert"
  },
  "0390": {
    "key": 1713368322,
    "operation": "Insert"
  },
  "0391": {
    "key": 1304925782,
    "operation": "Insert"
  },
  "0392": {
    "key": -947921808,
    "operation": "Insert"
  },
  "0393": {
    "key": -80808960,
    "operation": "Insert"
  },
  "0394": {
    "key": -1709540832,
    "operation": "Insert"
  },
  "0395": {
    "key": 1257432011,
    "operation": "Insert"
  },
  "0396": {
    "key": -2023716661,
    "operation": "Insert"
  },
  "0397": {
    "key": -311679651,
    "operation": "Insert"
  },
  "0398": {
    "key": 1565537211,
    "operation": "Insert"
  },
  "0399": {
    "key": -1463191548,
    "operation": "Insert"
  },
  "0400": {
    "key": -880295527,
    "operation": "Insert"
  },
  "0401": {
    "key": -243540946,
    "operation": "Insert"
  },
  "0402": {
    "key": 416190858,
    "operation": "Insert"
  },
  "0403": {
    "key": -1538947962,
    "operation": "Insert"
  },
  "0404": {
    "key": 7857515,
    "operation": "Insert"
  },
  "0405": {
    "key": -2025192559,
    "operation": "Insert"
  },
  "0406": {
    "key": 1595048680,
    "operation": "Insert"
  },
  "0407": {
    "key": -703176589,
    "operation": "Insert"
  },
  "0408": {
    "key": -727164197,
    "operation": "Insert"
  },
  "0409": {
    "key": 716962043,
    "operation": "Insert"
  },
  "0410": {
    "key": -1470036798,
    "operation": "Insert"
  },
  "0411": {
    "key": -593064679,
    "operation": "Insert"
  },
  "0412": {
    "key": 2043191239,
    "operation": "Insert"
  },
  "0413": {
    "key": -1673976684,
    "operation": "Insert"
  },
  "0414": {
    "key": 471224219,
    "operation": "Insert"
  },
  "0415": {
    "key": 1841590827,
    "operation": "Insert"
  },
  "0416": {
    "key": 347331353,
    "operation": "Insert"
  },
  "0417": {
    "key": -1434927577,
    "operation": "Insert"
  },
  "0418": {
    "key": 1170199120,
    "operation": "Insert"
  },
  "0419": {
    "key": -992917061,
    "operation": "Insert"
  },
  "0420": {
    "key": 924535904,
    "operation": "Insert"
  },
  "0421": {
    "key": -1205208515,
    "operation": "Insert"
  },
  "0422": {
    "key": 1662757670,
    "operation": "Insert"
  },
  "0423": {
    "key": 810299968,
    "operation": "Insert"
  },
  "0424": {
    "key": 802014106,
    "operation": "Insert"
  },
  "0425": {
    "key": -127748355,
    "operation": "Insert"
  },
  "0426": {
    "key": -1568302117,
    "operation": "Insert"
  },
  "0427": {
    "key": -805618705,
    "operation": "Insert"
  },
  "0428": {
    "key": 1821013828,
    "operation": "Insert"
  },
  "0429": {
    "key": -984252402,
    "operation": "Insert"
  },
  "0430": {
    "key": 318643450,
    "operation": "Insert"
  },
  "0431": {
    "key": 881472190,
    "operation": "Insert"
  },
  "0432": {
    "key": 581501288,
    "operation": "Insert"
  },
  "0433": {
    "key": -1653115234,
    "operation": "Insert"
  },
  "0434": {
    "key": 1758144373,
    "operation": "Insert"
  },
  "0435": {
    "key": 448694732,
    "operation": "Insert"
  },
  "0436": {
    "key": 1878902785,
    "operation": "Insert"
  },
  "0437": {
    "key": 1689125907,
    "operation": "Insert"
  },
  "0438": {
    "key": -571639508,
    "operation": "Insert"
  },
  "0439": {
    "key": -473019908,
    "operation": "Insert"
  },
  "0440": {
    "key": 591662130,
    "operation": "Insert"
  },
  "0441": {
    "key": 1628820825,
    "operation": "Insert"
  },
  "0442": {
    "key": 840444688,
    "operation": "Insert"
  },
  "0443": {
    "key": 1596294996,
    "operation": "Insert"
  },
  "0444": {
    "key": 1235626224,
    "operation": "Insert"
  },
  "0445": {
    "key": -1851288961,
    "operation": "Insert"
  },
  "0446": {
    "key": 1567331917,
    "operation": "Insert"
  },
  "0447": {
    "key": 486151735,
    "operation": "Insert"
  },
  "0448": {
    "key": 1937784599,
    "operation": "Insert"
  },
  "0449": {
    "key": -1459015863,
    "operation": "Insert"
  },
  "0450": {
    "key": -304919662,
    "operation": "Insert"
  },
  "0451": {
    "key": 1748041883,
    "operation": "Insert"
  },
  "0452": {
    "key": 969959667,
    "operation": "Insert"
  },
  "0453": {
    "key": 1057226154,
    "operation": "Insert"
  },
  "0454": {
    "key": -2093503081,
    "operation": "Insert"
  },
  "0455": {
    "key": 1595560227,
    "operation": "Insert"
  },
  "0456": {
    "key": -1469902916,
    "operation": "Insert"
  },
  "0457": {
    "key": -2085964632,
    "operation": "Insert"
  },
  "0458": {
    "key": 2010613439,
    "operation": "Insert"
  },
  "0459": {
    "key": -1536653012,
    "operation": "Insert"
  },
  "0460": {
    "key": 1222793521,
    "operation": "Insert"
  },
  "0461": {
    "key": 2136991323,
    "operation": "Insert"
  },
  "0462": {
    "key": -1441874643,
    "operation": "Insert"
  },
  "0463": {
    "key": 958785108,
    "operation": "Insert"
  },
  "0464": {
    "key": 1272755290,
    "operation": "Insert"
  },
  "0465": {
    "key": 809810760,
    "operation": "Insert"
  },
  "0466": {
    "key": 289793259,
    "operation": "Insert"
  },
  "0467": {
    "key": 883750046,
    "operation": "Insert"
  },
  "0468": {
    "key": 83310446,
    "operation": "Insert"
  },
  "0469": {
    "key": 808443500,
    "operation": "Insert"
  },
  "0470": {
    "key": 1019498524,
    "operation": "Insert"
  },
  "0471": {
    "key": -1717610372,
    "operation": "Insert"
  },
  "0472": {
    "key": -1765964705,
    "operation": "Insert"
  },
  "0473": {
    "key": 80226933,
    "operation": "Insert"
  },
  "0474": {
    "key": 1979628293,
    "operation": "Insert"
  },
  "0475": {
    "key": -878508595,
    "operation": "Insert"
  },
  "0476": {
    "key": -325760749,
    "operation": "Insert"
  },
  "0477": {
    "key": -568819914,
    "operation": "Insert"
  },
  "0478": {
    "key": -677559034,
    "operation": "Insert"
  },
  "0479": {
    "key": -1779032092,
    "operation": "Insert"
  },
  "0480": {
    "key": 60961923,
    "operation": "Insert"
  },
  "0481": {
    "key": -528831439,
    "operation": "Insert"
  },
  "0482": {
    "key": 1972182302,
    "operation": "Insert"
  },
  "0483": {
    "key": -422158974,
    "operation": "Insert"
  },
  "0484": {
    "key": -997062312,
    "operation": "Insert"
  },
  "0485": {
    "key": -291332805,
    "operation": "Insert"
  },
  "0486": {
    "key": -809140727,
    "operation": "Insert"
  },
  "0487": {
    "key": 1401235984,
    "operation": "Insert"
  },
  "0488": {
    "key": -1400416050,
    "operation": "Insert"
  },
  "0489": {
    "key": 325341989,
    "operation": "Insert"
  },
  "0490": {
    "key": -239579510,
    "operation": "Insert"
  },
  "0491": {
    "key": 1605640448,
    "operation": "Insert"
  },
  "0492": {
    "key": -1720488401,
    "operation": "Insert"
  },
  "0493": {
    "key": 1635854921,
    "operation": "Insert"
  },
  "0494": {
    "key": 1584213992,
    "operation": "Insert"
  },
  "0495": {
    "key": 2064862733,
    "operation": "Insert"
  },
  "0496": {
    "key": 433280236,
    "operation": "Insert"
  },
  "0497": {
    "key": -1629402825,
    "operation": "Insert"
  },
  "0498": {
    "key": -865976387,
    "operation": "Insert"
  },
  "0499": {
    "key": 667006486,
    "operation": "Insert"
  },
  "0500": {
    "key": 401560491,
    "operation": "Insert"
  },
  "0501": {
    "key": -1376926337,
    "operation": "Insert"
  },
  "0502": {
    "key": 1799555056,
    "operation": "Insert"
  },
  "0503": {
    "key": -672862975,
    "operation": "Insert"
  },
  "0504": {
    "key": 1407325078,
    "operation": "Insert"
  },
  "0505": {
    "key": 1477914625,
    "operation": "Insert"
  },
  "0506": {
    "key": 256646336,
    "operation": "Insert"
  },
  "0507": {
    "key": -779915479,
    "operation": "Insert"
  },
  "0508": {
    "key": 1032775541,
    "operation": "Insert"
  },
  "0509": {
    "key": -9100960,
    "operation": "Insert"
  },
  "0510": {
    "key": 1661080644,
    "operation": "Insert"
  },
  "0511": {
    "key": 1273954848,
    "operation": "Insert"
  },
  "0512": {
    "key": -734942978,
    "operation": "Insert"
  },
  "0513": {
    "key": -1200009906,
    "operation": "Insert"
  },
  "0514": {
    "key": -1467501376,
    "operation": "Insert"
  },
  "0515": {
    "key": -1467221215,
    "operation": "Insert"
  },
  "0516": {
    "key": -149777667,
    "operation": "Insert"
  },
  "0517": {
    "key": 1443422858,
    "operation": "Insert"
  },
  "0518": {
    "key": 683194308,
    "operation": "Insert"
  },
  "0519": {
    "key": 951384768,
    "operation": "Insert"
  },
  "0520": {
    "key": 1298690647,
    "operation": "Insert"
  },
  "0521": {
    "key": -962234563,
    "operation": "Insert"
  },
  "0522": {
    "key": 174532663,
    "operation": "Insert"
  },
  "0523": {
    "key": -918987032,
    "operation": "Insert"
  },
  "0524": {
    "key": -1777905397,
    "operation": "Insert"
  },
  "0525": {
    "key": -739087984,
    "operation": "Insert"
  },
  "0526": {
    "key": 702754381,
    "operation": "Insert"
  },
  "0527": {
    "key": -2065348543,
    "operation": "Insert"
  },
  "0528": {
    "key": 1340429618,
    "operation": "Insert"
  },
  "0529": {
    "key": 730016248,
    "operation": "Insert"
  },
  "0530": {
    "key": 1688460815,
    "operation": "Insert"
  },
  "0531": {
    "key": -539696645,
    "operation": "Insert"
  },
  "0532": {
    "key": -2037365217,
    "operation": "Insert"
  },
  "0533": {
    "key": -1349664983,
    "operation": "Insert"
  },
  "0534": {
    "key": -1473272767,
    "operation": "Insert"
  },
  "0535": {
    "key": 2135969168,
    "operation": "Insert"
  },
  "0536": {
    "key": 1699497970,
    "operation": "Insert"
  },
  "0537": {
    "key": 1235137319,
    "operation": "Insert"
  },
  "0538": {
    "key": -55847042,
    "operation": "Insert"
  },
  "0539": {
    "key": -1320764427,
    "operation": "Insert"
  },
  "0540": {
    "key": 1966469651,
    "operation": "Insert"
  },
  "0541": {
    "key": -2106509718,
    "operation": "Insert"
  },
  "0542": {
    "key": -970765783,
    "operation": "Insert"
  },
  "0543": {
    "key": 11625698,
    "operation": "Insert"
  },
  "0544": {
    "key": 1191813628,
    "operation": "Insert"
  },
  "0545": {
    "key": 1823190759,
    "operation": "Insert"
  },
  "0546": {
    "key": -1163680762,
    "operation": "Insert"
  },
  "0547": {
    "key": -1708111157,
    "operation": "Insert"
  },
  "0548": {
    "key": -151442739,
    "operation": "Insert"
  },
  "0549": {
    "key": -1397384515,
    "operation": "Insert"
  },
  "0550": {
    "key": 1890867560,
    "operation": "Insert"
  },
  "0551": {
    "key": 1858406217,
    "operation": "Insert"
  },
  "0552": {
    "key": 706431579,
    "operation": "Insert"
  },
  "0553": {
    "key": 706585897,
    "operation": "Insert"
  },
  "0554": {
    "key": -995269102,
    "operation": "Insert"
  },
  "0555": {
    "key": 1016067475,
    "operation": "Insert"
  },
  "0556": {
    "key": 250785827,
    "operation": "Insert"
  },
  "0557": {
    "key": 1602547189,
    "operation": "Insert"
  },
  "0558": {
    "key": -1800267753,
    "operation": "Insert"
  },
  "0559": {
    "key": 1088860490,
    "operation": "Insert"
  },
  "0560": {
    "key": -652871241,
    "operation": "Insert"
  },
  "0561": {
    "key": 1800690386,
    "operation": "Insert"
  },
  "0562": {
    "key": 1726185637,
    "operation": "Insert"
  },
  "0563": {
    "key": 1445069835,
    "operation": "Insert"
  },
  "0564": {
    "key": -1265096015,
    "operation": "Insert"
  },
  "0565": {
    "key": 683016897,
    "operation": "Insert"
  },
  "0566": {
    "key": 624464608,
    "operation": "Insert"
  },
  "0567": {
    "key": -1320230852,
    "operation": "Insert"
  },
  "0568": {
    "key": 287349009,
    "operation": "Insert"
  },
  "0569": {
    "key": -980460156,
    "operation": "Insert"
  },
  "0570": {
    "key": 1604793468,
    "operation": "Insert"
  },
  "0571": {
    "key": 2060303941,
    "operation": "Insert"
  },
  "0572": {
    "key": 1596815915,
    "operation": "Insert"
  },
  "0573": {
    "key": 466617683,
    "operation": "Insert"
  },
  "0574": {
    "key": -299825882,
    "operation": "Insert"
  },
  "0575": {
    "key": -2022013059,
    "operation": "Insert"
  },
  "0576": {
    "key": 194719350,
    "operation": "Insert"
  },
  "0577": {
    "key": -2069336063,
    "operation": "Insert"
  },
  "0578": {
    "key": -1303057585,
    "operation": "Insert"
  },
  "0579": {
    "key": -883396665,
    "operation": "Insert"
  },
  "0580": {
    "key": 1668624932,
    "operation": "Insert"
  },
  "0581": {
    "key": 1062983462,
    "operation": "Insert"
  },
  "0582": {
    "key": 1933733607,
    "operation": "Insert"
  },
  "0583": {
    "key": -266581757,
    "operation": "Insert"
  },
  "0584": {
    "key": -157078131,
    "operation": "Insert"
  },
  "0585": {
    "key": -312582800,
    "operation": "Insert"
  },
  "0586": {
    "key": -472800272,
    "operation": "Insert"
  },
  "0587": {
    "key": 2025480188,
    "operation": "Insert"
  },
  "0588": {
    "key": 1818300185,
    "operation": "Insert"
  },
  "0589": {
    "key": -885723908,
    "operation": "Insert"
  },
  "0590": {
    "key": -1992417275,
    "operation": "Insert"
  },
  "0591": {
    "key": -1094157474,
    "operation": "Insert"
  },
  "0592": {
    "key": 1881757554,
    "operation": "Insert"
  },
  "0593": {
    "key": 849575120,
    "operation": "Insert"
  },
  "0594": {
    "key": -145097986,
    "operation": "Insert"
  },
  "0595": {
    "key": -234201091,
    "operation": "Insert"
  },
  "0596": {
    "key": -1227201727,
    "operation": "Insert"
  },
  "0597": {
    "key": -2085519522,
    "operation": "Insert"
  },
  "0598": {
    "key": -334935281,
    "operation": "Insert"
  },
  "0599": {
    "key": 1779279766,
    "operation": "Insert"
  },
  "0600": {
    "key": 678625028,
    "operation": "Insert"
  },
  "0601": {
    "key": -1097204132,
    "operation": "Insert"
  },
  "0602": {
    "key": -138379671,
    "operation": "Insert"
  },
  "0603": {
    "key": -27458713,
    "operation": "Insert"
  },
  "0604": {
    "key": 972628978,
    "operation": "Insert"
  },
  "0605": {
    "key": 1685850842,
    "operation": "Insert"
  },
  "0606": {
    "key": -1884683247,
    "operation": "Insert"
  },
  "0607": {
    "key": 807731447,
    "operation": "Insert"
  },
  "0608": {
    "key": 1212306309,
    "operation": "Insert"
  },
  "0609": {
    "key": -378155119,
    "operation": "Insert"
  },
  "0610": {
    "key": -79623541,
    "operation": "Insert"
  },
  "0611": {
    "key": -1662172705,
    "operation": "Insert"
  },
  "0612": {
    "key": 888439900,
    "operation": "Insert"
  },
  "0613": {
    "key": 927194751,
    "operation": "Insert"
  },
  "0614": {
    "key": 1445286737,
    "operation": "Insert"
  },
  "0615": {
    "key": -1489376943,
    "operation": "Insert"
  },
  "0616": {
    "key": -1062324610,
    "operation": "Insert"
  },
  "0617": {
    "key": 1359451189,
    "operation": "Insert"
  },
  "0618": {
    "key": 1618973362,
    "operation": "Insert"
  },
  "0619": {
    "key": -1944729607,
    "operation": "Insert"
  },
  "0620": {
    "key": 198546484,
    "operation": "Insert"
  },
  "0621": {
    "key": -1894634650,
    "operation": "Insert"
  },
  "0622": {
    "key": -321249581,
    "operation": "Insert"
  },
  "0623": {
    "key": -701362448,
    "operation": "Insert"
  },
  "0624": {
    "key": 1393154486,
    "operation": "Insert"
  },
  "0625": {
    "key": 1532536878,
    "operation": "Insert"
  },
  "0626": {
    "key": 358583717,
    "operation": "Insert"
  },
  "0627": {
    "key": 462233997,
    "operation": "Insert"
  },
  "0628": {
    "key": -393134449,
    "operation": "Insert"
  },
  "0629": {
    "key": -1915466861,
    "operation": "Insert"
  },
  "0630": {
    "key": 1271811330,
    "operation": "Insert"
  },
  "0631": {
    "key": 392654739,
    "operation": "Insert"
  },
  "0632": {
    "key": 1236695606,
    "operation": "Insert"
  },
  "0633": {
    "key": -505779105,
    "operation": "Insert"
  },
  "0634": {
    "key": 508190633,
    "operation": "Insert"
  },
  "0635": {
    "key": 24395497,
    "operation": "Insert"
  },
  "0636": {
    "key": 1275188989,
    "operation": "Insert"
  },
  "0637": {
    "key": 1036984717,
    "operation": "Insert"
  },
  "0638": {
    "key": -1652537761,
    "operation": "Insert"
  },
  "0639": {
    "key": 1226323225,
    "operation": "Insert"
  },
  "0640": {
    "key": 1825468499,
    "operation": "Insert"
  },
  "0641": {
    "key": 1079989748,
    "operation": "Insert"
  },
  "0642": {
    "key": -109914417,
    "operation": "Insert"
  },
  "0643": {
    "key": -1517384103,
    "operation": "Insert"
  },
  "0644": {
    "key": 1060560058,
    "operation": "Insert"
  },
  "0645": {
    "key": 1656980085,
    "operation": "Insert"
  },
  "0646": {
    "key": 1483836950,
    "operation": "Insert"
  },
  "0647": {
    "key": 528387115,
    "operation": "Insert"
  },
  "0648": {
    "key": -288580035,
    "operation": "Insert"
  },
  "0649": {
    "key": -936844625,
    "operation": "Insert"
  },
  "0650": {
    "key": -1157245106,
    "operation": "Insert"
  },
  "0651": {
    "key": 651978289,
    "operation": "Insert"
  },
  "0652": {
    "key": -1473758129,
    "operation": "Insert"
  },
  "0653": {
    "key": -1579848873,
    "operation": "Insert"
  },
  "0654": {
    "key": -1618611132,
    "operation": "Insert"
  },
  "0655": {
    "key": -1854836574,
    "operation": "Insert"
  },
  "0656": {
    "key": 2121816126,
    "operation": "Insert"
  },
  "0657": {
    "key": -1907306017,
    "operation": "Insert"
  },
  "0658": {
    "key": 288644704,
    "operation": "Insert"
  },
  "0659": {
    "key": -40625496,
    "operation": "Insert"
  },
  "0660": {
    "key": 428005017,
    "operation": "Insert"
  },
  "0661": {
    "key": -140486437,
    "operation": "Insert"
  },
  "0662": {
    "key": 313119144,
    "operation": "Insert"
  },
  "0663": {
    "key": 1263888135,
    "operation": "Insert"
  },
  "0664": {
    "key": 919566511,
    "operation": "Insert"
  },
  "0665": {
    "key": 439510,
    "operation": "Insert"
  },
  "0666": {
    "key": -781925744,
    "operation": "Insert"
  },
  "0667": {
    "key": 193523564,
    "operation": "Insert"
  },
  "0668": {
    "key": 1020926649,
    "operation": "Insert"
  },
  "0669": {
    "key": -1706303215,
    "operation": "Insert"
  },
  "0670": {
    "key": -126194819,
    "operation": "Insert"
  },
  "0671": {
    "key": -134983662,
    "operation": "Insert"
  },
  "0672": {
    "key": 655007587,
    "operation": "Insert"
  },
  "0673": {
    "key": 1615128474,
    "operation": "Insert"
  },
  "0674": {
    "key": 761904096,
    "operation": "Insert"
  },
  "0675": {
    "key": -1775267518,
    "operation": "Insert"
  },
  "0676": {
    "key": -1286088652,
    "operation": "Insert"
  },
  "0677": {
    "key": -1636274037,
    "operation": "Insert"
  },
  "0678": {
    "key": -987428226,
    "operation": "Insert"
  },
  "0679": {
    "key": 1730487287,
    "operation": "Insert"
  },
  "0680": {
    "key": 1572550435,
    "operation": "Insert"
  },
  "0681": {
    "key": 1745563466,
    "operation": "Insert"
  },
  "0682": {
    "key": 1098056689,
    "operation": "Insert"
  },
  "0683": {
    "key": -2053197790,
    "operation": "Insert"
  },
  "0684": {
    "key": 437739904,
    "operation": "Insert"
  },
  "0685": {
    "key": 658964643,
    "operation": "Insert"
  },
  "0686": {
    "key": -523607863,
    "operation": "Insert"
  },
  "0687": {
    "key": 456429470,
    "operation": "Insert"
  },
  "0688": {
    "key": 1287705253,
    "operation": "Insert"
  },
  "0689": {
    "key": 63582886,
    "operation": "Insert"
  },
  "0690": {
    "key": 801801743,
    "operation": "Insert"
  },
  "0691": {
    "key": 1522597334,
    "operation": "Insert"
  },
  "0692": {
    "key": -1007656091,
    "operation": "Insert"
  },
  "0693": {
    "key": 317852730,
    "operation": "Insert"
  },
  "0694": {
    "key": 1846914158,
    "operation": "Insert"
  },
  "0695": {
    "key": -96879665,
    "operation": "Insert"
  },
  "0696": {
    "key": 471008089,
    "operation": "Insert"
  },
  "0697": {
    "key": 1119864318,
    "operation": "Insert"
  },
  "0698": {
    "key": -1286902745,
    "operation": "Insert"
  },
  "0699": {
    "key": -958615923,
    "operation": "Insert"
  },
  "0700": {
    "key": 917413498,
    "operation": "Insert"
  },
  "0701": {
    "key": 18043147,
    "operation": "Insert"
  },
  "0702": {
    "key": -1807990920,
    "operation": "Insert"
  },
  "0703": {
    "key": 375601624,
    "operation": "Insert"
  },
  "0704": {
    "key": -839657157,
    "operation": "Insert"
  },
  "0705": {
    "key": 1412623297,
    "operation": "Insert"
  },
  "0706": {
    "key": 1232515593,
    "operation": "Insert"
  },
  "0707": {
    "key": -818154228,
    "operation": "Insert"
  },
  "0708": {
    "key": -1090469829,
    "operation": "Insert"
  },
  "0709": {
    "key": -1466921478,
    "operation": "Insert"
  },
  "0710": {
    "key": 1612550748,
    "operation": "Insert"
  },
  "0711": {
    "key": 1504022580,
    "operation": "Insert"
  },
  "0712": {
    "key": 1122833122,
    "operation": "Insert"
  },
  "0713": {
    "key": -48899982,
    "operation": "Insert"
  },
  "0714": {
    "key": -632757511,
    "operation": "Insert"
  },
  "0715": {
    "key": 1325709441,
    "operation": "Insert"
  },
  "0716": {
    "key": 126894473,
    "operation": "Insert"
  },
  "0717": {
    "key": -555396726,
    "operation": "Insert"
  },
  "0718": {
    "key": 152600860,
    "operation": "Insert"
  },
  "0719": {
    "key": -378633401,
    "operation": "Insert"
  },
  "0720": {
    "key": 1520942666,
    "operation": "Insert"
  },
  "0721": {
    "key": -436297364,
    "operation": "Insert"
  },
  "0722": {
    "key": -314451881,
    "operation": "Insert"
  },
  "0723": {
    "key": 1970250974,
    "operation": "Insert"
  },
  "0724": {
    "key": -1023785376,
    "operation": "Insert"
  },
  "0725": {
    "key": -145327677,
    "operation": "Insert"
  },
  "0726": {
    "key": -1865447625,
    "operation": "Insert"
  },
  "0727": {
    "key": 1963698657,
    "operation": "Insert"
  },
  "0728": {
    "key": 2065665810,
    "operation": "Insert"
  },
  "0729": {
    "key": 568500744,
    "operation": "Insert"
  },
  "0730": {
    "key": -952238994,
    "operation": "Insert"
  },
  "0731": {
    "key": -724276739,
    "operation": "Insert"
  },
  "0732": {
    "key": 1961314768,
    "operation": "Insert"
  },
  "0733": {
    "key": -1613035647,
    "operation": "Insert"
  },
  "0734": {
    "key": -714520836,
    "operation": "Insert"
  },
  "0735": {
    "key": -2016632998,
    "operation": "Insert"
  },
  "0736": {
    "key": -562615503,
    "operation": "Insert"
  },
  "0737": {
    "key": -249410140,
    "operation": "Insert"
  },
  "0738": {
    "key": -2125601195,
    "operation": "Insert"
  },
  "0739": {
    "key": 1176528059,
    "operation": "Insert"
  },
  "0740": {
    "key": 655299517,
    "operation": "Insert"
  },
  "0741": {
    "key": -1263117476,
    "operation": "Insert"
  },
  "0742": {
    "key": 1796159670,
    "operation": "Insert"
  },
  "0743": {
    "key": 331059915,
    "operation": "Insert"
  },
  "0744": {
    "key": -1550618660,
    "operation": "Insert"
  },
  "0745": {
    "key": 1165099186,
    "operation": "Insert"
  },
  "0746": {
    "key": -697330486,
    "operation": "Insert"
  },
  "0747": {
    "key": 1015597152,
    "operation": "Insert"
  },
  "0748": {
    "key": 1648285439,
    "operation": "Insert"
  },
  "0749": {
    "key": 406924464,
    "operation": "Insert"
  },
  "0750": {
    "key": 1075648524,
    "operation": "Insert"
  },
  "0751": {
    "key": -356655124,
    "operation": "Insert"
  },
  "0752": {
    "key": -1138224310,
    "operation": "Insert"
  },
  "0753": {
    "key": -901976237,
    "operation": "Insert"
  },
  "0754": {
    "key": 430768503,
    "operation": "Insert"
  },
  "0755": {
    "key": -226452699,
    "operation": "Insert"
  },
  "0756": {
    "key": -190308190,
    "operation": "Insert"
  },
  "0757": {
    "key": -967755803,
    "operation": "Insert"
  },
  "0758": {
    "key": -1738126974,
    "operation": "Insert"
  },
  "0759": {
    "key": -809676176,
    "operation": "Insert"
  },
  "0760": {
    "key": -124176566,
    "operation": "Insert"
  },
  "0761": {
    "key": -1060680720,
    "operation": "Insert"
  },
  "0762": {
    "key": -1425009566,
    "operation": "Insert"
  },
  "0763": {
    "key": 1312259689,
    "operation": "Insert"
  },
  "0764": {
    "key": -1242746079,
    "operation": "Insert"
  },
  "0765": {
    "key": -1448328733,
    "operation": "Insert"
  },
  "0766": {
    "key": 1741825885,
    "operation": "Insert"
  },
  "0767": {
    "key": -1266883913,
    "operation": "Insert"
  },
  "0768": {
    "key": 1138622169,
    "operation": "Insert"
  },
  "0769": {
    "key": -1213247885,
    "operation": "Insert"
  },
  "0770": {
    "key": 209617586,
    "operation": "Insert"
  },
  "0771": {
    "key": -1985125346,
    "operation": "Insert"
  },
  "0772": {
    "key": 958180239,
    "operation": "Insert"
  },
  "0773": {
    "key": -1208429702,
    "operation": "Insert"
  },
  "0774": {
    "key": -1548059500,
    "operation": "Insert"
  },
  "0775": {
    "key": -1284092626,
    "operation": "Insert"
  },
  "0776": {
    "key": -1591628874,
    "operation": "Insert"
  },
  "0777": {
    "key": -2086561972,
    "operation": "Insert"
  },
  "0778": {
    "key": 1289017273,
    "operation": "Insert"
  },
  "0779": {
    "key": 949780772,
    "operation": "Insert"
  },
  "0780": {
    "key": 216121654,
    "operation": "Insert"
  },
  "0781": {
    "key": 123652921,
    "operation": "Insert"
  },
  "0782": {
    "key": 1609727714,
    "operation": "Insert"
  },
  "0783": {
    "key": -1710939146,
    "operation": "Insert"
  },
  "0784": {
    "key": -1683965176,
    "operation": "Insert"
  },
  "0785": {
    "key": -833955969,
    "operation": "Insert"
  },
  "0786": {
    "key": -2075526217,
    "operation": "Insert"
  },
  "0787": {
    "key": 1684131100,
    "operation": "Insert"
  },
  "0788": {
    "key": 235974839,
    "operation": "Insert"
  },
  "0789": {
    "key": 1537564345,
    "operation": "Insert"
  },
  "0790": {
    "key": 1436403513,
    "operation": "Insert"
  },
  "0791": {
    "key": 1558051902,
    "operation": "Insert"
  },
  "0792": {
    "key": 1981157556,
    "operation": "Insert"
  },
  "0793": {
    "key": 2095410837,
    "operation": "Insert"
  },
  "0794": {
    "key": 988728363,
    "operation": "Insert"
  },
  "0795": {
    "key": 1351379141,
    "operation": "Insert"
  },
  "0796": {
    "key": 1511256671,
    "operation": "Insert"
  },
  "0797": {
    "key": 934733800,
    "operation": "Insert"
  },
  "0798": {
    "key": 279648932,
    "operation": "Insert"
  },
  "0799": {
    "key": -1043621970,
    "operation": "Insert"
  },
  "0800": {
    "key": 763402259,
    "operation": "Insert"
  },
  "0801": {
    "key": -381786921,
    "operation": "Insert"
  },
  "0802": {
    "key": 1610889130,
    "operation": "Insert"
  },
  "0803": {
    "key": 1688754324,
    "operation": "Insert"
  },
  "0804": {
    "key": -1861990087,
    "operation": "Insert"
  },
  "0805": {
    "key": 1014832474,
    "operation": "Insert"
  },
  "0806": {
    "key": 1053006337,
    "operation": "Insert"
  },
  "0807": {
    "key": -409276952,
    "operation": "Insert"
  },
  "0808": {
    "key": -1733624212,
    "operation": "Insert"
  },
  "0809": {
    "key": -1048765234,
    "operation": "Insert"
  },
  "0810": {
    "key": -1071747909,
    "operation": "Insert"
  },
  "0811": {
    "key": -1068141862,
    "operation": "Insert"
  },
  "0812": {
    "key": -39698526,
    "operation": "Insert"
  },
  "0813": {
    "key": -1050269741,
    "operation": "Insert"
  },
  "0814": {
    "key": -2137699215,
    "operation": "Insert"
  },
  "0815": {
    "key": 1520552479,
    "operation": "Insert"
  },
  "0816": {
    "key": -1234696889,
    "operation": "Insert"
  },
  "0817": {
    "key": -734012196,
    "operation": "Insert"
  },
  "0818": {
    "key": 752005567,
    "operation": "Insert"
  },
  "0819": {
    "key": 1306482773,
    "operation": "Insert"
  },
  "0820": {
    "key": 1753572090,
    "operation": "Insert"
  },
  "0821": {
    "key": 177738288,
    "operation": "Insert"
  },
  "0822": {
    "key": -1193097146,
    "operation": "Insert"
  },
  "0823": {
    "key": -1088129749,
    "operation": "Insert"
  },
  "0824": {
    "key": -813717980,
    "operation": "Insert"
  },
  "0825": {
    "key": 626735997,
    "operation": "Insert"
  },
  "0826": {
    "key": 840309110,
    "operation": "Insert"
  },
  "0827": {
    "key": -279254677,
    "operation": "Insert"
  },
  "0828": {
    "key": -1365406389,
    "operation": "Insert"
  },
  "0829": {
    "key": 403955866,
    "operation": "Insert"
  },
  "0830": {
    "key": -1157516219,
    "operation": "Insert"
  },
  "0831": {
    "key": -1721482002,
    "operation": "Insert"
  },
  "0832": {
    "key": -344373624,
    "operation": "Insert"
  },
  "0833": {
    "key": 578694885,
    "operation": "Insert"
  },
  "0834": {
    "key": -1135809651,
    "operation": "Insert"
  },
  "0835": {
    "key": 2016408492,
    "operation": "Insert"
  },
  "0836": {
    "key": -1033971488,
    "operation": "Insert"
  },
  "0837": {
    "key": 235976344,
    "operation": "Insert"
  },
  "0838": {
    "key": -495654370,
    "operation": "Insert"
  },
  "0839": {
    "key": -1942610171,
    "operation": "Insert"
  },
  "0840": {
    "key": 663369615,
    "operation": "Insert"
  },
  "0841": {
    "key": 1844967096,
    "operation": "Insert"
  },
  "0842": {
    "key": -982225744,
    "operation": "Insert"
  },
  "0843": {
    "key": 2056516025,
    "operation": "Insert"
  },
  "0844": {
    "key": -2035614781,
    "operation": "Insert"
  },
  "0845": {
    "key": 1872680846,
    "operation": "Insert"
  },
  "0846": {
    "key": -1101218933,
    "operation": "Insert"
  },
  "0847": {
    "key": 1297540406,
    "operation": "Insert"
  },
  "0848": {
    "key": 1932167193,
    "operation": "Insert"
  },
  "0849": {
    "key": 579384112,
    "operation": "Insert"
  },
  "0850": {
    "key": -1836585460,
    "operation": "Insert"
  },
  "0851": {
    "key": 587707305,
    "operation": "Insert"
  },
  "0852": {
    "key": 674594922,
    "operation": "Insert"
  },
  "0853": {
    "key": -467274112,
    "operation": "Insert"
  },
  "0854": {
    "key": 919029693,
    "operation": "Insert"
  },
  "0855": {
    "key": -1609919737,
    "operation": "Insert"
  },
  "0856": {
    "key": -1098371592,
    "operation": "Insert"
  },
  "0857": {
    "key": 2727803,
    "operation": "Insert"
  },
  "0858": {
    "key": -1115277237,
    "operation": "Insert"
  },
  "0859": {
    "key": 2054775795,
    "operation": "Insert"
  },
  "0860": {
    "key": -2077176662,
    "operation": "Insert"
  },
  "0861": {
    "key": -500172496,
    "operation": "Insert"
  },
  "0862": {
    "key": 46601164,
    "operation": "Insert"
  },
  "0863": {
    "key": -795991891,
    "operation": "Insert"
  },
  "0864": {
    "key": 488828000,
    "operation": "Insert"
  },
  "0865": {
    "key": 756122665,
    "operation": "Insert"
  },
  "0866": {
    "key": -1189425638,
    "operation": "Insert"
  },
  "0867": {
    "key": -2106640044,
    "operation": "Insert"
  },
  "0868": {
    "key": 1031223637,
    "operation": "Insert"
  },
  "0869": {
    "key": 1090584062,
    "operation": "Insert"
  },
  "0870": {
    "key": 1017288915,
    "operation": "Insert"
  },
  "0871": {
    "key": 1385202977,
    "operation": "Insert"
  },
  "0872": {
    "key": -701831265,
    "operation": "Insert"
  },
  "0873": {
    "key": -1193560745,
    "operation": "Insert"
  },
  "0874": {
    "key": -1340879459,
    "operation": "Insert"
  },
  "0875": {
    "key": -1191229744,
    "operation": "Insert"
  },
  "0876": {
    "key": -732604935,
    "operation": "Insert"
  },
  "0877": {
    "key": 214811842,
    "operation": "Insert"
  },
  "0878": {
    "key": -1661488111,
    "operation": "Insert"
  },
  "0879": {
    "key": 544636171,
    "operation": "Insert"
  },
  "0880": {
    "key": -1965784624,
    "operation": "Insert"
  },
  "0881": {
    "key": -1517088819,
    "operation": "Insert"
  },
  "0882": {
    "key": 391736855,
    "operation": "Insert"
  },
  "0883": {
    "key": -39408747,
    "operation": "Insert"
  },
  "0884": {
    "key": 287234368,
    "operation": "Insert"
  },
  "0885": {
    "key": -524971798,
    "operation": "Insert"
  },
  "0886": {
    "key": 1672477563,
    "operation": "Insert"
  },
  "0887": {
    "key": -226912142,
    "operation": "Insert"
  },
  "0888": {
    "key": 1274664940,
    "operation": "Insert"
  },
  "0889": {
    "key": -1743668686,
    "operation": "Insert"
  },
  "0890": {
    "key": 712127150,
    "operation": "Insert"
  },
  "0891": {
    "key": -704612709,
    "operation": "Insert"
  },
  "0892": {
    "key": -176917680,
    "operation": "Insert"
  },
  "0893": {
    "key": 678554163,
    "operation": "Insert"
  },
  "0894": {
    "key": 1665238076,
    "operation": "Insert"
  },
  "0895": {
    "key": -1048627061,
    "operation": "Insert"
  },
  "0896": {
    "key": 639934129,
    "operation": "Insert"
  },
  "0897": {
    "key": 302656756,
    "operation": "Insert"
  },
  "0898": {
    "key": -1143609280,
    "operation": "Insert"
  },
  "0899": {
    "key": -1593310963,
    "operation": "Insert"
  },
  "0900": {
    "key": 662156841,
    "operation": "Insert"
  },
  "0901": {
    "key": 465627884,
    "operation": "Insert"
  },
  "0902": {
    "key": 1567787647,
    "operation": "Insert"
  },
  "0903": {
    "key": 497719105,
    "operation": "Insert"
  },
  "0904": {
    "key": -44807417,
    "operation": "Insert"
  },
  "0905": {
    "key": 1912097183,
    "operation": "Insert"
  },
  "0906": {
    "key": -1337835056,
    "operation": "Insert"
  },
  "0907": {
    "key": -576342650,
    "operation": "Insert"
  },
  "0908": {
    "key": -5029941,
    "operation": "Insert"
  },
  "0909": {
    "key": -2122266986,
    "operation": "Insert"
  },
  "0910": {
    "key": 788742061,
    "operation": "Insert"
  },
  "0911": {
    "key": -892811302,
    "operation": "Insert"
  },
  "0912": {
    "key": -915904613,
    "operation": "Insert"
  },
  "0913": {
    "key": -1642282148,
    "operation": "Insert"
  },
  "0914": {
    "key": -1724117705,
    "operation": "Insert"
  },
  "0915": {
    "key": 1136181923,
    "operation": "Insert"
  },
  "0916": {
    "key": -1661667724,
    "operation": "Insert"
  },
  "0917": {
    "key": 1995518041,
    "operation": "Insert"
  },
  "0918": {
    "key": 1941130044,
    "operation": "Insert"
  },
  "0919": {
    "key": -2088477400,
    "operation": "Insert"
  },
  "0920": {
    "key": 1358860670,
    "operation": "Insert"
  },
  "0921": {
    "key": 864585080,
    "operation": "Insert"
  },
  "0922": {
    "key": 917853671,
    "operation": "Insert"
  },
  "0923": {
    "key": -2096245417,
    "operation": "Insert"
  },
  "0924": {
    "key": -374575748,
    "operation": "Insert"
  },
  "0925": {
    "key": 2140953300,
    "operation": "Insert"
  },
  "0926": {
    "key": 1100455207,
    "operation": "Insert"
  },
  "0927": {
    "key": 841012215,
    "operation": "Insert"
  },
  "0928": {
    "key": -612309804,
    "operation": "Insert"
  },
  "0929": {
    "key": 1987436910,
    "operation": "Insert"
  },
  "0930": {
    "key": 1081695515,
    "operation": "Insert"
  },
  "0931": {
    "key": 1225854430,
    "operation": "Insert"
  },
  "0932": {
    "key": -2034717244,
    "operation": "Insert"
  },
  "0933": {
    "key": 1616129335,
    "operation": "Insert"
  },
  "0934": {
    "key": 163823321,
    "operation": "Insert"
  },
  "0935": {
    "key": -2117348761,
    "operation": "Insert"
  },
  "0936": {
    "key": 1545663420,
    "operation": "Insert"
  },
  "0937": {
    "key": 115464226,
    "operation": "Insert"
  },
  "0938": {
    "key": 132871640,
    "operation": "Insert"
  },
  "0939": {
    "key": 1583305350,
    "operation": "Insert"
  },
  "0940": {
    "key": -1012821864,
    "operation": "Insert"
  },
  "0941": {
    "key": -376472849,
    "operation": "Insert"
  },
  "0942": {
    "key": 2137464104,
    "operation": "Insert"
  },
  "0943": {
    "key": 219990075,
    "operation": "Insert"
  },
  "0944": {
    "key": -647852743,
    "operation": "Insert"
  },
  "0945": {
    "key": 1164496675,
    "operation": "Insert"
  },
  "0946": {
    "key": 1462965454,
    "operation": "Insert"
  },
  "0947": {
    "key": 677465013,
    "operation": "Insert"
  },
  "0948": {
    "key": -171026414,
    "operation": "Insert"
  },
  "0949": {
    "key": -786025529,
    "operation": "Insert"
  },
  "0950": {
    "key": 1953906943,
    "operation": "Insert"
  },
  "0951": {
    "key": -1748655994,
    "operation": "Insert"
  },
  "0952": {
    "key": 1870082699,
    "operation": "Insert"
  },
  "0953": {
    "key": -1635509895,
    "operation": "Insert"
  },
  "0954": {
    "key": 1512540799,
    "operation": "Insert"
  },
  "0955": {
    "key": -1985429493,
    "operation": "Insert"
  },
  "0956": {
    "key": -949266727,
    "operation": "Insert"
  },
  "0957": {
    "key": 1154525154,
    "operation": "Insert"
  },
  "0958": {
    "key": -80213270,
    "operation": "Insert"
  },
  "0959": {
    "key": -333988293,
    "operation": "Insert"
  },
  "0960": {
    "key": -459195308,
    "operation": "Insert"
  },
  "0961": {
    "key": 1978173352,
    "operation": "Insert"
  },
  "0962": {
    "key": 890380207,
    "operation": "Insert"
  },
  "0963": {
    "key": -248450231,
    "operation": "Insert"
  },
  "0964": {
    "key": 1335037526,
    "operation": "Insert"
  },
  "0965": {
    "key": 1940585649,
    "operation": "Insert"
  },
  "0966": {
    "key": 1163076074,
    "operation": "Insert"
  },
  "0967": {
    "key": 1421230634,
    "operation": "Insert"
  },
  "0968": {
    "key": -349248086,
    "operation": "Insert"
  },
  "0969": {
    "key": 755326133,
    "operation": "Insert"
  },
  "0970": {
    "key": -1638685460,
    "operation": "Insert"
  },
  "0971": {
    "key": -899373048,
    "operation": "Insert"
  },
  "0972": {
    "key": -1471776340,
    "operation": "Insert"
  },
  "0973": {
    "key": 1040355537,
    "operation": "Insert"
  },
  "0974": {
    "key": -1884222505,
    "operation": "Insert"
  },
  "0975": {
    "key": -246855573,
    "operation": "Insert"
  },
  "0976": {
    "key": 875931082,
    "operation": "Insert"
  },
  "0977": {
    "key": 1553403505,
    "operation": "Insert"
  },
  "0978": {
    "key": 129708460,
    "operation": "Insert"
  },
  "0979": {
    "key": 1197788048,
    "operation": "Insert"
  },
  "0980": {
    "key": 978202400,
    "operation": "Insert"
  },
  "0981": {
    "key": -104887319,
    "operation": "Insert"
  },
  "0982": {
    "key": -658394395,
    "operation": "Insert"
  },
  "0983": {
    "key": -2076905734,
    "operation": "Insert"
  },
  "0984": {
    "key": 2022607287,
    "operation": "Insert"
  },
  "0985": {
    "key": -1616861600,
    "operation": "Insert"
  },
  "0986": {
    "key": -184840264,
    "operation": "Insert"
  },
  "0987": {
    "key": 1933090858,
    "operation": "Insert"
  },
  "0988": {
    "key": 1933130106,
    "operation": "Insert"
  },
  "0989": {
    "key": -1144496882,
    "operation": "Insert"
  },
  "0990": {
    "key": -826598970,
    "operation": "Insert"
  },
  "0991": {
    "key": 904561801,
    "operation": "Insert"
  },
  "0992": {
    "key": 1037950154,
    "operation": "Insert"
  },
  "0993": {
    "key": 1657273416,
    "operation": "Insert"
  },
  "0994": {
    "key": 1605161060,
    "operation": "Insert"
  },
  "0995": {
    "key": -819197310,
    "operation": "Insert"
  },
  "0996": {
    "key": 1630554028,
    "operation": "Insert"
  },
  "0997": {
    "key": -1916283857,
    "operation": "Insert"
  },
  "0998": {
    "key": 1505621742,
    "operation": "Insert"
  },
  "0999": {
    "key": 1349607563,
    "operation": "Insert"
  },
  "1000": {
    "key": 501063874,
    "operation": "Insert"
  },
  "metadata": {
    "numOps": 1000
  }
}
